iter	RMSE
0	7.76896653
1	7.73044527
2	7.690213253
3	7.649615468
4	7.613820044
5	7.575620945
6	7.535369059
7	7.497660152
8	7.459222344
9	7.42258728
10	7.385499195
11	7.347151108
12	7.311383431
13	7.273599919
14	7.238724724
15	7.205438383
16	7.171547608
17	7.136224744
18	7.10299172
19	7.068168064
20	7.034705525
21	7.003274432
22	6.972566046
23	6.940686627
24	6.910201734
25	6.878634736
26	6.850054795
27	6.818370296
28	6.785546842
29	6.756173353
30	6.726150525
31	6.697409589
32	6.66979984
33	6.641628624
34	6.612743664
35	6.588948116
36	6.560837365
37	6.536343017
38	6.508958147
39	6.481782172
40	6.453900289
41	6.427476268
42	6.402763314
43	6.37735826
44	6.353286418
45	6.329026187
46	6.303523649
47	6.278825181
48	6.2556395
49	6.232431498
50	6.211918515
51	6.188523972
52	6.164822722
53	6.142406163
54	6.119411654
55	6.097924965
56	6.078483534
57	6.055798048
58	6.036346885
59	6.017585745
60	5.998504802
61	5.976269563
62	5.955096886
63	5.935823286
64	5.917335266
65	5.899930073
66	5.879521875
67	5.860707846
68	5.840787561
69	5.819942266
70	5.800348386
71	5.782954616
72	5.765528739
73	5.74821963
74	5.728927671
75	5.709666629
76	5.693237451
77	5.675256424
78	5.656075827
79	5.637676146
80	5.621542345
81	5.605568299
82	5.58741261
83	5.570226498
84	5.554653853
85	5.537329394
86	5.521364098
87	5.505066961
88	5.490270105
89	5.47437014
90	5.458253064
91	5.44202154
92	5.42728924
93	5.412887494
94	5.39611337
95	5.382879723
96	5.370445845
97	5.358524274
98	5.343539352
99	5.329261318
100	5.316379404
101	5.302781434
102	5.287796072
103	5.274593805
104	5.260996646
105	5.24603366
106	5.230389597
107	5.218113494
108	5.205911653
109	5.194832444
110	5.183029809
111	5.1693069
112	5.158540959
113	5.146709995
114	5.134779806
115	5.121204758
116	5.109427275
117	5.098460702
118	5.087442764
119	5.075925662
120	5.063568657
121	5.051750004
122	5.038042726
123	5.026163619
124	5.016111745
125	5.004799515
126	4.993012831
127	4.981459945
128	4.970720878
129	4.95893654
130	4.948826944
131	4.937811057
132	4.926301739
133	4.914418029
134	4.903973951
135	4.893964791
136	4.88386792
137	4.872479614
138	4.862085142
139	4.853670399
140	4.84354089
141	4.834920664
142	4.824576762
143	4.815008703
144	4.8052493
145	4.79683137
146	4.78940747
147	4.778786612
148	4.767795539
149	4.759208475
150	4.750153705
151	4.7408633
152	4.731816537
153	4.722622979
154	4.713518022
155	4.705016796
156	4.696581969
157	4.687381448
158	4.676895513
159	4.667515349
160	4.659648485
161	4.650813171
162	4.64137851
163	4.633233898
164	4.624521202
165	4.617934031
166	4.608890242
167	4.600796366
168	4.591941083
169	4.585589529
170	4.577520152
171	4.569197259
172	4.559964205
173	4.552032854
174	4.543450264
175	4.535414582
176	4.528231937
177	4.520916779
178	4.513298812
179	4.507559061
180	4.500352581
181	4.492756166
182	4.486396296
183	4.479071108
184	4.471394728
185	4.463495595
186	4.456599005
187	4.450426479
188	4.442996698
189	4.436000853
190	4.42919948
191	4.422903163
192	4.416731407
193	4.410586678
194	4.402927525
195	4.396285831
196	4.390655861
197	4.384889744
198	4.378077153
199	4.372207299
200	4.36612813
201	4.359842799
202	4.353127662
203	4.346714376
204	4.339565895
205	4.333258731
206	4.32770285
207	4.322688836
208	4.316774447
209	4.309996959
210	4.303295134
211	4.297364801
212	4.291321318
213	4.285020065
214	4.277621778
215	4.271966676
216	4.265957177
217	4.259738256
218	4.254794292
219	4.248442769
220	4.243212567
221	4.237494846
222	4.231861285
223	4.227104171
224	4.220714518
225	4.215900979
226	4.209994246
227	4.204024875
228	4.199724051
229	4.195010248
230	4.190250197
231	4.184863454
232	4.178695638
233	4.173418765
234	4.167637188
235	4.162862677
236	4.157528927
237	4.152845561
238	4.147074718
239	4.141186446
240	4.136716755
241	4.132570006
242	4.127839906
243	4.123456638
244	4.11836851
245	4.113513159
246	4.109188514
247	4.103913767
248	4.098958711
249	4.093995583
250	4.08842151
251	4.083564197
252	4.079252856
253	4.074543275
254	4.069424294
255	4.064986705
256	4.059601654
257	4.055700045
258	4.051592203
259	4.0467518
260	4.041374387
261	4.03635819
262	4.031735342
263	4.027211867
264	4.022794749
265	4.0190643
266	4.013965927
267	4.008961644
268	4.00483859
269	4.000335793
270	3.9950431
271	3.991418123
272	3.987171227
273	3.983155891
274	3.97881787
275	3.974547569
276	3.970026857
277	3.966712543
278	3.962541025
279	3.958757029
280	3.955177759
281	3.951271666
282	3.947565095
283	3.94393481
284	3.939994025
285	3.935983654
286	3.932542188
287	3.928199768
288	3.923696841
289	3.920313796
290	3.916611048
291	3.912914451
292	3.909074628
293	3.905003541
294	3.901710454
295	3.898474396
296	3.893858031
297	3.890431527
298	3.886265701
299	3.882781081
300	3.878542427
301	3.874336517
302	3.870254043
303	3.867198455
304	3.862205364
305	3.859124911
306	3.854651485
307	3.852278294
308	3.849066204
309	3.845528028
310	3.842366719
311	3.837671263
312	3.834223258
313	3.830228293
314	3.826009312
315	3.822452673
316	3.819214276
317	3.815419096
318	3.811200151
319	3.806996353
320	3.802684837
321	3.799165449
322	3.796408914
323	3.792976151
324	3.78960229
325	3.785830323
326	3.783053079
327	3.77896872
328	3.775034967
329	3.772020497
330	3.769567071
331	3.766230212
332	3.762653274
333	3.75979921
334	3.756787383
335	3.753767645
336	3.750830368
337	3.748160373
338	3.744913428
339	3.741408637
340	3.738452621
341	3.73475265
342	3.731561583
343	3.72825248
344	3.7254473
345	3.72221318
346	3.71936868
347	3.715615476
348	3.711844146
349	3.708907245
350	3.705995534
351	3.702221761
352	3.698975656
353	3.695794451
354	3.692296239
355	3.689110661
356	3.685705465
357	3.681989562
358	3.679547739
359	3.676273837
360	3.673338918
361	3.670520807
362	3.667552254
363	3.664937816
364	3.662327836
365	3.658627334
366	3.656330225
367	3.653601945
368	3.651201817
369	3.648673339
370	3.645792419
371	3.642573808
372	3.640041969
373	3.637508696
374	3.634660408
375	3.632266214
376	3.628936018
377	3.626614067
378	3.624044828
379	3.620662866
380	3.617806787
381	3.615218672
382	3.611632517
383	3.609202539
384	3.606477385
385	3.603911352
386	3.601130635
387	3.598352402
388	3.595980294
389	3.59342214
390	3.59075527
391	3.588304114
392	3.585560671
393	3.583603997
394	3.580851314
395	3.577963062
396	3.575162187
397	3.5725785
398	3.569942885
399	3.567800408
400	3.565515332
401	3.563068244
402	3.559737725
403	3.556698901
404	3.554265371
405	3.551450457
406	3.549080952
407	3.547029722
408	3.544251799
409	3.541531614
410	3.538836117
411	3.536140306
412	3.533623856
413	3.530789851
414	3.527752011
415	3.525102619
416	3.522273871
417	3.520096844
418	3.517822026
419	3.515278881
420	3.51260605
421	3.510946927
422	3.508647193
423	3.506241917
424	3.503836376
425	3.50118303
426	3.498040637
427	3.495279594
428	3.492799273
429	3.490856896
430	3.489016177
431	3.485995579
432	3.483647886
433	3.481361494
434	3.47905075
435	3.476997157
436	3.475126436
437	3.47304769
438	3.470689656
439	3.468610632
440	3.466436734
441	3.463471853
442	3.46171974
443	3.459730876
444	3.457259645
445	3.455557963
446	3.4534786
447	3.451846694
448	3.449861291
449	3.447897178
450	3.44585763
451	3.443880006
452	3.441482539
453	3.439843068
454	3.437857889
455	3.43536822
456	3.432949373
457	3.430306792
458	3.427999971
459	3.426312126
460	3.42382521
461	3.421816865
462	3.419791977
463	3.417136039
464	3.415119785
465	3.413246327
466	3.410494212
467	3.408683781
468	3.406570676
469	3.40462652
470	3.402318712
471	3.400535866
472	3.398439039
473	3.396148267
474	3.3938562
475	3.39195669
476	3.390161762
477	3.388164622
478	3.386161923
479	3.384145246
480	3.382161208
481	3.380453052
482	3.378565561
483	3.376835173
484	3.374839588
485	3.372206594
486	3.370413829
487	3.368370872
488	3.36611921
489	3.364118458
490	3.362517801
491	3.360126709
492	3.358122997
493	3.355917733
494	3.354278154
495	3.351965476
496	3.34998539
497	3.348256632
498	3.34687502
499	3.345157749
500	3.343058073
501	3.340970556
502	3.338989521
503	3.337032172
504	3.335230452
505	3.333165387
506	3.33114787
507	3.329643528
508	3.32797169
509	3.32623331
510	3.32445642
511	3.322768307
512	3.321011865
513	3.319193286
514	3.317734589
515	3.315900475
516	3.313935082
517	3.312451003
518	3.31071993
519	3.308755168
520	3.30706702
521	3.304742259
522	3.303080779
523	3.300548388
524	3.298727408
525	3.296805592
526	3.294889786
527	3.293123585
528	3.291519974
529	3.289779012
530	3.288303039
531	3.285833097
532	3.284130235
533	3.282542477
534	3.281027829
535	3.279221122
536	3.27766462
537	3.275725398
538	3.274126656
539	3.272647084
540	3.271091799
541	3.269528236
542	3.267408563
543	3.266234436
544	3.263861479
545	3.262238504
546	3.260420854
547	3.258691491
548	3.256916039
549	3.255235435
550	3.253898848
551	3.252436253
552	3.251283457
553	3.249257934
554	3.247655077
555	3.24612767
556	3.244050747
557	3.242428388
558	3.240532141
559	3.238621978
560	3.237104237
561	3.235306305
562	3.233844231
563	3.232109275
564	3.230814236
565	3.229286039
566	3.227339275
567	3.225788266
568	3.224154373
569	3.222493626
570	3.220883045
571	3.21899636
572	3.217595963
573	3.21603005
574	3.214466415
575	3.213076928
576	3.211167937
577	3.209952984
578	3.20835623
579	3.206753837
580	3.205182245
581	3.203850769
582	3.20250471
583	3.200869875
584	3.198500476
585	3.196577352
586	3.195011385
587	3.193327477
588	3.191733983
589	3.190407296
590	3.188460675
591	3.187115094
592	3.185430824
593	3.183289702
594	3.181724481
595	3.18007776
596	3.178387432
597	3.17681162
598	3.175343124
599	3.173928476
600	3.172154171
601	3.170511607
602	3.169022904
603	3.167781547
604	3.16606432
605	3.164681266
606	3.163201262
607	3.161675928
608	3.160112801
609	3.158400403
610	3.156783019
611	3.155228992
612	3.154216182
613	3.153143549
614	3.151613971
615	3.150247371
616	3.148593323
617	3.147293581
618	3.14588126
619	3.144211601
620	3.14258586
621	3.141475903
622	3.139784216
623	3.138705539
624	3.136917214
625	3.135684234
626	3.134216567
627	3.132883698
628	3.131157287
629	3.129633392
630	3.128209501
631	3.12657314
632	3.124951697
633	3.123516349
634	3.122345258
635	3.120775956
636	3.119393809
637	3.118106587
638	3.116966419
639	3.115522132
640	3.113692463
641	3.11248996
642	3.111194845
643	3.110183884
644	3.108655752
645	3.106874927
646	3.105426518
647	3.104007482
648	3.102654303
649	3.101628184
650	3.100451199
651	3.099356657
652	3.098287501
653	3.097264759
654	3.096104304
655	3.094896984
656	3.093433927
657	3.091853078
658	3.090330089
659	3.089101815
660	3.087319152
661	3.086164842
662	3.084913349
663	3.083588265
664	3.082356057
665	3.080921177
666	3.079914269
667	3.078930518
668	3.077507582
669	3.076212137
670	3.075392426
671	3.073815985
672	3.072173146
673	3.070675056
674	3.069710063
675	3.06847464
676	3.06713146
677	3.065377216
678	3.063641324
679	3.06170104
680	3.06045706
681	3.059052575
682	3.058082455
683	3.056967442
684	3.055676823
685	3.054402652
686	3.053190114
687	3.052134917
688	3.051137962
689	3.049766967
690	3.048085244
691	3.04659607
692	3.045666305
693	3.044028269
694	3.042903406
695	3.041417401
696	3.040140323
697	3.039142485
698	3.037956104
699	3.036712869
700	3.035396886
701	3.034037052
702	3.033034868
703	3.032141305
704	3.030680804
705	3.029455865
706	3.028200756
707	3.026924124
708	3.025635464
709	3.024444709
710	3.023219254
711	3.021838264
712	3.020407983
713	3.019177525
714	3.017989656
715	3.016536169
716	3.015500877
717	3.014049237
718	3.012655817
719	3.011037709
720	3.009811801
721	3.008563829
722	3.007558653
723	3.00652816
724	3.005487144
725	3.004438128
726	3.003315638
727	3.002006576
728	3.000793738
729	2.999009902
730	2.99796994
731	2.99696178
732	2.995116623
733	2.993628825
734	2.99253802
735	2.990921652
736	2.989654301
737	2.988285994
738	2.987024486
739	2.985973743
740	2.985136304
741	2.983942694
742	2.983038078
743	2.981937362
744	2.981053488
745	2.979750408
746	2.978535457
747	2.977717912
748	2.9765402
749	2.975032706
750	2.974017764
751	2.972560469
752	2.971664043
753	2.97038616
754	2.969160373
755	2.967690865
756	2.966263149
757	2.965082984
758	2.96387903
759	2.963105927
760	2.961913715
761	2.960812508
762	2.95969837
763	2.958629014
764	2.957487177
765	2.956641663
766	2.955486269
767	2.954285239
768	2.953350876
769	2.952460307
770	2.951142854
771	2.950064742
772	2.949166441
773	2.947992612
774	2.946578834
775	2.945585875
776	2.944629142
777	2.943826922
778	2.942623731
779	2.941911784
780	2.941062053
781	2.939599375
782	2.938557526
783	2.937210574
784	2.936079155
785	2.935164698
786	2.934243429
787	2.932838819
788	2.931777201
789	2.930729506
790	2.929913252
791	2.928409955
792	2.927019034
793	2.926066637
794	2.924950405
795	2.923802464
796	2.92265514
797	2.921383308
798	2.919927847
799	2.918678129
800	2.917760763
801	2.916753525
802	2.915582086
803	2.914494695
804	2.913708809
805	2.912435785
806	2.911431524
807	2.910312792
808	2.909294931
809	2.908297122
810	2.907173334
811	2.906099759
812	2.905172042
813	2.90429994
814	2.903134651
815	2.902392578
816	2.90147136
817	2.90031266
818	2.898928322
819	2.897876789
820	2.896848744
821	2.895930814
822	2.894764673
823	2.893840472
824	2.892712182
825	2.89173375
826	2.890779625
827	2.889861009
828	2.888857116
829	2.887857323
830	2.886696402
831	2.885964048
832	2.884905218
833	2.883768564
834	2.882442066
835	2.881560415
836	2.880458312
837	2.879481295
838	2.87830766
839	2.877461007
840	2.876508336
841	2.875611933
842	2.874260504
843	2.873062671
844	2.871820532
845	2.870926264
846	2.869995949
847	2.86922825
848	2.868324733
849	2.867146113
850	2.866296919
851	2.865328116
852	2.864605066
853	2.863542778
854	2.862465162
855	2.86151876
856	2.860520766
857	2.859706066
858	2.858781108
859	2.857692648
860	2.857076108
861	2.856102643
862	2.855055552
863	2.853838383
864	2.85278373
865	2.851729623
866	2.850682197
867	2.849537224
868	2.848568389
869	2.847526195
870	2.846394342
871	2.845466978
872	2.844184126
873	2.843086994
874	2.842314038
875	2.841558451
876	2.840717055
877	2.839687726
878	2.838546085
879	2.837238362
880	2.836342167
881	2.835654514
882	2.834488336
883	2.833489523
884	2.832522975
885	2.83126669
886	2.830318751
887	2.829190194
888	2.828287829
889	2.827293594
890	2.826112861
891	2.824886075
892	2.824152993
893	2.822942134
894	2.821995487
895	2.820888071
896	2.819994382
897	2.81885442
898	2.817664601
899	2.81681307
900	2.815940052
901	2.814432981
902	2.813698551
903	2.812659626
904	2.811583702
905	2.810572598
906	2.80958993
907	2.808745351
908	2.807563653
909	2.806568017
910	2.805506081
911	2.80429731
912	2.803491048
913	2.802598776
914	2.801984668
915	2.801092401
916	2.799734992
917	2.798563567
918	2.797334539
919	2.796242281
920	2.795211475
921	2.79415427
922	2.793022929
923	2.792145944
924	2.791195823
925	2.790078475
926	2.788770056
927	2.787238727
928	2.786331871
929	2.785173856
930	2.783779702
931	2.782690229
932	2.781886315
933	2.781028891
934	2.780255496
935	2.779031955
936	2.778296864
937	2.777527911
938	2.776567351
939	2.775713633
940	2.774734941
941	2.773984876
942	2.77301683
943	2.772007016
944	2.770986097
945	2.769806096
946	2.768943585
947	2.767971862
948	2.76696967
949	2.765962149
950	2.764845812
951	2.763922226
952	2.763083216
953	2.76196376
954	2.761045153
955	2.759917499
956	2.758753807
957	2.757852619
958	2.756836998
959	2.755946532
960	2.755043679
961	2.754167719
962	2.753480816
963	2.752441627
964	2.751344764
965	2.750478478
966	2.749710196
967	2.748764608
968	2.747730904
969	2.746919561
970	2.745752692
971	2.744780721
972	2.743670471
973	2.742877784
974	2.741823899
975	2.740454441
976	2.739307304
977	2.738412839
978	2.737606635
979	2.736533643
980	2.735614901
981	2.734698214
982	2.733550773
983	2.732674052
984	2.731478525
985	2.730345883
986	2.729385828
987	2.72857729
988	2.72785001
989	2.726961559
990	2.726167318
991	2.7252708
992	2.724237923
993	2.72338481
994	2.722381959
995	2.721386945
996	2.720650504
997	2.719748259
998	2.7189136
999	2.718153147
1000	2.717347223
1001	2.71644542
1002	2.715682954
1003	2.714821324
1004	2.713899837
1005	2.712904458
1006	2.71204222
1007	2.711130523
1008	2.709947858
1009	2.709126168
1010	2.708060121
1011	2.707229606
1012	2.706306728
1013	2.705246259
1014	2.70434728
1015	2.703576891
1016	2.702706105
1017	2.701650772
1018	2.700629301
1019	2.699922288
1020	2.698970343
1021	2.698078772
1022	2.696997931
1023	2.696073538
1024	2.695132898
1025	2.694160298
1026	2.693230449
1027	2.692244487
1028	2.691369039
1029	2.689954211
1030	2.689155021
1031	2.688173588
1032	2.687461796
1033	2.686389942
1034	2.685575215
1035	2.68473781
1036	2.683868057
1037	2.682977503
1038	2.682196106
1039	2.681101177
1040	2.680263764
1041	2.679320103
1042	2.678415426
1043	2.677771789
1044	2.676971251
1045	2.676141377
1046	2.675405847
1047	2.674840434
1048	2.673881471
1049	2.672952433
1050	2.672097532
1051	2.671199491
1052	2.670198909
1053	2.669217028
1054	2.668317581
1055	2.667317742
1056	2.666322931
1057	2.665547915
1058	2.664730334
1059	2.663687985
1060	2.662711132
1061	2.661795998
1062	2.661236143
1063	2.660411287
1064	2.659552955
1065	2.658675923
1066	2.657767212
1067	2.657066685
1068	2.656255737
1069	2.655180609
1070	2.654167071
1071	2.653448601
1072	2.652509439
1073	2.651330043
1074	2.65027713
1075	2.64914923
1076	2.648429655
1077	2.647705039
1078	2.646887699
1079	2.645921012
1080	2.645047895
1081	2.644255323
1082	2.643427044
1083	2.642693051
1084	2.64190325
1085	2.641062437
1086	2.640088655
1087	2.639056725
1088	2.638177342
1089	2.637330664
1090	2.636557512
1091	2.635780621
1092	2.635018007
1093	2.634151926
1094	2.633388301
1095	2.632511042
1096	2.631865067
1097	2.631150306
1098	2.630306928
1099	2.629493321
1100	2.628387535
1101	2.627863191
1102	2.627088992
1103	2.626420351
1104	2.625548152
1105	2.624569943
1106	2.623540851
1107	2.622637979
1108	2.621872278
1109	2.621037969
1110	2.620218854
1111	2.61948001
1112	2.618397423
1113	2.617620936
1114	2.616758226
1115	2.61598748
1116	2.615226156
1117	2.614281747
1118	2.613543582
1119	2.61300656
1120	2.61211266
1121	2.611305494
1122	2.610581105
1123	2.609439633
1124	2.608537698
1125	2.607657025
1126	2.606803354
1127	2.605686596
1128	2.604877449
1129	2.604037641
1130	2.603150623
1131	2.602138902
1132	2.60130457
1133	2.600598916
1134	2.599680073
1135	2.598951743
1136	2.598153229
1137	2.597012926
1138	2.59609709
1139	2.595218342
1140	2.594366726
1141	2.593381305
1142	2.592666829
1143	2.591822674
1144	2.591086055
1145	2.590057344
1146	2.58893702
1147	2.588035068
1148	2.587347765
1149	2.586600199
1150	2.585925919
1151	2.585099414
1152	2.584195199
1153	2.583267606
1154	2.582586964
1155	2.581844627
1156	2.581109513
1157	2.580468694
1158	2.579702679
1159	2.578858079
1160	2.578260125
1161	2.577636763
1162	2.576780153
1163	2.575823889
1164	2.575039507
1165	2.57430646
1166	2.573712957
1167	2.572770621
1168	2.572019722
1169	2.571272635
1170	2.570390871
1171	2.569740418
1172	2.568945111
1173	2.568187982
1174	2.567229658
1175	2.566438054
1176	2.565879708
1177	2.564911445
1178	2.564213102
1179	2.563331197
1180	2.56259059
1181	2.561677255
1182	2.561092275
1183	2.560342182
1184	2.559620293
1185	2.558734389
1186	2.557973086
1187	2.557316311
1188	2.5565842
1189	2.555540315
1190	2.554925134
1191	2.554253014
1192	2.553510303
1193	2.552749928
1194	2.552059085
1195	2.551142402
1196	2.550313705
1197	2.549589479
1198	2.548716521
1199	2.548158755
1200	2.547125825
1201	2.546269624
1202	2.54539079
1203	2.544522666
1204	2.543912681
1205	2.543160967
1206	2.542686283
1207	2.541816516
1208	2.541127065
1209	2.540264452
1210	2.539373927
1211	2.538426804
1212	2.537814171
1213	2.537051922
1214	2.536431187
1215	2.535612928
1216	2.535001232
1217	2.534373228
1218	2.533781628
1219	2.532972714
1220	2.53203314
1221	2.531312679
1222	2.530393461
1223	2.529806067
1224	2.528680513
1225	2.528031948
1226	2.527186077
1227	2.526108157
1228	2.525543403
1229	2.524645892
1230	2.523925584
1231	2.523113303
1232	2.522462767
1233	2.521710098
1234	2.520911087
1235	2.519976996
1236	2.519304996
1237	2.518498289
1238	2.517845114
1239	2.517039407
1240	2.51625941
1241	2.515492622
1242	2.514804409
1243	2.514089268
1244	2.513497845
1245	2.512481363
1246	2.511765017
1247	2.511212194
1248	2.510507712
1249	2.509830799
1250	2.509261697
1251	2.508709212
1252	2.50802501
1253	2.507205493
1254	2.506516904
1255	2.505683263
1256	2.505092381
1257	2.504289789
1258	2.503701489
1259	2.503159304
1260	2.502396477
1261	2.501716462
1262	2.500978468
1263	2.500186568
1264	2.499456144
1265	2.498782276
1266	2.497978141
1267	2.497293379
1268	2.496649496
1269	2.495790443
1270	2.495217739
1271	2.494750365
1272	2.4940457
1273	2.493116597
1274	2.492317202
1275	2.491680326
1276	2.491071138
1277	2.490401901
1278	2.489717867
1279	2.488994651
1280	2.488483256
1281	2.487757113
1282	2.486962075
1283	2.485997836
1284	2.48529484
1285	2.484635495
1286	2.484074421
1287	2.483316972
1288	2.482867276
1289	2.482124036
1290	2.481364593
1291	2.480787075
1292	2.480100647
1293	2.479482498
1294	2.478803108
1295	2.478263082
1296	2.477665618
1297	2.476845906
1298	2.476059262
1299	2.475363848
1300	2.474942784
1301	2.47438526
1302	2.473611886
1303	2.472781748
1304	2.472048203
1305	2.471276043
1306	2.47051579
1307	2.469771299
1308	2.469089426
1309	2.468534775
1310	2.467869788
1311	2.467310668
1312	2.46640125
1313	2.465898551
1314	2.465184486
1315	2.464372415
1316	2.463754709
1317	2.462895993
1318	2.461964122
1319	2.461332437
1320	2.460807769
1321	2.460275192
1322	2.45954877
1323	2.458764097
1324	2.458119362
1325	2.457367702
1326	2.456641172
1327	2.455978992
1328	2.455228285
1329	2.454411044
1330	2.453786471
1331	2.453209736
1332	2.452337197
1333	2.451789224
1334	2.45106792
1335	2.450162176
1336	2.449522125
1337	2.448777231
1338	2.448045716
1339	2.447361736
1340	2.446773578
1341	2.446070934
1342	2.445428088
1343	2.444703662
1344	2.444042945
1345	2.443454865
1346	2.4426756
1347	2.441975252
1348	2.441367974
1349	2.440745869
1350	2.440103302
1351	2.439339841
1352	2.438508272
1353	2.43775708
1354	2.437087606
1355	2.436589409
1356	2.43582872
1357	2.435337673
1358	2.434594339
1359	2.433774395
1360	2.433096143
1361	2.43226825
1362	2.431846813
1363	2.431267701
1364	2.430747421
1365	2.430035248
1366	2.429518137
1367	2.428864951
1368	2.428193455
1369	2.427355245
1370	2.426609576
1371	2.426099069
1372	2.425319471
1373	2.424821114
1374	2.424178339
1375	2.42352676
1376	2.422902891
1377	2.422263644
1378	2.42179484
1379	2.421188703
1380	2.420461922
1381	2.419917527
1382	2.419211907
1383	2.418504253
1384	2.417774259
1385	2.417205458
1386	2.416637622
1387	2.416025389
1388	2.415337151
1389	2.41459749
1390	2.41391282
1391	2.413322226
1392	2.412474333
1393	2.411737739
1394	2.411278536
1395	2.4104736
1396	2.409806209
1397	2.409158239
1398	2.408510526
1399	2.407956478
1400	2.407343976
1401	2.406769035
1402	2.406212017
1403	2.405702965
1404	2.405028053
1405	2.404500755
1406	2.403830887
1407	2.403169653
1408	2.402485733
1409	2.401777213
1410	2.401162084
1411	2.400533909
1412	2.399994626
1413	2.399522392
1414	2.399023819
1415	2.398269917
1416	2.397583002
1417	2.397086262
1418	2.396466554
1419	2.395783453
1420	2.395036734
1421	2.394591972
1422	2.393933133
1423	2.393320553
1424	2.392760121
1425	2.392276898
1426	2.391543002
1427	2.390961234
1428	2.390261419
1429	2.389597578
1430	2.388946577
1431	2.388439146
1432	2.387755495
1433	2.387175662
1434	2.386533781
1435	2.385838115
1436	2.385274238
1437	2.384707083
1438	2.384132645
1439	2.383450291
1440	2.382856421
1441	2.382217341
1442	2.381501371
1443	2.380933532
1444	2.380390953
1445	2.379673796
1446	2.379007394
1447	2.378431748
1448	2.377870976
1449	2.377198054
1450	2.376502826
1451	2.375957367
1452	2.375440044
1453	2.374936713
1454	2.374211423
1455	2.373681422
1456	2.373086749
1457	2.37245972
1458	2.371943457
1459	2.371351185
1460	2.370561107
1461	2.369807144
1462	2.369493366
1463	2.368782223
1464	2.36811803
1465	2.367639603
1466	2.367026
1467	2.366349715
1468	2.365637887
1469	2.365090852
1470	2.364722664
1471	2.364137779
1472	2.363628865
1473	2.3630365
1474	2.362557821
1475	2.362003633
1476	2.361381454
1477	2.360813104
1478	2.360319644
1479	2.359768834
1480	2.359204363
1481	2.358577545
1482	2.358066608
1483	2.357462033
1484	2.356898149
1485	2.356287747
1486	2.355757197
1487	2.355278372
1488	2.354671764
1489	2.354235165
1490	2.353667895
1491	2.353183216
1492	2.352656891
1493	2.352145751
1494	2.351554519
1495	2.350998501
1496	2.350269281
1497	2.349726206
1498	2.349176212
1499	2.348748501
1500	2.348123348
1501	2.347623793
1502	2.347179527
1503	2.346603006
1504	2.346037808
1505	2.345491229
1506	2.344950154
1507	2.344344652
1508	2.343821127
1509	2.343259003
1510	2.342594865
1511	2.342147441
1512	2.341707608
1513	2.341015453
1514	2.340527735
1515	2.340042884
1516	2.339367077
1517	2.338684845
1518	2.338203691
1519	2.337488252
1520	2.33696942
1521	2.336486129
1522	2.33598132
1523	2.335395111
1524	2.334894884
1525	2.334245814
1526	2.333662353
1527	2.333126084
1528	2.332458103
1529	2.331914111
1530	2.331324553
1531	2.330759289
1532	2.330165446
1533	2.329557397
1534	2.328917883
1535	2.328333143
1536	2.327786786
1537	2.327303956
1538	2.326693169
1539	2.326206644
1540	2.325621777
1541	2.324959191
1542	2.324313745
1543	2.323816652
1544	2.323159959
1545	2.322738853
1546	2.322162375
1547	2.321512393
1548	2.320909654
1549	2.32043251
1550	2.319871306
1551	2.31938877
1552	2.318931364
1553	2.318296008
1554	2.317759316
1555	2.317268155
1556	2.316740841
1557	2.316065055
1558	2.315417074
1559	2.314884675
1560	2.314246949
1561	2.313614419
1562	2.313065095
1563	2.312605077
1564	2.311905695
1565	2.311373363
1566	2.310732687
1567	2.310151739
1568	2.309513435
1569	2.308990928
1570	2.308599796
1571	2.308086823
1572	2.307494285
1573	2.307077478
1574	2.306612989
1575	2.3061443
1576	2.305569913
1577	2.304914635
1578	2.304470887
1579	2.303983405
1580	2.303547766
1581	2.30273197
1582	2.302307022
1583	2.301752645
1584	2.301206054
1585	2.300791364
1586	2.300388422
1587	2.299980662
1588	2.299344896
1589	2.298609174
1590	2.298168405
1591	2.297744081
1592	2.297202753
1593	2.2966792
1594	2.296065799
1595	2.295637298
1596	2.29515059
1597	2.294770916
1598	2.294232761
1599	2.29379682
1600	2.293457668
1601	2.293006425
1602	2.292528176
1603	2.29203832
1604	2.291551404
1605	2.291190898
1606	2.290599169
1607	2.289962352
1608	2.289355898
1609	2.288695876
1610	2.288087755
1611	2.287491279
1612	2.28700056
1613	2.286361712
1614	2.285756623
1615	2.285185182
1616	2.284647167
1617	2.284009516
1618	2.283398032
1619	2.282993375
1620	2.282276669
1621	2.281732163
1622	2.281289171
1623	2.280783264
1624	2.280231515
1625	2.279622657
1626	2.27914972
1627	2.278664263
1628	2.27816192
1629	2.277452998
1630	2.277057588
1631	2.276635308
1632	2.276183101
1633	2.275482526
1634	2.275049647
1635	2.274504995
1636	2.274036525
1637	2.273541195
1638	2.273063464
1639	2.272596722
1640	2.271876084
1641	2.271418784
1642	2.270906198
1643	2.270383474
1644	2.269681774
1645	2.269257573
1646	2.268806644
1647	2.268263764
1648	2.26779937
1649	2.267446642
1650	2.266888949
1651	2.266309758
1652	2.265853642
1653	2.265405049
1654	2.264802474
1655	2.264341041
1656	2.26379976
1657	2.26326057
1658	2.262687015
1659	2.262243135
1660	2.261629567
1661	2.261130632
1662	2.260587065
1663	2.260091804
1664	2.259379034
1665	2.258976827
1666	2.258442497
1667	2.25798583
1668	2.257434077
1669	2.256816581
1670	2.256145096
1671	2.255516051
1672	2.255012133
1673	2.254560375
1674	2.254157286
1675	2.253704165
1676	2.253189957
1677	2.252794887
1678	2.252296495
1679	2.251869189
1680	2.251311347
1681	2.250838991
1682	2.250417631
1683	2.24995248
1684	2.249491561
1685	2.249129641
1686	2.248606447
1687	2.248151175
1688	2.247572059
1689	2.247016412
1690	2.246515339
1691	2.246057596
1692	2.245483822
1693	2.245090884
1694	2.244532691
1695	2.244027548
1696	2.243689219
1697	2.243153471
1698	2.242574613
1699	2.242226407
1700	2.241788814
1701	2.241235592
1702	2.240804599
1703	2.240230981
1704	2.239668737
1705	2.239198691
1706	2.238818819
1707	2.238348859
1708	2.237878093
1709	2.237308992
1710	2.236679146
1711	2.23604756
1712	2.235610136
1713	2.235178742
1714	2.234605652
1715	2.234090993
1716	2.233595148
1717	2.233163235
1718	2.232758236
1719	2.232195774
1720	2.231780979
1721	2.231182007
1722	2.230865929
1723	2.230451907
1724	2.230053778
1725	2.229679249
1726	2.229204653
1727	2.228594782
1728	2.228013518
1729	2.22750417
1730	2.227036771
1731	2.226657913
1732	2.226205934
1733	2.225733597
1734	2.225231644
1735	2.224834925
1736	2.224387483
1737	2.224033058
1738	2.223650055
1739	2.223163018
1740	2.222696292
1741	2.22229143
1742	2.221920045
1743	2.221284378
1744	2.220674344
1745	2.220200117
1746	2.219592009
1747	2.219080877
1748	2.218550482
1749	2.218072544
1750	2.217589762
1751	2.217146281
1752	2.216675882
1753	2.216213457
1754	2.215795446
1755	2.215400364
1756	2.214888016
1757	2.214403005
1758	2.213929729
1759	2.213517961
1760	2.213023982
1761	2.212659368
1762	2.212263166
1763	2.211864554
1764	2.21144323
1765	2.210918498
1766	2.21052026
1767	2.210163394
1768	2.209764067
1769	2.209372842
1770	2.209015977
1771	2.208563415
1772	2.208139351
1773	2.20764402
1774	2.207181219
1775	2.206841494
1776	2.206334742
1777	2.205965816
1778	2.205544864
1779	2.204962642
1780	2.20442599
1781	2.20403084
1782	2.203533109
1783	2.20315822
1784	2.202615935
1785	2.202101904
1786	2.201574886
1787	2.201167186
1788	2.200614465
1789	2.200155047
1790	2.199575814
1791	2.199026052
1792	2.198488073
1793	2.198244945
1794	2.197800798
1795	2.197408956
1796	2.19704556
1797	2.196710831
1798	2.196141797
1799	2.195703388
1800	2.195178149
1801	2.194675377
1802	2.194198291
1803	2.193702931
1804	2.193279434
1805	2.192842945
1806	2.192337886
1807	2.191869516
1808	2.191313121
1809	2.190823734
1810	2.190240511
1811	2.189735717
1812	2.189263383
1813	2.188822839
1814	2.18835346
1815	2.187913999
1816	2.187425389
1817	2.186934953
1818	2.186314243
1819	2.185877881
1820	2.185465238
1821	2.184944109
1822	2.184522086
1823	2.184016653
1824	2.183503553
1825	2.183039243
1826	2.182662244
1827	2.182220858
1828	2.181764557
1829	2.181376089
1830	2.180995314
1831	2.180578452
1832	2.180076754
1833	2.179668724
1834	2.179114289
1835	2.178618188
1836	2.178258946
1837	2.177831031
1838	2.177428433
1839	2.176995364
1840	2.176660497
1841	2.175990479
1842	2.175663819
1843	2.175198627
1844	2.174802693
1845	2.17432217
1846	2.173939561
1847	2.173463694
1848	2.172977642
1849	2.172562786
1850	2.172032071
1851	2.171512122
1852	2.171029193
1853	2.170697589
1854	2.17008287
1855	2.169501937
1856	2.169124644
1857	2.168735387
1858	2.16834962
1859	2.167942595
1860	2.167528412
1861	2.167069342
1862	2.166734527
1863	2.166362501
1864	2.166096458
1865	2.165771823
1866	2.165258362
1867	2.164819573
1868	2.164450394
1869	2.164147123
1870	2.163689575
1871	2.16328735
1872	2.1628904
1873	2.162318617
1874	2.161870283
1875	2.161542955
1876	2.161185715
1877	2.160813055
1878	2.160345479
1879	2.159920196
1880	2.159415921
1881	2.158944719
1882	2.158446569
1883	2.158108045
1884	2.157632678
1885	2.157078778
1886	2.15663542
1887	2.156087847
1888	2.155774919
1889	2.155232829
1890	2.154847095
1891	2.15435684
1892	2.153876343
1893	2.153370947
1894	2.152918073
1895	2.152608877
1896	2.15220887
1897	2.151784975
1898	2.15129691
1899	2.151038751
1900	2.150634985
1901	2.150276944
1902	2.149928161
1903	2.149422467
1904	2.149117449
1905	2.148579563
1906	2.14809743
1907	2.147612337
1908	2.146875213
1909	2.14640398
1910	2.146107615
1911	2.145597475
1912	2.145239238
1913	2.144859036
1914	2.144557704
1915	2.144067452
1916	2.143629231
1917	2.143212926
1918	2.142581659
1919	2.142157702
1920	2.141817233
1921	2.141443485
1922	2.141005459
1923	2.140547071
1924	2.140095748
1925	2.139446935
1926	2.139120942
1927	2.138835483
1928	2.138493513
1929	2.138099071
1930	2.13770034
1931	2.137091114
1932	2.136744757
1933	2.136424768
1934	2.136028765
1935	2.135640249
1936	2.135239943
1937	2.134893202
1938	2.134379256
1939	2.133935153
1940	2.133319577
1941	2.132952502
1942	2.132510274
1943	2.13207053
1944	2.13173066
1945	2.131313349
1946	2.131006089
1947	2.13044509
1948	2.130032161
1949	2.129525657
1950	2.129106008
1951	2.128623631
1952	2.128221644
1953	2.127713148
1954	2.127197877
1955	2.126848799
1956	2.12646484
1957	2.126131129
1958	2.12568034
1959	2.125276144
1960	2.12481576
1961	2.124337288
1962	2.123745705
1963	2.123261316
1964	2.122982554
1965	2.122525372
1966	2.122054689
1967	2.121490987
1968	2.121056056
1969	2.120573425
1970	2.119971561
1971	2.119672896
1972	2.119088949
1973	2.118644342
1974	2.118294917
1975	2.117831893
1976	2.11740454
1977	2.117019355
1978	2.116571538
1979	2.1161352
1980	2.115770713
1981	2.115453521
1982	2.115008161
1983	2.114554646
1984	2.114143915
1985	2.11387412
1986	2.113496184
1987	2.11309256
1988	2.112526948
1989	2.11220132
1990	2.11167242
1991	2.111236145
1992	2.110820121
1993	2.110337823
1994	2.109937214
1995	2.109547335
1996	2.109176253
1997	2.108826701
1998	2.108468158
1999	2.108068995
2000	2.107661984
2001	2.107211184
2002	2.106931251
2003	2.106614118
2004	2.106220712
2005	2.10590466
2006	2.105631595
2007	2.105210645
2008	2.104825703
2009	2.104475892
2010	2.104072883
2011	2.103689138
2012	2.103369493
2013	2.102861964
2014	2.102424028
2015	2.102003987
2016	2.101635263
2017	2.101178816
2018	2.100746592
2019	2.10037846
2020	2.099959997
2021	2.09951068
2022	2.099196183
2023	2.098746478
2024	2.098365127
2025	2.097987027
2026	2.097642749
2027	2.097258857
2028	2.096996764
2029	2.096555065
2030	2.096146323
2031	2.095574279
2032	2.095205921
2033	2.094797143
2034	2.094270248
2035	2.093941897
2036	2.093535857
2037	2.092970516
2038	2.092470704
2039	2.091995989
2040	2.091562255
2041	2.091249894
2042	2.090749425
2043	2.090476825
2044	2.090201589
2045	2.089722955
2046	2.08922775
2047	2.088757651
2048	2.088430728
2049	2.088013698
2050	2.087683652
2051	2.087323231
2052	2.086998
2053	2.086629635
2054	2.086159696
2055	2.085788198
2056	2.085386979
2057	2.085066827
2058	2.084792809
2059	2.084307305
2060	2.083957711
2061	2.08366803
2062	2.083245259
2063	2.082777899
2064	2.082301883
2065	2.08185751
2066	2.081539577
2067	2.081103867
2068	2.080591746
2069	2.080188723
2070	2.079880329
2071	2.079550365
2072	2.079281214
2073	2.078878235
2074	2.078453334
2075	2.078106804
2076	2.077509027
2077	2.077120155
2078	2.076690442
2079	2.076385437
2080	2.076110069
2081	2.075710156
2082	2.075412275
2083	2.07504046
2084	2.074782624
2085	2.07444654
2086	2.074022249
2087	2.073600019
2088	2.073237237
2089	2.072872292
2090	2.072596072
2091	2.072176063
2092	2.071882603
2093	2.071550858
2094	2.071166078
2095	2.07077089
2096	2.070377776
2097	2.070021691
2098	2.069687841
2099	2.069247388
2100	2.06885732
2101	2.068638358
2102	2.068221103
2103	2.067969522
2104	2.067579899
2105	2.067171569
2106	2.066779868
2107	2.06646925
2108	2.066189812
2109	2.065831803
2110	2.065397347
2111	2.065016979
2112	2.064694471
2113	2.064280554
2114	2.063865723
2115	2.063443815
2116	2.063130598
2117	2.062630468
2118	2.062374094
2119	2.061986442
2120	2.061636162
2121	2.061319611
2122	2.060881605
2123	2.060467079
2124	2.06012263
2125	2.059706665
2126	2.059232359
2127	2.05884375
2128	2.058423417
2129	2.058096713
2130	2.057681507
2131	2.057230897
2132	2.056907427
2133	2.056495431
2134	2.05613591
2135	2.055826948
2136	2.055457302
2137	2.055102573
2138	2.054725328
2139	2.054358747
2140	2.053989133
2141	2.053587271
2142	2.053349444
2143	2.053150511
2144	2.052650294
2145	2.052260823
2146	2.051787728
2147	2.051440891
2148	2.050977163
2149	2.050607688
2150	2.050167954
2151	2.049718383
2152	2.04928267
2153	2.04884861
2154	2.048346836
2155	2.048083795
2156	2.047658151
2157	2.04725001
2158	2.046900704
2159	2.046520589
2160	2.046325591
2161	2.045980144
2162	2.045636466
2163	2.045330789
2164	2.044914116
2165	2.044533674
2166	2.044071348
2167	2.043772314
2168	2.043314466
2169	2.042942314
2170	2.042537691
2171	2.042137742
2172	2.041711444
2173	2.041326556
2174	2.04087164
2175	2.040527074
2176	2.040156821
2177	2.039859099
2178	2.039469468
2179	2.039087426
2180	2.038649777
2181	2.038224238
2182	2.037932494
2183	2.037524038
2184	2.036957742
2185	2.036663696
2186	2.036425293
2187	2.036116118
2188	2.035804578
2189	2.03535131
2190	2.034913277
2191	2.034381161
2192	2.033908819
2193	2.033555114
2194	2.033219002
2195	2.033027602
2196	2.032727086
2197	2.032420187
2198	2.032079134
2199	2.031767867
2200	2.03135023
2201	2.031067307
2202	2.030569466
2203	2.030326266
2204	2.029965057
2205	2.029578311
2206	2.029211906
2207	2.028883426
2208	2.028510562
2209	2.028144894
2210	2.027892772
2211	2.027483244
2212	2.027183691
2213	2.026871073
2214	2.026553949
2215	2.026215668
2216	2.025906982
2217	2.025455063
2218	2.025154107
2219	2.024765499
2220	2.024363361
2221	2.023996325
2222	2.023648993
2223	2.023260562
2224	2.02291322
2225	2.022639105
2226	2.022234657
2227	2.021788994
2228	2.02127866
2229	2.020905739
2230	2.020512207
2231	2.020045023
2232	2.019733806
2233	2.019504232
2234	2.019229271
2235	2.018940378
2236	2.018632277
2237	2.018218784
2238	2.017887171
2239	2.017474426
2240	2.017158211
2241	2.016966951
2242	2.016630678
2243	2.016202094
2244	2.01578964
2245	2.015590684
2246	2.015361159
2247	2.014976619
2248	2.014591765
2249	2.014238076
2250	2.013822264
2251	2.01357436
2252	2.013288327
2253	2.012777515
2254	2.012404318
2255	2.012119606
2256	2.011835961
2257	2.011502832
2258	2.011074071
2259	2.01080778
2260	2.010458619
2261	2.010145361
2262	2.009906626
2263	2.009536855
2264	2.009036476
2265	2.008636139
2266	2.008244485
2267	2.007891161
2268	2.007555293
2269	2.007191265
2270	2.006866395
2271	2.006477929
2272	2.006069873
2273	2.00581054
2274	2.005351198
2275	2.005075314
2276	2.004728859
2277	2.004326861
2278	2.004040987
2279	2.003701672
2280	2.00341649
2281	2.002934024
2282	2.002591457
2283	2.002208933
2284	2.00195394
2285	2.001652482
2286	2.001610953
2287	2.001503911
2288	2.001207623
2289	2.000800599
2290	2.000511958
2291	2.000168455
2292	1.999758157
2293	1.999354832
2294	1.998995799
2295	1.998633023
2296	1.998185303
2297	1.997724659
2298	1.997442376
2299	1.997049014
2300	1.996595853
2301	1.996212939
2302	1.995947671
2303	1.995804807
2304	1.995501734
2305	1.995111967
2306	1.994816971
2307	1.99460587
2308	1.994319529
2309	1.993937061
2310	1.993543187
2311	1.993089905
2312	1.992746075
2313	1.992416411
2314	1.99223766
2315	1.992078349
2316	1.991708308
2317	1.991329911
2318	1.990946566
2319	1.990730082
2320	1.990285747
2321	1.98989378
2322	1.989766554
2323	1.989287349
2324	1.989259182
2325	1.988924668
2326	1.98881698
2327	1.988562197
2328	1.98816002
2329	1.987869714
2330	1.98749913
2331	1.987018046
2332	1.986752038
2333	1.986375109
2334	1.986029832
2335	1.985612697
2336	1.985252726
2337	1.984981531
2338	1.984628306
2339	1.98434948
2340	1.984144077
2341	1.983780405
2342	1.983475665
2343	1.983060243
2344	1.982806283
2345	1.982426125
2346	1.982067477
2347	1.981897984
2348	1.98159133
2349	1.981144371
2350	1.980739766
2351	1.980620584
2352	1.980392533
2353	1.980090557
2354	1.979862405
2355	1.979583368
2356	1.979258808
2357	1.979023627
2358	1.978680107
2359	1.978433115
2360	1.978313359
2361	1.978054336
2362	1.977768498
2363	1.977397434
2364	1.977081774
2365	1.976816067
2366	1.97667407
2367	1.976386093
2368	1.975986646
2369	1.97581433
2370	1.975371434
2371	1.975017795
2372	1.974797282
2373	1.974390328
2374	1.974216671
2375	1.973978503
2376	1.973699786
2377	1.973302395
2378	1.973057994
2379	1.972576774
2380	1.972465342
2381	1.972103721
2382	1.971880355
2383	1.97164175
2384	1.971561029
2385	1.971399114
2386	1.971253552
2387	1.970988967
2388	1.970520012
2389	1.97025754
2390	1.969999715
2391	1.969720427
2392	1.969413926
2393	1.969014006
2394	1.96863846
2395	1.968290208
2396	1.967905091
2397	1.967636359
2398	1.967358718
2399	1.967163785
2400	1.966786234
2401	1.966432999
2402	1.966287643
2403	1.965846404
2404	1.96548438
2405	1.965458421
2406	1.965117495
2407	1.964779233
2408	1.96452221
2409	1.964184198
2410	1.963865587
2411	1.963660289
2412	1.963303416
2413	1.963191073
2414	1.962969813
2415	1.962635323
2416	1.962553872
2417	1.962193079
2418	1.961836728
2419	1.961568313
2420	1.961203977
2421	1.960853885
2422	1.960675368
2423	1.960369993
2424	1.960110713
2425	1.959896027
2426	1.959686724
2427	1.959353935
2428	1.959137358
2429	1.95879888
2430	1.958590288
2431	1.958460875
2432	1.958079413
2433	1.957764278
2434	1.957424276
2435	1.957174505
2436	1.956848759
2437	1.956588416
2438	1.956363607
2439	1.956029286
2440	1.955849653
2441	1.955535653
2442	1.955387338
2443	1.955021182
2444	1.954735556
2445	1.954557047
2446	1.954182992
2447	1.953922565
2448	1.953629984
2449	1.953256132
2450	1.952911728
2451	1.952690467
2452	1.952115276
2453	1.951937397
2454	1.951497744
2455	1.951208243
2456	1.95091801
2457	1.950519512
2458	1.950197584
2459	1.950089145
2460	1.949810422
2461	1.949711373
2462	1.949570239
2463	1.949416723
2464	1.949150915
2465	1.949085379
2466	1.948843844
2467	1.948589616
2468	1.948226349
2469	1.947697634
2470	1.947348257
2471	1.946935434
2472	1.946854377
2473	1.946565078
2474	1.946509825
2475	1.946195601
2476	1.946038271
2477	1.945758397
2478	1.94539382
2479	1.9450277
2480	1.944758936
2481	1.94452457
2482	1.944106704
2483	1.943687135
2484	1.94350161
2485	1.943207721
2486	1.942936655
2487	1.942557036
2488	1.94219912
2489	1.941936467
2490	1.941587874
2491	1.941326119
2492	1.941060172
2493	1.941038738
2494	1.940764225
2495	1.940439047
2496	1.94014928
2497	1.939893595
2498	1.939579526
2499	1.939247551
2500	1.939040486
2501	1.938808531
2502	1.938456315
2503	1.938211337
2504	1.938013745
2505	1.937738596
2506	1.937600143
2507	1.93735192
2508	1.93693187
2509	1.936685284
2510	1.936385935
2511	1.936085061
2512	1.935944996
2513	1.93559082
2514	1.935199231
2515	1.935011836
2516	1.934720693
2517	1.934484948
2518	1.934126659
2519	1.93379844
2520	1.933586177
2521	1.933258541
2522	1.932989124
2523	1.932715588
2524	1.932590094
2525	1.932276561
2526	1.932054882
2527	1.931724869
2528	1.931473461
2529	1.931115282
2530	1.93105474
2531	1.930806178
2532	1.930665725
2533	1.930544526
2534	1.930303049
2535	1.929988472
2536	1.929666782
2537	1.92933261
2538	1.92902668
2539	1.928599654
2540	1.928280763
2541	1.927999668
2542	1.927669488
2543	1.927315459
2544	1.927144603
2545	1.926737356
2546	1.926408805
2547	1.926081166
2548	1.92584534
2549	1.925586838
2550	1.925288962
2551	1.92496916
2552	1.924642929
2553	1.924310812
2554	1.924079502
2555	1.923704588
2556	1.923288076
2557	1.922975811
2558	1.922818276
2559	1.922596323
2560	1.922378896
2561	1.922176239
2562	1.92177532
2563	1.921560948
2564	1.921217335
2565	1.921127233
2566	1.920835229
2567	1.920723161
2568	1.920296241
2569	1.920040811
2570	1.91976443
2571	1.919437767
2572	1.919035226
2573	1.918690019
2574	1.918382929
2575	1.918084554
2576	1.917768389
2577	1.917423494
2578	1.917232121
2579	1.916945184
2580	1.916606012
2581	1.916383308
2582	1.916083734
2583	1.915814456
2584	1.915493302
2585	1.91529203
2586	1.915218094
2587	1.915068193
2588	1.915042194
2589	1.914711939
2590	1.914416586
2591	1.914065056
2592	1.913675771
2593	1.913381789
2594	1.913107763
2595	1.912815275
2596	1.912520537
2597	1.912199004
2598	1.911843289
2599	1.911439822
2600	1.911328093
2601	1.911045882
2602	1.910871987
2603	1.910538982
2604	1.910133739
2605	1.909840629
2606	1.909607121
2607	1.909356209
2608	1.909237851
2609	1.908979555
2610	1.908798143
2611	1.908486714
2612	1.908278743
2613	1.907984253
2614	1.907692323
2615	1.907406986
2616	1.907097314
2617	1.906768985
2618	1.906441029
2619	1.906169507
2620	1.905800123
2621	1.90565384
2622	1.905337138
2623	1.905158429
2624	1.904941799
2625	1.904817101
2626	1.904519328
2627	1.904206793
2628	1.904011641
2629	1.903559424
2630	1.903223323
2631	1.902889557
2632	1.90270044
2633	1.902451742
2634	1.902298998
2635	1.901919252
2636	1.901616582
2637	1.901397275
2638	1.90118272
2639	1.900745925
2640	1.900474655
2641	1.900242858
2642	1.89986122
2643	1.899597213
2644	1.89942272
2645	1.899039749
2646	1.898664147
2647	1.898366445
2648	1.898069595
2649	1.897777567
2650	1.897578963
2651	1.897286375
2652	1.896996849
2653	1.896662075
2654	1.896382867
2655	1.896138078
2656	1.895805717
2657	1.895436592
2658	1.895287024
2659	1.894957366
2660	1.894717168
2661	1.894448493
2662	1.894185171
2663	1.894027129
2664	1.893736424
2665	1.893422559
2666	1.893110741
2667	1.892912907
2668	1.892641578
2669	1.892413021
2670	1.892143939
2671	1.891821628
2672	1.891542404
2673	1.89133962
2674	1.891051799
2675	1.890891119
2676	1.890595878
2677	1.890265787
2678	1.890016748
2679	1.88972541
2680	1.889563999
2681	1.889238218
2682	1.889011992
2683	1.888704894
2684	1.88852734
2685	1.888290154
2686	1.888113231
2687	1.887797075
2688	1.887432668
2689	1.887053523
2690	1.886824231
2691	1.886456014
2692	1.886244475
2693	1.886011117
2694	1.885843154
2695	1.885663832
2696	1.885389471
2697	1.885155379
2698	1.88488687
2699	1.884553867
2700	1.884157205
2701	1.88383638
2702	1.883535102
2703	1.883255088
2704	1.882981376
2705	1.882701524
2706	1.8824678
2707	1.882226843
2708	1.881942264
2709	1.88171455
2710	1.881525689
2711	1.881256206
2712	1.880999446
2713	1.880679883
2714	1.880424189
2715	1.880088423
2716	1.87989174
2717	1.879756264
2718	1.879562926
2719	1.879302187
2720	1.87904395
2721	1.878895705
2722	1.878721067
2723	1.878457013
2724	1.878297968
2725	1.87808111
2726	1.877945702
2727	1.877626135
2728	1.87725768
2729	1.876967393
2730	1.87666546
2731	1.87641288
2732	1.876169674
2733	1.87580621
2734	1.875563538
2735	1.875448391
2736	1.875257818
2737	1.87504885
2738	1.874688512
2739	1.874448155
2740	1.874199945
2741	1.873972452
2742	1.873724597
2743	1.873464527
2744	1.873134536
2745	1.872857761
2746	1.872424863
2747	1.872236968
2748	1.87197326
2749	1.871805531
2750	1.871530623
2751	1.871115691
2752	1.870853335
2753	1.870589775
2754	1.870321288
2755	1.870104929
2756	1.869704872
2757	1.869316428
2758	1.869095202
2759	1.868844544
2760	1.868555843
2761	1.868180894
2762	1.867991737
2763	1.867799621
2764	1.867418089
2765	1.867311642
2766	1.867097047
2767	1.866776948
2768	1.866473768
2769	1.86615942
2770	1.865773863
2771	1.865540514
2772	1.865333023
2773	1.86510608
2774	1.864792001
2775	1.864432224
2776	1.864164257
2777	1.863845759
2778	1.863535511
2779	1.863357897
2780	1.8630631
2781	1.862810446
2782	1.862564479
2783	1.86224852
2784	1.861888292
2785	1.861594618
2786	1.861508404
2787	1.861207111
2788	1.861055946
2789	1.860795705
2790	1.860694887
2791	1.86059454
2792	1.860250908
2793	1.859947782
2794	1.859581163
2795	1.859270431
2796	1.858920227
2797	1.858636936
2798	1.858284596
2799	1.858042072
2800	1.857814693
2801	1.857592453
2802	1.857300093
2803	1.857074728
2804	1.856823187
2805	1.85653701
2806	1.856219906
2807	1.856015466
2808	1.855745645
2809	1.855417836
2810	1.855257984
2811	1.85502169
2812	1.854724003
2813	1.854402279
2814	1.854238779
2815	1.853940049
2816	1.853733224
2817	1.853468254
2818	1.853220311
2819	1.85296165
2820	1.85261238
2821	1.852295482
2822	1.852008178
2823	1.851710957
2824	1.851449069
2825	1.851153854
2826	1.850893187
2827	1.850572707
2828	1.850386382
2829	1.850271689
2830	1.850008614
2831	1.849767048
2832	1.84946194
2833	1.849228497
2834	1.849011212
2835	1.848777816
2836	1.848477851
2837	1.848085311
2838	1.847744591
2839	1.847384387
2840	1.847034602
2841	1.846920071
2842	1.846622893
2843	1.846122611
2844	1.845844865
2845	1.845532437
2846	1.845268531
2847	1.845010778
2848	1.844845697
2849	1.844470221
2850	1.844176678
2851	1.84388735
2852	1.8434727
2853	1.843133264
2854	1.842972535
2855	1.842658403
2856	1.842331652
2857	1.842035625
2858	1.84168429
2859	1.841468189
2860	1.841266778
2861	1.841028263
2862	1.8406289
2863	1.840387716
2864	1.84012948
2865	1.839904572
2866	1.839728814
2867	1.839434726
2868	1.839195562
2869	1.8389593
2870	1.83870284
2871	1.838507363
2872	1.838240592
2873	1.838056278
2874	1.837655126
2875	1.837432792
2876	1.83721205
2877	1.836976104
2878	1.836715945
2879	1.83659777
2880	1.836308101
2881	1.835990005
2882	1.835614637
2883	1.835324851
2884	1.835083161
2885	1.834898697
2886	1.834551064
2887	1.834217456
2888	1.833919367
2889	1.833687912
2890	1.833567025
2891	1.833331516
2892	1.833014354
2893	1.832690913
2894	1.83253886
2895	1.832252535
2896	1.831976143
2897	1.831639604
2898	1.831317095
2899	1.830835794
2900	1.830604593
2901	1.830411455
2902	1.830064266
2903	1.829756572
2904	1.829533923
2905	1.82932666
2906	1.828989903
2907	1.828768923
2908	1.828493381
2909	1.828033713
2910	1.827882769
2911	1.82763846
2912	1.82742663
2913	1.827220782
2914	1.826973216
2915	1.82653195
2916	1.826349895
2917	1.826117735
2918	1.825815179
2919	1.825454514
2920	1.825156478
2921	1.824940663
2922	1.824832085
2923	1.824591254
2924	1.824184553
2925	1.823939211
2926	1.823706363
2927	1.823415324
2928	1.823215128
2929	1.823002969
2930	1.822775798
2931	1.822536075
2932	1.822243287
2933	1.821883943
2934	1.821621769
2935	1.821306203
2936	1.821150448
2937	1.820941051
2938	1.82063265
2939	1.820353494
2940	1.820078569
2941	1.819804209
2942	1.819553801
2943	1.819286302
2944	1.81903557
2945	1.818802699
2946	1.818580147
2947	1.818313134
2948	1.817989434
2949	1.817751573
2950	1.817548199
2951	1.817254308
2952	1.816966291
2953	1.816730553
2954	1.816440178
2955	1.816286798
2956	1.81606028
2957	1.815769296
2958	1.815485959
2959	1.815297607
2960	1.81503227
2961	1.814863129
2962	1.814592032
2963	1.814452148
2964	1.814091499
2965	1.813807357
2966	1.813680763
2967	1.813402455
2968	1.813185212
2969	1.812865764
2970	1.81267921
2971	1.81259507
2972	1.812388005
2973	1.812254794
2974	1.811907853
2975	1.811776556
2976	1.811479737
2977	1.811369057
2978	1.811175555
2979	1.811059924
2980	1.81077154
2981	1.81044941
2982	1.810177117
2983	1.810100651
2984	1.809779028
2985	1.809574642
2986	1.809383019
2987	1.809110315
2988	1.808973483
2989	1.808775658
2990	1.808456164
2991	1.808175215
2992	1.807970278
2993	1.80778761
2994	1.807577798
2995	1.807373012
2996	1.807073831
2997	1.806915078
2998	1.806781609
2999	1.806547213
3000	1.806273503
3001	1.806169038
3002	1.80588997
3003	1.805561255
3004	1.805378486
3005	1.80509154
3006	1.804853312
3007	1.8045897
3008	1.804288261
3009	1.803979849
3010	1.803577007
3011	1.803288087
3012	1.80307213
3013	1.802744952
3014	1.802412322
3015	1.802177975
3016	1.802000495
3017	1.801732818
3018	1.801529701
3019	1.801352801
3020	1.80105554
3021	1.800812488
3022	1.800553069
3023	1.800309701
3024	1.799993047
3025	1.799724076
3026	1.799485187
3027	1.799172425
3028	1.798896119
3029	1.798550512
3030	1.798276308
3031	1.798006971
3032	1.797716684
3033	1.797489505
3034	1.797222341
3035	1.796933883
3036	1.796629986
3037	1.796364403
3038	1.796075678
3039	1.795912662
3040	1.795712305
3041	1.79552227
3042	1.795340391
3043	1.795080978
3044	1.794891178
3045	1.79464057
3046	1.794403255
3047	1.794091287
3048	1.793878177
3049	1.793589525
3050	1.793404092
3051	1.79312357
3052	1.792760304
3053	1.79250793
3054	1.792197845
3055	1.791989465
3056	1.791720418
3057	1.791496211
3058	1.791283751
3059	1.791130716
3060	1.790917203
3061	1.790643359
3062	1.790390823
3063	1.790142365
3064	1.790026906
3065	1.789731946
3066	1.789571747
3067	1.789368238
3068	1.789054605
3069	1.788829194
3070	1.788557213
3071	1.788353264
3072	1.788064828
3073	1.787952783
3074	1.787681208
3075	1.787560841
3076	1.78730291
3077	1.787141414
3078	1.786934053
3079	1.786545605
3080	1.786444337
3081	1.786247733
3082	1.78605822
3083	1.78593465
3084	1.785772955
3085	1.785427198
3086	1.785285261
3087	1.785044446
3088	1.784742153
3089	1.784492926
3090	1.784182625
3091	1.783962115
3092	1.783713256
3093	1.783482465
3094	1.783233848
3095	1.782965208
3096	1.782751223
3097	1.782543492
3098	1.782367131
3099	1.782156508
3100	1.781897478
3101	1.781739424
3102	1.78156804
3103	1.781279769
3104	1.780986419
3105	1.780821068
3106	1.780603101
3107	1.780347933
3108	1.780086151
3109	1.779730421
3110	1.779460025
3111	1.779210749
3112	1.778956931
3113	1.778854252
3114	1.778616435
3115	1.778406178
3116	1.778223566
3117	1.777998665
3118	1.777808039
3119	1.777509833
3120	1.777306434
3121	1.777094582
3122	1.776892792
3123	1.776594793
3124	1.776380214
3125	1.776060863
3126	1.775774367
3127	1.775560044
3128	1.775348809
3129	1.775140996
3130	1.774910743
3131	1.774619769
3132	1.774398053
3133	1.774152562
3134	1.773936445
3135	1.773723656
3136	1.773462392
3137	1.773157318
3138	1.772908958
3139	1.772669522
3140	1.772571461
3141	1.772329569
3142	1.772195842
3143	1.771920698
3144	1.77177288
3145	1.77159127
3146	1.771409343
3147	1.771181835
3148	1.770932371
3149	1.770580672
3150	1.770367278
3151	1.770146739
3152	1.769880638
3153	1.769701495
3154	1.769511946
3155	1.769139949
3156	1.76892646
3157	1.768633621
3158	1.768436528
3159	1.768215279
3160	1.768064836
3161	1.767780171
3162	1.767532487
3163	1.767340549
3164	1.767168104
3165	1.766850786
3166	1.76667735
3167	1.766436252
3168	1.76623218
3169	1.766069384
3170	1.765785908
3171	1.765481932
3172	1.765206119
3173	1.764902008
3174	1.764703792
3175	1.764350102
3176	1.764117764
3177	1.763951907
3178	1.763775827
3179	1.763523239
3180	1.763224883
3181	1.762975789
3182	1.762759063
3183	1.762670939
3184	1.762527698
3185	1.762309781
3186	1.762147214
3187	1.761944337
3188	1.761763729
3189	1.761537334
3190	1.761358261
3191	1.761059536
3192	1.760860906
3193	1.760626743
3194	1.760432171
3195	1.760169453
3196	1.759937275
3197	1.759779224
3198	1.759591326
3199	1.759365805
3200	1.759147549
3201	1.75899675
3202	1.75879615
3203	1.75862154
3204	1.758365177
3205	1.758031328
3206	1.75785584
3207	1.75754977
3208	1.757180025
3209	1.756996769
3210	1.756748907
3211	1.756506613
3212	1.756227059
3213	1.755982974
3214	1.755776679
3215	1.755520363
3216	1.755306234
3217	1.7551061
3218	1.754898253
3219	1.754663174
3220	1.754400284
3221	1.754217515
3222	1.753970422
3223	1.753760992
3224	1.753476027
3225	1.753147753
3226	1.752776832
3227	1.752541296
3228	1.752383654
3229	1.75219956
3230	1.75201609
3231	1.751760015
3232	1.751517776
3233	1.751203415
3234	1.751046762
3235	1.750855851
3236	1.750639066
3237	1.750436085
3238	1.75023681
3239	1.749993202
3240	1.749887093
3241	1.749617201
3242	1.749472156
3243	1.749221703
3244	1.749016379
3245	1.748849555
3246	1.748723891
3247	1.748553083
3248	1.748331682
3249	1.748118151
3250	1.747841338
3251	1.747671115
3252	1.747422852
3253	1.747227266
3254	1.747026831
3255	1.746786494
3256	1.746601669
3257	1.746296219
3258	1.746108177
3259	1.745702389
3260	1.745383664
3261	1.74515406
3262	1.744875002
3263	1.744618261
3264	1.744361304
3265	1.744125869
3266	1.743861916
3267	1.743493997
3268	1.743276357
3269	1.743100052
3270	1.742907355
3271	1.742737457
3272	1.742484491
3273	1.742197148
3274	1.741964251
3275	1.741788301
3276	1.741622103
3277	1.741428289
3278	1.7413413
3279	1.741044097
3280	1.740782577
3281	1.74065482
3282	1.740449895
3283	1.740203483
3284	1.739931685
3285	1.739677922
3286	1.739291856
3287	1.73907228
3288	1.738839296
3289	1.738682265
3290	1.738483245
3291	1.738191257
3292	1.738003052
3293	1.737810441
3294	1.737520831
3295	1.737344673
3296	1.737109425
3297	1.736936845
3298	1.736615679
3299	1.7364402
3300	1.736296071
3301	1.736139069
3302	1.735870637
3303	1.735645334
3304	1.735450834
3305	1.735213808
3306	1.73504704
3307	1.734734256
3308	1.734532407
3309	1.734417644
3310	1.734118671
3311	1.733973566
3312	1.733645957
3313	1.733424663
3314	1.733125703
3315	1.732882511
3316	1.732685036
3317	1.732461503
3318	1.732224835
3319	1.732067964
3320	1.731839218
3321	1.731644854
3322	1.731389549
3323	1.73116668
3324	1.730900456
3325	1.730822895
3326	1.730626717
3327	1.730367225
3328	1.730271405
3329	1.730139495
3330	1.729989307
3331	1.729693973
3332	1.729472924
3333	1.72913916
3334	1.728906093
3335	1.728569954
3336	1.728374848
3337	1.728077065
3338	1.727783513
3339	1.727563977
3340	1.727327156
3341	1.727158277
3342	1.726919156
3343	1.726590494
3344	1.726470772
3345	1.726215619
3346	1.726032294
3347	1.725777989
3348	1.725553764
3349	1.725435783
3350	1.725162742
3351	1.724986043
3352	1.724871488
3353	1.724626437
3354	1.724417839
3355	1.724286103
3356	1.724120256
3357	1.723991652
3358	1.723710554
3359	1.723413734
3360	1.723150629
3361	1.723031991
3362	1.722864368
3363	1.722647419
3364	1.722394866
3365	1.722115373
3366	1.721996201
3367	1.721784338
3368	1.721517827
3369	1.721299017
3370	1.721079016
3371	1.720824333
3372	1.720632369
3373	1.720392481
3374	1.720185769
3375	1.719987282
3376	1.71973788
3377	1.719496094
3378	1.71922376
3379	1.718986349
3380	1.718817379
3381	1.718650159
3382	1.718330192
3383	1.718169138
3384	1.71807138
3385	1.717735692
3386	1.717430165
3387	1.717160464
3388	1.716987431
3389	1.716645757
3390	1.716343241
3391	1.716136455
3392	1.715889568
3393	1.715629414
3394	1.715403119
3395	1.715215618
3396	1.715066244
3397	1.714816161
3398	1.714533726
3399	1.714293849
3400	1.713946749
3401	1.713669509
3402	1.713412184
3403	1.713274623
3404	1.71305534
3405	1.712901034
3406	1.712679234
3407	1.712382024
3408	1.712103216
3409	1.711961043
3410	1.711705847
3411	1.711546183
3412	1.711399268
3413	1.711179866
3414	1.710958025
3415	1.710740538
3416	1.710559475
3417	1.710312577
3418	1.710074643
3419	1.709898545
3420	1.709748712
3421	1.709433831
3422	1.709152848
3423	1.708998989
3424	1.708782335
3425	1.708513362
3426	1.708278708
3427	1.708036161
3428	1.707800891
3429	1.707520344
3430	1.707302566
3431	1.707136166
3432	1.706838385
3433	1.706678785
3434	1.706450814
3435	1.706173638
3436	1.705836618
3437	1.705638977
3438	1.705417563
3439	1.705128192
3440	1.704902833
3441	1.70469472
3442	1.704517574
3443	1.704312729
3444	1.704168777
3445	1.703912871
3446	1.703668738
3447	1.703558631
3448	1.703295078
3449	1.703062748
3450	1.702813933
3451	1.702656286
3452	1.702487971
3453	1.702256046
3454	1.701906078
3455	1.701663468
3456	1.701388421
3457	1.701183475
3458	1.700899532
3459	1.70066985
3460	1.700346089
3461	1.700125475
3462	1.699952503
3463	1.699741825
3464	1.69945741
3465	1.699224872
3466	1.699074445
3467	1.698773986
3468	1.69848219
3469	1.698269658
3470	1.698012255
3471	1.697762699
3472	1.697533388
3473	1.697318411
3474	1.697140309
3475	1.69697948
3476	1.69668639
3477	1.696464972
3478	1.696199013
3479	1.695981199
3480	1.695783003
3481	1.69562836
3482	1.695415649
3483	1.69518976
3484	1.695049909
3485	1.694924334
3486	1.694759822
3487	1.694583452
3488	1.694319043
3489	1.694162853
3490	1.69390074
3491	1.693680308
3492	1.69342089
3493	1.6932403
3494	1.693029057
3495	1.692683341
3496	1.692478804
3497	1.692311513
3498	1.692033191
3499	1.691944734
3500	1.691789412
3501	1.691642238
3502	1.691393386
3503	1.691341121
3504	1.691218667
3505	1.691035729
3506	1.690790916
3507	1.690566028
3508	1.690323251
3509	1.690087462
3510	1.689883493
3511	1.689605087
3512	1.689453992
3513	1.689249476
3514	1.688975402
3515	1.688726391
3516	1.688367554
3517	1.688166346
3518	1.688056143
3519	1.687762852
3520	1.687513823
3521	1.687224579
3522	1.686991895
3523	1.686811166
3524	1.686548419
3525	1.686437837
3526	1.686195
3527	1.686037355
3528	1.685871105
3529	1.685739557
3530	1.685426046
3531	1.68521246
3532	1.685063872
3533	1.684803245
3534	1.684602333
3535	1.6843711
3536	1.684225025
3537	1.683945736
3538	1.683765942
3539	1.683549415
3540	1.683359319
3541	1.683056067
3542	1.682901922
3543	1.68268725
3544	1.682554527
3545	1.682315066
3546	1.682156403
3547	1.682015865
3548	1.681811751
3549	1.681692243
3550	1.681423242
3551	1.681224597
3552	1.68104543
3553	1.680858022
3554	1.680591837
3555	1.680329921
3556	1.680089532
3557	1.679863441
3558	1.679672562
3559	1.679357468
3560	1.67911762
3561	1.678887424
3562	1.678650406
3563	1.678367208
3564	1.678156803
3565	1.67788473
3566	1.677661332
3567	1.677470675
3568	1.677235983
3569	1.677011236
3570	1.67681971
3571	1.676605566
3572	1.676434343
3573	1.676141139
3574	1.675868699
3575	1.675682252
3576	1.675329868
3577	1.675192129
3578	1.675090285
3579	1.674895831
3580	1.67462067
3581	1.674453347
3582	1.674327349
3583	1.674085368
3584	1.673842168
3585	1.673570165
3586	1.673395232
3587	1.673237074
3588	1.673083583
3589	1.672757839
3590	1.672602528
3591	1.672399617
3592	1.672232295
3593	1.672015423
3594	1.671682837
3595	1.671515827
3596	1.671365148
3597	1.671150536
3598	1.670913864
3599	1.670691148
3600	1.670473225
3601	1.670299595
3602	1.670037295
3603	1.66989684
3604	1.66963973
3605	1.669286499
3606	1.669088859
3607	1.668935526
3608	1.66873448
3609	1.668499184
3610	1.66820141
3611	1.668004993
3612	1.667825295
3613	1.667554259
3614	1.667339647
3615	1.667024397
3616	1.666878656
3617	1.666687679
3618	1.666540588
3619	1.666378459
3620	1.666209689
3621	1.665969622
3622	1.665870843
3623	1.665752356
3624	1.6654404
3625	1.665218697
3626	1.665039011
3627	1.664772301
3628	1.664534445
3629	1.664306734
3630	1.664067725
3631	1.663860588
3632	1.663682875
3633	1.663481821
3634	1.66329387
3635	1.66315641
3636	1.663006351
3637	1.662807561
3638	1.662618824
3639	1.662367583
3640	1.662181405
3641	1.661945223
3642	1.661736759
3643	1.661542978
3644	1.661320531
3645	1.661092719
3646	1.660920315
3647	1.660777473
3648	1.660543328
3649	1.66038372
3650	1.660091193
3651	1.659824956
3652	1.659610423
3653	1.659414947
3654	1.659240166
3655	1.658979743
3656	1.658700475
3657	1.658520349
3658	1.658347692
3659	1.658210872
3660	1.657972959
3661	1.657799174
3662	1.657608561
3663	1.657338179
3664	1.657115895
3665	1.656885376
3666	1.656674933
3667	1.656520598
3668	1.656352279
3669	1.656206114
3670	1.65595152
3671	1.655774753
3672	1.65556778
3673	1.655354011
3674	1.655147479
3675	1.654993047
3676	1.654767993
3677	1.654627821
3678	1.654368915
3679	1.654041757
3680	1.653799607
3681	1.653629378
3682	1.653312395
3683	1.653157701
3684	1.65299715
3685	1.652719529
3686	1.652438722
3687	1.652219548
3688	1.651913413
3689	1.651801811
3690	1.651450312
3691	1.651247757
3692	1.65105065
3693	1.650752211
3694	1.650471228
3695	1.65023413
3696	1.649965796
3697	1.649723123
3698	1.649453679
3699	1.649228676
3700	1.649008429
3701	1.648858449
3702	1.648649396
3703	1.648472737
3704	1.648238145
3705	1.648073517
3706	1.64785145
3707	1.647697112
3708	1.647544699
3709	1.647297513
3710	1.647094583
3711	1.646970165
3712	1.64670609
3713	1.64645652
3714	1.646280369
3715	1.646077315
3716	1.645929057
3717	1.645699585
3718	1.645481613
3719	1.645318306
3720	1.645171536
3721	1.645040322
3722	1.644750286
3723	1.64459905
3724	1.644331573
3725	1.644165047
3726	1.64390411
3727	1.643677983
3728	1.64338803
3729	1.643092568
3730	1.642867884
3731	1.642677083
3732	1.642417147
3733	1.642179899
3734	1.641930081
3735	1.641767831
3736	1.641584241
3737	1.641427164
3738	1.641218907
3739	1.640999702
3740	1.640769235
3741	1.640626741
3742	1.64042664
3743	1.640204987
3744	1.639955919
3745	1.639731287
3746	1.639541799
3747	1.639344304
3748	1.639109281
3749	1.63889765
3750	1.638630125
3751	1.638434039
3752	1.638272588
3753	1.638057576
3754	1.637827483
3755	1.637677989
3756	1.63746113
3757	1.637143577
3758	1.636929157
3759	1.636654786
3760	1.636397797
3761	1.636209256
3762	1.635991047
3763	1.635660188
3764	1.635518318
3765	1.635374439
3766	1.635196741
3767	1.635053583
3768	1.63486608
3769	1.634699068
3770	1.634540978
3771	1.634319185
3772	1.634147804
3773	1.633971118
3774	1.633782413
3775	1.633626273
3776	1.633421987
3777	1.633268725
3778	1.633133528
3779	1.632951326
3780	1.632732987
3781	1.63257688
3782	1.63230028
3783	1.632073014
3784	1.63192253
3785	1.631689786
3786	1.631453829
3787	1.631245236
3788	1.631022699
3789	1.630842952
3790	1.630536178
3791	1.630370475
3792	1.630216379
3793	1.629953213
3794	1.62967981
3795	1.629401985
3796	1.62915828
3797	1.62896948
3798	1.628828147
3799	1.628532782
3800	1.628311333
3801	1.628074435
3802	1.627954859
3803	1.627772871
3804	1.62753235
3805	1.627298274
3806	1.62715038
3807	1.626936237
3808	1.626736158
3809	1.626498708
3810	1.626359854
3811	1.626213941
3812	1.626010727
3813	1.625766875
3814	1.625521592
3815	1.625265609
3816	1.625113372
3817	1.624978297
3818	1.624839341
3819	1.624536003
3820	1.624232575
3821	1.624116892
3822	1.623963396
3823	1.623811461
3824	1.623677726
3825	1.623472966
3826	1.623195876
3827	1.623018664
3828	1.622873357
3829	1.622666946
3830	1.622442262
3831	1.622197505
3832	1.621945528
3833	1.621723747
3834	1.621523764
3835	1.62134399
3836	1.621070174
3837	1.620851134
3838	1.620626325
3839	1.620534684
3840	1.620229728
3841	1.620108079
3842	1.619783454
3843	1.619662208
3844	1.619437975
3845	1.619280577
3846	1.619032821
3847	1.618838567
3848	1.618586169
3849	1.618278125
3850	1.61813037
3851	1.617897382
3852	1.617680522
3853	1.617424388
3854	1.617243352
3855	1.617037857
3856	1.616886391
3857	1.616663137
3858	1.616472681
3859	1.616160211
3860	1.615883436
3861	1.615693032
3862	1.615444303
3863	1.615206802
3864	1.614969857
3865	1.614717369
3866	1.614631617
3867	1.614394832
3868	1.614103951
3869	1.61387661
3870	1.613669339
3871	1.613457597
3872	1.61322031
3873	1.612968106
3874	1.61281888
3875	1.612597904
3876	1.612399452
3877	1.612169306
3878	1.612049368
3879	1.611849576
3880	1.611671074
3881	1.611426777
3882	1.61116473
3883	1.61098407
3884	1.61071617
3885	1.610461364
3886	1.610171983
3887	1.609877889
3888	1.609618847
3889	1.609473258
3890	1.609218856
3891	1.609071757
3892	1.608906625
3893	1.608659025
3894	1.608426253
3895	1.608153831
3896	1.607959874
3897	1.607749694
3898	1.607622015
3899	1.607474378
3900	1.607251689
3901	1.607052589
3902	1.606914802
3903	1.606612024
3904	1.606429203
3905	1.606272311
3906	1.606078334
3907	1.605907037
3908	1.60571221
3909	1.6056225
3910	1.605357699
3911	1.605150633
3912	1.604940093
3913	1.604715869
3914	1.60447926
3915	1.604293719
3916	1.604107504
3917	1.603953134
3918	1.603772565
3919	1.603559881
3920	1.60333037
3921	1.603170671
3922	1.602997303
3923	1.602797846
3924	1.602635584
3925	1.602447601
3926	1.602337619
3927	1.602160334
3928	1.601937893
3929	1.601727916
3930	1.601565478
3931	1.601346158
3932	1.601111225
3933	1.600975092
3934	1.6007648
3935	1.600561776
3936	1.600385694
3937	1.600226851
3938	1.600028449
3939	1.599852433
3940	1.599704153
3941	1.599526089
3942	1.599364661
3943	1.599206472
3944	1.599057149
3945	1.598924239
3946	1.598789736
3947	1.598588284
3948	1.598453783
3949	1.598149882
3950	1.598026605
3951	1.597836372
3952	1.597724678
3953	1.597564571
3954	1.597420881
3955	1.59723597
3956	1.597057703
3957	1.59688365
3958	1.596768413
3959	1.596542522
3960	1.596277963
3961	1.596065909
3962	1.595839733
3963	1.595634078
3964	1.595340554
3965	1.595153759
3966	1.595035264
3967	1.594846138
3968	1.594598036
3969	1.594403883
3970	1.594259322
3971	1.594145028
3972	1.593902031
3973	1.593710081
3974	1.593525236
3975	1.593303963
3976	1.593195691
3977	1.593005501
3978	1.592763092
3979	1.592550341
3980	1.592313456
3981	1.592157067
3982	1.591954423
3983	1.591835272
3984	1.591662062
3985	1.591423076
3986	1.591272419
3987	1.591105232
3988	1.590920944
3989	1.590788725
3990	1.590570147
3991	1.590430705
3992	1.590272388
3993	1.590097277
3994	1.589893162
3995	1.589727878
3996	1.589569353
3997	1.589425691
3998	1.589214699
3999	1.588974949
4000	1.588709528
4001	1.588580504
4002	1.58838024
4003	1.588092422
4004	1.587978873
4005	1.587851705
4006	1.587695468
4007	1.587504848
4008	1.58736384
4009	1.587146804
4010	1.586963857
4011	1.586819795
4012	1.58666962
4013	1.586513963
4014	1.586460745
4015	1.586272558
4016	1.586022297
4017	1.585755086
4018	1.585565424
4019	1.585304785
4020	1.585161859
4021	1.584912811
4022	1.584665244
4023	1.58451159
4024	1.584280768
4025	1.584104079
4026	1.583910134
4027	1.583785331
4028	1.583532373
4029	1.58338507
4030	1.583179614
4031	1.582998091
4032	1.582814903
4033	1.582635147
4034	1.582383348
4035	1.582091759
4036	1.581849118
4037	1.581614027
4038	1.58144901
4039	1.581227275
4040	1.581033152
4041	1.580872182
4042	1.580748146
4043	1.580480057
4044	1.580250198
4045	1.580129749
4046	1.579956904
4047	1.579834218
4048	1.579692642
4049	1.579528833
4050	1.579401045
4051	1.579179478
4052	1.579082834
4053	1.578845347
4054	1.578725121
4055	1.578601106
4056	1.578378232
4057	1.578238213
4058	1.578053536
4059	1.577902501
4060	1.577707347
4061	1.577546181
4062	1.577340488
4063	1.57707367
4064	1.576858971
4065	1.576689585
4066	1.576436714
4067	1.576298105
4068	1.57605957
4069	1.5759442
4070	1.575660645
4071	1.575469344
4072	1.57528375
4073	1.575145939
4074	1.57495486
4075	1.574825415
4076	1.574567714
4077	1.574347814
4078	1.574175195
4079	1.57408054
4080	1.573871895
4081	1.57363015
4082	1.573410456
4083	1.573316944
4084	1.573141335
4085	1.572975413
4086	1.572857625
4087	1.572677856
4088	1.572480456
4089	1.572304806
4090	1.572115462
4091	1.572006015
4092	1.571778121
4093	1.571649119
4094	1.571476639
4095	1.57121488
4096	1.570953165
4097	1.570760586
4098	1.570559613
4099	1.570385463
4100	1.570226856
4101	1.570070356
4102	1.569857923
4103	1.569678576
4104	1.56954924
4105	1.569313064
4106	1.569068458
4107	1.568894635
4108	1.568742007
4109	1.568556073
4110	1.568368106
4111	1.568195396
4112	1.567962411
4113	1.567785703
4114	1.567662618
4115	1.567540653
4116	1.567368384
4117	1.567152222
4118	1.566882042
4119	1.566574169
4120	1.56641616
4121	1.566244591
4122	1.566089902
4123	1.565848642
4124	1.565566556
4125	1.565455526
4126	1.565272747
4127	1.5651267
4128	1.564993768
4129	1.564744112
4130	1.564504806
4131	1.564299049
4132	1.564116616
4133	1.56388246
4134	1.563709213
4135	1.563527663
4136	1.563361793
4137	1.563077581
4138	1.562869564
4139	1.562660952
4140	1.56244336
4141	1.56222919
4142	1.561988589
4143	1.561784271
4144	1.561565602
4145	1.561455386
4146	1.561231792
4147	1.561065408
4148	1.560952455
4149	1.560860197
4150	1.560774944
4151	1.560629517
4152	1.560426438
4153	1.56021886
4154	1.560057483
4155	1.559888916
4156	1.559654392
4157	1.55938349
4158	1.559263918
4159	1.559098241
4160	1.5589106
4161	1.55864285
4162	1.558488593
4163	1.558303639
4164	1.558122455
4165	1.557929378
4166	1.557680993
4167	1.557532666
4168	1.557426302
4169	1.557269956
4170	1.557154845
4171	1.556977831
4172	1.556855729
4173	1.556648174
4174	1.556421251
4175	1.556289414
4176	1.556172001
4177	1.555933494
4178	1.555734558
4179	1.555623072
4180	1.555448384
4181	1.555330181
4182	1.55513663
4183	1.554913746
4184	1.554670831
4185	1.554518393
4186	1.554443651
4187	1.554282641
4188	1.55417512
4189	1.554031617
4190	1.553920159
4191	1.553806538
4192	1.553612177
4193	1.553445753
4194	1.553231203
4195	1.553030718
4196	1.552894382
4197	1.552726774
4198	1.552598554
4199	1.5523792
4200	1.552262632
4201	1.552019687
4202	1.551843627
4203	1.551686834
4204	1.551551861
4205	1.551366077
4206	1.551209966
4207	1.550980168
4208	1.550820994
4209	1.550638481
4210	1.550490032
4211	1.550351128
4212	1.550190645
4213	1.549996316
4214	1.549844983
4215	1.549722731
4216	1.549640085
4217	1.549359287
4218	1.549231365
4219	1.549132858
4220	1.548982655
4221	1.548756898
4222	1.548536249
4223	1.548437144
4224	1.54823958
4225	1.548028201
4226	1.547819828
4227	1.547582171
4228	1.547331347
4229	1.547111563
4230	1.546893707
4231	1.546800957
4232	1.546599919
4233	1.546479939
4234	1.546339574
4235	1.546195177
4236	1.545986704
4237	1.545758676
4238	1.545546598
4239	1.545347433
4240	1.545172986
4241	1.544976449
4242	1.544798599
4243	1.544633117
4244	1.544516472
4245	1.54436349
4246	1.544141938
4247	1.543970643
4248	1.543894707
4249	1.543699879
4250	1.543501621
4251	1.543365319
4252	1.543235205
4253	1.543072754
4254	1.542841145
4255	1.542719172
4256	1.542513881
4257	1.542290928
4258	1.542218655
4259	1.542077498
4260	1.541848427
4261	1.541639947
4262	1.541487493
4263	1.541279297
4264	1.541056335
4265	1.540960204
4266	1.540810211
4267	1.540669309
4268	1.540563192
4269	1.540432327
4270	1.540148817
4271	1.539996643
4272	1.539876801
4273	1.539742737
4274	1.53958345
4275	1.539384444
4276	1.539168297
4277	1.539023303
4278	1.538885241
4279	1.538655586
4280	1.538533308
4281	1.538333727
4282	1.53815368
4283	1.538040676
4284	1.53784137
4285	1.537602818
4286	1.537459062
4287	1.537292243
4288	1.537137942
4289	1.537009989
4290	1.536833662
4291	1.536726308
4292	1.536566656
4293	1.536350007
4294	1.536137273
4295	1.535990561
4296	1.535836506
4297	1.535618722
4298	1.535456484
4299	1.535269871
4300	1.535103195
4301	1.534873875
4302	1.534749261
4303	1.534527372
4304	1.534371948
4305	1.534147108
4306	1.533978611
4307	1.533834453
4308	1.533715226
4309	1.533576284
4310	1.533374697
4311	1.533224902
4312	1.533113304
4313	1.532945934
4314	1.532743682
4315	1.532617062
4316	1.532431931
4317	1.532286055
4318	1.532068206
4319	1.531817129
4320	1.531683452
4321	1.531501926
4322	1.531342793
4323	1.531164446
4324	1.531047543
4325	1.530826116
4326	1.530599473
4327	1.530439911
4328	1.530281959
4329	1.530123177
4330	1.530010946
4331	1.52992123
4332	1.529813679
4333	1.529684584
4334	1.529426529
4335	1.529311965
4336	1.529117343
4337	1.528995591
4338	1.528889735
4339	1.528702991
4340	1.528546028
4341	1.528421967
4342	1.528299356
4343	1.528180815
4344	1.528065092
4345	1.527851499
4346	1.527684128
4347	1.527560994
4348	1.527443611
4349	1.527241953
4350	1.527047791
4351	1.52687944
4352	1.526702076
4353	1.526477185
4354	1.526351802
4355	1.526199685
4356	1.526039508
4357	1.525867692
4358	1.525743537
4359	1.525626634
4360	1.525428163
4361	1.525214363
4362	1.525102867
4363	1.524912144
4364	1.5246824
4365	1.524513652
4366	1.524339423
4367	1.52418506
4368	1.524028496
4369	1.523884674
4370	1.523773948
4371	1.523600329
4372	1.523406935
4373	1.523297995
4374	1.523118464
4375	1.522810164
4376	1.522558669
4377	1.522334792
4378	1.522231874
4379	1.522032654
4380	1.521873978
4381	1.521659695
4382	1.521486302
4383	1.521339503
4384	1.521227058
4385	1.521106648
4386	1.520959576
4387	1.520826268
4388	1.520632291
4389	1.52047051
4390	1.520241787
4391	1.520069843
4392	1.519930482
4393	1.519775513
4394	1.519678585
4395	1.519544459
4396	1.519363011
4397	1.519186918
4398	1.518876389
4399	1.518752472
4400	1.518611222
4401	1.518372589
4402	1.518151506
4403	1.517935398
4404	1.517745159
4405	1.51760995
4406	1.517424786
4407	1.517287619
4408	1.517194677
4409	1.517027365
4410	1.516853005
4411	1.516768055
4412	1.516686685
4413	1.516551847
4414	1.516381866
4415	1.516188866
4416	1.516078305
4417	1.515916741
4418	1.515594626
4419	1.515451941
4420	1.515269013
4421	1.515157077
4422	1.515003288
4423	1.514832214
4424	1.514694728
4425	1.514451101
4426	1.514301099
4427	1.514170048
4428	1.51405275
4429	1.51390643
4430	1.513806966
4431	1.513675933
4432	1.513483761
4433	1.513345155
4434	1.513213904
4435	1.513064159
4436	1.512859367
4437	1.512786875
4438	1.51261382
4439	1.512485167
4440	1.512322001
4441	1.51223693
4442	1.512096445
4443	1.511932863
4444	1.511769178
4445	1.511604541
4446	1.511425093
4447	1.511288338
4448	1.511081321
4449	1.510839576
4450	1.51072507
4451	1.51059496
4452	1.5104639
4453	1.510391407
4454	1.510162107
4455	1.510000865
4456	1.509794917
4457	1.509612709
4458	1.509441593
4459	1.509291684
4460	1.509210554
4461	1.509098684
4462	1.508904302
4463	1.508655561
4464	1.508510762
4465	1.508308554
4466	1.508075364
4467	1.507886811
4468	1.507748105
4469	1.507580923
4470	1.507432368
4471	1.507284934
4472	1.507085365
4473	1.506907065
4474	1.506724877
4475	1.506582849
4476	1.506388205
4477	1.506256965
4478	1.506095333
4479	1.505959229
4480	1.505890363
4481	1.505673578
4482	1.505480065
4483	1.505361141
4484	1.50519788
4485	1.505040314
4486	1.504905497
4487	1.504778485
4488	1.504650938
4489	1.504422086
4490	1.504269916
4491	1.504100174
4492	1.503892662
4493	1.503592487
4494	1.503419393
4495	1.503136761
4496	1.502993214
4497	1.502806394
4498	1.502632104
4499	1.502477702
4500	1.502342512
4501	1.5021655
4502	1.502014687
4503	1.501819766
4504	1.501588685
4505	1.501392003
4506	1.501187299
4507	1.501081973
4508	1.500900436
4509	1.500786832
4510	1.500660847
4511	1.50057113
4512	1.500437117
4513	1.500268172
4514	1.500072205
4515	1.499946302
4516	1.499724567
4517	1.499527496
4518	1.499271395
4519	1.4990872
4520	1.498943281
4521	1.498767302
4522	1.498512231
4523	1.498327336
4524	1.498148311
4525	1.497946592
4526	1.49781392
4527	1.497629307
4528	1.497473911
4529	1.497350845
4530	1.49723699
4531	1.497071659
4532	1.496822702
4533	1.496658171
4534	1.496509088
4535	1.496438684
4536	1.496252014
4537	1.496066161
4538	1.495875699
4539	1.4957108
4540	1.495521278
4541	1.495403562
4542	1.495222972
4543	1.495029392
4544	1.494891813
4545	1.494765315
4546	1.494697332
4547	1.49449665
4548	1.494372777
4549	1.494168237
4550	1.494057667
4551	1.49392098
4552	1.49370742
4553	1.493587233
4554	1.49350289
4555	1.493350266
4556	1.493248081
4557	1.493183451
4558	1.493059083
4559	1.492882454
4560	1.492758717
4561	1.492597434
4562	1.492415441
4563	1.492259783
4564	1.492065166
4565	1.491871267
4566	1.491595432
4567	1.491375756
4568	1.491195583
4569	1.491003052
4570	1.490842805
4571	1.490636513
4572	1.490558847
4573	1.490329422
4574	1.490214996
4575	1.490051639
4576	1.489830261
4577	1.489784353
4578	1.489706058
4579	1.489583362
4580	1.489419738
4581	1.489289543
4582	1.489151417
4583	1.489030882
4584	1.488929712
4585	1.488757333
4586	1.488652338
4587	1.488513942
4588	1.488311837
4589	1.488104181
4590	1.487996583
4591	1.487813661
4592	1.487612439
4593	1.487457209
4594	1.487261003
4595	1.487074321
4596	1.486976726
4597	1.486807542
4598	1.486692382
4599	1.486551082
4600	1.486357447
4601	1.486175991
4602	1.485932033
4603	1.485824766
4604	1.485723253
4605	1.485578597
4606	1.485489762
4607	1.485373431
4608	1.48521113
4609	1.485000416
4610	1.484863036
4611	1.48464127
4612	1.484471421
4613	1.484254561
4614	1.484022061
4615	1.483838414
4616	1.483645002
4617	1.483486374
4618	1.483320431
4619	1.483149238
4620	1.482908129
4621	1.48280353
4622	1.48262091
4623	1.48243193
4624	1.482188448
4625	1.482057988
4626	1.48193514
4627	1.48179293
4628	1.481613749
4629	1.48141604
4630	1.481164697
4631	1.481006001
4632	1.480837239
4633	1.480731703
4634	1.48058129
4635	1.480427759
4636	1.480253132
4637	1.480126896
4638	1.479988925
4639	1.47983725
4640	1.47974431
4641	1.479614561
4642	1.479483811
4643	1.479335511
4644	1.479101457
4645	1.478893877
4646	1.478772598
4647	1.478563355
4648	1.478432195
4649	1.478333162
4650	1.478135058
4651	1.477947638
4652	1.477806835
4653	1.477709481
4654	1.47755522
4655	1.477444887
4656	1.477282029
4657	1.477014268
4658	1.476878062
4659	1.476676425
4660	1.476546623
4661	1.476377753
4662	1.476252601
4663	1.47617723
4664	1.475924436
4665	1.475843191
4666	1.475656898
4667	1.475537742
4668	1.475440155
4669	1.475331289
4670	1.475196285
4671	1.475051432
4672	1.474912088
4673	1.474824486
4674	1.474651993
4675	1.474444745
4676	1.474254388
4677	1.474002601
4678	1.473769842
4679	1.47356683
4680	1.473500079
4681	1.473320795
4682	1.473153902
4683	1.473029246
4684	1.472872548
4685	1.472746089
4686	1.472669788
4687	1.472550457
4688	1.472410197
4689	1.472303337
4690	1.472194469
4691	1.472001721
4692	1.471796066
4693	1.471640445
4694	1.471527346
4695	1.471351973
4696	1.471130986
4697	1.470942025
4698	1.470841432
4699	1.470716479
4700	1.470533891
4701	1.470413283
4702	1.470260012
4703	1.47008003
4704	1.469932847
4705	1.469797179
4706	1.469646946
4707	1.469434909
4708	1.469269934
4709	1.469144812
4710	1.468917947
4711	1.468738538
4712	1.468665744
4713	1.468548627
4714	1.468328868
4715	1.468201614
4716	1.468076214
4717	1.467947235
4718	1.467757956
4719	1.467691474
4720	1.467468092
4721	1.467350759
4722	1.467229441
4723	1.467130212
4724	1.46703242
4725	1.466903732
4726	1.466763031
4727	1.466520686
4728	1.466337932
4729	1.466115889
4730	1.465962655
4731	1.465838669
4732	1.465681693
4733	1.465432782
4734	1.465305454
4735	1.465130217
4736	1.464938856
4737	1.464772843
4738	1.464675061
4739	1.464522411
4740	1.464316303
4741	1.464125756
4742	1.464007486
4743	1.463830272
4744	1.4636275
4745	1.46350512
4746	1.463363395
4747	1.463163047
4748	1.463042191
4749	1.4629234
4750	1.462731597
4751	1.462526894
4752	1.462386815
4753	1.462209071
4754	1.462041628
4755	1.461869397
4756	1.461684574
4757	1.461565268
4758	1.461423758
4759	1.461259883
4760	1.461097981
4761	1.461034604
4762	1.460890851
4763	1.46062386
4764	1.460549742
4765	1.460434566
4766	1.46029174
4767	1.460194231
4768	1.459998539
4769	1.459842294
4770	1.459635969
4771	1.459378852
4772	1.459290104
4773	1.459188605
4774	1.459084313
4775	1.458935024
4776	1.458827903
4777	1.458708677
4778	1.458622587
4779	1.458507053
4780	1.458432008
4781	1.458252057
4782	1.458049571
4783	1.457821863
4784	1.457676804
4785	1.457567079
4786	1.457402796
4787	1.457254657
4788	1.457138058
4789	1.456905848
4790	1.456725433
4791	1.456604298
4792	1.456465121
4793	1.456279108
4794	1.455992788
4795	1.455880319
4796	1.455733061
4797	1.455573408
4798	1.455361192
4799	1.455216177
4800	1.455062593
4801	1.454901195
4802	1.454746947
4803	1.45458079
4804	1.45440492
4805	1.454246948
4806	1.454111996
4807	1.453908092
4808	1.453771769
4809	1.453641343
4810	1.453533154
4811	1.453367242
4812	1.453191136
4813	1.453002869
4814	1.452869589
4815	1.452700114
4816	1.452543969
4817	1.452348946
4818	1.45219293
4819	1.452041774
4820	1.451843599
4821	1.451691318
4822	1.451547589
4823	1.451382881
4824	1.451270123
4825	1.451106005
4826	1.450980631
4827	1.45084158
4828	1.450741467
4829	1.450636634
4830	1.45049017
4831	1.450364521
4832	1.450193886
4833	1.450084789
4834	1.449916639
4835	1.449829939
4836	1.449719556
4837	1.449548648
4838	1.44940419
4839	1.449279716
4840	1.449047386
4841	1.448882517
4842	1.448715164
4843	1.448551508
4844	1.448404406
4845	1.448244721
4846	1.448084607
4847	1.447848895
4848	1.447729425
4849	1.447608244
4850	1.447457332
4851	1.447395255
4852	1.44728862
4853	1.447163776
4854	1.44698599
4855	1.446783383
4856	1.446694739
4857	1.446528353
4858	1.446373593
4859	1.446306082
4860	1.446232043
4861	1.4460371
4862	1.445841782
4863	1.445640739
4864	1.445566303
4865	1.445471772
4866	1.445321922
4867	1.445184497
4868	1.444993822
4869	1.444830235
4870	1.444704364
4871	1.444547811
4872	1.444390538
4873	1.444239391
4874	1.444093321
4875	1.443966016
4876	1.443863073
4877	1.443733785
4878	1.443546361
4879	1.443474151
4880	1.443292271
4881	1.443122054
4882	1.443067407
4883	1.44295022
4884	1.442838932
4885	1.4426924
4886	1.442586517
4887	1.442426065
4888	1.442308734
4889	1.442105394
4890	1.441994315
4891	1.441896312
4892	1.441790576
4893	1.441645112
4894	1.441461381
4895	1.441274175
4896	1.44113412
4897	1.441028559
4898	1.440861194
4899	1.440656951
4900	1.440605963
4901	1.440456692
4902	1.440373535
4903	1.440249697
4904	1.439998519
4905	1.439888069
4906	1.439765368
4907	1.439603528
4908	1.439520588
4909	1.439345797
4910	1.439169099
4911	1.438985353
4912	1.438832664
4913	1.43873895
4914	1.438541779
4915	1.438379523
4916	1.438123998
4917	1.437954137
4918	1.437825506
4919	1.43771953
4920	1.43760065
4921	1.437341103
4922	1.437201365
4923	1.437059788
4924	1.436945795
4925	1.436817623
4926	1.43670152
4927	1.436558523
4928	1.436453165
4929	1.436335205
4930	1.436150509
4931	1.436048332
4932	1.435918781
4933	1.435735323
4934	1.435618662
4935	1.435535535
4936	1.43531295
4937	1.435199005
4938	1.435023838
4939	1.434909607
4940	1.434828955
4941	1.434664143
4942	1.434546822
4943	1.434463067
4944	1.434234274
4945	1.434073649
4946	1.433974511
4947	1.433876471
4948	1.433704436
4949	1.433529472
4950	1.433371072
4951	1.433253692
4952	1.43310632
4953	1.43293989
4954	1.432822913
4955	1.43265823
4956	1.43251794
4957	1.432344887
4958	1.432182936
4959	1.43207522
4960	1.431913056
4961	1.431712249
4962	1.431563632
4963	1.431368409
4964	1.43121211
4965	1.431078698
4966	1.430899511
4967	1.430677533
4968	1.430555752
4969	1.43035984
4970	1.430206396
4971	1.430062892
4972	1.429925355
4973	1.429768167
4974	1.429570699
4975	1.429372915
4976	1.429164473
4977	1.428974042
4978	1.428800241
4979	1.428679219
4980	1.428591956
4981	1.428442222
4982	1.428301577
4983	1.428134042
4984	1.427955804
4985	1.427762902
4986	1.427534893
4987	1.427443813
4988	1.427364008
4989	1.427204354
4990	1.427144544
4991	1.426952619
4992	1.426738374
4993	1.42656995
4994	1.426442998
4995	1.42635495
4996	1.42623007
4997	1.426106914
4998	1.425965216
4999	1.425886618
5000	1.425714361
5001	1.425476186
5002	1.42536721
5003	1.42523982
5004	1.425003111
5005	1.424761638
5006	1.424694358
5007	1.424615105
5008	1.424486188
5009	1.424383968
5010	1.424174879
5011	1.424017517
5012	1.423882831
5013	1.423744027
5014	1.423607525
5015	1.423422593
5016	1.423252487
5017	1.423084311
5018	1.422939575
5019	1.422753946
5020	1.422619031
5021	1.422426209
5022	1.422300986
5023	1.42214042
5024	1.422068223
5025	1.421924379
5026	1.421761084
5027	1.421688995
5028	1.421572968
5029	1.421480306
5030	1.421301688
5031	1.421171186
5032	1.42105216
5033	1.420822727
5034	1.420709572
5035	1.420624829
5036	1.420391458
5037	1.42024628
5038	1.420133959
5039	1.419962966
5040	1.419765183
5041	1.419619699
5042	1.419459474
5043	1.419295276
5044	1.419237034
5045	1.419009505
5046	1.418883002
5047	1.418718965
5048	1.418630251
5049	1.41848562
5050	1.418293321
5051	1.418126514
5052	1.41797574
5053	1.417821608
5054	1.417660757
5055	1.417539162
5056	1.417457247
5057	1.417323558
5058	1.417152121
5059	1.417006363
5060	1.416846599
5061	1.416707196
5062	1.416607626
5063	1.416432408
5064	1.416231107
5065	1.416052059
5066	1.415863914
5067	1.415682747
5068	1.415561953
5069	1.415400043
5070	1.415259571
5071	1.415148619
5072	1.415031333
5073	1.414873286
5074	1.414699615
5075	1.414580376
5076	1.414425273
5077	1.414314418
5078	1.414221332
5079	1.414091906
5080	1.413996931
5081	1.413919132
5082	1.413809752
5083	1.413624763
5084	1.413528474
5085	1.41333738
5086	1.413257457
5087	1.413168655
5088	1.413083979
5089	1.412934491
5090	1.412838161
5091	1.412718295
5092	1.412666989
5093	1.412517992
5094	1.412309405
5095	1.412057165
5096	1.41196946
5097	1.411883703
5098	1.411709408
5099	1.41153732
5100	1.41141989
5101	1.411218414
5102	1.411121107
5103	1.411022776
5104	1.410920222
5105	1.410735581
5106	1.410601328
5107	1.410465829
5108	1.410318186
5109	1.410219632
5110	1.410077472
5111	1.409945809
5112	1.409835427
5113	1.409691459
5114	1.409572057
5115	1.409387132
5116	1.409201869
5117	1.409077102
5118	1.408950949
5119	1.408737206
5120	1.40856573
5121	1.408422498
5122	1.408246867
5123	1.408144215
5124	1.408007775
5125	1.407875511
5126	1.407718224
5127	1.40750965
5128	1.407408366
5129	1.407243176
5130	1.407067616
5131	1.406906198
5132	1.406796039
5133	1.406706412
5134	1.406586208
5135	1.406456897
5136	1.406343363
5137	1.406229123
5138	1.40605568
5139	1.40592646
5140	1.405791052
5141	1.405669974
5142	1.405492982
5143	1.405363067
5144	1.405236049
5145	1.405112136
5146	1.405032652
5147	1.40492407
5148	1.404687794
5149	1.404575299
5150	1.404390734
5151	1.404269001
5152	1.404155788
5153	1.404045267
5154	1.403951895
5155	1.403809217
5156	1.403679743
5157	1.403569284
5158	1.403473818
5159	1.40335627
5160	1.403172711
5161	1.403044432
5162	1.402886273
5163	1.402787511
5164	1.402647152
5165	1.402476207
5166	1.402320462
5167	1.402180039
5168	1.402020408
5169	1.401900851
5170	1.401760664
5171	1.401553919
5172	1.401466212
5173	1.40135318
5174	1.401243435
5175	1.401117776
5176	1.401013126
5177	1.400891801
5178	1.400709648
5179	1.40056584
5180	1.40046992
5181	1.400275161
5182	1.400163334
5183	1.400013487
5184	1.399919021
5185	1.399834235
5186	1.399741324
5187	1.399650578
5188	1.399574741
5189	1.399349502
5190	1.399250528
5191	1.399069596
5192	1.398826209
5193	1.398641908
5194	1.398536353
5195	1.398421439
5196	1.398249096
5197	1.398116874
5198	1.398000915
5199	1.39771545
5200	1.397606035
5201	1.397510155
5202	1.397364331
5203	1.397261528
5204	1.397080571
5205	1.39698944
5206	1.396890772
5207	1.396784383
5208	1.396712226
5209	1.396644673
5210	1.396529577
5211	1.3964023
5212	1.39625638
5213	1.396113864
5214	1.396005333
5215	1.395878264
5216	1.395792909
5217	1.395691817
5218	1.395521797
5219	1.395361029
5220	1.395260731
5221	1.395107719
5222	1.394968193
5223	1.394772442
5224	1.394614693
5225	1.394494523
5226	1.394287617
5227	1.394183468
5228	1.394006621
5229	1.393869164
5230	1.393723893
5231	1.393615397
5232	1.393459622
5233	1.39333219
5234	1.393189323
5235	1.393067573
5236	1.39290703
5237	1.392783483
5238	1.392693018
5239	1.392586597
5240	1.392434915
5241	1.39232401
5242	1.392225731
5243	1.392150765
5244	1.392017255
5245	1.391859576
5246	1.391711114
5247	1.391622218
5248	1.391403967
5249	1.391276504
5250	1.391132931
5251	1.390938803
5252	1.390850906
5253	1.390695223
5254	1.39058265
5255	1.390467668
5256	1.390398183
5257	1.390296358
5258	1.390179463
5259	1.390076306
5260	1.389925229
5261	1.389811529
5262	1.389652958
5263	1.389548884
5264	1.389351187
5265	1.38922777
5266	1.388993277
5267	1.388848578
5268	1.388758571
5269	1.388697452
5270	1.388571563
5271	1.388351016
5272	1.388216221
5273	1.388057904
5274	1.387917556
5275	1.387782516
5276	1.387593083
5277	1.387478641
5278	1.387332409
5279	1.387179911
5280	1.387088696
5281	1.386933874
5282	1.386763948
5283	1.38662784
5284	1.386516141
5285	1.386405904
5286	1.386242626
5287	1.386125187
5288	1.386053849
5289	1.385907063
5290	1.385756486
5291	1.385581614
5292	1.385503565
5293	1.385406993
5294	1.385215637
5295	1.385083967
5296	1.384974681
5297	1.384921038
5298	1.384718367
5299	1.384542012
5300	1.384441736
5301	1.384345692
5302	1.384254255
5303	1.384168725
5304	1.384075861
5305	1.383954666
5306	1.383798469
5307	1.383723767
5308	1.383560401
5309	1.383437563
5310	1.383398951
5311	1.383198885
5312	1.382990994
5313	1.382818461
5314	1.382670054
5315	1.38254575
5316	1.382419164
5317	1.382366336
5318	1.382251002
5319	1.382140207
5320	1.382005341
5321	1.381862106
5322	1.381764122
5323	1.381590607
5324	1.381454694
5325	1.381276683
5326	1.381172297
5327	1.381055944
5328	1.380973145
5329	1.38080078
5330	1.380631127
5331	1.380580908
5332	1.380440161
5333	1.380316806
5334	1.38021422
5335	1.380131911
5336	1.38002354
5337	1.379934468
5338	1.37975827
5339	1.379613156
5340	1.379488113
5341	1.379281538
5342	1.379136146
5343	1.378976194
5344	1.378827187
5345	1.378708251
5346	1.378559989
5347	1.378490571
5348	1.378347336
5349	1.378159689
5350	1.378050687
5351	1.377900512
5352	1.377812027
5353	1.377750989
5354	1.37761376
5355	1.37749087
5356	1.377368581
5357	1.377303729
5358	1.377111796
5359	1.377019473
5360	1.376943398
5361	1.376767598
5362	1.376609074
5363	1.376528267
5364	1.37643598
5365	1.3762907
5366	1.376171186
5367	1.376008782
5368	1.375936865
5369	1.375849086
5370	1.375768778
5371	1.375684224
5372	1.375556647
5373	1.375455212
5374	1.375352965
5375	1.37521344
5376	1.375066512
5377	1.374831832
5378	1.374671331
5379	1.374564542
5380	1.374426924
5381	1.374238803
5382	1.3740967
5383	1.374016206
5384	1.373873
5385	1.373721782
5386	1.373649078
5387	1.373529398
5388	1.373373625
5389	1.37320854
5390	1.372981199
5391	1.372846641
5392	1.372713701
5393	1.372512022
5394	1.372402258
5395	1.372259065
5396	1.3720502
5397	1.371893396
5398	1.371715639
5399	1.371583713
5400	1.371430994
5401	1.371323233
5402	1.371157554
5403	1.371109584
5404	1.370927501
5405	1.370830324
5406	1.370712187
5407	1.37058009
5408	1.37043755
5409	1.370215429
5410	1.37000149
5411	1.369838441
5412	1.369755194
5413	1.36963633
5414	1.369592675
5415	1.369510713
5416	1.369379736
5417	1.369280867
5418	1.369131543
5419	1.369056525
5420	1.36893564
5421	1.368796045
5422	1.36865647
5423	1.368498647
5424	1.368310919
5425	1.368196507
5426	1.368012917
5427	1.367850533
5428	1.367729904
5429	1.367661073
5430	1.367546896
5431	1.367364999
5432	1.3672876
5433	1.367153419
5434	1.367094502
5435	1.366931835
5436	1.366789475
5437	1.366673264
5438	1.366508926
5439	1.36638556
5440	1.366263683
5441	1.366177075
5442	1.366011535
5443	1.365878622
5444	1.365731582
5445	1.365565238
5446	1.365358244
5447	1.365261863
5448	1.365160632
5449	1.36497905
5450	1.364878005
5451	1.364757223
5452	1.364622743
5453	1.364500584
5454	1.364320472
5455	1.364115982
5456	1.364056724
5457	1.36396179
5458	1.363832788
5459	1.363678873
5460	1.363610595
5461	1.363547714
5462	1.363429162
5463	1.363296003
5464	1.36315616
5465	1.363053369
5466	1.362824152
5467	1.362708202
5468	1.362545813
5469	1.362419195
5470	1.362282957
5471	1.362172591
5472	1.36205419
5473	1.361968988
5474	1.36185606
5475	1.361710116
5476	1.361597297
5477	1.361485844
5478	1.36136852
5479	1.361288523
5480	1.36113822
5481	1.361036289
5482	1.360899941
5483	1.360804267
5484	1.360641464
5485	1.360484415
5486	1.360276717
5487	1.360117512
5488	1.359898624
5489	1.35973823
5490	1.359583014
5491	1.359430411
5492	1.359277876
5493	1.359113706
5494	1.359016011
5495	1.358845682
5496	1.358700224
5497	1.358465367
5498	1.358287251
5499	1.358123628
5500	1.358006987
5501	1.357836061
5502	1.357682862
5503	1.357585448
5504	1.357424315
5505	1.357309566
5506	1.357161376
5507	1.357060321
5508	1.356907947
5509	1.356849927
5510	1.356735541
5511	1.356659501
5512	1.356519835
5513	1.356387283
5514	1.356286179
5515	1.356157089
5516	1.356044091
5517	1.355901299
5518	1.355810766
5519	1.355612336
5520	1.35547804
5521	1.355318027
5522	1.355227432
5523	1.355025772
5524	1.354919876
5525	1.354691595
5526	1.354508864
5527	1.354346729
5528	1.354176597
5529	1.354070384
5530	1.353868996
5531	1.353737519
5532	1.353700078
5533	1.353604708
5534	1.353451099
5535	1.353315466
5536	1.353168604
5537	1.353062806
5538	1.35294576
5539	1.352817112
5540	1.352732317
5541	1.35253814
5542	1.35231976
5543	1.352215664
5544	1.352142574
5545	1.351995583
5546	1.351826408
5547	1.351746538
5548	1.351659051
5549	1.351448933
5550	1.351345359
5551	1.351249607
5552	1.351110297
5553	1.350968919
5554	1.350848251
5555	1.350688008
5556	1.350563654
5557	1.350430143
5558	1.350263597
5559	1.350062142
5560	1.349954671
5561	1.349741399
5562	1.34960175
5563	1.349502362
5564	1.349346496
5565	1.349186178
5566	1.349042178
5567	1.348910057
5568	1.348711709
5569	1.348578344
5570	1.348403565
5571	1.348354485
5572	1.348218583
5573	1.348156794
5574	1.347977318
5575	1.347834691
5576	1.347677465
5577	1.347532008
5578	1.347371482
5579	1.347260577
5580	1.347116885
5581	1.347049808
5582	1.346899464
5583	1.346792602
5584	1.346676406
5585	1.346565661
5586	1.346464153
5587	1.346328777
5588	1.346263374
5589	1.346165302
5590	1.346030788
5591	1.345925158
5592	1.345767669
5593	1.345691128
5594	1.345528948
5595	1.345321987
5596	1.345163977
5597	1.345036364
5598	1.344945951
5599	1.344800894
5600	1.344709879
5601	1.344530677
5602	1.344476784
5603	1.344303886
5604	1.344176869
5605	1.343975891
5606	1.3438365
5607	1.343747805
5608	1.343665914
5609	1.343563459
5610	1.343428308
5611	1.343259524
5612	1.343060515
5613	1.342963153
5614	1.342838125
5615	1.342672554
5616	1.342485139
5617	1.342309328
5618	1.342228619
5619	1.342149796
5620	1.342053787
5621	1.341888768
5622	1.341788652
5623	1.3416492
5624	1.341446892
5625	1.341342459
5626	1.341239186
5627	1.341124525
5628	1.34099445
5629	1.340822741
5630	1.34072625
5631	1.340557923
5632	1.340471147
5633	1.340399922
5634	1.340308579
5635	1.34017742
5636	1.340070431
5637	1.339980448
5638	1.339905221
5639	1.339816864
5640	1.339710099
5641	1.339605279
5642	1.339451633
5643	1.339373247
5644	1.339280695
5645	1.33913627
5646	1.338945091
5647	1.338805084
5648	1.338726816
5649	1.33867349
5650	1.33854879
5651	1.338421379
5652	1.338326361
5653	1.338187987
5654	1.338120513
5655	1.337978764
5656	1.33787001
5657	1.337749789
5658	1.337649827
5659	1.337534544
5660	1.337395461
5661	1.337300174
5662	1.337159284
5663	1.337066796
5664	1.336978028
5665	1.336814806
5666	1.336756229
5667	1.336612628
5668	1.336466036
5669	1.336324694
5670	1.336118669
5671	1.336012375
5672	1.335908341
5673	1.335781343
5674	1.335679503
5675	1.335463459
5676	1.335387622
5677	1.335261522
5678	1.33515102
5679	1.335014278
5680	1.334813138
5681	1.334751469
5682	1.33460637
5683	1.334501089
5684	1.334244156
5685	1.334097877
5686	1.334048581
5687	1.333866624
5688	1.333741516
5689	1.33358685
5690	1.333464675
5691	1.333315589
5692	1.333222499
5693	1.333115212
5694	1.332971308
5695	1.33289472
5696	1.33269355
5697	1.332535572
5698	1.332476362
5699	1.332324433
5700	1.332276402
5701	1.332207073
5702	1.332124511
5703	1.332076185
5704	1.331950769
5705	1.331887045
5706	1.331725323
5707	1.331635248
5708	1.331554633
5709	1.331423161
5710	1.33130009
5711	1.331140485
5712	1.33101156
5713	1.330892029
5714	1.330684709
5715	1.330498059
5716	1.330398265
5717	1.330299916
5718	1.330172776
5719	1.330070171
5720	1.329876306
5721	1.32974518
5722	1.329622487
5723	1.329443712
5724	1.329285225
5725	1.329135808
5726	1.329019732
5727	1.32889572
5728	1.328795381
5729	1.328723725
5730	1.328625744
5731	1.328512187
5732	1.328401704
5733	1.328184585
5734	1.327984638
5735	1.327870594
5736	1.327792596
5737	1.327677851
5738	1.327553086
5739	1.327499405
5740	1.327346925
5741	1.327222525
5742	1.327137567
5743	1.327065511
5744	1.326955795
5745	1.326748832
5746	1.326535031
5747	1.326386641
5748	1.326245863
5749	1.326051054
5750	1.325975396
5751	1.325916254
5752	1.325775329
5753	1.325675326
5754	1.325561336
5755	1.325466179
5756	1.325377658
5757	1.325286577
5758	1.325241682
5759	1.325106935
5760	1.324987768
5761	1.324761331
5762	1.324607336
5763	1.324473508
5764	1.324375998
5765	1.324267251
5766	1.324134204
5767	1.32405368
5768	1.323903363
5769	1.323861985
5770	1.323777685
5771	1.323658626
5772	1.323546752
5773	1.323367184
5774	1.323253338
5775	1.323105897
5776	1.322908284
5777	1.322727146
5778	1.322608301
5779	1.322468638
5780	1.322326527
5781	1.322206803
5782	1.32210829
5783	1.321969022
5784	1.321707867
5785	1.321558651
5786	1.321435381
5787	1.321323337
5788	1.321187989
5789	1.321045021
5790	1.320885458
5791	1.320730178
5792	1.320579443
5793	1.32047607
5794	1.320286036
5795	1.320092801
5796	1.320003661
5797	1.319768251
5798	1.319577561
5799	1.319484398
5800	1.319333025
5801	1.319212527
5802	1.31906243
5803	1.318931436
5804	1.318751677
5805	1.318589801
5806	1.318446605
5807	1.318313992
5808	1.318221104
5809	1.318022148
5810	1.317857128
5811	1.317735219
5812	1.317574603
5813	1.317469073
5814	1.317356811
5815	1.317260659
5816	1.317149379
5817	1.317033408
5818	1.316964349
5819	1.316872028
5820	1.316759368
5821	1.316620675
5822	1.316524665
5823	1.316333376
5824	1.31619687
5825	1.316080046
5826	1.316011199
5827	1.315884433
5828	1.315779769
5829	1.315670328
5830	1.315558952
5831	1.315446959
5832	1.315345794
5833	1.315236243
5834	1.315117061
5835	1.315026479
5836	1.3149027
5837	1.31465801
5838	1.31454315
5839	1.314468161
5840	1.314324351
5841	1.314202
5842	1.314091911
5843	1.313902336
5844	1.313827951
5845	1.313675036
5846	1.313557683
5847	1.313458237
5848	1.31330065
5849	1.313207418
5850	1.313137606
5851	1.313008144
5852	1.312890592
5853	1.312763005
5854	1.312607879
5855	1.312458951
5856	1.312369915
5857	1.312293551
5858	1.312265407
5859	1.312164225
5860	1.311943339
5861	1.311712106
5862	1.311519866
5863	1.311339302
5864	1.311256815
5865	1.31104711
5866	1.310862463
5867	1.310777653
5868	1.310693359
5869	1.310579643
5870	1.310446161
5871	1.310377533
5872	1.310248534
5873	1.310128365
5874	1.309972674
5875	1.309806439
5876	1.309718459
5877	1.309588811
5878	1.309449987
5879	1.309375728
5880	1.309281813
5881	1.309141023
5882	1.309028699
5883	1.308885903
5884	1.308711648
5885	1.308531456
5886	1.308433049
5887	1.308314969
5888	1.308181615
5889	1.308034897
5890	1.307919689
5891	1.307811985
5892	1.307653814
5893	1.307542319
5894	1.307484667
5895	1.307439192
5896	1.30726908
5897	1.307151834
5898	1.307058174
5899	1.306948708
5900	1.306802851
5901	1.306722644
5902	1.306510803
5903	1.306448635
5904	1.306320138
5905	1.306186987
5906	1.306057533
5907	1.305970822
5908	1.305877658
5909	1.305724473
5910	1.305651438
5911	1.305506989
5912	1.305423183
5913	1.305323792
5914	1.30520268
5915	1.305059482
5916	1.304886956
5917	1.304803315
5918	1.304692576
5919	1.304538969
5920	1.304387873
5921	1.304252906
5922	1.304176384
5923	1.304006304
5924	1.30390557
5925	1.303707983
5926	1.303634252
5927	1.303493038
5928	1.303408873
5929	1.303311127
5930	1.303212887
5931	1.303084564
5932	1.303029069
5933	1.302866632
5934	1.302740466
5935	1.302622509
5936	1.302489139
5937	1.302285572
5938	1.302145679
5939	1.302083308
5940	1.301934626
5941	1.301831564
5942	1.301686585
5943	1.301541037
5944	1.301485035
5945	1.301262236
5946	1.301067821
5947	1.300946688
5948	1.300808632
5949	1.300672874
5950	1.300466983
5951	1.300345381
5952	1.300244274
5953	1.300131691
5954	1.300022866
5955	1.299876434
5956	1.299749221
5957	1.299552549
5958	1.299468694
5959	1.299376086
5960	1.299292583
5961	1.299209002
5962	1.299137079
5963	1.298988042
5964	1.2989004
5965	1.298768762
5966	1.298655305
5967	1.298562065
5968	1.298460857
5969	1.298312381
5970	1.298137786
5971	1.297987564
5972	1.297880632
5973	1.297796412
5974	1.297692247
5975	1.297570423
5976	1.297444541
5977	1.297248423
5978	1.297104503
5979	1.296950461
5980	1.296808883
5981	1.296740581
5982	1.296607441
5983	1.296534382
5984	1.296389928
5985	1.296233938
5986	1.296142934
5987	1.296020646
5988	1.295905492
5989	1.295816219
5990	1.295690008
5991	1.295540146
5992	1.295483687
5993	1.295394247
5994	1.295313437
5995	1.295197314
5996	1.29509151
5997	1.29487381
5998	1.294680621
5999	1.294572346
6000	1.294428663
6001	1.294344242
6002	1.2941359
6003	1.294015563
6004	1.293868131
6005	1.293713152
6006	1.293632082
6007	1.293531243
6008	1.293413987
6009	1.293300324
6010	1.293175928
6011	1.292999909
6012	1.292955914
6013	1.292862177
6014	1.292800995
6015	1.292711487
6016	1.292611271
6017	1.292485972
6018	1.29235315
6019	1.292202301
6020	1.292091023
6021	1.291968444
6022	1.291875069
6023	1.291732971
6024	1.291614676
6025	1.291499496
6026	1.291383601
6027	1.291304133
6028	1.291271894
6029	1.291149123
6030	1.290918235
6031	1.29080829
6032	1.290661584
6033	1.290519249
6034	1.290445486
6035	1.290245732
6036	1.290092826
6037	1.289975679
6038	1.289905844
6039	1.289815209
6040	1.289705295
6041	1.289657167
6042	1.28949626
6043	1.289317452
6044	1.289202443
6045	1.289088433
6046	1.288978301
6047	1.288895991
6048	1.288764806
6049	1.288631082
6050	1.288424359
6051	1.288285748
6052	1.288195822
6053	1.288085741
6054	1.288006063
6055	1.287872623
6056	1.287829147
6057	1.287695545
6058	1.287549199
6059	1.287409741
6060	1.287302601
6061	1.287207075
6062	1.287162104
6063	1.287078822
6064	1.286931571
6065	1.286817923
6066	1.286682909
6067	1.286538297
6068	1.286389569
6069	1.28623255
6070	1.28615632
6071	1.286061239
6072	1.285970715
6073	1.285885814
6074	1.28572693
6075	1.285543219
6076	1.285398561
6077	1.285229859
6078	1.285139033
6079	1.285017761
6080	1.284881206
6081	1.28473518
6082	1.284597216
6083	1.28450027
6084	1.284337711
6085	1.284290229
6086	1.284171364
6087	1.284016151
6088	1.28382507
6089	1.283730405
6090	1.283600311
6091	1.283430382
6092	1.283312676
6093	1.283190796
6094	1.283115749
6095	1.282969018
6096	1.282801287
6097	1.282698386
6098	1.282619528
6099	1.282510756
6100	1.28244339
6101	1.282296123
6102	1.282251284
6103	1.282174027
6104	1.282089835
6105	1.281946299
6106	1.281783089
6107	1.281670235
6108	1.281577245
6109	1.281407321
6110	1.281243756
6111	1.28115177
6112	1.281112728
6113	1.280919778
6114	1.280798765
6115	1.280653023
6116	1.280484202
6117	1.280337151
6118	1.280227796
6119	1.280169187
6120	1.280088877
6121	1.279968388
6122	1.279803846
6123	1.279709943
6124	1.279636858
6125	1.279512324
6126	1.279419352
6127	1.279301625
6128	1.279184197
6129	1.279101406
6130	1.279016399
6131	1.278954279
6132	1.278830728
6133	1.278674237
6134	1.278525049
6135	1.278410375
6136	1.278272177
6137	1.278149283
6138	1.278016794
6139	1.277901343
6140	1.277760767
6141	1.277663753
6142	1.277504254
6143	1.277387346
6144	1.277286026
6145	1.277210387
6146	1.27707234
6147	1.277009949
6148	1.276904799
6149	1.276806804
6150	1.276669924
6151	1.27661329
6152	1.276514868
6153	1.27640237
6154	1.276294343
6155	1.276167309
6156	1.276083776
6157	1.276024479
6158	1.275943115
6159	1.275816326
6160	1.275743198
6161	1.275644859
6162	1.275564735
6163	1.275340059
6164	1.27525082
6165	1.275160161
6166	1.275011544
6167	1.27485415
6168	1.274766799
6169	1.274604507
6170	1.274522478
6171	1.274455218
6172	1.274287612
6173	1.274149857
6174	1.274074661
6175	1.273957525
6176	1.273856596
6177	1.273786636
6178	1.273650251
6179	1.2735177
6180	1.273401122
6181	1.273319468
6182	1.27324181
6183	1.273169897
6184	1.273005537
6185	1.272895837
6186	1.272799587
6187	1.272667843
6188	1.27256692
6189	1.272434513
6190	1.272366292
6191	1.272233065
6192	1.272091331
6193	1.271977694
6194	1.271897414
6195	1.271806172
6196	1.271683511
6197	1.271475107
6198	1.271417226
6199	1.271292289
6200	1.271141684
6201	1.271075885
6202	1.270926735
6203	1.270816565
6204	1.270672696
6205	1.270501749
6206	1.270424728
6207	1.270310078
6208	1.270192393
6209	1.269953006
6210	1.269893381
6211	1.269797101
6212	1.269682659
6213	1.269565845
6214	1.269471787
6215	1.269401372
6216	1.269268592
6217	1.269115322
6218	1.268961203
6219	1.268863927
6220	1.268662689
6221	1.268562811
6222	1.26842041
6223	1.268310255
6224	1.268182979
6225	1.268123289
6226	1.268055659
6227	1.267957628
6228	1.267820213
6229	1.267660638
6230	1.2675704
6231	1.267436958
6232	1.267380392
6233	1.267284529
6234	1.267156058
6235	1.267069319
6236	1.266872436
6237	1.266805865
6238	1.266646675
6239	1.266534966
6240	1.266466141
6241	1.266330449
6242	1.266217179
6243	1.266145085
6244	1.265988192
6245	1.265876469
6246	1.265729639
6247	1.265544502
6248	1.265450762
6249	1.265379771
6250	1.265264078
6251	1.265201609
6252	1.265095871
6253	1.264994582
6254	1.264924333
6255	1.264770892
6256	1.264703172
6257	1.264520715
6258	1.264400326
6259	1.264316707
6260	1.264197533
6261	1.264089389
6262	1.263987622
6263	1.263855845
6264	1.263710041
6265	1.263624911
6266	1.263478435
6267	1.263372009
6268	1.263250353
6269	1.26311439
6270	1.263034924
6271	1.262929102
6272	1.262747636
6273	1.262661669
6274	1.262547602
6275	1.262352284
6276	1.262221522
6277	1.262136918
6278	1.261991023
6279	1.261933815
6280	1.26180105
6281	1.261704947
6282	1.26157782
6283	1.261493981
6284	1.261379925
6285	1.261279028
6286	1.261142779
6287	1.261044768
6288	1.260930636
6289	1.260889386
6290	1.260851279
6291	1.260799672
6292	1.260628043
6293	1.260481332
6294	1.260394652
6295	1.260310673
6296	1.260164773
6297	1.260084911
6298	1.259932389
6299	1.259870102
6300	1.259719421
6301	1.259590494
6302	1.259524179
6303	1.259456732
6304	1.259288808
6305	1.259198484
6306	1.259067761
6307	1.259030591
6308	1.258932662
6309	1.258750686
6310	1.258612303
6311	1.25853276
6312	1.258441229
6313	1.258321171
6314	1.258212253
6315	1.258102145
6316	1.257973207
6317	1.257789192
6318	1.257608676
6319	1.257496666
6320	1.257434805
6321	1.257352025
6322	1.257187701
6323	1.257070914
6324	1.256936855
6325	1.256838501
6326	1.25675691
6327	1.256593336
6328	1.256530364
6329	1.256413691
6330	1.256288719
6331	1.256110052
6332	1.256020613
6333	1.255934558
6334	1.255809154
6335	1.255699771
6336	1.255562911
6337	1.255468983
6338	1.255430441
6339	1.255320823
6340	1.255162658
6341	1.255042914
6342	1.254947936
6343	1.254839873
6344	1.254727062
6345	1.254613186
6346	1.254508596
6347	1.254425621
6348	1.254363497
6349	1.254196312
6350	1.254075406
6351	1.253968654
6352	1.253889523
6353	1.253775979
6354	1.253673218
6355	1.253539976
6356	1.253446433
6357	1.253245917
6358	1.253119041
6359	1.253004297
6360	1.252781184
6361	1.252693422
6362	1.252553854
6363	1.252501526
6364	1.252398123
6365	1.252211503
6366	1.252127996
6367	1.252011176
6368	1.251971047
6369	1.251774138
6370	1.251631768
6371	1.251536386
6372	1.251401958
6373	1.251311644
6374	1.251242709
6375	1.251146535
6376	1.250963726
6377	1.250827902
6378	1.250704057
6379	1.250649334
6380	1.250575181
6381	1.250526194
6382	1.250487457
6383	1.250396431
6384	1.250288756
6385	1.250218766
6386	1.250130393
6387	1.25004905
6388	1.249965566
6389	1.249847836
6390	1.249731061
6391	1.24957208
6392	1.249481519
6393	1.249337245
6394	1.249212111
6395	1.249125782
6396	1.249015934
6397	1.248932228
6398	1.248868789
6399	1.248795375
6400	1.248715008
6401	1.248647168
6402	1.248463929
6403	1.248380981
6404	1.248340171
6405	1.248288211
6406	1.248214861
6407	1.248184293
6408	1.248054935
6409	1.247861638
6410	1.247671424
6411	1.247553569
6412	1.247434771
6413	1.247268642
6414	1.24713793
6415	1.247068811
6416	1.246972803
6417	1.246883393
6418	1.246722029
6419	1.246625057
6420	1.246529319
6421	1.246436685
6422	1.246348116
6423	1.246295437
6424	1.246212384
6425	1.246087184
6426	1.245901811
6427	1.245718973
6428	1.245643558
6429	1.245570554
6430	1.245507496
6431	1.245341593
6432	1.245241971
6433	1.245093407
6434	1.244960367
6435	1.244877179
6436	1.244773981
6437	1.24468706
6438	1.244542728
6439	1.244503019
6440	1.244396407
6441	1.244325384
6442	1.244217732
6443	1.244168185
6444	1.244086811
6445	1.243926598
6446	1.243840614
6447	1.243772163
6448	1.243701904
6449	1.243613085
6450	1.243528108
6451	1.24340911
6452	1.243305518
6453	1.243159591
6454	1.243078323
6455	1.242967137
6456	1.242878902
6457	1.242763888
6458	1.24266886
6459	1.242540249
6460	1.242385069
6461	1.242217031
6462	1.242061866
6463	1.241931225
6464	1.241741224
6465	1.241623237
6466	1.241557567
6467	1.241488965
6468	1.241408444
6469	1.241289748
6470	1.241231311
6471	1.241079809
6472	1.24097681
6473	1.240856654
6474	1.240732886
6475	1.24065105
6476	1.240621863
6477	1.240517404
6478	1.240415369
6479	1.240326969
6480	1.240298295
6481	1.240204746
6482	1.240038582
6483	1.239952627
6484	1.239835381
6485	1.239737908
6486	1.239583949
6487	1.239441805
6488	1.239321682
6489	1.239237043
6490	1.239115443
6491	1.238950858
6492	1.238812983
6493	1.238680004
6494	1.238501522
6495	1.238391897
6496	1.238318113
6497	1.238233767
6498	1.238123973
6499	1.238007015
6500	1.237870979
6501	1.237696588
6502	1.237594468
6503	1.237470663
6504	1.237355118
6505	1.237220983
6506	1.237086598
6507	1.236990344
6508	1.236850955
6509	1.236663
6510	1.236541054
6511	1.236419573
6512	1.236326032
6513	1.236227463
6514	1.236105396
6515	1.235984904
6516	1.235867839
6517	1.235781801
6518	1.235651543
6519	1.235540994
6520	1.235362047
6521	1.235273854
6522	1.235193687
6523	1.235154796
6524	1.235018296
6525	1.234927655
6526	1.234771696
6527	1.234673197
6528	1.234618903
6529	1.234496565
6530	1.234375264
6531	1.234303079
6532	1.234182248
6533	1.23398288
6534	1.233874609
6535	1.233773065
6536	1.233653178
6537	1.233511942
6538	1.233432803
6539	1.23334117
6540	1.23321652
6541	1.233038692
6542	1.232888543
6543	1.232793939
6544	1.232600319
6545	1.232454964
6546	1.232296425
6547	1.232157526
6548	1.232039961
6549	1.231907562
6550	1.231781405
6551	1.231694743
6552	1.231597307
6553	1.231444165
6554	1.231293905
6555	1.231199054
6556	1.231058051
6557	1.230993036
6558	1.230873708
6559	1.230796538
6560	1.230650657
6561	1.230505696
6562	1.230438533
6563	1.230313411
6564	1.230227761
6565	1.230079679
6566	1.229997258
6567	1.229843688
6568	1.229796267
6569	1.229635104
6570	1.229515346
6571	1.229409978
6572	1.229278901
6573	1.229128043
6574	1.229036509
6575	1.228965075
6576	1.228873682
6577	1.228807438
6578	1.22865555
6579	1.22855179
6580	1.228486314
6581	1.228428356
6582	1.228294523
6583	1.22819616
6584	1.228070716
6585	1.228007369
6586	1.227934823
6587	1.227888713
6588	1.227801215
6589	1.227697728
6590	1.227580321
6591	1.227496084
6592	1.227431766
6593	1.227360559
6594	1.227209163
6595	1.227110494
6596	1.227051299
6597	1.226980773
6598	1.226853648
6599	1.226774649
6600	1.2266453
6601	1.226524312
6602	1.226405811
6603	1.226297106
6604	1.226155941
6605	1.226034967
6606	1.22594101
6607	1.22590374
6608	1.225812269
6609	1.225625661
6610	1.225598031
6611	1.225407051
6612	1.225333407
6613	1.225207804
6614	1.225092349
6615	1.225007669
6616	1.224901008
6617	1.224837627
6618	1.224762769
6619	1.224699225
6620	1.224604859
6621	1.224506076
6622	1.224410884
6623	1.224303285
6624	1.224191799
6625	1.224098617
6626	1.223929695
6627	1.223871698
6628	1.223758088
6629	1.223601838
6630	1.223452083
6631	1.223348282
6632	1.223286384
6633	1.223124198
6634	1.223064977
6635	1.222978822
6636	1.222884399
6637	1.222773115
6638	1.222719111
6639	1.222697513
6640	1.222585579
6641	1.22249278
6642	1.222404144
6643	1.222380601
6644	1.22226884
6645	1.222198649
6646	1.222095636
6647	1.222008508
6648	1.221927818
6649	1.221787696
6650	1.221693198
6651	1.221606275
6652	1.221499346
6653	1.221426444
6654	1.221366472
6655	1.221247405
6656	1.221106822
6657	1.221016291
6658	1.220947103
6659	1.220838246
6660	1.220745132
6661	1.220684186
6662	1.220511825
6663	1.220416985
6664	1.220346677
6665	1.2202549
6666	1.220158202
6667	1.220082007
6668	1.220043347
6669	1.219948451
6670	1.219801751
6671	1.219752681
6672	1.219556705
6673	1.219436976
6674	1.219336367
6675	1.219262988
6676	1.219165561
6677	1.219042197
6678	1.218894859
6679	1.218689966
6680	1.218585421
6681	1.218499395
6682	1.218381535
6683	1.218324301
6684	1.218218239
6685	1.218089876
6686	1.217990294
6687	1.217896109
6688	1.217798913
6689	1.217658599
6690	1.217460577
6691	1.217383761
6692	1.217314877
6693	1.217169554
6694	1.217031163
6695	1.216954271
6696	1.216854577
6697	1.216759183
6698	1.216651762
6699	1.216553595
6700	1.216416352
6701	1.216302064
6702	1.216162973
6703	1.216052209
6704	1.21594748
6705	1.21584261
6706	1.215710824
6707	1.215599608
6708	1.215516736
6709	1.215362334
6710	1.2152051
6711	1.215085385
6712	1.214978493
6713	1.214868403
6714	1.214748295
6715	1.214585837
6716	1.214482151
6717	1.214367228
6718	1.214282917
6719	1.214229271
6720	1.214181192
6721	1.214012949
6722	1.213858717
6723	1.213745634
6724	1.21367042
6725	1.213557637
6726	1.21345166
6727	1.21331841
6728	1.213243814
6729	1.213141153
6730	1.213064518
6731	1.212988931
6732	1.212892273
6733	1.212778559
6734	1.212667633
6735	1.212536334
6736	1.212394927
6737	1.212230857
6738	1.212075188
6739	1.211976902
6740	1.21189077
6741	1.211727672
6742	1.211702793
6743	1.211604589
6744	1.211526663
6745	1.211435927
6746	1.21132601
6747	1.211247164
6748	1.211196308
6749	1.211175283
6750	1.211058998
6751	1.210985531
6752	1.210856568
6753	1.210751752
6754	1.210631734
6755	1.210546037
6756	1.210454398
6757	1.210380671
6758	1.210294823
6759	1.210250718
6760	1.210124833
6761	1.210023422
6762	1.209919599
6763	1.209742777
6764	1.209584387
6765	1.209457883
6766	1.209383238
6767	1.209245602
6768	1.209167001
6769	1.209084226
6770	1.208973192
6771	1.208776831
6772	1.208632422
6773	1.208497596
6774	1.208370505
6775	1.208270595
6776	1.20819198
6777	1.208099543
6778	1.207971062
6779	1.207884927
6780	1.207770908
6781	1.207671208
6782	1.207528669
6783	1.207424955
6784	1.207287209
6785	1.207187183
6786	1.207046863
6787	1.206965358
6788	1.206831673
6789	1.206699393
6790	1.206567304
6791	1.206469843
6792	1.206346895
6793	1.20623556
6794	1.206136097
6795	1.206044558
6796	1.205966589
6797	1.205874764
6798	1.205788763
6799	1.205676248
6800	1.205570441
6801	1.205440366
6802	1.205403011
6803	1.205321796
6804	1.20523521
6805	1.205052339
6806	1.204931719
6807	1.204839972
6808	1.204783102
6809	1.204742309
6810	1.204623445
6811	1.204538444
6812	1.204514188
6813	1.204367822
6814	1.204263076
6815	1.204055497
6816	1.203966545
6817	1.203891921
6818	1.203839806
6819	1.203696612
6820	1.20352657
6821	1.203451367
6822	1.203346952
6823	1.203268635
6824	1.203136444
6825	1.20302658
6826	1.202913432
6827	1.202804242
6828	1.202715337
6829	1.202603252
6830	1.202515597
6831	1.202407399
6832	1.202291027
6833	1.202181245
6834	1.202058014
6835	1.201914318
6836	1.201837608
6837	1.201724904
6838	1.20157326
6839	1.20145658
6840	1.20127718
6841	1.201129771
6842	1.201028052
6843	1.20093301
6844	1.200807172
6845	1.200672851
6846	1.200598483
6847	1.200496873
6848	1.200463681
6849	1.200374925
6850	1.200242675
6851	1.200174728
6852	1.200129954
6853	1.199985001
6854	1.199899621
6855	1.199805153
6856	1.199742934
6857	1.199640453
6858	1.199527611
6859	1.199360219
6860	1.199274009
6861	1.199152239
6862	1.19907628
6863	1.198977154
6864	1.198870162
6865	1.198780721
6866	1.198735378
6867	1.198669394
6868	1.198533849
6869	1.198448373
6870	1.198364384
6871	1.198313264
6872	1.19818257
6873	1.198116235
6874	1.198026218
6875	1.197918043
6876	1.197803519
6877	1.197702032
6878	1.19760837
6879	1.197493597
6880	1.197394911
6881	1.197309154
6882	1.197194633
6883	1.197074416
6884	1.19691324
6885	1.196823366
6886	1.196717165
6887	1.196534149
6888	1.196429909
6889	1.196348618
6890	1.196238396
6891	1.196097109
6892	1.195991174
6893	1.195957206
6894	1.195840263
6895	1.195809466
6896	1.195673964
6897	1.195590222
6898	1.195524771
6899	1.195422042
6900	1.195353364
6901	1.19526251
6902	1.195130058
6903	1.195035039
6904	1.19492816
6905	1.19480635
6906	1.194731028
6907	1.194637571
6908	1.194516798
6909	1.194418413
6910	1.194320158
6911	1.194197646
6912	1.194120525
6913	1.194028973
6914	1.193868527
6915	1.193791677
6916	1.19369572
6917	1.1935915
6918	1.193547401
6919	1.193391574
6920	1.193284913
6921	1.193134361
6922	1.193019853
6923	1.192964718
6924	1.192888411
6925	1.192795654
6926	1.192691938
6927	1.19258627
6928	1.192392985
6929	1.192271676
6930	1.192188829
6931	1.192054277
6932	1.19194333
6933	1.191818484
6934	1.191736732
6935	1.191630592
6936	1.191535253
6937	1.191482539
6938	1.191376055
6939	1.191271923
6940	1.19117967
6941	1.191082241
6942	1.190970044
6943	1.190932059
6944	1.190871019
6945	1.19079913
6946	1.190759921
6947	1.190680803
6948	1.190574256
6949	1.190491206
6950	1.190399732
6951	1.190261812
6952	1.190069559
6953	1.189951314
6954	1.189885124
6955	1.189776501
6956	1.189631313
6957	1.189552618
6958	1.189477966
6959	1.189325162
6960	1.189199338
6961	1.189134039
6962	1.189035532
6963	1.188916512
6964	1.188830237
6965	1.18872576
6966	1.188629197
6967	1.188508547
6968	1.18837919
6969	1.188251561
6970	1.188132953
6971	1.18801197
6972	1.187871284
6973	1.187694178
6974	1.187541248
6975	1.18742394
6976	1.187292614
6977	1.187205821
6978	1.187183538
6979	1.187061619
6980	1.186960938
6981	1.186844999
6982	1.186657699
6983	1.186599471
6984	1.1865175
6985	1.186441074
6986	1.186345658
6987	1.186269651
6988	1.186207806
6989	1.186115481
6990	1.186008257
6991	1.185906756
6992	1.185811111
6993	1.185616929
6994	1.185518967
6995	1.185403064
6996	1.185277603
6997	1.185195444
6998	1.18509782
6999	1.184969182
7000	1.184810174
7001	1.184723965
7002	1.184605591
7003	1.184547653
7004	1.18447087
7005	1.184424934
7006	1.184332461
7007	1.184216418
7008	1.184108821
7009	1.183982491
7010	1.183889475
7011	1.183756451
7012	1.18361647
7013	1.183543245
7014	1.18341225
7015	1.183302901
7016	1.183152623
7017	1.183078166
7018	1.182947012
7019	1.182794305
7020	1.182707589
7021	1.182605353
7022	1.182535397
7023	1.182449022
7024	1.182333862
7025	1.182173854
7026	1.182128967
7027	1.1820365
7028	1.181920648
7029	1.181780741
7030	1.181667814
7031	1.181592657
7032	1.18149794
7033	1.181444418
7034	1.18128709
7035	1.181222444
7036	1.181139742
7037	1.181058846
7038	1.180933833
7039	1.180812911
7040	1.180678845
7041	1.180583962
7042	1.180468363
7043	1.180401
7044	1.180338529
7045	1.180238211
7046	1.180128531
7047	1.180057236
7048	1.17994457
7049	1.179867445
7050	1.179791294
7051	1.179702558
7052	1.179569056
7053	1.179466767
7054	1.179357307
7055	1.179260778
7056	1.179135895
7057	1.179076263
7058	1.178950927
7059	1.17885981
7060	1.178731984
7061	1.178595177
7062	1.178476432
7063	1.178385638
7064	1.17830239
7065	1.178239819
7066	1.178118244
7067	1.178006966
7068	1.177893195
7069	1.177773227
7070	1.177674733
7071	1.17751705
7072	1.177381241
7073	1.177308302
7074	1.177198234
7075	1.177120679
7076	1.177030767
7077	1.176974857
7078	1.176884008
7079	1.17669638
7080	1.176600735
7081	1.176480954
7082	1.176413616
7083	1.176330857
7084	1.176283884
7085	1.176178965
7086	1.176093769
7087	1.176044359
7088	1.175920794
7089	1.175847354
7090	1.175714237
7091	1.17565374
7092	1.175535392
7093	1.175426718
7094	1.175361857
7095	1.175285892
7096	1.175197904
7097	1.17511831
7098	1.17495189
7099	1.174876489
7100	1.174819675
7101	1.174671531
7102	1.174552128
7103	1.174487379
7104	1.174406696
7105	1.174307795
7106	1.174178612
7107	1.174074097
7108	1.173943591
7109	1.173860691
7110	1.173746331
7111	1.173643135
7112	1.173588452
7113	1.173505897
7114	1.173400028
7115	1.173317457
7116	1.173177277
7117	1.17305335
7118	1.172985473
7119	1.17290306
7120	1.172803841
7121	1.172684172
7122	1.17260479
7123	1.172555829
7124	1.172456447
7125	1.172379397
7126	1.172307687
7127	1.17218745
7128	1.172079639
7129	1.172038061
7130	1.171909685
7131	1.171809524
7132	1.171730962
7133	1.171618622
7134	1.171557139
7135	1.171458775
7136	1.171393343
7137	1.171287747
7138	1.171174205
7139	1.171067041
7140	1.171013204
7141	1.170907616
7142	1.170843668
7143	1.170736549
7144	1.170612533
7145	1.170492331
7146	1.170359767
7147	1.170254196
7148	1.170171446
7149	1.170094081
7150	1.170024166
7151	1.169937223
7152	1.169843391
7153	1.169762319
7154	1.169695651
7155	1.169564936
7156	1.169425353
7157	1.169364231
7158	1.169281816
7159	1.169157435
7160	1.169080993
7161	1.168964463
7162	1.168893157
7163	1.168762737
7164	1.168732961
7165	1.168631729
7166	1.168570666
7167	1.16847806
7168	1.168361709
7169	1.168309475
7170	1.168223785
7171	1.168057116
7172	1.167966678
7173	1.167817393
7174	1.167773232
7175	1.167654187
7176	1.167567631
7177	1.167473192
7178	1.167355692
7179	1.167297585
7180	1.167151932
7181	1.167052316
7182	1.166973779
7183	1.166865287
7184	1.166800292
7185	1.166774726
7186	1.166642335
7187	1.166578413
7188	1.166453887
7189	1.166338304
7190	1.166272257
7191	1.166200162
7192	1.16611622
7193	1.166011828
7194	1.165901052
7195	1.165830085
7196	1.165721949
7197	1.165570351
7198	1.165458972
7199	1.165339955
7200	1.165189676
7201	1.165097828
7202	1.164971017
7203	1.164871319
7204	1.16474256
7205	1.164652771
7206	1.164613034
7207	1.164522075
7208	1.164398264
7209	1.164313211
7210	1.164201821
7211	1.164072473
7212	1.163973802
7213	1.16389215
7214	1.163776399
7215	1.163683462
7216	1.163588997
7217	1.163458525
7218	1.163349582
7219	1.163236184
7220	1.163089993
7221	1.162949686
7222	1.162843537
7223	1.162742256
7224	1.162657141
7225	1.162517439
7226	1.162419118
7227	1.16227505
7228	1.162215993
7229	1.162125497
7230	1.162004281
7231	1.161886967
7232	1.161787972
7233	1.16172718
7234	1.161632857
7235	1.161464245
7236	1.1613743
7237	1.161298247
7238	1.161199545
7239	1.161152853
7240	1.161073035
7241	1.160944904
7242	1.16085311
7243	1.160813358
7244	1.160716817
7245	1.160620306
7246	1.160489564
7247	1.160408893
7248	1.160319623
7249	1.160279606
7250	1.1601691
7251	1.160089884
7252	1.15996452
7253	1.159861204
7254	1.159756718
7255	1.159575005
7256	1.159509601
7257	1.159358361
7258	1.159227839
7259	1.15907662
7260	1.158958983
7261	1.158878484
7262	1.158754087
7263	1.158658828
7264	1.158572682
7265	1.158489731
7266	1.158381059
7267	1.158293083
7268	1.158154879
7269	1.158016455
7270	1.157953453
7271	1.157860331
7272	1.15775644
7273	1.157682738
7274	1.157499739
7275	1.157404847
7276	1.157318791
7277	1.157217489
7278	1.157099889
7279	1.157017733
7280	1.156905994
7281	1.156856006
7282	1.156745018
7283	1.156618519
7284	1.156530678
7285	1.1564014
7286	1.156366749
7287	1.156295521
7288	1.156210685
7289	1.156135039
7290	1.155986974
7291	1.155861895
7292	1.155764874
7293	1.155676404
7294	1.155609557
7295	1.15551055
7296	1.155433789
7297	1.155372492
7298	1.15529437
7299	1.155188179
7300	1.155026055
7301	1.154974057
7302	1.154880605
7303	1.154788823
7304	1.15470924
7305	1.154582606
7306	1.154485161
7307	1.154385929
7308	1.154330725
7309	1.15427651
7310	1.154178774
7311	1.154094656
7312	1.154019906
7313	1.153831276
7314	1.15374008
7315	1.153649933
7316	1.153511187
7317	1.153407451
7318	1.153337921
7319	1.15321994
7320	1.153128655
7321	1.152990483
7322	1.15287853
7323	1.152781116
7324	1.152673349
7325	1.152632701
7326	1.152539519
7327	1.152473263
7328	1.152377846
7329	1.152332594
7330	1.152262315
7331	1.152144847
7332	1.152042187
7333	1.15186091
7334	1.15174846
7335	1.151636912
7336	1.151530308
7337	1.151411002
7338	1.151326898
7339	1.151165446
7340	1.151095749
7341	1.150979713
7342	1.150924707
7343	1.15083842
7344	1.150732524
7345	1.150694098
7346	1.150633897
7347	1.150504099
7348	1.150429404
7349	1.150279946
7350	1.150185302
7351	1.150098377
7352	1.150011176
7353	1.149939245
7354	1.149864187
7355	1.149802131
7356	1.149756173
7357	1.149664736
7358	1.149582452
7359	1.149520053
7360	1.149428138
7361	1.14927239
7362	1.149181282
7363	1.149057773
7364	1.148997546
7365	1.148915726
7366	1.148820994
7367	1.148690322
7368	1.148550227
7369	1.14844295
7370	1.148319483
7371	1.148211717
7372	1.148162
7373	1.147998148
7374	1.147882705
7375	1.147766376
7376	1.147642263
7377	1.147544945
7378	1.147380002
7379	1.147291348
7380	1.147203642
7381	1.147027415
7382	1.146925332
7383	1.146854502
7384	1.146798966
7385	1.146732368
7386	1.146550841
7387	1.146466422
7388	1.146383608
7389	1.146265715
7390	1.146233474
7391	1.146061143
7392	1.145954804
7393	1.14582572
7394	1.145703771
7395	1.145539971
7396	1.145422918
7397	1.145310736
7398	1.14523395
7399	1.145067572
7400	1.144973763
7401	1.144915206
7402	1.144830788
7403	1.14475057
7404	1.14466637
7405	1.144563504
7406	1.144495027
7407	1.144391356
7408	1.144318114
7409	1.144232697
7410	1.144151523
7411	1.144041385
7412	1.143958196
7413	1.143846419
7414	1.143703604
7415	1.143610533
7416	1.143443759
7417	1.14335999
7418	1.143285759
7419	1.143171836
7420	1.143037591
7421	1.142925168
7422	1.142846099
7423	1.142732178
7424	1.142684138
7425	1.14255455
7426	1.142462412
7427	1.142377872
7428	1.142266503
7429	1.142234573
7430	1.142096393
7431	1.141988098
7432	1.14186728
7433	1.141816406
7434	1.141654999
7435	1.141572931
7436	1.141446172
7437	1.141327976
7438	1.141157211
7439	1.141054527
7440	1.140923892
7441	1.140802469
7442	1.140708977
7443	1.140636916
7444	1.140495739
7445	1.140378858
7446	1.140263587
7447	1.14019404
7448	1.140100324
7449	1.14002942
7450	1.139936649
7451	1.139814026
7452	1.139724474
7453	1.13962136
7454	1.139515743
7455	1.139406867
7456	1.139336644
7457	1.139204239
7458	1.13911239
7459	1.138989483
7460	1.138842191
7461	1.13878514
7462	1.138659313
7463	1.138556342
7464	1.13846731
7465	1.138341868
7466	1.138287428
7467	1.138220576
7468	1.138106306
7469	1.137969434
7470	1.137847253
7471	1.137737693
7472	1.137669511
7473	1.137558085
7474	1.137476743
7475	1.137385045
7476	1.137329413
7477	1.137244243
7478	1.137122627
7479	1.137043438
7480	1.136955242
7481	1.13687098
7482	1.136802281
7483	1.13670292
7484	1.136593154
7485	1.136469467
7486	1.136300952
7487	1.136209753
7488	1.136063051
7489	1.135887611
7490	1.135771937
7491	1.135695529
7492	1.135583457
7493	1.135493625
7494	1.135407899
7495	1.135313144
7496	1.135212236
7497	1.135133701
7498	1.134991003
7499	1.134905858
7500	1.134791288
7501	1.134724215
7502	1.134630921
7503	1.134578543
7504	1.134461663
7505	1.134358604
7506	1.134288092
7507	1.134211369
7508	1.134105496
7509	1.133960043
7510	1.133850586
7511	1.133704158
7512	1.133569015
7513	1.133497139
7514	1.133379115
7515	1.133296271
7516	1.133151489
7517	1.133061879
7518	1.13295902
7519	1.132897359
7520	1.132794352
7521	1.132687303
7522	1.132539925
7523	1.13246325
7524	1.132397986
7525	1.132244722
7526	1.132149436
7527	1.132044996
7528	1.13195961
7529	1.131886724
7530	1.131812665
7531	1.131723755
7532	1.131623476
7533	1.131530637
7534	1.131505216
7535	1.131358852
7536	1.131184245
7537	1.131086984
7538	1.131001599
7539	1.130970445
7540	1.130837442
7541	1.130694792
7542	1.130596331
7543	1.130509781
7544	1.130410371
7545	1.130260777
7546	1.130169316
7547	1.130078494
7548	1.129979181
7549	1.129881223
7550	1.129754654
7551	1.129632668
7552	1.129588611
7553	1.129432295
7554	1.129373983
7555	1.129260971
7556	1.129121111
7557	1.129019187
7558	1.128899517
7559	1.12873519
7560	1.128601643
7561	1.128509398
7562	1.128390429
7563	1.128229419
7564	1.128164148
7565	1.128054427
7566	1.127958948
7567	1.12785774
7568	1.127765076
7569	1.127646449
7570	1.127612921
7571	1.127516388
7572	1.127415062
7573	1.12731063
7574	1.127221582
7575	1.127086342
7576	1.126959646
7577	1.126907032
7578	1.12680772
7579	1.126694901
7580	1.126592699
7581	1.126503564
7582	1.126448512
7583	1.126369107
7584	1.126218937
7585	1.126165916
7586	1.126099654
7587	1.125982292
7588	1.125826319
7589	1.125756562
7590	1.125631373
7591	1.125570671
7592	1.125481349
7593	1.125430079
7594	1.12533304
7595	1.125251641
7596	1.125215322
7597	1.12512593
7598	1.125043537
7599	1.124959748
7600	1.124876483
7601	1.124795251
7602	1.124672885
7603	1.124539293
7604	1.12442843
7605	1.124345292
7606	1.124296264
7607	1.124142741
7608	1.124123961
7609	1.123981181
7610	1.123893573
7611	1.123780235
7612	1.123699403
7613	1.12357353
7614	1.123467011
7615	1.12341749
7616	1.123313318
7617	1.123270312
7618	1.123186163
7619	1.123106138
7620	1.122989358
7621	1.122879675
7622	1.122787325
7623	1.122751875
7624	1.12266089
7625	1.122524145
7626	1.122445649
7627	1.122306385
7628	1.122164548
7629	1.122057706
7630	1.121990851
7631	1.121937034
7632	1.121897729
7633	1.121813577
7634	1.121689891
7635	1.121643508
7636	1.121488096
7637	1.121355652
7638	1.121253947
7639	1.121187238
7640	1.121123427
7641	1.120995146
7642	1.120908194
7643	1.120831326
7644	1.120743246
7645	1.120673223
7646	1.120585585
7647	1.12045713
7648	1.12038303
7649	1.120291714
7650	1.120195969
7651	1.120105606
7652	1.12004259
7653	1.119909284
7654	1.119804669
7655	1.119699078
7656	1.1195848
7657	1.11948162
7658	1.119392357
7659	1.119273614
7660	1.119181848
7661	1.119108598
7662	1.118994181
7663	1.11887948
7664	1.118778078
7665	1.118688263
7666	1.118617045
7667	1.118552938
7668	1.118445155
7669	1.118371895
7670	1.118237866
7671	1.118113439
7672	1.118002452
7673	1.117907191
7674	1.11782658
7675	1.117773404
7676	1.117649545
7677	1.117545545
7678	1.117471771
7679	1.11738216
7680	1.1172809
7681	1.117215083
7682	1.117120876
7683	1.117059033
7684	1.116947616
7685	1.116815042
7686	1.116734435
7687	1.116604406
7688	1.116522116
7689	1.116451742
7690	1.116329309
7691	1.116283272
7692	1.116199412
7693	1.116096323
7694	1.11602608
7695	1.115905738
7696	1.115817554
7697	1.11573231
7698	1.115702523
7699	1.115620194
7700	1.11556506
7701	1.115472109
7702	1.115396154
7703	1.115264946
7704	1.115208395
7705	1.115116918
7706	1.115014751
7707	1.114925053
7708	1.114808088
7709	1.114782
7710	1.114693218
7711	1.114602219
7712	1.114492439
7713	1.114379962
7714	1.114312799
7715	1.114161383
7716	1.114056709
7717	1.113974862
7718	1.113799543
7719	1.113741669
7720	1.113658335
7721	1.113536124
7722	1.113450944
7723	1.113378547
7724	1.113253547
7725	1.11316252
7726	1.113120655
7727	1.113020361
7728	1.112911067
7729	1.112802934
7730	1.112744769
7731	1.112684731
7732	1.112604845
7733	1.112507738
7734	1.112463055
7735	1.11239401
7736	1.112277053
7737	1.112178008
7738	1.11210618
7739	1.111997171
7740	1.111949663
7741	1.111853848
7742	1.111728005
7743	1.11159953
7744	1.11151574
7745	1.111398469
7746	1.111265149
7747	1.111219686
7748	1.111110547
7749	1.111013099
7750	1.110942912
7751	1.110868598
7752	1.110811268
7753	1.110725098
7754	1.110639317
7755	1.110531067
7756	1.110445375
7757	1.110374302
7758	1.110277785
7759	1.110217835
7760	1.110145687
7761	1.110024681
7762	1.109895497
7763	1.109839874
7764	1.109791048
7765	1.109741976
7766	1.109638655
7767	1.109548553
7768	1.109433014
7769	1.109333768
7770	1.109245545
7771	1.109137116
7772	1.109066212
7773	1.109009394
7774	1.10895515
7775	1.10890517
7776	1.108805439
7777	1.108716264
7778	1.108605993
7779	1.108525874
7780	1.108488774
7781	1.108426281
7782	1.108324711
7783	1.108169391
7784	1.108082836
7785	1.108005259
7786	1.10789677
7787	1.107841751
7788	1.10778279
7789	1.107698002
7790	1.107624908
7791	1.107531229
7792	1.107445171
7793	1.107336963
7794	1.107251256
7795	1.107163435
7796	1.107085429
7797	1.107023679
7798	1.106928437
7799	1.106791777
7800	1.106713352
7801	1.106606721
7802	1.106528106
7803	1.106379192
7804	1.106254849
7805	1.106187515
7806	1.106135469
7807	1.105986069
7808	1.1059201
7809	1.105812528
7810	1.105759317
7811	1.105712822
7812	1.105640522
7813	1.10555326
7814	1.105498132
7815	1.10535673
7816	1.105232107
7817	1.105123304
7818	1.105027703
7819	1.104925677
7820	1.104846937
7821	1.104758832
7822	1.104698035
7823	1.104590877
7824	1.104487432
7825	1.104389558
7826	1.104306506
7827	1.104156217
7828	1.104089662
7829	1.103936328
7830	1.103831496
7831	1.103756958
7832	1.103670979
7833	1.103550078
7834	1.103427723
7835	1.103305082
7836	1.103238192
7837	1.103131309
7838	1.103047752
7839	1.103004817
7840	1.102913842
7841	1.102804734
7842	1.102698057
7843	1.102594579
7844	1.102541192
7845	1.102439491
7846	1.102326882
7847	1.10223103
7848	1.102181109
7849	1.102098636
7850	1.101974915
7851	1.101879342
7852	1.101782932
7853	1.101700009
7854	1.10158145
7855	1.101428817
7856	1.101315876
7857	1.101213677
7858	1.101078484
7859	1.100979229
7860	1.100865439
7861	1.100731432
7862	1.100644799
7863	1.100499984
7864	1.100410123
7865	1.10029462
7866	1.100180349
7867	1.100096309
7868	1.099982805
7869	1.099909986
7870	1.099849681
7871	1.099765831
7872	1.099694276
7873	1.0996257
7874	1.099529766
7875	1.099478194
7876	1.099359616
7877	1.099309492
7878	1.099205482
7879	1.099087114
7880	1.098967244
7881	1.098894348
7882	1.098816467
7883	1.098746089
7884	1.098682387
7885	1.098622257
7886	1.098520786
7887	1.098412102
7888	1.098361809
7889	1.098267088
7890	1.09814885
7891	1.098031241
7892	1.097944805
7893	1.097818131
7894	1.097706667
7895	1.097630283
7896	1.097528712
7897	1.097440235
7898	1.097326153
7899	1.097219777
7900	1.097059956
7901	1.096939782
7902	1.096843532
7903	1.096775874
7904	1.096661482
7905	1.09655944
7906	1.096481206
7907	1.096403061
7908	1.096298531
7909	1.096169554
7910	1.096095967
7911	1.095997454
7912	1.095951676
7913	1.095787593
7914	1.095720849
7915	1.095609613
7916	1.095486439
7917	1.095403623
7918	1.09534716
7919	1.095254055
7920	1.095132484
7921	1.095066112
7922	1.094989499
7923	1.094861766
7924	1.094767533
7925	1.094669249
7926	1.094571975
7927	1.09448547
7928	1.094404271
7929	1.094347541
7930	1.094286605
7931	1.094205713
7932	1.094080558
7933	1.094028543
7934	1.093964827
7935	1.093821641
7936	1.093683805
7937	1.093569178
7938	1.093408277
7939	1.093279681
7940	1.093170957
7941	1.093089458
7942	1.092977535
7943	1.092877609
7944	1.092717028
7945	1.092652608
7946	1.092569958
7947	1.092509835
7948	1.092423932
7949	1.092378145
7950	1.092290329
7951	1.092195582
7952	1.09208881
7953	1.092003831
7954	1.091960021
7955	1.091893324
7956	1.09183767
7957	1.091799834
7958	1.091708609
7959	1.091614336
7960	1.091497345
7961	1.091431883
7962	1.091309725
7963	1.091235374
7964	1.09111946
7965	1.091046672
7966	1.090945262
7967	1.090840647
7968	1.090735195
7969	1.090680829
7970	1.090581712
7971	1.090482537
7972	1.090442372
7973	1.090297964
7974	1.090232146
7975	1.090158247
7976	1.090011753
7977	1.089944066
7978	1.08981112
7979	1.089714914
7980	1.089666659
7981	1.089557825
7982	1.089457202
7983	1.08939045
7984	1.089273307
7985	1.089128381
7986	1.089048333
7987	1.089011309
7988	1.088933517
7989	1.088854989
7990	1.088749284
7991	1.08862672
7992	1.088496517
7993	1.088384771
7994	1.08825503
7995	1.08820314
7996	1.088140679
7997	1.088027313
7998	1.087922689
7999	1.087796504
8000	1.087701338
8001	1.087648273
8002	1.087611232
8003	1.087521783
8004	1.087426178
8005	1.08736799
8006	1.087301198
8007	1.087249623
8008	1.087194164
8009	1.087092086
8010	1.086924433
8011	1.08686163
8012	1.08677739
8013	1.086729932
8014	1.086629461
8015	1.086512155
8016	1.086450409
8017	1.086362063
8018	1.086317948
8019	1.086240993
8020	1.086200202
8021	1.086117277
8022	1.085991297
8023	1.085929154
8024	1.085826791
8025	1.085700133
8026	1.085592868
8027	1.085491194
8028	1.08544032
8029	1.085353475
8030	1.085205705
8031	1.085144058
8032	1.085043764
8033	1.084986977
8034	1.084903995
8035	1.084845531
8036	1.084750748
8037	1.084624997
8038	1.08455854
8039	1.084511461
8040	1.084420302
8041	1.084343187
8042	1.084229214
8043	1.084163913
8044	1.084083338
8045	1.084014586
8046	1.083952302
8047	1.083852445
8048	1.083782369
8049	1.083742859
8050	1.083661469
8051	1.083575082
8052	1.083404374
8053	1.083277084
8054	1.083179572
8055	1.083084994
8056	1.083010561
8057	1.082936181
8058	1.082885375
8059	1.082773739
8060	1.082689555
8061	1.082579282
8062	1.082451442
8063	1.082369137
8064	1.0822288
8065	1.082151144
8066	1.082061228
8067	1.081979672
8068	1.081940059
8069	1.081786407
8070	1.081686215
8071	1.081618615
8072	1.08155191
8073	1.081476952
8074	1.081395427
8075	1.0813023
8076	1.081216479
8077	1.081110011
8078	1.081031263
8079	1.080974118
8080	1.080880025
8081	1.080771957
8082	1.080633796
8083	1.080577347
8084	1.080481658
8085	1.08033936
8086	1.080196133
8087	1.080091051
8088	1.080030325
8089	1.079971579
8090	1.079842314
8091	1.079759183
8092	1.079672361
8093	1.079565362
8094	1.079500924
8095	1.079427512
8096	1.079329003
8097	1.079241704
8098	1.079150083
8099	1.079052405
8100	1.078956158
8101	1.078810871
8102	1.078738705
8103	1.078662383
8104	1.078585805
8105	1.078481904
8106	1.078338032
8107	1.078203343
8108	1.078115637
8109	1.078013846
8110	1.077885135
8111	1.077774911
8112	1.077685975
8113	1.077580799
8114	1.077523777
8115	1.077415365
8116	1.077299751
8117	1.077250661
8118	1.077205452
8119	1.077105519
8120	1.077032624
8121	1.076951731
8122	1.076833891
8123	1.076744652
8124	1.076653449
8125	1.07651685
8126	1.076450661
8127	1.076376162
8128	1.076260867
8129	1.07615881
8130	1.076038521
8131	1.075924229
8132	1.075859721
8133	1.075821953
8134	1.075764591
8135	1.075661731
8136	1.075550875
8137	1.075464287
8138	1.075351399
8139	1.075288859
8140	1.075234908
8141	1.075151102
8142	1.07511776
8143	1.075043139
8144	1.074951475
8145	1.074914996
8146	1.074854678
8147	1.074785791
8148	1.074692516
8149	1.074634068
8150	1.074538991
8151	1.074471194
8152	1.074372277
8153	1.074291338
8154	1.074252798
8155	1.074116977
8156	1.074047701
8157	1.074006632
8158	1.073923881
8159	1.073836446
8160	1.073804113
8161	1.073733178
8162	1.073667002
8163	1.073561387
8164	1.073405323
8165	1.07331679
8166	1.073264
8167	1.073157797
8168	1.073072333
8169	1.072952209
8170	1.072881445
8171	1.07280891
8172	1.072737031
8173	1.072623083
8174	1.072587705
8175	1.072490882
8176	1.072397712
8177	1.072312889
8178	1.072220938
8179	1.072165052
8180	1.072106482
8181	1.072037114
8182	1.071916797
8183	1.071828603
8184	1.071773087
8185	1.071712555
8186	1.071683423
8187	1.071586439
8188	1.071532496
8189	1.07141602
8190	1.071260474
8191	1.071106167
8192	1.071001279
8193	1.070934431
8194	1.070748151
8195	1.070616232
8196	1.070532533
8197	1.070450548
8198	1.070326711
8199	1.070269733
8200	1.070209953
8201	1.07013621
8202	1.070060352
8203	1.070016963
8204	1.069919118
8205	1.069764334
8206	1.069667111
8207	1.069602366
8208	1.069481824
8209	1.069353008
8210	1.069225878
8211	1.069156973
8212	1.069102531
8213	1.069010083
8214	1.068888664
8215	1.068817474
8216	1.068724786
8217	1.068633136
8218	1.068545363
8219	1.068454971
8220	1.06840159
8221	1.068313844
8222	1.068201287
8223	1.068095164
8224	1.068039874
8225	1.067921113
8226	1.06781903
8227	1.067715907
8228	1.067626816
8229	1.067502578
8230	1.067424736
8231	1.067340015
8232	1.067237385
8233	1.067151827
8234	1.067038829
8235	1.066993711
8236	1.066887089
8237	1.066806261
8238	1.066704063
8239	1.066610847
8240	1.066509893
8241	1.066426185
8242	1.066280738
8243	1.0662206
8244	1.066123567
8245	1.066064814
8246	1.065982606
8247	1.065899784
8248	1.065825189
8249	1.065734187
8250	1.065698711
8251	1.065611919
8252	1.065515181
8253	1.06543758
8254	1.065335079
8255	1.065277708
8256	1.065181792
8257	1.065104051
8258	1.065015884
8259	1.064902034
8260	1.064830828
8261	1.064752481
8262	1.064592564
8263	1.064491776
8264	1.064383831
8265	1.064273898
8266	1.064133582
8267	1.063998358
8268	1.06392717
8269	1.063861717
8270	1.063756226
8271	1.063633167
8272	1.063554421
8273	1.063488846
8274	1.063380805
8275	1.063312124
8276	1.063223368
8277	1.063105362
8278	1.062992442
8279	1.06287218
8280	1.062758378
8281	1.062645232
8282	1.062588127
8283	1.062480938
8284	1.062404392
8285	1.062265607
8286	1.062190379
8287	1.062079166
8288	1.061964682
8289	1.061883218
8290	1.061762652
8291	1.061678801
8292	1.061593371
8293	1.061537037
8294	1.061452962
8295	1.061377988
8296	1.06130816
8297	1.061207596
8298	1.061152696
8299	1.061076902
8300	1.06102299
8301	1.060909359
8302	1.060846227
8303	1.06074918
8304	1.0606694
8305	1.060608284
8306	1.060529361
8307	1.060439983
8308	1.060346721
8309	1.060245727
8310	1.060180585
8311	1.060106324
8312	1.060021854
8313	1.059955122
8314	1.059841868
8315	1.059745102
8316	1.059679544
8317	1.059551221
8318	1.059502996
8319	1.059421216
8320	1.05931721
8321	1.059219908
8322	1.059087285
8323	1.058997195
8324	1.058899322
8325	1.05882139
8326	1.058701974
8327	1.058611639
8328	1.058485661
8329	1.058366234
8330	1.058310436
8331	1.058230597
8332	1.058168738
8333	1.058074857
8334	1.057952139
8335	1.057882983
8336	1.057803848
8337	1.057700797
8338	1.057620951
8339	1.057497395
8340	1.057462048
8341	1.057403104
8342	1.057329694
8343	1.057213867
8344	1.057114881
8345	1.056992362
8346	1.056961857
8347	1.056809759
8348	1.05672396
8349	1.056664232
8350	1.056549346
8351	1.056459399
8352	1.056385812
8353	1.056288974
8354	1.056244554
8355	1.056143969
8356	1.056075183
8357	1.055955367
8358	1.055796265
8359	1.055679657
8360	1.055596136
8361	1.055466708
8362	1.055371637
8363	1.055285055
8364	1.055248189
8365	1.055175232
8366	1.055155412
8367	1.055060169
8368	1.055005839
8369	1.054919473
8370	1.054866098
8371	1.05478074
8372	1.054651991
8373	1.054530219
8374	1.054435212
8375	1.054346886
8376	1.054293739
8377	1.054259548
8378	1.054209094
8379	1.054092511
8380	1.054035267
8381	1.053967087
8382	1.05383981
8383	1.053755877
8384	1.053634322
8385	1.05351122
8386	1.053424408
8387	1.053330901
8388	1.053291139
8389	1.053168712
8390	1.053053555
8391	1.052953034
8392	1.0528361
8393	1.052748839
8394	1.052670702
8395	1.052627192
8396	1.052526569
8397	1.052499651
8398	1.05239758
8399	1.052274091
8400	1.052175177
8401	1.052081952
8402	1.052015745
8403	1.051909238
8404	1.051805848
8405	1.051717659
8406	1.051669968
8407	1.051619963
8408	1.051500119
8409	1.051420876
8410	1.051295269
8411	1.051240697
8412	1.051165418
8413	1.051098922
8414	1.051036692
8415	1.050939193
8416	1.05086779
8417	1.050802764
8418	1.050740711
8419	1.050665373
8420	1.050579181
8421	1.050471814
8422	1.050367929
8423	1.050298212
8424	1.050226136
8425	1.050130101
8426	1.050000053
8427	1.04995168
8428	1.049865205
8429	1.049785167
8430	1.049672598
8431	1.049633617
8432	1.049539385
8433	1.049490446
8434	1.049408085
8435	1.049359091
8436	1.049233647
8437	1.049167975
8438	1.049146748
8439	1.049095471
8440	1.049026391
8441	1.048933458
8442	1.048899773
8443	1.048795406
8444	1.048652778
8445	1.048536281
8446	1.048461601
8447	1.048372657
8448	1.048278469
8449	1.048191353
8450	1.048117867
8451	1.048006893
8452	1.047955781
8453	1.04787349
8454	1.047780832
8455	1.047736016
8456	1.047580585
8457	1.047516172
8458	1.04745051
8459	1.047314241
8460	1.047214766
8461	1.047128955
8462	1.047084024
8463	1.047011923
8464	1.046920859
8465	1.046829475
8466	1.046707579
8467	1.046619341
8468	1.046507531
8469	1.046406692
8470	1.046349615
8471	1.046280085
8472	1.046211789
8473	1.046144893
8474	1.046099899
8475	1.046039541
8476	1.045977566
8477	1.045902444
8478	1.045799204
8479	1.045734419
8480	1.045622373
8481	1.045550595
8482	1.045448246
8483	1.045366872
8484	1.045302628
8485	1.045220453
8486	1.045154074
8487	1.045070937
8488	1.045041262
8489	1.044908223
8490	1.044803295
8491	1.04471422
8492	1.044583784
8493	1.04449038
8494	1.044441388
8495	1.044362656
8496	1.044255643
8497	1.044117915
8498	1.044055603
8499	1.043968735
8500	1.043917959
8501	1.043796205
8502	1.043742735
8503	1.043626296
8504	1.043535562
8505	1.043458906
8506	1.043362706
8507	1.043303436
8508	1.043206065
8509	1.043063531
8510	1.042999794
8511	1.042928385
8512	1.042840664
8513	1.042812924
8514	1.042720015
8515	1.042627722
8516	1.042558325
8517	1.042529116
8518	1.042454511
8519	1.042392411
8520	1.0423359
8521	1.04222612
8522	1.042139748
8523	1.042032229
8524	1.041943324
8525	1.041853617
8526	1.041763941
8527	1.041676306
8528	1.04155936
8529	1.041455141
8530	1.041354338
8531	1.041275656
8532	1.041226517
8533	1.041127829
8534	1.041065304
8535	1.041012676
8536	1.040963366
8537	1.040889968
8538	1.040799342
8539	1.040732038
8540	1.040643631
8541	1.040588389
8542	1.040506887
8543	1.040458311
8544	1.040415479
8545	1.040326297
8546	1.040259681
8547	1.040173921
8548	1.040112969
8549	1.040064367
8550	1.039963654
8551	1.039889557
8552	1.039839615
8553	1.039777105
8554	1.039666373
8555	1.039585127
8556	1.039518442
8557	1.039421777
8558	1.039325397
8559	1.039243319
8560	1.039143125
8561	1.039095085
8562	1.039020897
8563	1.038979501
8564	1.038892725
8565	1.038812796
8566	1.038666016
8567	1.038604004
8568	1.038508799
8569	1.038451782
8570	1.03836027
8571	1.038300907
8572	1.03815706
8573	1.038103597
8574	1.037981833
8575	1.037918774
8576	1.037807994
8577	1.037693312
8578	1.037634308
8579	1.03756049
8580	1.037465611
8581	1.037381863
8582	1.037294064
8583	1.037164622
8584	1.037046417
8585	1.036948126
8586	1.036920828
8587	1.036837147
8588	1.03673878
8589	1.03669184
8590	1.036572977
8591	1.036487888
8592	1.036383034
8593	1.036280613
8594	1.036177078
8595	1.036099857
8596	1.035957392
8597	1.035859959
8598	1.035738339
8599	1.035695658
8600	1.035619372
8601	1.035492341
8602	1.035386814
8603	1.035342964
8604	1.035244305
8605	1.035194022
8606	1.035135611
8607	1.035049216
8608	1.034981346
8609	1.034879098
8610	1.034797711
8611	1.034717258
8612	1.034647366
8613	1.034576505
8614	1.03448363
8615	1.034393241
8616	1.034340047
8617	1.034297842
8618	1.03418961
8619	1.03410078
8620	1.034023997
8621	1.033925235
8622	1.033857324
8623	1.033724502
8624	1.033669861
8625	1.033611329
8626	1.033536221
8627	1.033483953
8628	1.033417487
8629	1.033311114
8630	1.03321059
8631	1.033091068
8632	1.032958918
8633	1.032812161
8634	1.03272697
8635	1.032580762
8636	1.032527855
8637	1.032416711
8638	1.032359126
8639	1.032293925
8640	1.03219941
8641	1.032099395
8642	1.032041516
8643	1.031963363
8644	1.031882004
8645	1.031792711
8646	1.031723004
8647	1.031646238
8648	1.031569612
8649	1.031509977
8650	1.03146093
8651	1.031367875
8652	1.031282698
8653	1.03116313
8654	1.031108087
8655	1.030998294
8656	1.03094694
8657	1.030822603
8658	1.030766453
8659	1.030736118
8660	1.03064836
8661	1.030588184
8662	1.030476388
8663	1.030424038
8664	1.030310094
8665	1.030221456
8666	1.030107867
8667	1.029959198
8668	1.029880374
8669	1.029768188
8670	1.029682671
8671	1.029595539
8672	1.029505211
8673	1.029437043
8674	1.029361002
8675	1.029253867
8676	1.029154664
8677	1.029108459
8678	1.029059508
8679	1.028996338
8680	1.02890801
8681	1.02882195
8682	1.028759361
8683	1.028675998
8684	1.028596021
8685	1.0285382
8686	1.028436271
8687	1.028344122
8688	1.028229055
8689	1.028113084
8690	1.028066537
8691	1.027930814
8692	1.027856265
8693	1.027794374
8694	1.027762559
8695	1.027647683
8696	1.027596645
8697	1.02754294
8698	1.027458187
8699	1.027388029
8700	1.027281842
8701	1.027193105
8702	1.027134318
8703	1.026998413
8704	1.026909926
8705	1.026803075
8706	1.026736399
8707	1.026632475
8708	1.026552666
8709	1.026483871
8710	1.026417363
8711	1.026284648
8712	1.026233764
8713	1.026183346
8714	1.026115389
8715	1.026038223
8716	1.025930738
8717	1.025834578
8718	1.025710894
8719	1.025633959
8720	1.025543025
8721	1.025453116
8722	1.02537852
8723	1.025284205
8724	1.025208564
8725	1.025115709
8726	1.025001068
8727	1.024932361
8728	1.024818371
8729	1.024716423
8730	1.024669003
8731	1.024635155
8732	1.024577255
8733	1.024467265
8734	1.024411594
8735	1.024306386
8736	1.02425735
8737	1.024166849
8738	1.024087614
8739	1.023967372
8740	1.023916641
8741	1.023826971
8742	1.023739015
8743	1.02368567
8744	1.023602415
8745	1.023501534
8746	1.023432715
8747	1.023388387
8748	1.023266512
8749	1.023189424
8750	1.023155261
8751	1.023080056
8752	1.023014495
8753	1.022935142
8754	1.022833711
8755	1.022761053
8756	1.022686206
8757	1.022551307
8758	1.022409405
8759	1.022303918
8760	1.02224396
8761	1.022149921
8762	1.022090261
8763	1.021992902
8764	1.021884604
8765	1.021774175
8766	1.021668989
8767	1.02163233
8768	1.02154409
8769	1.021449754
8770	1.02135401
8771	1.021247746
8772	1.021165214
8773	1.021104279
8774	1.021020513
8775	1.020928542
8776	1.020833668
8777	1.020776409
8778	1.020714005
8779	1.020645375
8780	1.020547835
8781	1.020496213
8782	1.020406658
8783	1.020326901
8784	1.020243137
8785	1.020152761
8786	1.020085357
8787	1.020015937
8788	1.019972325
8789	1.019864689
8790	1.019785194
8791	1.019693275
8792	1.019599851
8793	1.019503239
8794	1.019457978
8795	1.019370534
8796	1.019277371
8797	1.01924351
8798	1.019200151
8799	1.019107916
8800	1.019019815
8801	1.018917601
8802	1.018804625
8803	1.0186755
8804	1.018576964
8805	1.018497815
8806	1.018390964
8807	1.018345215
8808	1.018285339
8809	1.018215738
8810	1.018187154
8811	1.018125215
8812	1.018010251
8813	1.017952457
8814	1.017861739
8815	1.017753617
8816	1.017673052
8817	1.017570746
8818	1.017453088
8819	1.017390202
8820	1.017256174
8821	1.017204688
8822	1.017155688
8823	1.017078194
8824	1.016962523
8825	1.016888023
8826	1.016815534
8827	1.016743799
8828	1.016628004
8829	1.016539085
8830	1.016487512
8831	1.016421611
8832	1.01631159
8833	1.016216116
8834	1.016111903
8835	1.015950151
8836	1.015872377
8837	1.015815132
8838	1.015759696
8839	1.015697946
8840	1.015643185
8841	1.015553449
8842	1.015404545
8843	1.015305729
8844	1.015232711
8845	1.01515464
8846	1.01509238
8847	1.014980432
8848	1.014920304
8849	1.014805808
8850	1.01475033
8851	1.014673993
8852	1.01459612
8853	1.014502385
8854	1.014406691
8855	1.014371644
8856	1.014315089
8857	1.014261731
8858	1.014208665
8859	1.014165685
8860	1.01411187
8861	1.014002423
8862	1.013936078
8863	1.01381967
8864	1.013767106
8865	1.013694869
8866	1.013643962
8867	1.013581215
8868	1.013458331
8869	1.013380999
8870	1.013272953
8871	1.013200897
8872	1.013133514
8873	1.013027485
8874	1.012968129
8875	1.012912281
8876	1.012785641
8877	1.012693014
8878	1.012567163
8879	1.01250132
8880	1.012478026
8881	1.01240899
8882	1.012319337
8883	1.012223467
8884	1.012166529
8885	1.01209864
8886	1.012031268
8887	1.011972054
8888	1.011895841
8889	1.011795831
8890	1.011704186
8891	1.011634737
8892	1.011557501
8893	1.011486114
8894	1.011367743
8895	1.011315604
8896	1.011193132
8897	1.011130056
8898	1.011050948
8899	1.01098126
8900	1.010904225
8901	1.010812647
8902	1.010733034
8903	1.010641511
8904	1.010560507
8905	1.010497791
8906	1.010398986
8907	1.010353486
8908	1.010283118
8909	1.010205397
8910	1.010131577
8911	1.010041751
8912	1.0099608
8913	1.009911073
8914	1.009828789
8915	1.009729335
8916	1.009654653
8917	1.009508451
8918	1.009433939
8919	1.009374286
8920	1.009306512
8921	1.009228486
8922	1.009161045
8923	1.009077349
8924	1.008995301
8925	1.008885906
8926	1.008817213
8927	1.008728808
8928	1.008658553
8929	1.008566612
8930	1.008435288
8931	1.008356048
8932	1.008270876
8933	1.008194347
8934	1.008113711
8935	1.008031806
8936	1.007955724
8937	1.007881869
8938	1.007831006
8939	1.007725661
8940	1.007645399
8941	1.007550517
8942	1.007486996
8943	1.007411333
8944	1.007363478
8945	1.0072857
8946	1.007236537
8947	1.007171857
8948	1.007105718
8949	1.007024172
8950	1.00696313
8951	1.006849233
8952	1.006779606
8953	1.006705266
8954	1.006642438
8955	1.006553265
8956	1.006496443
8957	1.006452959
8958	1.006315946
8959	1.006192769
8960	1.006117026
8961	1.006040567
8962	1.005903083
8963	1.00582955
8964	1.00573053
8965	1.005646222
8966	1.005551828
8967	1.005467842
8968	1.005383572
8969	1.005298203
8970	1.005268271
8971	1.00517757
8972	1.00511752
8973	1.00504037
8974	1.004929712
8975	1.004862625
8976	1.004753906
8977	1.004712456
8978	1.004614566
8979	1.004562497
8980	1.004413651
8981	1.00430088
8982	1.004243358
8983	1.004110681
8984	1.003992009
8985	1.003911425
8986	1.003856034
8987	1.00377861
8988	1.003695015
8989	1.003636843
8990	1.003531248
8991	1.00348769
8992	1.003409676
8993	1.003365233
8994	1.003272368
8995	1.00320059
8996	1.003097961
8997	1.003011616
8998	1.002898165
8999	1.002873983
9000	1.002755935
9001	1.002659196
9002	1.002572347
9003	1.002487069
9004	1.002411498
9005	1.002298746
9006	1.002188777
9007	1.002103248
9008	1.002033615
9009	1.001936861
9010	1.001825198
9011	1.001740802
9012	1.001676329
9013	1.001572039
9014	1.001467492
9015	1.00139178
9016	1.001307238
9017	1.001248508
9018	1.001208784
9019	1.001093053
9020	1.001025621
9021	1.000903496
9022	1.000803021
9023	1.000711255
9024	1.000678346
9025	1.000632318
9026	1.000505533
9027	1.000434772
9028	1.000389742
9029	1.00030983
9030	1.000211126
9031	1.000122702
9032	1.000085261
9033	0.999994002
9034	0.9999464107
9035	0.9998393412
9036	0.9997497022
9037	0.9996746301
9038	0.9995997946
9039	0.9995075858
9040	0.9994014581
9041	0.9993713795
9042	0.9992849517
9043	0.9991690828
9044	0.9990859415
9045	0.9989906845
9046	0.9989060566
9047	0.9988637063
9048	0.9987940102
9049	0.9987282713
9050	0.9986364589
9051	0.9985714434
9052	0.9985080085
9053	0.9984164556
9054	0.9983682763
9055	0.9982735012
9056	0.9981646569
9057	0.9981022899
9058	0.99801739
9059	0.9979387086
9060	0.9978833943
9061	0.9978043764
9062	0.9977670617
9063	0.9976864183
9064	0.9975958906
9065	0.997497173
9066	0.997438654
9067	0.9973416676
9068	0.9972477005
9069	0.9972020603
9070	0.997145091
9071	0.9970804391
9072	0.9970234272
9073	0.9969449627
9074	0.9968478238
9075	0.9967324444
9076	0.9966581942
9077	0.9966222409
9078	0.9965545969
9079	0.9964375504
9080	0.9963737104
9081	0.9962921759
9082	0.9962219302
9083	0.9961367538
9084	0.9960401524
9085	0.9959778413
9086	0.9959223393
9087	0.9958483105
9088	0.9957842537
9089	0.9957196687
9090	0.9956375126
9091	0.9955823429
9092	0.995500097
9093	0.9953910121
9094	0.9953053243
9095	0.995237476
9096	0.9951590684
9097	0.9950671389
9098	0.9949833181
9099	0.9948803979
9100	0.9948308699
9101	0.9947758091
9102	0.9946658023
9103	0.9946426268
9104	0.9945696778
9105	0.9945006146
9106	0.9944485559
9107	0.9943688535
9108	0.9942745347
9109	0.9941896659
9110	0.9941195886
9111	0.9940476185
9112	0.9939541308
9113	0.9938447699
9114	0.9937367069
9115	0.9936348198
9116	0.9935442305
9117	0.9934761362
9118	0.9933966529
9119	0.9933419342
9120	0.9932810985
9121	0.9932082854
9122	0.9931174934
9123	0.9930372963
9124	0.9929660779
9125	0.9929186646
9126	0.9928788952
9127	0.9927817508
9128	0.9926446335
9129	0.9925546349
9130	0.9924672113
9131	0.9923893134
9132	0.9923652253
9133	0.9923050994
9134	0.9922569284
9135	0.9921921751
9136	0.9921069696
9137	0.9920610707
9138	0.9919479394
9139	0.9918896984
9140	0.9918123031
9141	0.9917520504
9142	0.9916326923
9143	0.9915647761
9144	0.9914720465
9145	0.99141733
9146	0.9913254296
9147	0.9912106754
9148	0.9911344483
9149	0.991101117
9150	0.9910333513
9151	0.9909742168
9152	0.9909025064
9153	0.9908331114
9154	0.9907653854
9155	0.9906981975
9156	0.990643383
9157	0.9905827928
9158	0.9904925535
9159	0.9904337324
9160	0.9902990421
9161	0.9902155026
9162	0.990132037
9163	0.9900442024
9164	0.9899550766
9165	0.9898903509
9166	0.9898030965
9167	0.9897214397
9168	0.9896756969
9169	0.9895937819
9170	0.9894860436
9171	0.9894066112
9172	0.9893145085
9173	0.9892816534
9174	0.9891735397
9175	0.9891490334
9176	0.9890987386
9177	0.9889952979
9178	0.9889371706
9179	0.9888543368
9180	0.9887866602
9181	0.9886626252
9182	0.9885710352
9183	0.9885030009
9184	0.9884343396
9185	0.9884022762
9186	0.988337556
9187	0.9882555997
9188	0.9881904866
9189	0.9880714195
9190	0.987964649
9191	0.9879106449
9192	0.9878008167
9193	0.9877108758
9194	0.9875936033
9195	0.98754594
9196	0.9874584527
9197	0.9873378563
9198	0.9872685783
9199	0.9871590251
9200	0.9870952084
9201	0.9870148192
9202	0.9869551958
9203	0.9868915138
9204	0.9868031264
9205	0.9867302759
9206	0.9866534009
9207	0.9865800532
9208	0.9864812336
9209	0.986408815
9210	0.9863170686
9211	0.98624676
9212	0.9861589828
9213	0.9860422772
9214	0.9859887921
9215	0.9859059495
9216	0.9858250916
9217	0.9857715436
9218	0.9857074608
9219	0.9856498343
9220	0.9856005159
9221	0.985519687
9222	0.9854602039
9223	0.9853487772
9224	0.9853053078
9225	0.9852666927
9226	0.9851695431
9227	0.9851097017
9228	0.9850293481
9229	0.9849301534
9230	0.9848406501
9231	0.9847478478
9232	0.9846873593
9233	0.9845712368
9234	0.9844524736
9235	0.984403777
9236	0.984347791
9237	0.984272631
9238	0.9841702089
9239	0.9841082047
9240	0.9840447276
9241	0.9839937777
9242	0.9839101792
9243	0.9837944983
9244	0.9837203563
9245	0.9836825511
9246	0.9836534374
9247	0.9835838488
9248	0.9835525648
9249	0.9834574273
9250	0.9833992944
9251	0.9833411771
9252	0.9832361778
9253	0.9831575151
9254	0.9831109502
9255	0.9830408549
9256	0.9829696801
9257	0.9828598632
9258	0.9827702899
9259	0.9826743252
9260	0.9825999363
9261	0.982498895
9262	0.9823844853
9263	0.9822929019
9264	0.9822652664
9265	0.9821761518
9266	0.9820969783
9267	0.9820283208
9268	0.9819409319
9269	0.9818431296
9270	0.981778886
9271	0.9817242993
9272	0.9816680807
9273	0.9816191667
9274	0.9815525399
9275	0.9815118016
9276	0.9814709829
9277	0.9813709823
9278	0.9812918395
9279	0.9811965018
9280	0.9811027236
9281	0.9810595929
9282	0.9809906487
9283	0.9808604608
9284	0.9808153033
9285	0.9807695478
9286	0.9806819317
9287	0.9806473468
9288	0.9805705513
9289	0.9805198632
9290	0.9804411911
9291	0.9803784043
9292	0.9803023063
9293	0.9802126383
9294	0.9801431277
9295	0.9800922659
9296	0.9800319107
9297	0.9799337799
9298	0.9798433473
9299	0.979810828
9300	0.979753257
9301	0.9796477552
9302	0.9795594598
9303	0.9795076918
9304	0.9794227795
9305	0.9792985424
9306	0.9792266344
9307	0.9791421913
9308	0.9790716877
9309	0.9789796837
9310	0.9789321665
9311	0.9788496919
9312	0.9787717395
9313	0.9786613038
9314	0.978529221
9315	0.978439946
9316	0.9783821296
9317	0.9782826469
9318	0.9782255845
9319	0.978144664
9320	0.9780819294
9321	0.9780029924
9322	0.9779066506
9323	0.9778222687
9324	0.9777186456
9325	0.9776720127
9326	0.9775776536
9327	0.977520128
9328	0.9774801772
9329	0.9774295724
9330	0.9773647036
9331	0.9772900264
9332	0.9772000295
9333	0.977136147
9334	0.9770813243
9335	0.9770353491
9336	0.9769473852
9337	0.9768520293
9338	0.9768008202
9339	0.9766942422
9340	0.9766149747
9341	0.9765497006
9342	0.9764912486
9343	0.9763869664
9344	0.9763215706
9345	0.976204886
9346	0.9761338422
9347	0.9760772439
9348	0.9760088192
9349	0.9759721839
9350	0.9759037965
9351	0.9757921648
9352	0.9757026
9353	0.9756164882
9354	0.9755322644
9355	0.975444163
9356	0.9753611069
9357	0.9752638357
9358	0.9751990617
9359	0.9751121516
9360	0.9750625459
9361	0.9749985632
9362	0.9749516762
9363	0.9749106254
9364	0.9748786518
9365	0.9748037835
9366	0.9747491449
9367	0.9746664
9368	0.9745790409
9369	0.9744654262
9370	0.9743380188
9371	0.9742843681
9372	0.9741700369
9373	0.9741035224
9374	0.9740336711
9375	0.9739656736
9376	0.9738691418
9377	0.9738079433
9378	0.9737411376
9379	0.9736539419
9380	0.9736153775
9381	0.9735655348
9382	0.9734930978
9383	0.9734302775
9384	0.97337137
9385	0.9733312966
9386	0.9732379066
9387	0.9731751031
9388	0.9731164596
9389	0.9730733454
9390	0.9729956132
9391	0.9728756072
9392	0.972808902
9393	0.9727504697
9394	0.9726976608
9395	0.9726301697
9396	0.9725926591
9397	0.972472739
9398	0.9724357509
9399	0.9723273079
9400	0.9722351104
9401	0.9721802233
9402	0.9720974394
9403	0.9719985395
9404	0.9719403168
9405	0.9718993593
9406	0.9718087535
9407	0.971732255
9408	0.9716382344
9409	0.9715762703
9410	0.9714684934
9411	0.9713498782
9412	0.9712886169
9413	0.9712297125
9414	0.9711609596
9415	0.9710415316
9416	0.9710148246
9417	0.9709346956
9418	0.9708970274
9419	0.9708368373
9420	0.9707594386
9421	0.970716709
9422	0.970634008
9423	0.9705813513
9424	0.9704609204
9425	0.970367748
9426	0.970315856
9427	0.9702161961
9428	0.9701393862
9429	0.9700067899
9430	0.9699743247
9431	0.9699085053
9432	0.9698226311
9433	0.9697491968
9434	0.9697196086
9435	0.9696407617
9436	0.9695712111
9437	0.9694944928
9438	0.9693824732
9439	0.9693051201
9440	0.9692477664
9441	0.9691391642
9442	0.9691159831
9443	0.9690359412
9444	0.9689553635
9445	0.9688928603
9446	0.9688480845
9447	0.9687677863
9448	0.9686839612
9449	0.968610821
9450	0.9685471032
9451	0.9684843064
9452	0.9683950986
9453	0.9683524744
9454	0.9682656947
9455	0.9681678015
9456	0.9681377733
9457	0.9681070751
9458	0.9680648997
9459	0.9679672581
9460	0.9678593023
9461	0.9677803889
9462	0.9676920485
9463	0.9676298016
9464	0.9674997012
9465	0.9674262872
9466	0.9673270581
9467	0.9672202863
9468	0.9671709533
9469	0.9670814186
9470	0.9669786855
9471	0.9668752667
9472	0.9667872701
9473	0.9666970923
9474	0.9666018983
9475	0.9665494188
9476	0.9664375665
9477	0.9664075451
9478	0.9663387369
9479	0.96628995
9480	0.9662100774
9481	0.9661584097
9482	0.9660836864
9483	0.9660337429
9484	0.9659727199
9485	0.9659221334
9486	0.9658729611
9487	0.965836585
9488	0.9657625381
9489	0.9656466735
9490	0.9655861158
9491	0.9654973091
9492	0.9654270978
9493	0.9653267817
9494	0.9652524523
9495	0.9652010197
9496	0.9651238728
9497	0.965019268
9498	0.9649003891
9499	0.9648153588
9500	0.9647486131
9501	0.9646799595
9502	0.9645886329
9503	0.9645297182
9504	0.9644493284
9505	0.9643992976
9506	0.9643537596
9507	0.9642366251
9508	0.964166193
9509	0.9641117048
9510	0.9640588506
9511	0.9639990081
9512	0.9639380585
9513	0.9638867722
9514	0.9638437654
9515	0.9637467246
9516	0.9637127552
9517	0.9636990296
9518	0.9636154672
9519	0.9635570382
9520	0.963503042
9521	0.9634543006
9522	0.9633903474
9523	0.9633289948
9524	0.9632291943
9525	0.9631799896
9526	0.9631040505
9527	0.9630226599
9528	0.9629334761
9529	0.9628876552
9530	0.9628036804
9531	0.9627622427
9532	0.9627070337
9533	0.96261724
9534	0.9625113823
9535	0.9624597746
9536	0.9624003269
9537	0.9623341924
9538	0.9622602783
9539	0.9622267695
9540	0.9621594022
9541	0.9620965997
9542	0.9620271963
9543	0.9619651399
9544	0.9618960544
9545	0.9618332794
9546	0.9617759484
9547	0.9617132327
9548	0.9616053163
9549	0.9615328171
9550	0.9614305285
9551	0.9613524819
9552	0.9612867782
9553	0.9612183233
9554	0.9611519479
9555	0.9610421317
9556	0.9609781561
9557	0.9608961822
9558	0.9608296007
9559	0.9607614125
9560	0.9606910362
9561	0.9605896947
9562	0.9605130191
9563	0.9604782825
9564	0.960436239
9565	0.9603573853
9566	0.960311889
9567	0.9602321307
9568	0.9601592133
9569	0.9600814713
9570	0.9600425426
9571	0.9599701039
9572	0.9599013442
9573	0.9597969108
9574	0.9597178347
9575	0.9596533052
9576	0.9596149122
9577	0.9595365541
9578	0.9594458221
9579	0.9593777249
9580	0.9593348511
9581	0.9592659891
9582	0.959188085
9583	0.9591032272
9584	0.9590504992
9585	0.9589334762
9586	0.9588517674
9587	0.9588151574
9588	0.9587113494
9589	0.9586180047
9590	0.9585337348
9591	0.9584553229
9592	0.9583915223
9593	0.958340452
9594	0.9582681103
9595	0.9582494135
9596	0.958172508
9597	0.9581321222
9598	0.9580404514
9599	0.9579497354
9600	0.9579070473
9601	0.9577909608
9602	0.9577250613
9603	0.9576643846
9604	0.9576284242
9605	0.9575523639
9606	0.9574518276
9607	0.9573726037
9608	0.9573215747
9609	0.9572525533
9610	0.957156172
9611	0.9570650209
9612	0.9570226464
9613	0.9569926048
9614	0.956914666
9615	0.9568577028
9616	0.9567662541
9617	0.9566782666
9618	0.956601075
9619	0.9565441047
9620	0.9564485885
9621	0.9563978464
9622	0.9563479492
9623	0.9562663586
9624	0.9561919418
9625	0.9560935021
9626	0.9560124716
9627	0.9558962094
9628	0.9558469682
9629	0.9557445729
9630	0.9556605748
9631	0.9555461034
9632	0.9554506325
9633	0.9553714377
9634	0.9553085051
9635	0.9551866495
9636	0.9551135128
9637	0.9550666041
9638	0.9550190309
9639	0.9549592929
9640	0.954906147
9641	0.9548451355
9642	0.9547611099
9643	0.9547105899
9644	0.9546465073
9645	0.9546073509
9646	0.9545021177
9647	0.9544229285
9648	0.9543402681
9649	0.9542452492
9650	0.9542024989
9651	0.9541476826
9652	0.954022236
9653	0.9539261217
9654	0.9538810397
9655	0.9538462677
9656	0.9537781452
9657	0.9537154137
9658	0.9536237204
9659	0.953568579
9660	0.9534391878
9661	0.9533593674
9662	0.9532514913
9663	0.9531575303
9664	0.9530712962
9665	0.9530223887
9666	0.9529436752
9667	0.9528928174
9668	0.9528426307
9669	0.9528137634
9670	0.952752236
9671	0.9526131014
9672	0.9525565973
9673	0.9524404814
9674	0.9523786199
9675	0.9522979223
9676	0.9522043503
9677	0.9521491564
9678	0.9520685101
9679	0.9519900679
9680	0.9519500499
9681	0.9519007248
9682	0.9518843383
9683	0.9518316617
9684	0.951741145
9685	0.9516483705
9686	0.9515578365
9687	0.9514595272
9688	0.9514132894
9689	0.9513506239
9690	0.9512946239
9691	0.9512481529
9692	0.9511859622
9693	0.9511158879
9694	0.9510552338
9695	0.9509877498
9696	0.9509235357
9697	0.9508334564
9698	0.950758803
9699	0.9506662516
9700	0.9505874718
9701	0.9504793993
9702	0.9504177444
9703	0.950375413
9704	0.950362372
9705	0.9502383886
9706	0.9501247435
9707	0.9500494361
9708	0.9499926072
9709	0.9499223313
9710	0.9498677263
9711	0.9498259808
9712	0.9497487736
9713	0.949693353
9714	0.9496181966
9715	0.9495616937
9716	0.9494951049
9717	0.9494523434
9718	0.9493595894
9719	0.9492603603
9720	0.9492032521
9721	0.9491446598
9722	0.94906564
9723	0.9489651857
9724	0.9489127005
9725	0.9488691112
9726	0.948784404
9727	0.948689474
9728	0.9486440096
9729	0.9485901753
9730	0.9485278612
9731	0.9484827212
9732	0.9483920738
9733	0.9482742524
9734	0.9481928836
9735	0.9481196899
9736	0.9480541301
9737	0.9480035403
9738	0.947918973
9739	0.947837571
9740	0.9478002147
9741	0.9477549862
9742	0.9476814306
9743	0.9476074111
9744	0.9475316537
9745	0.9474668126
9746	0.9473973338
9747	0.9473468153
9748	0.9472753763
9749	0.9471790051
9750	0.9471048588
9751	0.9470233785
9752	0.9469422925
9753	0.9468829448
9754	0.9468071818
9755	0.946719952
9756	0.9466177044
9757	0.9465843603
9758	0.9465086899
9759	0.9464425827
9760	0.946371987
9761	0.9463222464
9762	0.9462529552
9763	0.9461770216
9764	0.9461197009
9765	0.9460361583
9766	0.9459416736
9767	0.9458767693
9768	0.9458147493
9769	0.9457550362
9770	0.9456942265
9771	0.9456306179
9772	0.9455643653
9773	0.9455035055
9774	0.9454048564
9775	0.9453339732
9776	0.9452702328
9777	0.9452196956
9778	0.9451317715
9779	0.9450462923
9780	0.9449741525
9781	0.9449240594
9782	0.9448715915
9783	0.9448208133
9784	0.9447473048
9785	0.944653153
9786	0.9445909841
9787	0.9444763334
9788	0.9444006748
9789	0.9443005205
9790	0.9441557446
9791	0.944083533
9792	0.9440149783
9793	0.9439600102
9794	0.9438760629
9795	0.9437867584
9796	0.943716558
9797	0.9436361291
9798	0.9435746385
9799	0.943480518
9800	0.9433858142
9801	0.9433017112
9802	0.9432559012
9803	0.9431917202
9804	0.9430932586
9805	0.943018628
9806	0.9429522889
9807	0.9428670142
9808	0.9428273882
9809	0.9427446852
9810	0.9426407982
9811	0.9425776375
9812	0.9424853874
9813	0.9423899982
9814	0.9422760141
9815	0.9422158388
9816	0.9421624532
9817	0.9420752702
9818	0.9420428599
9819	0.9419522566
9820	0.9419252316
9821	0.9418467477
9822	0.9417567653
9823	0.94170838
9824	0.9415944888
9825	0.9414513787
9826	0.9413868583
9827	0.9413115586
9828	0.9412812523
9829	0.9411802683
9830	0.9411069329
9831	0.9410698788
9832	0.9409538549
9833	0.940898049
9834	0.9408252209
9835	0.9408038966
9836	0.9407500896
9837	0.9406956329
9838	0.9406199039
9839	0.9405368891
9840	0.9404560043
9841	0.9403824435
9842	0.9403190788
9843	0.9402539362
9844	0.9402086085
9845	0.9401646774
9846	0.9401179417
9847	0.9400270476
9848	0.9399628566
9849	0.9398804672
9850	0.939755059
9851	0.9397080366
9852	0.939571738
9853	0.939504874
9854	0.9394073639
9855	0.9393349944
9856	0.9392704201
9857	0.9391983308
9858	0.9391046459
9859	0.9390461678
9860	0.9389679383
9861	0.9389245524
9862	0.9388818311
9863	0.938794702
9864	0.93874405
9865	0.938670451
9866	0.9385821934
9867	0.9385113374
9868	0.9384894978
9869	0.9383943722
9870	0.9383519796
9871	0.9383097559
9872	0.9382416105
9873	0.9381742577
9874	0.9380751096
9875	0.938004451
9876	0.9379455688
9877	0.9378829055
9878	0.9378449464
9879	0.9377604231
9880	0.9377048981
9881	0.9376712253
9882	0.9376020342
9883	0.9375225749
9884	0.9374570938
9885	0.9373634267
9886	0.9372579839
9887	0.9371709073
9888	0.9371026402
9889	0.9370614614
9890	0.9369865188
9891	0.9368796542
9892	0.9367979924
9893	0.9367432769
9894	0.9366738882
9895	0.9365969179
9896	0.9365375972
9897	0.9364515948
9898	0.9363520706
9899	0.9362986965
9900	0.9362235771
9901	0.9361393547
9902	0.9360471295
9903	0.9359798712
9904	0.935923966
9905	0.9358585058
9906	0.9357803082
9907	0.9357311495
9908	0.9356686204
9909	0.9355755387
9910	0.9354999253
9911	0.935422939
9912	0.9353806197
9913	0.9353172085
9914	0.9352160153
9915	0.9351156019
9916	0.9350490701
9917	0.935006001
9918	0.9349320785
9919	0.9348297498
9920	0.9347385211
9921	0.9346629313
9922	0.934600699
9923	0.9345400472
9924	0.9345061944
9925	0.9344009108
9926	0.934319351
9927	0.9342730815
9928	0.93417662
9929	0.9340746938
9930	0.9340157287
9931	0.9339748887
9932	0.9338855933
9933	0.933770249
9934	0.9337141482
9935	0.9336507611
9936	0.9335864932
9937	0.9334826532
9938	0.9334203592
9939	0.9333993661
9940	0.9333521604
9941	0.9332321449
9942	0.9331779848
9943	0.9331256277
9944	0.9330654202
9945	0.9329992036
9946	0.9329525364
9947	0.9329153821
9948	0.9328624416
9949	0.9328024595
9950	0.9327373566
9951	0.9326571973
9952	0.9326138243
9953	0.9325466776
9954	0.9324526642
9955	0.9323925325
9956	0.9323161869
9957	0.9322425475
9958	0.932135306
9959	0.9320515804
9960	0.9320068026
9961	0.9319395112
9962	0.931867679
9963	0.9317921632
9964	0.9317527428
9965	0.9317135358
9966	0.9316687343
9967	0.9316380935
9968	0.9315723008
9969	0.9315016848
9970	0.9314341466
9971	0.9313492752
9972	0.9312628369
9973	0.9311947273
9974	0.9311513138
9975	0.9310996919
9976	0.9310484779
9977	0.9309544658
9978	0.9308669655
9979	0.9308083245
9980	0.9307655418
9981	0.9306963728
9982	0.9306045857
9983	0.9305568037
9984	0.9305069902
9985	0.9304515731
9986	0.9303732321
9987	0.9303397564
9988	0.9302437232
9989	0.9301993591
9990	0.9301337828
9991	0.9300745955
9992	0.930031414
9993	0.9299450514
9994	0.9298792493
9995	0.9298059335
9996	0.9297638167
9997	0.929721414
9998	0.9296286089
9999	0.9295918393
