iter	Passed	Remaining
0	4	40479
1	7	38372
2	11	38200
3	16	40492
4	19	39193
5	22	37943
6	25	36523
7	28	36178
8	31	35217
9	34	34725
10	37	34168
11	40	33695
12	43	33543
13	46	33146
14	49	32828
15	52	32686
16	55	32563
17	58	32500
18	61	32499
19	64	32304
20	67	32194
21	71	32208
22	74	32231
23	77	32296
24	80	32154
25	83	32087
26	86	31919
27	89	31831
28	92	31938
29	96	31955
30	99	31867
31	101	31729
32	104	31608
33	107	31527
34	110	31468
35	113	31308
36	115	31201
37	118	31194
38	122	31241
39	125	31212
40	128	31299
41	132	31477
42	136	31641
43	140	31703
44	143	31728
45	146	31697
46	149	31755
47	153	31751
48	156	31751
49	159	31719
50	162	31726
51	166	31862
52	170	32086
53	174	32131
54	177	32184
55	181	32301
56	185	32377
57	188	32381
58	192	32471
59	196	32500
60	200	32622
61	204	32716
62	207	32804
63	211	32880
64	215	32975
65	219	32981
66	222	32993
67	226	33081
68	230	33217
69	234	33287
70	238	33386
71	242	33478
72	246	33556
73	250	33630
74	254	33697
75	258	33725
76	261	33711
77	265	33739
78	268	33779
79	272	33828
80	276	33825
81	279	33859
82	283	33862
83	287	33926
84	290	33900
85	294	33934
86	297	33919
87	300	33878
88	303	33832
89	307	33897
90	311	33886
91	314	33885
92	317	33838
93	321	33910
94	325	33974
95	330	34050
96	334	34127
97	337	34143
98	341	34161
99	344	34144
100	348	34184
101	351	34145
102	356	34208
103	359	34183
104	362	34145
105	365	34126
106	369	34151
107	372	34120
108	376	34121
109	379	34121
110	383	34145
111	386	34145
112	390	34178
113	394	34210
114	398	34238
115	402	34258
116	405	34266
117	409	34271
118	412	34256
119	416	34270
120	419	34269
121	423	34286
122	426	34260
123	430	34270
124	433	34245
125	437	34246
126	440	34217
127	444	34269
128	447	34273
129	451	34289
130	455	34329
131	459	34346
132	463	34411
133	467	34430
134	472	34498
135	475	34501
136	479	34493
137	482	34512
138	486	34524
139	490	34529
140	493	34501
141	496	34483
142	500	34472
143	503	34494
144	507	34468
145	510	34463
146	513	34446
147	517	34453
148	520	34438
149	524	34437
150	527	34422
151	531	34436
152	534	34424
153	538	34445
154	542	34430
155	545	34425
156	548	34397
157	552	34410
158	555	34390
159	558	34374
160	561	34341
161	565	34343
162	568	34309
163	571	34296
164	575	34295
165	579	34343
166	583	34342
167	586	34339
168	590	34332
169	593	34321
170	596	34309
171	600	34325
172	604	34336
173	608	34338
174	611	34343
175	615	34345
176	619	34353
177	623	34423
178	628	34494
179	632	34485
180	635	34460
181	639	34492
182	643	34510
183	647	34523
184	650	34510
185	654	34510
186	658	34534
187	661	34516
188	665	34521
189	668	34507
190	672	34515
191	675	34527
192	679	34539
193	683	34540
194	687	34557
195	690	34539
196	693	34532
197	697	34515
198	701	34551
199	705	34553
200	709	34569
201	712	34564
202	715	34545
203	719	34569
204	724	34602
205	728	34620
206	731	34621
207	735	34635
208	739	34628
209	743	34639
210	746	34641
211	750	34630
212	753	34616
213	757	34636
214	760	34632
215	764	34628
216	768	34637
217	772	34640
218	776	34657
219	779	34638
220	783	34671
221	787	34685
222	791	34681
223	794	34677
224	798	34693
225	802	34701
226	806	34703
227	809	34697
228	813	34693
229	817	34738
230	821	34750
231	825	34750
232	829	34764
233	832	34763
234	836	34769
235	840	34756
236	843	34738
237	846	34711
238	849	34698
239	853	34719
240	857	34722
241	860	34706
242	863	34688
243	867	34705
244	871	34695
245	874	34685
246	878	34675
247	881	34660
248	884	34652
249	888	34640
250	891	34639
251	895	34632
252	898	34612
253	901	34588
254	904	34583
255	908	34577
256	912	34575
257	915	34580
258	919	34572
259	923	34583
260	926	34582
261	930	34590
262	934	34587
263	937	34578
264	940	34552
265	944	34545
266	947	34548
267	951	34539
268	954	34515
269	957	34499
270	960	34482
271	963	34476
272	967	34479
273	971	34485
274	974	34465
275	977	34446
276	981	34442
277	984	34435
278	988	34429
279	992	34444
280	996	34454
281	999	34453
282	1003	34453
283	1007	34458
284	1011	34472
285	1015	34476
286	1020	34543
287	1024	34556
288	1028	34550
289	1031	34539
290	1034	34531
291	1038	34526
292	1041	34519
293	1045	34514
294	1048	34504
295	1052	34507
296	1056	34507
297	1059	34495
298	1063	34489
299	1066	34487
300	1069	34476
301	1073	34464
302	1076	34444
303	1079	34430
304	1083	34427
305	1086	34421
306	1089	34406
307	1092	34392
308	1096	34375
309	1099	34371
310	1102	34360
311	1106	34350
312	1109	34339
313	1113	34354
314	1117	34347
315	1120	34343
316	1124	34336
317	1127	34332
318	1131	34338
319	1135	34338
320	1138	34332
321	1142	34325
322	1145	34314
323	1148	34306
324	1152	34300
325	1155	34287
326	1158	34280
327	1162	34269
328	1165	34259
329	1169	34262
330	1173	34275
331	1177	34276
332	1180	34263
333	1183	34263
334	1188	34279
335	1192	34286
336	1196	34301
337	1199	34295
338	1203	34287
339	1206	34279
340	1210	34285
341	1215	34318
342	1218	34315
343	1222	34325
344	1226	34322
345	1229	34311
346	1233	34318
347	1237	34318
348	1241	34344
349	1245	34339
350	1249	34352
351	1253	34357
352	1257	34370
353	1261	34372
354	1264	34368
355	1268	34365
356	1271	34357
357	1275	34344
358	1278	34336
359	1282	34337
360	1285	34332
361	1289	34330
362	1293	34328
363	1296	34314
364	1299	34298
365	1302	34286
366	1305	34275
367	1309	34267
368	1312	34265
369	1315	34248
370	1319	34238
371	1322	34227
372	1326	34230
373	1330	34242
374	1333	34234
375	1337	34222
376	1340	34227
377	1344	34223
378	1347	34210
379	1351	34204
380	1354	34192
381	1358	34195
382	1361	34195
383	1365	34202
384	1370	34223
385	1374	34226
386	1378	34246
387	1382	34245
388	1386	34249
389	1389	34235
390	1393	34234
391	1396	34225
392	1400	34235
393	1404	34235
394	1408	34246
395	1411	34243
396	1415	34240
397	1419	34252
398	1423	34258
399	1427	34264
400	1431	34262
401	1434	34260
402	1439	34276
403	1442	34265
404	1446	34270
405	1449	34262
406	1453	34267
407	1457	34274
408	1461	34271
409	1464	34264
410	1468	34258
411	1471	34251
412	1475	34242
413	1479	34248
414	1482	34236
415	1485	34234
416	1489	34238
417	1493	34245
418	1498	34265
419	1502	34265
420	1505	34260
421	1509	34256
422	1512	34251
423	1516	34239
424	1519	34226
425	1522	34214
426	1525	34211
427	1529	34199
428	1532	34184
429	1535	34175
430	1538	34158
431	1542	34156
432	1546	34160
433	1549	34144
434	1551	34122
435	1555	34114
436	1558	34106
437	1561	34091
438	1564	34073
439	1568	34069
440	1570	34050
441	1574	34044
442	1577	34039
443	1580	34018
444	1583	33997
445	1586	33987
446	1589	33975
447	1593	33966
448	1596	33954
449	1599	33941
450	1603	33942
451	1606	33935
452	1610	33933
453	1613	33933
454	1617	33938
455	1621	33936
456	1625	33939
457	1629	33947
458	1633	33947
459	1637	33960
460	1641	33958
461	1645	33972
462	1649	33980
463	1653	33979
464	1657	33978
465	1660	33978
466	1664	33977
467	1667	33970
468	1671	33971
469	1675	33968
470	1678	33964
471	1682	33970
472	1686	33966
473	1689	33958
474	1692	33948
475	1697	33972
476	1701	33971
477	1705	33981
478	1709	33981
479	1713	33987
480	1717	33979
481	1720	33983
482	1724	33988
483	1728	33984
484	1732	33980
485	1735	33972
486	1738	33967
487	1742	33964
488	1746	33960
489	1749	33955
490	1752	33945
491	1756	33939
492	1760	33944
493	1764	33945
494	1767	33948
495	1772	33957
496	1775	33955
497	1779	33952
498	1783	33958
499	1787	33957
500	1791	33960
501	1794	33956
502	1798	33962
503	1802	33966
504	1806	33962
505	1809	33960
506	1814	33974
507	1818	33987
508	1822	33987
509	1826	33984
510	1830	33985
511	1834	33987
512	1838	33994
513	1841	33993
514	1845	33985
515	1849	33984
516	1853	34000
517	1857	33996
518	1860	33989
519	1864	33983
520	1869	34007
521	1872	34007
522	1876	34001
523	1880	33999
524	1883	33992
525	1887	33994
526	1890	33987
527	1894	33984
528	1897	33970
529	1900	33962
530	1904	33963
531	1908	33965
532	1911	33952
533	1914	33937
534	1917	33931
535	1921	33929
536	1924	33918
537	1928	33910
538	1931	33895
539	1934	33886
540	1938	33894
541	1941	33887
542	1944	33870
543	1947	33860
544	1951	33856
545	1955	33862
546	1959	33854
547	1962	33851
548	1965	33843
549	1968	33828
550	1972	33822
551	1975	33817
552	1978	33807
553	1982	33803
554	1985	33793
555	1989	33788
556	1992	33780
557	1996	33784
558	2000	33787
559	2004	33783
560	2007	33781
561	2011	33778
562	2014	33775
563	2018	33763
564	2021	33750
565	2024	33747
566	2028	33740
567	2031	33727
568	2034	33723
569	2037	33712
570	2041	33703
571	2044	33702
572	2048	33697
573	2051	33688
574	2054	33674
575	2057	33667
576	2060	33654
577	2063	33643
578	2066	33627
579	2069	33612
580	2073	33609
581	2076	33599
582	2079	33586
583	2082	33572
584	2085	33564
585	2090	33587
586	2093	33578
587	2097	33574
588	2100	33559
589	2103	33549
590	2106	33537
591	2109	33525
592	2112	33515
593	2115	33501
594	2118	33486
595	2121	33476
596	2124	33467
597	2127	33451
598	2130	33438
599	2133	33420
600	2136	33417
601	2139	33401
602	2142	33388
603	2145	33377
604	2148	33361
605	2151	33348
606	2154	33335
607	2157	33321
608	2159	33307
609	2162	33294
610	2165	33280
611	2168	33264
612	2171	33249
613	2173	33229
614	2176	33212
615	2179	33200
616	2182	33189
617	2185	33180
618	2188	33171
619	2191	33162
620	2195	33158
621	2198	33148
622	2201	33130
623	2203	33115
624	2206	33098
625	2209	33082
626	2212	33069
627	2214	33051
628	2217	33037
629	2220	33025
630	2223	33013
631	2227	33013
632	2230	33003
633	2233	32992
634	2236	32979
635	2239	32968
636	2241	32953
637	2245	32945
638	2248	32932
639	2250	32917
640	2253	32901
641	2256	32885
642	2258	32872
643	2261	32859
644	2264	32844
645	2267	32833
646	2270	32819
647	2273	32815
648	2276	32800
649	2279	32786
650	2281	32768
651	2284	32750
652	2287	32736
653	2289	32721
654	2292	32704
655	2294	32687
656	2297	32674
657	2300	32663
658	2303	32647
659	2306	32633
660	2308	32617
661	2311	32601
662	2313	32587
663	2316	32573
664	2320	32568
665	2322	32554
666	2325	32541
667	2328	32527
668	2330	32511
669	2333	32496
670	2336	32479
671	2339	32469
672	2342	32461
673	2345	32451
674	2348	32443
675	2351	32434
676	2355	32433
677	2358	32425
678	2361	32416
679	2364	32412
680	2368	32408
681	2371	32404
682	2374	32397
683	2378	32388
684	2381	32378
685	2384	32372
686	2387	32365
687	2390	32356
688	2393	32345
689	2396	32336
690	2399	32326
691	2402	32314
692	2405	32304
693	2408	32295
694	2411	32290
695	2415	32286
696	2418	32276
697	2421	32263
698	2423	32253
699	2426	32240
700	2429	32230
701	2432	32221
702	2435	32212
703	2438	32204
704	2441	32193
705	2444	32184
706	2447	32176
707	2451	32171
708	2455	32172
709	2458	32170
710	2461	32158
711	2464	32148
712	2467	32136
713	2470	32129
714	2473	32119
715	2476	32114
716	2480	32111
717	2483	32102
718	2486	32092
719	2489	32081
720	2492	32076
721	2495	32066
722	2498	32063
723	2502	32060
724	2505	32050
725	2508	32039
726	2511	32029
727	2514	32021
728	2517	32014
729	2520	32009
730	2523	32000
731	2526	31990
732	2529	31982
733	2532	31973
734	2535	31960
735	2538	31952
736	2541	31942
737	2544	31934
738	2547	31927
739	2550	31920
740	2553	31910
741	2556	31900
742	2559	31889
743	2562	31877
744	2565	31865
745	2567	31852
746	2570	31839
747	2573	31829
748	2576	31817
749	2579	31809
750	2581	31797
751	2584	31785
752	2587	31772
753	2590	31760
754	2593	31757
755	2596	31747
756	2599	31739
757	2602	31726
758	2604	31715
759	2607	31704
760	2611	31699
761	2616	31723
762	2619	31716
763	2623	31715
764	2626	31709
765	2629	31700
766	2632	31692
767	2635	31681
768	2638	31673
769	2641	31665
770	2644	31655
771	2647	31648
772	2650	31638
773	2653	31633
774	2657	31628
775	2660	31622
776	2663	31613
777	2666	31604
778	2668	31592
779	2671	31583
780	2674	31573
781	2677	31567
782	2681	31562
783	2684	31559
784	2688	31557
785	2691	31546
786	2694	31538
787	2697	31530
788	2700	31524
789	2703	31520
790	2707	31517
791	2710	31511
792	2713	31505
793	2717	31502
794	2720	31494
795	2723	31489
796	2726	31481
797	2729	31479
798	2733	31480
799	2737	31476
800	2740	31469
801	2743	31460
802	2746	31454
803	2749	31452
804	2752	31442
805	2755	31435
806	2758	31426
807	2761	31420
808	2765	31414
809	2768	31411
810	2771	31407
811	2775	31401
812	2778	31396
813	2781	31391
814	2784	31380
815	2787	31370
816	2790	31362
817	2793	31351
818	2796	31344
819	2799	31337
820	2802	31330
821	2805	31323
822	2808	31317
823	2811	31311
824	2814	31303
825	2820	31321
826	2823	31316
827	2826	31312
828	2830	31308
829	2833	31300
830	2836	31292
831	2839	31285
832	2842	31281
833	2845	31277
834	2849	31273
835	2852	31266
836	2855	31260
837	2858	31253
838	2861	31247
839	2864	31240
840	2868	31237
841	2871	31228
842	2874	31222
843	2877	31216
844	2881	31214
845	2884	31213
846	2888	31210
847	2891	31207
848	2894	31199
849	2897	31195
850	2901	31189
851	2904	31186
852	2907	31179
853	2911	31177
854	2914	31174
855	2917	31167
856	2920	31158
857	2923	31149
858	2926	31144
859	2930	31141
860	2933	31136
861	2936	31130
862	2939	31124
863	2943	31119
864	2946	31113
865	2949	31104
866	2952	31104
867	2960	31142
868	2965	31161
869	2971	31178
870	2976	31196
871	2981	31211
872	2987	31232
873	2991	31232
874	2994	31226
875	2998	31227
876	3003	31246
877	3008	31251
878	3010	31243
879	3013	31235
880	3017	31229
881	3020	31225
882	3023	31217
883	3026	31209
884	3029	31202
885	3032	31195
886	3035	31184
887	3038	31180
888	3041	31176
889	3045	31169
890	3048	31163
891	3051	31161
892	3055	31162
893	3058	31157
894	3062	31151
895	3065	31144
896	3068	31138
897	3071	31133
898	3075	31132
899	3078	31126
900	3081	31123
901	3085	31117
902	3088	31113
903	3091	31110
904	3095	31105
905	3098	31105
906	3102	31102
907	3105	31095
908	3108	31088
909	3111	31082
910	3114	31076
911	3117	31068
912	3121	31064
913	3124	31055
914	3126	31046
915	3129	31035
916	3132	31028
917	3135	31021
918	3138	31015
919	3142	31016
920	3145	31010
921	3148	31004
922	3152	30999
923	3155	30994
924	3158	30989
925	3162	30986
926	3165	30981
927	3168	30978
928	3171	30971
929	3175	30969
930	3178	30964
931	3181	30954
932	3184	30945
933	3187	30940
934	3190	30936
935	3194	30930
936	3197	30924
937	3200	30916
938	3203	30910
939	3205	30900
940	3208	30891
941	3211	30883
942	3214	30876
943	3218	30873
944	3221	30865
945	3224	30862
946	3227	30854
947	3231	30856
948	3235	30853
949	3238	30848
950	3240	30837
951	3244	30831
952	3246	30821
953	3249	30812
954	3252	30807
955	3256	30803
956	3259	30797
957	3262	30792
958	3265	30789
959	3269	30784
960	3272	30776
961	3274	30767
962	3278	30764
963	3281	30758
964	3284	30750
965	3288	30757
966	3291	30750
967	3294	30742
968	3298	30739
969	3300	30729
970	3303	30720
971	3306	30709
972	3308	30698
973	3311	30687
974	3314	30678
975	3317	30671
976	3320	30663
977	3323	30656
978	3326	30648
979	3328	30637
980	3331	30630
981	3334	30623
982	3337	30613
983	3339	30602
984	3342	30594
985	3345	30587
986	3348	30579
987	3351	30569
988	3354	30559
989	3356	30548
990	3359	30542
991	3362	30531
992	3364	30521
993	3367	30512
994	3371	30509
995	3374	30502
996	3376	30493
997	3379	30484
998	3382	30476
999	3385	30465
1000	3388	30458
1001	3391	30451
1002	3393	30442
1003	3396	30431
1004	3398	30420
1005	3401	30412
1006	3404	30399
1007	3407	30394
1008	3410	30387
1009	3412	30377
1010	3415	30370
1011	3419	30366
1012	3421	30357
1013	3424	30349
1014	3427	30341
1015	3430	30330
1016	3432	30322
1017	3436	30318
1018	3439	30317
1019	3443	30312
1020	3446	30309
1021	3449	30300
1022	3452	30292
1023	3454	30283
1024	3457	30276
1025	3460	30269
1026	3463	30265
1027	3467	30264
1028	3470	30254
1029	3473	30250
1030	3476	30240
1031	3479	30233
1032	3481	30223
1033	3484	30214
1034	3487	30207
1035	3489	30196
1036	3492	30186
1037	3495	30179
1038	3498	30172
1039	3501	30167
1040	3504	30160
1041	3507	30157
1042	3511	30152
1043	3513	30144
1044	3516	30137
1045	3519	30129
1046	3522	30119
1047	3525	30111
1048	3528	30105
1049	3530	30095
1050	3533	30087
1051	3536	30078
1052	3539	30070
1053	3541	30063
1054	3544	30051
1055	3547	30044
1056	3550	30039
1057	3554	30038
1058	3557	30032
1059	3560	30027
1060	3563	30019
1061	3565	30010
1062	3568	30002
1063	3571	29995
1064	3574	29988
1065	3577	29983
1066	3580	29975
1067	3583	29969
1068	3586	29963
1069	3589	29957
1070	3592	29949
1071	3595	29942
1072	3598	29935
1073	3601	29929
1074	3604	29923
1075	3607	29915
1076	3610	29909
1077	3612	29902
1078	3615	29893
1079	3618	29889
1080	3622	29884
1081	3625	29878
1082	3628	29872
1083	3631	29871
1084	3635	29868
1085	3638	29867
1086	3642	29863
1087	3645	29861
1088	3649	29862
1089	3652	29858
1090	3656	29855
1091	3659	29850
1092	3662	29846
1093	3665	29842
1094	3668	29836
1095	3672	29837
1096	3676	29834
1097	3679	29833
1098	3683	29835
1099	3687	29832
1100	3691	29835
1101	3694	29833
1102	3697	29827
1103	3700	29821
1104	3704	29817
1105	3706	29810
1106	3709	29803
1107	3713	29801
1108	3716	29796
1109	3719	29791
1110	3722	29784
1111	3725	29780
1112	3728	29774
1113	3732	29768
1114	3735	29763
1115	3738	29760
1116	3741	29752
1117	3744	29747
1118	3747	29740
1119	3749	29731
1120	3753	29726
1121	3756	29721
1122	3759	29716
1123	3762	29711
1124	3765	29705
1125	3768	29700
1126	3771	29694
1127	3775	29691
1128	3778	29685
1129	3781	29680
1130	3784	29676
1131	3787	29674
1132	3790	29667
1133	3793	29660
1134	3796	29654
1135	3800	29651
1136	3802	29644
1137	3806	29639
1138	3808	29631
1139	3811	29623
1140	3814	29618
1141	3817	29610
1142	3820	29605
1143	3823	29599
1144	3826	29595
1145	3830	29593
1146	3833	29591
1147	3837	29586
1148	3840	29584
1149	3843	29578
1150	3846	29574
1151	3850	29570
1152	3852	29561
1153	3856	29558
1154	3859	29553
1155	3862	29549
1156	3865	29543
1157	3868	29538
1158	3871	29532
1159	3875	29530
1160	3878	29525
1161	3881	29523
1162	3884	29515
1163	3887	29512
1164	3891	29509
1165	3894	29508
1166	3898	29505
1167	3901	29502
1168	3904	29496
1169	3908	29495
1170	3911	29488
1171	3914	29482
1172	3917	29478
1173	3920	29474
1174	3923	29471
1175	3927	29467
1176	3930	29460
1177	3933	29456
1178	3936	29452
1179	3939	29447
1180	3942	29443
1181	3945	29437
1182	3949	29433
1183	3952	29428
1184	3955	29424
1185	3958	29417
1186	3961	29412
1187	3964	29407
1188	3967	29403
1189	3970	29398
1190	3974	29393
1191	3976	29386
1192	3979	29381
1193	3983	29377
1194	3987	29377
1195	3990	29374
1196	3993	29371
1197	3997	29370
1198	4000	29367
1199	4004	29363
1200	4007	29361
1201	4011	29362
1202	4015	29359
1203	4018	29357
1204	4021	29355
1205	4025	29355
1206	4029	29352
1207	4032	29348
1208	4035	29343
1209	4038	29340
1210	4042	29337
1211	4046	29341
1212	4050	29339
1213	4053	29337
1214	4057	29336
1215	4060	29335
1216	4064	29329
1217	4066	29323
1218	4070	29318
1219	4073	29316
1220	4077	29316
1221	4080	29314
1222	4084	29310
1223	4087	29305
1224	4090	29300
1225	4093	29294
1226	4096	29289
1227	4099	29284
1228	4102	29281
1229	4106	29277
1230	4109	29271
1231	4112	29266
1232	4115	29259
1233	4118	29255
1234	4121	29251
1235	4124	29245
1236	4127	29239
1237	4131	29237
1238	4134	29233
1239	4137	29228
1240	4140	29226
1241	4144	29225
1242	4147	29221
1243	4151	29221
1244	4154	29216
1245	4158	29212
1246	4161	29210
1247	4164	29206
1248	4168	29204
1249	4171	29198
1250	4174	29192
1251	4177	29185
1252	4180	29181
1253	4183	29174
1254	4186	29168
1255	4188	29161
1256	4192	29157
1257	4195	29158
1258	4198	29152
1259	4202	29149
1260	4205	29145
1261	4208	29138
1262	4211	29132
1263	4214	29126
1264	4216	29118
1265	4220	29114
1266	4222	29106
1267	4225	29100
1268	4228	29093
1269	4231	29086
1270	4234	29081
1271	4237	29074
1272	4240	29070
1273	4243	29068
1274	4247	29063
1275	4250	29062
1276	4254	29059
1277	4257	29056
1278	4261	29054
1279	4263	29047
1280	4266	29041
1281	4269	29033
1282	4272	29028
1283	4275	29021
1284	4278	29014
1285	4281	29009
1286	4283	29002
1287	4287	28998
1288	4290	28993
1289	4293	28986
1290	4295	28979
1291	4298	28972
1292	4301	28966
1293	4304	28960
1294	4307	28955
1295	4310	28950
1296	4313	28943
1297	4316	28936
1298	4318	28928
1299	4321	28921
1300	4324	28915
1301	4327	28907
1302	4329	28900
1303	4332	28894
1304	4336	28891
1305	4339	28884
1306	4341	28877
1307	4344	28869
1308	4346	28860
1309	4349	28853
1310	4352	28846
1311	4355	28841
1312	4358	28834
1313	4361	28829
1314	4364	28824
1315	4367	28819
1316	4370	28814
1317	4373	28807
1318	4375	28800
1319	4379	28796
1320	4382	28791
1321	4384	28783
1322	4387	28775
1323	4390	28768
1324	4393	28762
1325	4396	28759
1326	4399	28753
1327	4402	28748
1328	4405	28741
1329	4407	28733
1330	4410	28728
1331	4413	28720
1332	4416	28713
1333	4418	28705
1334	4421	28697
1335	4424	28693
1336	4427	28688
1337	4430	28684
1338	4433	28676
1339	4436	28671
1340	4439	28666
1341	4442	28662
1342	4445	28655
1343	4448	28647
1344	4450	28641
1345	4453	28634
1346	4456	28628
1347	4459	28621
1348	4461	28612
1349	4464	28606
1350	4467	28600
1351	4470	28597
1352	4473	28591
1353	4476	28585
1354	4479	28579
1355	4482	28573
1356	4485	28567
1357	4488	28562
1358	4491	28556
1359	4494	28550
1360	4496	28543
1361	4500	28543
1362	4503	28535
1363	4506	28530
1364	4509	28526
1365	4512	28521
1366	4515	28514
1367	4518	28513
1368	4521	28509
1369	4525	28507
1370	4528	28503
1371	4531	28499
1372	4535	28495
1373	4538	28491
1374	4541	28488
1375	4544	28484
1376	4548	28480
1377	4551	28475
1378	4554	28470
1379	4557	28465
1380	4560	28461
1381	4563	28457
1382	4567	28458
1383	4570	28454
1384	4573	28450
1385	4577	28447
1386	4580	28441
1387	4583	28437
1388	4586	28434
1389	4589	28428
1390	4592	28425
1391	4596	28423
1392	4599	28418
1393	4602	28415
1394	4605	28411
1395	4609	28411
1396	4613	28408
1397	4615	28401
1398	4618	28396
1399	4621	28391
1400	4624	28385
1401	4628	28384
1402	4631	28382
1403	4635	28382
1404	4639	28381
1405	4643	28380
1406	4646	28379
1407	4650	28375
1408	4653	28374
1409	4656	28371
1410	4660	28368
1411	4664	28367
1412	4667	28363
1413	4670	28358
1414	4673	28356
1415	4676	28351
1416	4679	28346
1417	4683	28343
1418	4686	28338
1419	4689	28334
1420	4692	28330
1421	4695	28324
1422	4698	28321
1423	4702	28318
1424	4704	28311
1425	4707	28306
1426	4710	28300
1427	4713	28295
1428	4716	28291
1429	4719	28286
1430	4723	28283
1431	4726	28278
1432	4729	28273
1433	4731	28266
1434	4734	28261
1435	4737	28256
1436	4741	28251
1437	4744	28250
1438	4747	28246
1439	4750	28239
1440	4753	28235
1441	4757	28232
1442	4760	28230
1443	4763	28226
1444	4766	28220
1445	4769	28215
1446	4772	28211
1447	4775	28207
1448	4779	28202
1449	4782	28199
1450	4785	28193
1451	4788	28188
1452	4791	28186
1453	4794	28180
1454	4797	28176
1455	4800	28170
1456	4803	28164
1457	4806	28158
1458	4809	28154
1459	4812	28147
1460	4815	28143
1461	4818	28138
1462	4821	28132
1463	4824	28128
1464	4826	28121
1465	4829	28116
1466	4833	28112
1467	4836	28110
1468	4839	28106
1469	4842	28100
1470	4845	28093
1471	4848	28087
1472	4850	28081
1473	4853	28076
1474	4856	28071
1475	4859	28065
1476	4862	28059
1477	4865	28053
1478	4868	28046
1479	4871	28042
1480	4873	28036
1481	4876	28028
1482	4879	28023
1483	4882	28020
1484	4885	28015
1485	4888	28009
1486	4891	28004
1487	4894	27997
1488	4897	27992
1489	4900	27987
1490	4903	27982
1491	4905	27974
1492	4908	27968
1493	4911	27964
1494	4914	27957
1495	4917	27951
1496	4920	27946
1497	4922	27938
1498	4925	27932
1499	4928	27928
1500	4931	27924
1501	4934	27917
1502	4937	27910
1503	4939	27905
1504	4942	27898
1505	4945	27894
1506	4948	27889
1507	4951	27883
1508	4954	27877
1509	4957	27871
1510	4960	27866
1511	4962	27860
1512	4965	27855
1513	4968	27849
1514	4971	27844
1515	4975	27842
1516	4977	27836
1517	4980	27829
1518	4983	27822
1519	4986	27817
1520	4988	27811
1521	4991	27805
1522	4994	27800
1523	4997	27793
1524	5000	27787
1525	5002	27780
1526	5005	27774
1527	5007	27766
1528	5010	27760
1529	5013	27754
1530	5016	27748
1531	5019	27744
1532	5022	27742
1533	5026	27741
1534	5029	27738
1535	5033	27734
1536	5035	27728
1537	5038	27721
1538	5041	27715
1539	5043	27708
1540	5046	27701
1541	5049	27695
1542	5052	27689
1543	5055	27685
1544	5058	27680
1545	5061	27675
1546	5064	27672
1547	5068	27671
1548	5071	27666
1549	5074	27662
1550	5077	27660
1551	5081	27658
1552	5084	27654
1553	5087	27651
1554	5091	27648
1555	5094	27646
1556	5098	27644
1557	5101	27642
1558	5104	27640
1559	5108	27638
1560	5112	27637
1561	5116	27639
1562	5120	27638
1563	5124	27638
1564	5127	27637
1565	5131	27637
1566	5135	27636
1567	5139	27635
1568	5142	27635
1569	5146	27636
1570	5151	27638
1571	5155	27638
1572	5159	27640
1573	5162	27637
1574	5166	27634
1575	5169	27631
1576	5172	27628
1577	5176	27626
1578	5179	27622
1579	5183	27621
1580	5186	27620
1581	5190	27619
1582	5193	27615
1583	5197	27613
1584	5200	27611
1585	5204	27610
1586	5207	27607
1587	5211	27605
1588	5214	27601
1589	5218	27600
1590	5221	27597
1591	5224	27594
1592	5228	27590
1593	5231	27588
1594	5234	27585
1595	5238	27583
1596	5241	27580
1597	5245	27577
1598	5248	27575
1599	5252	27575
1600	5256	27573
1601	5260	27573
1602	5263	27572
1603	5267	27572
1604	5271	27573
1605	5275	27570
1606	5278	27568
1607	5281	27565
1608	5285	27565
1609	5289	27564
1610	5293	27564
1611	5297	27566
1612	5301	27565
1613	5304	27563
1614	5308	27562
1615	5312	27561
1616	5315	27557
1617	5318	27553
1618	5321	27549
1619	5325	27546
1620	5329	27546
1621	5332	27545
1622	5336	27543
1623	5340	27541
1624	5343	27539
1625	5346	27535
1626	5349	27530
1627	5352	27525
1628	5355	27521
1629	5359	27519
1630	5363	27519
1631	5366	27518
1632	5370	27514
1633	5373	27513
1634	5376	27509
1635	5380	27506
1636	5383	27504
1637	5388	27507
1638	5391	27505
1639	5395	27503
1640	5398	27500
1641	5402	27499
1642	5405	27496
1643	5409	27494
1644	5412	27489
1645	5415	27487
1646	5419	27484
1647	5423	27483
1648	5426	27481
1649	5429	27477
1650	5433	27475
1651	5436	27470
1652	5439	27465
1653	5442	27460
1654	5444	27454
1655	5447	27450
1656	5451	27447
1657	5454	27442
1658	5457	27438
1659	5460	27434
1660	5463	27430
1661	5467	27427
1662	5469	27422
1663	5472	27415
1664	5475	27409
1665	5478	27405
1666	5481	27402
1667	5484	27398
1668	5488	27394
1669	5491	27391
1670	5494	27387
1671	5497	27381
1672	5500	27375
1673	5503	27370
1674	5505	27365
1675	5508	27360
1676	5512	27356
1677	5514	27351
1678	5517	27345
1679	5520	27339
1680	5524	27340
1681	5528	27338
1682	5530	27332
1683	5533	27325
1684	5536	27320
1685	5539	27314
1686	5542	27310
1687	5545	27307
1688	5548	27303
1689	5551	27299
1690	5555	27295
1691	5558	27292
1692	5561	27289
1693	5564	27284
1694	5567	27280
1695	5570	27276
1696	5573	27269
1697	5576	27263
1698	5579	27258
1699	5582	27253
1700	5585	27249
1701	5588	27244
1702	5591	27239
1703	5593	27233
1704	5598	27236
1705	5601	27231
1706	5604	27226
1707	5607	27223
1708	5610	27219
1709	5613	27215
1710	5617	27213
1711	5620	27209
1712	5623	27205
1713	5626	27201
1714	5629	27196
1715	5632	27192
1716	5636	27190
1717	5639	27186
1718	5642	27180
1719	5645	27175
1720	5648	27170
1721	5651	27166
1722	5654	27161
1723	5656	27155
1724	5660	27152
1725	5663	27149
1726	5666	27144
1727	5669	27138
1728	5671	27132
1729	5674	27126
1730	5677	27123
1731	5680	27117
1732	5683	27112
1733	5686	27106
1734	5688	27100
1735	5691	27094
1736	5694	27088
1737	5697	27085
1738	5700	27079
1739	5703	27073
1740	5706	27069
1741	5709	27063
1742	5711	27058
1743	5714	27052
1744	5717	27045
1745	5720	27041
1746	5722	27035
1747	5726	27031
1748	5728	27026
1749	5731	27021
1750	5734	27015
1751	5737	27010
1752	5740	27005
1753	5743	26999
1754	5746	26995
1755	5749	26990
1756	5752	26988
1757	5755	26983
1758	5758	26979
1759	5761	26975
1760	5764	26971
1761	5767	26967
1762	5771	26964
1763	5774	26960
1764	5777	26954
1765	5780	26950
1766	5783	26945
1767	5785	26938
1768	5788	26934
1769	5791	26928
1770	5794	26923
1771	5797	26920
1772	5801	26917
1773	5804	26913
1774	5807	26909
1775	5810	26904
1776	5813	26902
1777	5816	26897
1778	5819	26892
1779	5822	26887
1780	5824	26880
1781	5827	26876
1782	5830	26871
1783	5833	26865
1784	5836	26861
1785	5839	26856
1786	5842	26854
1787	5846	26851
1788	5849	26847
1789	5852	26842
1790	5855	26838
1791	5858	26834
1792	5861	26829
1793	5864	26823
1794	5867	26818
1795	5869	26813
1796	5872	26807
1797	5875	26803
1798	5878	26798
1799	5881	26793
1800	5884	26788
1801	5887	26784
1802	5891	26783
1803	5893	26777
1804	5896	26773
1805	5899	26768
1806	5903	26765
1807	5906	26761
1808	5909	26757
1809	5912	26752
1810	5915	26747
1811	5918	26744
1812	5921	26740
1813	5924	26735
1814	5927	26732
1815	5931	26729
1816	5934	26724
1817	5937	26724
1818	5941	26721
1819	5944	26716
1820	5946	26710
1821	5950	26706
1822	5952	26701
1823	5955	26696
1824	5958	26692
1825	5961	26688
1826	5965	26684
1827	5968	26681
1828	5972	26681
1829	5975	26678
1830	5978	26674
1831	5982	26671
1832	5985	26668
1833	5988	26663
1834	5991	26659
1835	5994	26656
1836	5998	26655
1837	6002	26654
1838	6006	26655
1839	6010	26656
1840	6014	26657
1841	6019	26658
1842	6022	26657
1843	6026	26656
1844	6030	26656
1845	6035	26657
1846	6039	26657
1847	6042	26655
1848	6047	26657
1849	6051	26657
1850	6054	26656
1851	6058	26654
1852	6062	26652
1853	6065	26650
1854	6069	26649
1855	6073	26649
1856	6076	26646
1857	6080	26645
1858	6083	26643
1859	6087	26640
1860	6091	26639
1861	6095	26638
1862	6098	26636
1863	6102	26636
1864	6106	26637
1865	6110	26635
1866	6113	26632
1867	6117	26631
1868	6121	26632
1869	6126	26634
1870	6129	26632
1871	6133	26630
1872	6137	26629
1873	6141	26629
1874	6144	26627
1875	6148	26626
1876	6152	26626
1877	6156	26625
1878	6160	26626
1879	6164	26626
1880	6169	26628
1881	6173	26627
1882	6176	26626
1883	6180	26625
1884	6184	26626
1885	6189	26627
1886	6193	26627
1887	6197	26629
1888	6201	26629
1889	6205	26627
1890	6210	26631
1891	6214	26631
1892	6218	26630
1893	6221	26628
1894	6225	26626
1895	6229	26625
1896	6233	26624
1897	6236	26622
1898	6240	26623
1899	6244	26622
1900	6249	26625
1901	6253	26624
1902	6257	26623
1903	6261	26623
1904	6265	26622
1905	6269	26622
1906	6273	26622
1907	6277	26622
1908	6282	26627
1909	6286	26626
1910	6289	26624
1911	6293	26622
1912	6296	26618
1913	6300	26616
1914	6304	26615
1915	6306	26609
1916	6309	26605
1917	6312	26600
1918	6315	26596
1919	6319	26592
1920	6321	26587
1921	6325	26584
1922	6328	26581
1923	6331	26576
1924	6334	26571
1925	6338	26570
1926	6341	26567
1927	6345	26566
1928	6349	26564
1929	6352	26563
1930	6356	26560
1931	6359	26557
1932	6363	26556
1933	6367	26555
1934	6370	26553
1935	6373	26549
1936	6377	26547
1937	6381	26545
1938	6384	26543
1939	6388	26543
1940	6392	26540
1941	6396	26540
1942	6400	26541
1943	6404	26540
1944	6408	26539
1945	6412	26537
1946	6415	26535
1947	6419	26533
1948	6422	26529
1949	6426	26527
1950	6429	26523
1951	6432	26519
1952	6435	26516
1953	6439	26514
1954	6442	26513
1955	6446	26509
1956	6449	26506
1957	6453	26504
1958	6456	26502
1959	6460	26500
1960	6463	26496
1961	6466	26493
1962	6470	26490
1963	6473	26488
1964	6477	26485
1965	6480	26481
1966	6483	26479
1967	6487	26478
1968	6491	26475
1969	6494	26472
1970	6497	26467
1971	6501	26466
1972	6504	26462
1973	6507	26460
1974	6510	26455
1975	6514	26451
1976	6517	26448
1977	6521	26447
1978	6524	26443
1979	6527	26438
1980	6530	26433
1981	6533	26432
1982	6536	26427
1983	6540	26424
1984	6543	26421
1985	6546	26416
1986	6549	26412
1987	6552	26408
1988	6555	26402
1989	6558	26396
1990	6561	26392
1991	6563	26387
1992	6566	26382
1993	6569	26378
1994	6572	26373
1995	6576	26371
1996	6580	26369
1997	6583	26366
1998	6586	26363
1999	6589	26359
2000	6593	26358
2001	6596	26354
2002	6600	26352
2003	6603	26347
2004	6606	26343
2005	6609	26340
2006	6612	26336
2007	6616	26333
2008	6619	26329
2009	6623	26328
2010	6627	26328
2011	6630	26324
2012	6633	26320
2013	6636	26317
2014	6640	26314
2015	6643	26312
2016	6646	26306
2017	6649	26302
2018	6652	26298
2019	6655	26294
2020	6658	26289
2021	6662	26285
2022	6665	26281
2023	6668	26279
2024	6671	26274
2025	6674	26269
2026	6677	26265
2027	6680	26261
2028	6683	26256
2029	6686	26252
2030	6689	26248
2031	6692	26243
2032	6695	26238
2033	6698	26234
2034	6701	26230
2035	6704	26225
2036	6707	26220
2037	6710	26215
2038	6713	26211
2039	6717	26209
2040	6719	26204
2041	6722	26199
2042	6726	26196
2043	6729	26192
2044	6732	26189
2045	6736	26187
2046	6739	26184
2047	6742	26181
2048	6746	26178
2049	6749	26174
2050	6752	26169
2051	6754	26163
2052	6757	26159
2053	6761	26156
2054	6764	26152
2055	6767	26148
2056	6770	26144
2057	6773	26140
2058	6777	26137
2059	6780	26134
2060	6783	26131
2061	6787	26129
2062	6791	26128
2063	6794	26125
2064	6797	26121
2065	6801	26118
2066	6804	26113
2067	6807	26111
2068	6811	26110
2069	6814	26106
2070	6817	26102
2071	6820	26097
2072	6823	26092
2073	6826	26089
2074	6829	26085
2075	6833	26081
2076	6836	26077
2077	6839	26074
2078	6842	26070
2079	6846	26067
2080	6849	26063
2081	6852	26061
2082	6855	26057
2083	6859	26053
2084	6861	26049
2085	6865	26046
2086	6868	26041
2087	6871	26038
2088	6874	26034
2089	6877	26030
2090	6880	26026
2091	6884	26023
2092	6887	26019
2093	6890	26017
2094	6894	26015
2095	6898	26014
2096	6902	26012
2097	6905	26009
2098	6908	26005
2099	6911	26001
2100	6914	25997
2101	6917	25992
2102	6920	25989
2103	6924	25984
2104	6927	25982
2105	6930	25979
2106	6934	25975
2107	6936	25970
2108	6940	25966
2109	6943	25964
2110	6946	25961
2111	6950	25957
2112	6953	25953
2113	6956	25948
2114	6959	25946
2115	6962	25942
2116	6965	25938
2117	6969	25935
2118	6972	25931
2119	6975	25927
2120	6978	25923
2121	6981	25918
2122	6984	25915
2123	6988	25913
2124	6991	25910
2125	6994	25905
2126	6997	25902
2127	7001	25898
2128	7004	25895
2129	7007	25892
2130	7010	25888
2131	7013	25884
2132	7016	25879
2133	7020	25876
2134	7023	25871
2135	7026	25867
2136	7029	25864
2137	7032	25860
2138	7035	25857
2139	7038	25853
2140	7042	25850
2141	7045	25846
2142	7048	25842
2143	7051	25838
2144	7055	25835
2145	7058	25831
2146	7061	25827
2147	7064	25822
2148	7067	25818
2149	7070	25814
2150	7072	25808
2151	7075	25803
2152	7078	25798
2153	7082	25796
2154	7085	25793
2155	7088	25788
2156	7091	25784
2157	7094	25780
2158	7097	25775
2159	7100	25771
2160	7103	25769
2161	7107	25765
2162	7110	25762
2163	7113	25759
2164	7117	25756
2165	7120	25752
2166	7123	25750
2167	7127	25748
2168	7130	25745
2169	7133	25741
2170	7137	25738
2171	7140	25733
2172	7143	25729
2173	7146	25726
2174	7149	25721
2175	7152	25716
2176	7155	25711
2177	7158	25708
2178	7161	25705
2179	7165	25703
2180	7168	25700
2181	7172	25699
2182	7176	25696
2183	7179	25692
2184	7182	25688
2185	7185	25684
2186	7188	25679
2187	7191	25676
2188	7194	25673
2189	7198	25670
2190	7201	25666
2191	7204	25664
2192	7208	25660
2193	7211	25657
2194	7214	25654
2195	7218	25652
2196	7221	25649
2197	7225	25645
2198	7227	25641
2199	7231	25637
2200	7234	25634
2201	7237	25630
2202	7240	25627
2203	7243	25622
2204	7247	25619
2205	7249	25614
2206	7253	25611
2207	7256	25608
2208	7259	25605
2209	7263	25603
2210	7266	25599
2211	7270	25596
2212	7273	25595
2213	7277	25591
2214	7281	25591
2215	7285	25590
2216	7288	25588
2217	7292	25586
2218	7296	25585
2219	7300	25584
2220	7304	25582
2221	7308	25583
2222	7312	25582
2223	7316	25581
2224	7320	25580
2225	7324	25578
2226	7328	25577
2227	7331	25576
2228	7335	25574
2229	7339	25574
2230	7343	25571
2231	7347	25571
2232	7351	25570
2233	7355	25569
2234	7359	25568
2235	7363	25568
2236	7367	25568
2237	7371	25567
2238	7375	25566
2239	7379	25565
2240	7383	25564
2241	7388	25565
2242	7392	25565
2243	7397	25567
2244	7401	25566
2245	7405	25567
2246	7409	25566
2247	7413	25563
2248	7416	25561
2249	7420	25560
2250	7424	25558
2251	7427	25555
2252	7430	25550
2253	7434	25548
2254	7438	25546
2255	7441	25543
2256	7444	25539
2257	7448	25539
2258	7453	25541
2259	7457	25539
2260	7461	25537
2261	7464	25535
2262	7468	25533
2263	7471	25530
2264	7475	25528
2265	7479	25527
2266	7482	25524
2267	7485	25520
2268	7489	25519
2269	7493	25518
2270	7498	25518
2271	7501	25515
2272	7505	25513
2273	7509	25513
2274	7512	25510
2275	7516	25508
2276	7520	25506
2277	7524	25506
2278	7527	25503
2279	7531	25501
2280	7534	25496
2281	7538	25495
2282	7541	25493
2283	7545	25489
2284	7547	25484
2285	7551	25481
2286	7552	25471
2287	7555	25467
2288	7559	25465
2289	7562	25463
2290	7566	25460
2291	7570	25458
2292	7573	25456
2293	7577	25454
2294	7580	25450
2295	7584	25448
2296	7587	25446
2297	7591	25444
2298	7594	25440
2299	7598	25438
2300	7601	25434
2301	7604	25431
2302	7608	25428
2303	7611	25424
2304	7614	25419
2305	7617	25416
2306	7620	25412
2307	7623	25408
2308	7627	25405
2309	7630	25401
2310	7633	25399
2311	7637	25395
2312	7640	25391
2313	7643	25387
2314	7646	25384
2315	7649	25380
2316	7652	25376
2317	7655	25371
2318	7658	25367
2319	7662	25364
2320	7665	25361
2321	7668	25357
2322	7671	25352
2323	7675	25350
2324	7676	25340
2325	7679	25335
2326	7682	25331
2327	7685	25326
2328	7688	25322
2329	7691	25318
2330	7694	25315
2331	7697	25310
2332	7700	25305
2333	7703	25300
2334	7706	25296
2335	7709	25292
2336	7711	25287
2337	7714	25281
2338	7717	25275
2339	7720	25271
2340	7723	25267
2341	7726	25262
2342	7729	25259
2343	7731	25254
2344	7734	25249
2345	7737	25243
2346	7740	25238
2347	7742	25233
2348	7745	25228
2349	7748	25224
2350	7751	25220
2351	7754	25214
2352	7757	25209
2353	7760	25205
2354	7762	25200
2355	7766	25197
2356	7769	25194
2357	7772	25190
2358	7775	25185
2359	7778	25180
2360	7781	25176
2361	7784	25171
2362	7787	25166
2363	7789	25162
2364	7792	25156
2365	7795	25151
2366	7797	25145
2367	7800	25140
2368	7803	25135
2369	7805	25129
2370	7808	25124
2371	7811	25119
2372	7814	25115
2373	7816	25109
2374	7820	25106
2375	7822	25100
2376	7825	25095
2377	7828	25090
2378	7830	25085
2379	7833	25081
2380	7836	25076
2381	7839	25071
2382	7842	25066
2383	7844	25061
2384	7846	25053
2385	7849	25049
2386	7852	25043
2387	7854	25037
2388	7857	25033
2389	7861	25031
2390	7864	25027
2391	7867	25021
2392	7870	25017
2393	7872	25013
2394	7875	25008
2395	7880	25008
2396	7882	25003
2397	7885	24997
2398	7887	24991
2399	7890	24986
2400	7893	24982
2401	7896	24977
2402	7899	24973
2403	7901	24968
2404	7905	24966
2405	7906	24955
2406	7909	24950
2407	7912	24945
2408	7914	24940
2409	7917	24936
2410	7920	24931
2411	7923	24925
2412	7925	24920
2413	7928	24914
2414	7931	24909
2415	7934	24905
2416	7936	24901
2417	7940	24897
2418	7943	24892
2419	7945	24887
2420	7949	24885
2421	7952	24882
2422	7955	24877
2423	7958	24872
2424	7961	24868
2425	7963	24863
2426	7967	24859
2427	7969	24855
2428	7972	24850
2429	7975	24845
2430	7978	24840
2431	7980	24835
2432	7983	24829
2433	7986	24825
2434	7989	24822
2435	7992	24817
2436	7995	24813
2437	7998	24810
2438	8001	24805
2439	8004	24801
2440	8007	24797
2441	8010	24793
2442	8013	24788
2443	8016	24784
2444	8019	24780
2445	8023	24777
2446	8026	24774
2447	8029	24770
2448	8032	24766
2449	8035	24761
2450	8038	24757
2451	8041	24754
2452	8045	24752
2453	8048	24748
2454	8051	24743
2455	8054	24740
2456	8057	24735
2457	8060	24731
2458	8063	24727
2459	8066	24723
2460	8068	24718
2461	8071	24712
2462	8074	24708
2463	8077	24704
2464	8080	24700
2465	8081	24690
2466	8084	24686
2467	8088	24684
2468	8091	24679
2469	8094	24676
2470	8097	24672
2471	8100	24668
2472	8103	24664
2473	8106	24660
2474	8108	24652
2475	8111	24647
2476	8113	24642
2477	8116	24638
2478	8119	24633
2479	8122	24629
2480	8125	24624
2481	8127	24619
2482	8130	24615
2483	8134	24613
2484	8137	24609
2485	8140	24606
2486	8143	24602
2487	8147	24598
2488	8150	24595
2489	8153	24591
2490	8156	24588
2491	8160	24584
2492	8163	24582
2493	8164	24573
2494	8168	24570
2495	8172	24568
2496	8175	24566
2497	8179	24564
2498	8183	24562
2499	8186	24559
2500	8189	24556
2501	8192	24552
2502	8195	24548
2503	8199	24544
2504	8202	24542
2505	8205	24539
2506	8209	24535
2507	8212	24533
2508	8216	24530
2509	8219	24527
2510	8222	24523
2511	8226	24521
2512	8229	24517
2513	8232	24513
2514	8235	24509
2515	8238	24507
2516	8242	24505
2517	8246	24502
2518	8249	24500
2519	8252	24496
2520	8256	24494
2521	8259	24491
2522	8263	24489
2523	8266	24485
2524	8270	24482
2525	8273	24481
2526	8277	24478
2527	8280	24475
2528	8284	24472
2529	8287	24469
2530	8291	24467
2531	8294	24464
2532	8298	24462
2533	8301	24459
2534	8305	24456
2535	8308	24453
2536	8311	24450
2537	8315	24448
2538	8319	24446
2539	8322	24444
2540	8326	24441
2541	8329	24438
2542	8332	24435
2543	8336	24431
2544	8339	24427
2545	8342	24423
2546	8345	24421
2547	8349	24418
2548	8352	24414
2549	8355	24410
2550	8358	24407
2551	8362	24405
2552	8365	24402
2553	8369	24399
2554	8372	24397
2555	8376	24396
2556	8380	24393
2557	8384	24391
2558	8387	24387
2559	8390	24385
2560	8394	24382
2561	8397	24379
2562	8401	24377
2563	8405	24376
2564	8409	24375
2565	8412	24372
2566	8415	24368
2567	8419	24365
2568	8423	24364
2569	8426	24361
2570	8429	24358
2571	8433	24356
2572	8437	24355
2573	8441	24353
2574	8445	24351
2575	8448	24349
2576	8452	24347
2577	8456	24345
2578	8459	24342
2579	8463	24339
2580	8466	24338
2581	8470	24334
2582	8474	24334
2583	8478	24332
2584	8482	24331
2585	8486	24330
2586	8489	24327
2587	8493	24326
2588	8495	24318
2589	8498	24315
2590	8502	24312
2591	8506	24310
2592	8509	24307
2593	8512	24303
2594	8515	24300
2595	8519	24297
2596	8522	24293
2597	8525	24290
2598	8529	24287
2599	8532	24284
2600	8536	24282
2601	8539	24279
2602	8543	24276
2603	8547	24275
2604	8551	24274
2605	8554	24272
2606	8558	24270
2607	8562	24268
2608	8566	24267
2609	8570	24266
2610	8574	24264
2611	8577	24262
2612	8581	24260
2613	8585	24257
2614	8588	24255
2615	8592	24254
2616	8596	24253
2617	8600	24251
2618	8604	24249
2619	8607	24246
2620	8611	24244
2621	8614	24240
2622	8618	24238
2623	8621	24235
2624	8624	24231
2625	8628	24228
2626	8631	24225
2627	8634	24222
2628	8638	24219
2629	8641	24217
2630	8645	24213
2631	8648	24210
2632	8651	24207
2633	8654	24202
2634	8658	24199
2635	8660	24195
2636	8664	24191
2637	8667	24187
2638	8670	24184
2639	8673	24179
2640	8676	24176
2641	8679	24172
2642	8682	24169
2643	8686	24166
2644	8689	24163
2645	8692	24159
2646	8696	24156
2647	8699	24152
2648	8702	24148
2649	8705	24144
2650	8707	24139
2651	8710	24134
2652	8713	24129
2653	8716	24125
2654	8719	24121
2655	8721	24116
2656	8725	24112
2657	8728	24109
2658	8731	24105
2659	8733	24100
2660	8736	24095
2661	8739	24090
2662	8742	24086
2663	8745	24083
2664	8748	24079
2665	8751	24075
2666	8754	24070
2667	8757	24066
2668	8760	24063
2669	8763	24059
2670	8766	24055
2671	8769	24050
2672	8772	24047
2673	8775	24042
2674	8778	24038
2675	8780	24032
2676	8783	24027
2677	8786	24023
2678	8789	24018
2679	8792	24014
2680	8794	24009
2681	8797	24005
2682	8800	24000
2683	8803	23995
2684	8806	23991
2685	8808	23986
2686	8812	23982
2687	8814	23978
2688	8817	23974
2689	8821	23971
2690	8824	23967
2691	8827	23963
2692	8830	23958
2693	8832	23954
2694	8835	23949
2695	8838	23945
2696	8841	23941
2697	8844	23936
2698	8847	23931
2699	8849	23927
2700	8852	23922
2701	8855	23917
2702	8857	23912
2703	8860	23907
2704	8863	23902
2705	8866	23900
2706	8869	23895
2707	8872	23890
2708	8875	23887
2709	8878	23882
2710	8880	23877
2711	8883	23873
2712	8886	23868
2713	8889	23864
2714	8891	23858
2715	8894	23853
2716	8897	23848
2717	8899	23843
2718	8902	23839
2719	8905	23834
2720	8908	23830
2721	8911	23827
2722	8914	23823
2723	8917	23819
2724	8920	23814
2725	8923	23810
2726	8926	23806
2727	8929	23802
2728	8931	23797
2729	8935	23794
2730	8938	23790
2731	8941	23787
2732	8944	23784
2733	8948	23780
2734	8951	23776
2735	8954	23772
2736	8956	23768
2737	8960	23765
2738	8963	23761
2739	8966	23757
2740	8969	23752
2741	8972	23748
2742	8974	23744
2743	8977	23739
2744	8980	23734
2745	8983	23731
2746	8986	23727
2747	8989	23723
2748	8992	23718
2749	8995	23714
2750	8997	23709
2751	9000	23705
2752	9004	23702
2753	9006	23697
2754	9009	23693
2755	9012	23688
2756	9014	23683
2757	9017	23678
2758	9020	23673
2759	9023	23669
2760	9026	23665
2761	9028	23660
2762	9031	23655
2763	9034	23652
2764	9037	23648
2765	9040	23643
2766	9043	23639
2767	9045	23634
2768	9049	23631
2769	9052	23628
2770	9056	23626
2771	9059	23623
2772	9063	23620
2773	9066	23616
2774	9069	23613
2775	9073	23611
2776	9077	23611
2777	9080	23607
2778	9084	23604
2779	9086	23599
2780	9089	23595
2781	9092	23591
2782	9095	23587
2783	9099	23584
2784	9101	23579
2785	9104	23575
2786	9107	23571
2787	9110	23567
2788	9113	23564
2789	9117	23560
2790	9120	23556
2791	9122	23552
2792	9127	23551
2793	9130	23547
2794	9133	23543
2795	9136	23539
2796	9139	23536
2797	9143	23533
2798	9146	23530
2799	9149	23527
2800	9152	23523
2801	9155	23519
2802	9159	23517
2803	9162	23513
2804	9165	23509
2805	9168	23505
2806	9171	23501
2807	9174	23498
2808	9177	23495
2809	9181	23492
2810	9184	23488
2811	9187	23485
2812	9190	23482
2813	9194	23479
2814	9197	23474
2815	9200	23471
2816	9203	23467
2817	9206	23464
2818	9209	23460
2819	9213	23458
2820	9217	23456
2821	9221	23454
2822	9224	23451
2823	9228	23449
2824	9231	23446
2825	9235	23443
2826	9238	23440
2827	9241	23436
2828	9244	23432
2829	9247	23428
2830	9249	23423
2831	9252	23419
2832	9255	23415
2833	9258	23410
2834	9261	23405
2835	9263	23400
2836	9266	23396
2837	9269	23392
2838	9272	23388
2839	9275	23383
2840	9278	23379
2841	9281	23376
2842	9284	23371
2843	9286	23367
2844	9289	23362
2845	9292	23357
2846	9295	23353
2847	9297	23349
2848	9300	23345
2849	9303	23340
2850	9306	23335
2851	9309	23331
2852	9312	23327
2853	9315	23323
2854	9317	23318
2855	9320	23314
2856	9323	23309
2857	9326	23305
2858	9329	23301
2859	9331	23297
2860	9334	23292
2861	9337	23288
2862	9341	23285
2863	9343	23280
2864	9346	23276
2865	9349	23272
2866	9352	23267
2867	9355	23264
2868	9357	23259
2869	9360	23254
2870	9363	23250
2871	9366	23245
2872	9369	23242
2873	9372	23239
2874	9375	23235
2875	9378	23231
2876	9381	23226
2877	9384	23222
2878	9386	23217
2879	9389	23213
2880	9392	23208
2881	9395	23205
2882	9398	23201
2883	9401	23198
2884	9404	23193
2885	9407	23188
2886	9410	23184
2887	9412	23180
2888	9416	23177
2889	9419	23174
2890	9422	23170
2891	9425	23166
2892	9428	23162
2893	9431	23158
2894	9434	23155
2895	9437	23151
2896	9440	23147
2897	9443	23142
2898	9446	23138
2899	9448	23133
2900	9452	23130
2901	9454	23125
2902	9457	23121
2903	9460	23116
2904	9463	23113
2905	9466	23108
2906	9469	23104
2907	9472	23100
2908	9474	23095
2909	9477	23091
2910	9480	23087
2911	9483	23084
2912	9486	23079
2913	9489	23075
2914	9493	23073
2915	9496	23070
2916	9499	23066
2917	9503	23063
2918	9506	23061
2919	9510	23060
2920	9514	23058
2921	9518	23056
2922	9521	23054
2923	9525	23052
2924	9529	23050
2925	9533	23047
2926	9537	23045
2927	9541	23045
2928	9545	23043
2929	9550	23045
2930	9554	23043
2931	9558	23041
2932	9562	23039
2933	9565	23037
2934	9569	23036
2935	9573	23033
2936	9576	23030
2937	9580	23029
2938	9584	23027
2939	9589	23026
2940	9592	23024
2941	9596	23021
2942	9600	23019
2943	9603	23017
2944	9607	23015
2945	9610	23012
2946	9614	23010
2947	9618	23008
2948	9621	23005
2949	9624	23002
2950	9628	22999
2951	9631	22995
2952	9634	22992
2953	9638	22990
2954	9642	22988
2955	9646	22986
2956	9650	22984
2957	9653	22981
2958	9657	22979
2959	9660	22976
2960	9664	22974
2961	9667	22971
2962	9671	22968
2963	9674	22965
2964	9678	22963
2965	9682	22962
2966	9686	22960
2967	9690	22959
2968	9694	22956
2969	9697	22954
2970	9700	22950
2971	9704	22948
2972	9707	22945
2973	9711	22942
2974	9714	22939
2975	9717	22936
2976	9721	22934
2977	9725	22932
2978	9729	22930
2979	9732	22926
2980	9736	22925
2981	9739	22922
2982	9743	22918
2983	9746	22915
2984	9749	22911
2985	9752	22907
2986	9755	22904
2987	9758	22900
2988	9761	22896
2989	9764	22892
2990	9767	22889
2991	9771	22886
2992	9774	22883
2993	9777	22879
2994	9780	22875
2995	9783	22872
2996	9786	22868
2997	9789	22864
2998	9793	22861
2999	9796	22857
3000	9799	22854
3001	9802	22851
3002	9805	22847
3003	9808	22844
3004	9811	22840
3005	9814	22836
3006	9817	22832
3007	9821	22829
3008	9824	22826
3009	9827	22822
3010	9831	22819
3011	9834	22816
3012	9837	22812
3013	9840	22808
3014	9843	22805
3015	9847	22802
3016	9850	22798
3017	9853	22794
3018	9855	22790
3019	9859	22787
3020	9862	22783
3021	9865	22779
3022	9868	22775
3023	9870	22770
3024	9874	22767
3025	9876	22763
3026	9879	22758
3027	9882	22754
3028	9885	22749
3029	9887	22745
3030	9890	22741
3031	9893	22736
3032	9896	22731
3033	9899	22727
3034	9901	22723
3035	9904	22719
3036	9907	22715
3037	9910	22712
3038	9913	22707
3039	9916	22703
3040	9919	22700
3041	9922	22695
3042	9925	22691
3043	9928	22687
3044	9931	22683
3045	9934	22680
3046	9937	22675
3047	9940	22673
3048	9943	22668
3049	9946	22664
3050	9948	22659
3051	9952	22656
3052	9955	22652
3053	9957	22648
3054	9961	22645
3055	9963	22640
3056	9967	22637
3057	9970	22633
3058	9973	22629
3059	9975	22624
3060	9978	22620
3061	9981	22616
3062	9984	22611
3063	9986	22607
3064	9989	22602
3065	9992	22599
3066	9995	22594
3067	9998	22590
3068	10001	22586
3069	10003	22581
3070	10006	22576
3071	10008	22572
3072	10012	22568
3073	10015	22564
3074	10017	22560
3075	10020	22556
3076	10023	22551
3077	10025	22546
3078	10028	22541
3079	10030	22537
3080	10033	22532
3081	10036	22527
3082	10038	22523
3083	10041	22518
3084	10044	22513
3085	10046	22508
3086	10049	22503
3087	10051	22499
3088	10055	22496
3089	10058	22492
3090	10060	22487
3091	10063	22482
3092	10066	22479
3093	10069	22474
3094	10071	22470
3095	10074	22466
3096	10077	22462
3097	10080	22457
3098	10082	22453
3099	10085	22448
3100	10087	22443
3101	10090	22438
3102	10092	22433
3103	10095	22429
3104	10098	22424
3105	10101	22420
3106	10104	22417
3107	10107	22412
3108	10109	22407
3109	10112	22403
3110	10115	22398
3111	10117	22393
3112	10120	22389
3113	10122	22384
3114	10125	22379
3115	10127	22374
3116	10130	22370
3117	10132	22365
3118	10135	22360
3119	10138	22355
3120	10140	22351
3121	10143	22346
3122	10146	22342
3123	10149	22338
3124	10151	22333
3125	10154	22329
3126	10157	22325
3127	10159	22320
3128	10162	22315
3129	10165	22311
3130	10167	22306
3131	10170	22302
3132	10173	22298
3133	10176	22293
3134	10178	22289
3135	10181	22284
3136	10184	22280
3137	10187	22276
3138	10190	22272
3139	10192	22268
3140	10195	22264
3141	10198	22260
3142	10201	22255
3143	10203	22251
3144	10206	22246
3145	10209	22242
3146	10212	22238
3147	10214	22233
3148	10217	22228
3149	10219	22224
3150	10222	22219
3151	10225	22214
3152	10227	22210
3153	10230	22205
3154	10232	22200
3155	10235	22195
3156	10238	22191
3157	10241	22188
3158	10243	22183
3159	10246	22178
3160	10248	22173
3161	10251	22168
3162	10253	22164
3163	10256	22159
3164	10259	22155
3165	10262	22151
3166	10264	22146
3167	10267	22141
3168	10269	22137
3169	10272	22132
3170	10275	22128
3171	10277	22123
3172	10280	22119
3173	10282	22114
3174	10285	22110
3175	10288	22106
3176	10291	22102
3177	10294	22098
3178	10297	22094
3179	10300	22090
3180	10303	22086
3181	10306	22083
3182	10309	22079
3183	10312	22075
3184	10315	22071
3185	10318	22068
3186	10321	22064
3187	10324	22060
3188	10327	22057
3189	10330	22052
3190	10333	22050
3191	10336	22045
3192	10338	22041
3193	10341	22036
3194	10344	22031
3195	10347	22028
3196	10349	22023
3197	10352	22019
3198	10355	22015
3199	10358	22010
3200	10360	22006
3201	10363	22001
3202	10365	21997
3203	10368	21993
3204	10371	21988
3205	10374	21984
3206	10376	21980
3207	10380	21977
3208	10382	21972
3209	10385	21968
3210	10388	21965
3211	10391	21961
3212	10394	21957
3213	10398	21954
3214	10400	21950
3215	10403	21946
3216	10407	21943
3217	10410	21939
3218	10413	21935
3219	10416	21932
3220	10419	21929
3221	10422	21925
3222	10426	21923
3223	10429	21920
3224	10432	21915
3225	10435	21912
3226	10438	21908
3227	10441	21904
3228	10443	21900
3229	10446	21895
3230	10449	21892
3231	10452	21888
3232	10455	21885
3233	10459	21881
3234	10462	21878
3235	10465	21875
3236	10468	21872
3237	10472	21870
3238	10475	21866
3239	10479	21863
3240	10482	21860
3241	10485	21857
3242	10488	21853
3243	10492	21851
3244	10496	21849
3245	10499	21847
3246	10503	21845
3247	10506	21841
3248	10509	21838
3249	10513	21835
3250	10517	21833
3251	10520	21830
3252	10524	21827
3253	10527	21824
3254	10530	21821
3255	10533	21818
3256	10537	21815
3257	10539	21810
3258	10542	21806
3259	10545	21803
3260	10549	21800
3261	10552	21797
3262	10555	21794
3263	10558	21790
3264	10562	21788
3265	10566	21786
3266	10569	21782
3267	10572	21779
3268	10576	21777
3269	10579	21774
3270	10582	21770
3271	10586	21767
3272	10589	21763
3273	10592	21760
3274	10595	21757
3275	10598	21753
3276	10601	21750
3277	10605	21747
3278	10608	21745
3279	10612	21742
3280	10615	21738
3281	10618	21735
3282	10621	21732
3283	10625	21729
3284	10628	21725
3285	10631	21722
3286	10634	21719
3287	10637	21715
3288	10641	21712
3289	10643	21708
3290	10647	21705
3291	10650	21701
3292	10653	21699
3293	10656	21695
3294	10660	21692
3295	10663	21689
3296	10666	21686
3297	10669	21682
3298	10673	21679
3299	10676	21675
3300	10679	21671
3301	10682	21668
3302	10686	21667
3303	10689	21663
3304	10692	21660
3305	10695	21656
3306	10699	21654
3307	10702	21650
3308	10705	21647
3309	10708	21643
3310	10711	21639
3311	10714	21636
3312	10717	21632
3313	10720	21628
3314	10723	21624
3315	10726	21620
3316	10729	21616
3317	10731	21612
3318	10734	21608
3319	10737	21604
3320	10740	21600
3321	10743	21596
3322	10747	21594
3323	10750	21590
3324	10753	21586
3325	10756	21583
3326	10758	21579
3327	10761	21575
3328	10765	21572
3329	10768	21569
3330	10771	21565
3331	10774	21561
3332	10777	21558
3333	10780	21554
3334	10783	21550
3335	10786	21546
3336	10789	21542
3337	10792	21539
3338	10795	21536
3339	10798	21533
3340	10801	21529
3341	10805	21526
3342	10808	21522
3343	10811	21519
3344	10814	21515
3345	10817	21511
3346	10819	21507
3347	10822	21503
3348	10825	21499
3349	10828	21495
3350	10831	21491
3351	10833	21486
3352	10837	21483
3353	10839	21479
3354	10842	21475
3355	10845	21471
3356	10848	21467
3357	10851	21462
3358	10853	21459
3359	10856	21455
3360	10859	21450
3361	10862	21446
3362	10864	21442
3363	10867	21437
3364	10870	21433
3365	10872	21428
3366	10875	21424
3367	10878	21420
3368	10881	21416
3369	10884	21413
3370	10887	21409
3371	10890	21406
3372	10893	21402
3373	10896	21398
3374	10899	21395
3375	10902	21391
3376	10905	21387
3377	10908	21383
3378	10910	21379
3379	10913	21375
3380	10916	21371
3381	10919	21367
3382	10922	21363
3383	10925	21359
3384	10928	21355
3385	10931	21352
3386	10934	21348
3387	10937	21345
3388	10940	21341
3389	10943	21338
3390	10946	21335
3391	10950	21332
3392	10953	21328
3393	10956	21324
3394	10959	21321
3395	10962	21318
3396	10965	21315
3397	10969	21311
3398	10972	21308
3399	10975	21305
3400	10978	21302
3401	10981	21298
3402	10984	21295
3403	10987	21291
3404	10990	21287
3405	10993	21284
3406	10997	21280
3407	11000	21277
3408	11003	21273
3409	11006	21270
3410	11009	21266
3411	11012	21263
3412	11015	21259
3413	11018	21255
3414	11021	21253
3415	11025	21249
3416	11028	21246
3417	11031	21242
3418	11034	21239
3419	11037	21235
3420	11040	21232
3421	11043	21228
3422	11046	21224
3423	11049	21220
3424	11052	21217
3425	11055	21214
3426	11058	21210
3427	11061	21206
3428	11064	21203
3429	11068	21200
3430	11071	21197
3431	11074	21193
3432	11077	21189
3433	11080	21186
3434	11083	21182
3435	11086	21178
3436	11089	21174
3437	11091	21170
3438	11094	21166
3439	11097	21162
3440	11100	21158
3441	11102	21154
3442	11105	21150
3443	11108	21146
3444	11111	21142
3445	11114	21139
3446	11117	21135
3447	11120	21130
3448	11122	21126
3449	11125	21122
3450	11128	21118
3451	11131	21114
3452	11133	21110
3453	11136	21105
3454	11139	21101
3455	11142	21097
3456	11144	21093
3457	11147	21089
3458	11150	21085
3459	11152	21080
3460	11155	21076
3461	11158	21072
3462	11161	21068
3463	11163	21064
3464	11166	21060
3465	11169	21056
3466	11172	21052
3467	11175	21049
3468	11178	21045
3469	11181	21041
3470	11183	21037
3471	11186	21033
3472	11190	21030
3473	11193	21026
3474	11196	21023
3475	11199	21019
3476	11202	21016
3477	11206	21013
3478	11209	21011
3479	11212	21007
3480	11215	21003
3481	11218	20999
3482	11221	20995
3483	11223	20991
3484	11226	20987
3485	11229	20983
3486	11232	20979
3487	11235	20975
3488	11237	20971
3489	11240	20967
3490	11243	20963
3491	11245	20958
3492	11249	20955
3493	11252	20953
3494	11255	20949
3495	11258	20945
3496	11261	20941
3497	11264	20938
3498	11267	20934
3499	11270	20930
3500	11273	20927
3501	11276	20923
3502	11279	20920
3503	11282	20916
3504	11285	20912
3505	11288	20908
3506	11291	20905
3507	11294	20901
3508	11297	20898
3509	11300	20895
3510	11304	20892
3511	11307	20889
3512	11310	20885
3513	11313	20881
3514	11316	20878
3515	11319	20874
3516	11322	20871
3517	11325	20868
3518	11328	20864
3519	11331	20860
3520	11334	20857
3521	11337	20853
3522	11340	20849
3523	11343	20845
3524	11346	20842
3525	11349	20837
3526	11351	20833
3527	11354	20829
3528	11357	20825
3529	11359	20821
3530	11362	20816
3531	11365	20813
3532	11368	20809
3533	11371	20805
3534	11374	20801
3535	11376	20797
3536	11381	20796
3537	11384	20793
3538	11388	20792
3539	11392	20788
3540	11394	20785
3541	11397	20781
3542	11400	20777
3543	11403	20773
3544	11406	20770
3545	11409	20766
3546	11413	20764
3547	11416	20760
3548	11420	20758
3549	11423	20754
3550	11426	20751
3551	11429	20747
3552	11432	20744
3553	11435	20741
3554	11438	20737
3555	11442	20735
3556	11445	20731
3557	11448	20728
3558	11451	20723
3559	11453	20719
3560	11456	20715
3561	11459	20711
3562	11462	20707
3563	11464	20703
3564	11467	20700
3565	11470	20696
3566	11473	20692
3567	11476	20688
3568	11479	20685
3569	11482	20682
3570	11485	20678
3571	11488	20674
3572	11491	20670
3573	11494	20667
3574	11498	20664
3575	11501	20661
3576	11504	20657
3577	11507	20654
3578	11510	20651
3579	11514	20649
3580	11518	20646
3581	11521	20643
3582	11524	20640
3583	11528	20638
3584	11531	20634
3585	11534	20631
3586	11537	20627
3587	11541	20624
3588	11544	20621
3589	11547	20618
3590	11551	20615
3591	11554	20612
3592	11557	20608
3593	11560	20604
3594	11563	20601
3595	11565	20597
3596	11569	20594
3597	11572	20590
3598	11575	20587
3599	11578	20583
3600	11581	20579
3601	11584	20576
3602	11586	20572
3603	11589	20568
3604	11592	20564
3605	11595	20560
3606	11597	20555
3607	11600	20551
3608	11603	20548
3609	11606	20544
3610	11608	20539
3611	11611	20535
3612	11614	20531
3613	11617	20528
3614	11620	20524
3615	11623	20520
3616	11626	20517
3617	11629	20514
3618	11632	20510
3619	11635	20507
3620	11639	20504
3621	11641	20500
3622	11645	20496
3623	11647	20493
3624	11651	20490
3625	11654	20486
3626	11657	20484
3627	11661	20480
3628	11664	20478
3629	11668	20475
3630	11671	20472
3631	11674	20468
3632	11677	20465
3633	11681	20463
3634	11685	20461
3635	11688	20458
3636	11692	20455
3637	11695	20453
3638	11699	20451
3639	11703	20448
3640	11706	20446
3641	11711	20444
3642	11714	20441
3643	11718	20439
3644	11722	20437
3645	11726	20435
3646	11729	20433
3647	11733	20430
3648	11737	20428
3649	11741	20426
3650	11744	20423
3651	11748	20421
3652	11752	20419
3653	11756	20417
3654	11760	20416
3655	11763	20413
3656	11767	20410
3657	11770	20407
3658	11774	20405
3659	11778	20402
3660	11782	20400
3661	11785	20397
3662	11789	20395
3663	11792	20392
3664	11796	20390
3665	11800	20387
3666	11803	20384
3667	11806	20381
3668	11810	20378
3669	11813	20375
3670	11816	20372
3671	11820	20370
3672	11823	20367
3673	11827	20364
3674	11830	20360
3675	11833	20357
3676	11836	20354
3677	11839	20351
3678	11843	20348
3679	11846	20345
3680	11849	20341
3681	11852	20338
3682	11855	20335
3683	11859	20331
3684	11862	20329
3685	11866	20326
3686	11869	20323
3687	11873	20321
3688	11876	20318
3689	11879	20314
3690	11883	20311
3691	11886	20308
3692	11889	20305
3693	11892	20302
3694	11896	20299
3695	11899	20295
3696	11902	20292
3697	11905	20289
3698	11908	20285
3699	11911	20282
3700	11914	20278
3701	11917	20275
3702	11921	20271
3703	11923	20268
3704	11927	20265
3705	11930	20261
3706	11933	20258
3707	11937	20256
3708	11940	20252
3709	11943	20249
3710	11946	20245
3711	11949	20242
3712	11952	20238
3713	11956	20235
3714	11959	20232
3715	11962	20228
3716	11964	20224
3717	11968	20221
3718	11970	20217
3719	11973	20213
3720	11976	20209
3721	11978	20205
3722	11982	20202
3723	11984	20197
3724	11987	20193
3725	11990	20190
3726	11993	20186
3727	11996	20182
3728	11999	20179
3729	12002	20175
3730	12005	20172
3731	12008	20169
3732	12011	20165
3733	12014	20161
3734	12017	20158
3735	12020	20155
3736	12023	20151
3737	12026	20146
3738	12029	20143
3739	12032	20140
3740	12035	20136
3741	12038	20132
3742	12041	20128
3743	12043	20124
3744	12046	20121
3745	12050	20117
3746	12052	20114
3747	12056	20110
3748	12058	20106
3749	12061	20102
3750	12064	20098
3751	12066	20094
3752	12069	20090
3753	12072	20087
3754	12075	20083
3755	12078	20079
3756	12081	20075
3757	12083	20070
3758	12086	20066
3759	12089	20062
3760	12091	20058
3761	12094	20054
3762	12096	20050
3763	12099	20045
3764	12102	20041
3765	12104	20037
3766	12107	20032
3767	12109	20028
3768	12112	20024
3769	12115	20020
3770	12117	20016
3771	12120	20012
3772	12123	20008
3773	12126	20005
3774	12128	20000
3775	12131	19996
3776	12133	19991
3777	12136	19987
3778	12139	19984
3779	12142	19980
3780	12144	19975
3781	12147	19971
3782	12149	19967
3783	12152	19963
3784	12155	19958
3785	12157	19954
3786	12160	19950
3787	12162	19945
3788	12165	19942
3789	12168	19938
3790	12171	19934
3791	12173	19930
3792	12176	19925
3793	12179	19921
3794	12181	19917
3795	12184	19913
3796	12187	19910
3797	12190	19906
3798	12192	19902
3799	12195	19898
3800	12198	19893
3801	12200	19889
3802	12203	19885
3803	12205	19881
3804	12208	19877
3805	12211	19873
3806	12214	19869
3807	12217	19865
3808	12219	19861
3809	12222	19857
3810	12224	19852
3811	12227	19848
3812	12230	19845
3813	12233	19841
3814	12236	19837
3815	12238	19833
3816	12241	19829
3817	12244	19826
3818	12247	19822
3819	12250	19818
3820	12252	19814
3821	12255	19810
3822	12258	19807
3823	12261	19803
3824	12264	19799
3825	12267	19795
3826	12269	19791
3827	12272	19787
3828	12275	19783
3829	12278	19779
3830	12280	19775
3831	12283	19772
3832	12286	19767
3833	12289	19764
3834	12292	19760
3835	12295	19756
3836	12297	19752
3837	12300	19749
3838	12304	19746
3839	12306	19741
3840	12309	19738
3841	12312	19734
3842	12314	19730
3843	12317	19725
3844	12320	19722
3845	12323	19718
3846	12326	19714
3847	12328	19710
3848	12331	19706
3849	12334	19702
3850	12336	19698
3851	12339	19694
3852	12341	19689
3853	12344	19685
3854	12346	19681
3855	12350	19678
3856	12352	19674
3857	12355	19670
3858	12358	19666
3859	12360	19662
3860	12363	19658
3861	12366	19654
3862	12369	19650
3863	12372	19646
3864	12374	19642
3865	12377	19639
3866	12380	19634
3867	12383	19631
3868	12386	19627
3869	12388	19623
3870	12391	19619
3871	12394	19616
3872	12397	19612
3873	12399	19608
3874	12402	19603
3875	12405	19600
3876	12407	19595
3877	12410	19591
3878	12412	19587
3879	12415	19583
3880	12418	19579
3881	12420	19575
3882	12423	19571
3883	12426	19567
3884	12429	19563
3885	12431	19559
3886	12434	19555
3887	12437	19551
3888	12440	19548
3889	12443	19544
3890	12446	19541
3891	12449	19537
3892	12452	19534
3893	12455	19531
3894	12459	19528
3895	12462	19525
3896	12465	19522
3897	12468	19519
3898	12471	19515
3899	12474	19511
3900	12477	19508
3901	12480	19504
3902	12483	19500
3903	12485	19496
3904	12489	19493
3905	12491	19489
3906	12494	19485
3907	12497	19481
3908	12499	19477
3909	12502	19473
3910	12505	19469
3911	12508	19465
3912	12510	19461
3913	12513	19457
3914	12516	19453
3915	12518	19449
3916	12521	19445
3917	12524	19441
3918	12526	19437
3919	12529	19433
3920	12532	19430
3921	12535	19426
3922	12538	19423
3923	12541	19419
3924	12544	19415
3925	12547	19412
3926	12550	19409
3927	12553	19405
3928	12556	19401
3929	12559	19397
3930	12562	19394
3931	12564	19390
3932	12567	19387
3933	12570	19383
3934	12573	19379
3935	12576	19375
3936	12579	19373
3937	12583	19370
3938	12586	19366
3939	12589	19362
3940	12591	19359
3941	12594	19355
3942	12597	19351
3943	12600	19347
3944	12602	19343
3945	12605	19339
3946	12608	19335
3947	12611	19332
3948	12613	19328
3949	12616	19324
3950	12619	19320
3951	12622	19316
3952	12625	19313
3953	12628	19309
3954	12630	19305
3955	12633	19301
3956	12636	19297
3957	12638	19293
3958	12641	19290
3959	12644	19286
3960	12648	19283
3961	12653	19282
3962	12656	19280
3963	12660	19278
3964	12663	19275
3965	12667	19272
3966	12670	19269
3967	12674	19266
3968	12678	19264
3969	12682	19262
3970	12685	19260
3971	12690	19258
3972	12693	19256
3973	12697	19253
3974	12701	19251
3975	12704	19248
3976	12707	19244
3977	12710	19241
3978	12713	19238
3979	12717	19235
3980	12720	19232
3981	12723	19229
3982	12726	19225
3983	12729	19221
3984	12732	19218
3985	12735	19214
3986	12738	19211
3987	12741	19207
3988	12744	19204
3989	12747	19200
3990	12750	19197
3991	12752	19193
3992	12755	19189
3993	12758	19186
3994	12762	19183
3995	12765	19180
3996	12768	19177
3997	12772	19174
3998	12775	19170
3999	12778	19167
4000	12781	19164
4001	12784	19161
4002	12787	19157
4003	12791	19154
4004	12794	19151
4005	12797	19148
4006	12801	19146
4007	12804	19142
4008	12808	19140
4009	12811	19137
4010	12815	19134
4011	12818	19131
4012	12821	19128
4013	12824	19125
4014	12827	19122
4015	12831	19118
4016	12833	19115
4017	12837	19112
4018	12840	19109
4019	12844	19106
4020	12847	19103
4021	12851	19101
4022	12855	19099
4023	12858	19096
4024	12861	19093
4025	12865	19089
4026	12868	19086
4027	12871	19083
4028	12875	19080
4029	12877	19077
4030	12881	19074
4031	12884	19071
4032	12887	19068
4033	12890	19064
4034	12894	19061
4035	12897	19058
4036	12901	19056
4037	12904	19052
4038	12907	19049
4039	12910	19046
4040	12913	19043
4041	12917	19040
4042	12920	19036
4043	12923	19033
4044	12926	19029
4045	12929	19026
4046	12932	19022
4047	12935	19019
4048	12938	19016
4049	12941	19012
4050	12944	19009
4051	12947	19006
4052	12950	19003
4053	12954	18999
4054	12957	18996
4055	12960	18992
4056	12963	18989
4057	12965	18985
4058	12969	18982
4059	12972	18979
4060	12975	18976
4061	12978	18972
4062	12981	18968
4063	12984	18965
4064	12987	18961
4065	12990	18958
4066	12993	18955
4067	12996	18951
4068	12999	18947
4069	13002	18944
4070	13004	18940
4071	13007	18936
4072	13010	18932
4073	13013	18928
4074	13016	18925
4075	13018	18921
4076	13021	18917
4077	13024	18913
4078	13026	18909
4079	13029	18905
4080	13032	18902
4081	13035	18898
4082	13038	18895
4083	13041	18892
4084	13044	18888
4085	13047	18884
4086	13050	18881
4087	13053	18877
4088	13056	18874
4089	13059	18870
4090	13061	18866
4091	13064	18862
4092	13067	18858
4093	13070	18854
4094	13072	18850
4095	13075	18846
4096	13078	18843
4097	13081	18839
4098	13084	18836
4099	13086	18832
4100	13089	18828
4101	13092	18824
4102	13094	18820
4103	13097	18816
4104	13100	18812
4105	13102	18808
4106	13105	18804
4107	13107	18800
4108	13110	18796
4109	13113	18792
4110	13115	18788
4111	13118	18784
4112	13120	18779
4113	13123	18775
4114	13126	18771
4115	13128	18767
4116	13131	18764
4117	13134	18760
4118	13136	18756
4119	13139	18752
4120	13141	18747
4121	13144	18743
4122	13146	18739
4123	13149	18736
4124	13152	18732
4125	13155	18728
4126	13158	18725
4127	13161	18721
4128	13164	18718
4129	13167	18715
4130	13170	18711
4131	13173	18707
4132	13176	18704
4133	13178	18700
4134	13181	18696
4135	13183	18692
4136	13186	18688
4137	13189	18684
4138	13191	18680
4139	13194	18676
4140	13196	18672
4141	13199	18668
4142	13202	18664
4143	13205	18660
4144	13207	18656
4145	13210	18652
4146	13213	18648
4147	13215	18645
4148	13219	18642
4149	13222	18638
4150	13224	18633
4151	13227	18630
4152	13229	18626
4153	13232	18622
4154	13235	18618
4155	13237	18614
4156	13240	18611
4157	13243	18607
4158	13246	18603
4159	13249	18599
4160	13251	18595
4161	13254	18592
4162	13257	18588
4163	13260	18584
4164	13262	18580
4165	13266	18577
4166	13268	18574
4167	13271	18569
4168	13274	18566
4169	13276	18562
4170	13279	18558
4171	13282	18554
4172	13285	18550
4173	13287	18546
4174	13290	18542
4175	13292	18538
4176	13295	18534
4177	13297	18530
4178	13300	18526
4179	13303	18522
4180	13305	18518
4181	13308	18514
4182	13311	18511
4183	13314	18507
4184	13316	18503
4185	13319	18499
4186	13323	18497
4187	13326	18493
4188	13329	18490
4189	13331	18486
4190	13334	18481
4191	13336	18477
4192	13339	18473
4193	13341	18469
4194	13344	18465
4195	13347	18461
4196	13349	18457
4197	13352	18453
4198	13354	18450
4199	13358	18446
4200	13360	18442
4201	13363	18439
4202	13366	18435
4203	13369	18431
4204	13371	18427
4205	13374	18424
4206	13377	18420
4207	13379	18416
4208	13382	18412
4209	13384	18408
4210	13387	18404
4211	13390	18400
4212	13393	18396
4213	13396	18393
4214	13399	18389
4215	13401	18386
4216	13405	18383
4217	13408	18379
4218	13411	18376
4219	13413	18372
4220	13416	18368
4221	13419	18364
4222	13422	18361
4223	13425	18358
4224	13429	18355
4225	13432	18353
4226	13435	18349
4227	13438	18346
4228	13442	18343
4229	13445	18340
4230	13448	18337
4231	13452	18334
4232	13455	18331
4233	13458	18328
4234	13461	18324
4235	13464	18321
4236	13466	18317
4237	13469	18313
4238	13472	18309
4239	13475	18306
4240	13478	18302
4241	13481	18299
4242	13484	18296
4243	13487	18292
4244	13489	18288
4245	13492	18284
4246	13495	18281
4247	13498	18277
4248	13501	18274
4249	13504	18270
4250	13507	18267
4251	13510	18263
4252	13512	18259
4253	13515	18256
4254	13518	18252
4255	13521	18248
4256	13524	18245
4257	13527	18241
4258	13529	18237
4259	13532	18233
4260	13535	18230
4261	13538	18226
4262	13541	18223
4263	13544	18219
4264	13547	18216
4265	13549	18212
4266	13552	18208
4267	13555	18204
4268	13558	18201
4269	13561	18198
4270	13564	18195
4271	13567	18191
4272	13569	18187
4273	13572	18183
4274	13575	18179
4275	13578	18176
4276	13581	18172
4277	13583	18169
4278	13587	18166
4279	13590	18162
4280	13592	18158
4281	13595	18155
4282	13599	18152
4283	13602	18148
4284	13605	18145
4285	13608	18142
4286	13611	18139
4287	13614	18136
4288	13618	18133
4289	13620	18129
4290	13623	18125
4291	13626	18122
4292	13629	18118
4293	13632	18115
4294	13636	18112
4295	13638	18108
4296	13641	18105
4297	13644	18101
4298	13647	18098
4299	13650	18094
4300	13653	18091
4301	13656	18087
4302	13659	18084
4303	13662	18081
4304	13665	18078
4305	13668	18074
4306	13671	18070
4307	13674	18067
4308	13677	18063
4309	13680	18061
4310	13683	18057
4311	13688	18056
4312	13690	18052
4313	13692	18047
4314	13695	18044
4315	13698	18040
4316	13701	18036
4317	13704	18032
4318	13706	18029
4319	13709	18025
4320	13712	18021
4321	13715	18018
4322	13717	18014
4323	13720	18010
4324	13723	18006
4325	13726	18003
4326	13728	17999
4327	13731	17995
4328	13733	17991
4329	13736	17987
4330	13739	17983
4331	13742	17980
4332	13745	17977
4333	13747	17973
4334	13750	17969
4335	13753	17965
4336	13756	17961
4337	13758	17957
4338	13761	17953
4339	13763	17949
4340	13766	17945
4341	13768	17942
4342	13771	17938
4343	13774	17934
4344	13778	17932
4345	13781	17928
4346	13783	17924
4347	13786	17920
4348	13788	17916
4349	13791	17913
4350	13794	17909
4351	13796	17905
4352	13799	17901
4353	13802	17897
4354	13804	17894
4355	13807	17890
4356	13810	17886
4357	13813	17882
4358	13815	17879
4359	13819	17876
4360	13821	17872
4361	13824	17868
4362	13826	17864
4363	13829	17860
4364	13832	17857
4365	13835	17853
4366	13838	17849
4367	13840	17846
4368	13843	17842
4369	13846	17838
4370	13848	17834
4371	13851	17830
4372	13854	17827
4373	13856	17823
4374	13859	17819
4375	13862	17815
4376	13865	17812
4377	13868	17809
4378	13870	17804
4379	13873	17801
4380	13876	17797
4381	13878	17793
4382	13881	17789
4383	13884	17785
4384	13886	17782
4385	13889	17778
4386	13892	17774
4387	13895	17771
4388	13898	17767
4389	13901	17764
4390	13903	17760
4391	13907	17757
4392	13910	17754
4393	13914	17752
4394	13917	17749
4395	13922	17748
4396	13926	17745
4397	13929	17742
4398	13932	17739
4399	13935	17736
4400	13938	17733
4401	13942	17730
4402	13945	17727
4403	13949	17724
4404	13952	17721
4405	13956	17719
4406	13960	17717
4407	13963	17714
4408	13966	17711
4409	13970	17708
4410	13973	17705
4411	13977	17702
4412	13980	17699
4413	13983	17696
4414	13986	17693
4415	13990	17690
4416	13993	17687
4417	13996	17684
4418	13999	17681
4419	14003	17678
4420	14006	17675
4421	14009	17671
4422	14012	17668
4423	14015	17665
4424	14019	17662
4425	14022	17659
4426	14025	17656
4427	14028	17652
4428	14031	17649
4429	14034	17646
4430	14037	17642
4431	14040	17639
4432	14043	17636
4433	14047	17633
4434	14050	17630
4435	14053	17627
4436	14056	17624
4437	14059	17620
4438	14062	17617
4439	14065	17614
4440	14068	17610
4441	14072	17607
4442	14075	17604
4443	14078	17601
4444	14081	17597
4445	14084	17594
4446	14087	17591
4447	14091	17588
4448	14094	17586
4449	14098	17583
4450	14101	17579
4451	14104	17576
4452	14107	17573
4453	14110	17570
4454	14113	17566
4455	14116	17563
4456	14119	17559
4457	14122	17555
4458	14125	17552
4459	14128	17549
4460	14131	17546
4461	14134	17542
4462	14137	17539
4463	14141	17537
4464	14144	17534
4465	14147	17530
4466	14150	17527
4467	14153	17524
4468	14156	17520
4469	14160	17518
4470	14163	17514
4471	14166	17511
4472	14169	17507
4473	14172	17505
4474	14176	17502
4475	14179	17499
4476	14182	17496
4477	14186	17493
4478	14189	17490
4479	14193	17488
4480	14196	17484
4481	14199	17481
4482	14202	17478
4483	14205	17474
4484	14208	17471
4485	14212	17468
4486	14215	17465
4487	14218	17462
4488	14221	17458
4489	14223	17455
4490	14226	17451
4491	14229	17448
4492	14232	17445
4493	14235	17441
4494	14238	17437
4495	14241	17433
4496	14243	17430
4497	14246	17426
4498	14250	17423
4499	14252	17420
4500	14255	17416
4501	14258	17412
4502	14260	17408
4503	14263	17405
4504	14266	17401
4505	14268	17397
4506	14271	17393
4507	14274	17389
4508	14277	17386
4509	14279	17382
4510	14282	17378
4511	14284	17374
4512	14287	17371
4513	14290	17367
4514	14293	17364
4515	14295	17360
4516	14298	17356
4517	14301	17352
4518	14303	17348
4519	14306	17345
4520	14309	17341
4521	14311	17337
4522	14314	17333
4523	14317	17329
4524	14319	17326
4525	14323	17323
4526	14326	17319
4527	14328	17316
4528	14331	17312
4529	14334	17308
4530	14336	17304
4531	14339	17300
4532	14342	17297
4533	14345	17294
4534	14348	17290
4535	14351	17288
4536	14355	17285
4537	14358	17281
4538	14361	17278
4539	14363	17274
4540	14366	17271
4541	14370	17268
4542	14372	17264
4543	14375	17260
4544	14377	17256
4545	14380	17252
4546	14383	17249
4547	14386	17245
4548	14388	17241
4549	14391	17237
4550	14393	17234
4551	14396	17230
4552	14399	17226
4553	14401	17222
4554	14404	17218
4555	14407	17215
4556	14409	17211
4557	14412	17207
4558	14416	17205
4559	14419	17201
4560	14422	17198
4561	14424	17194
4562	14427	17191
4563	14430	17187
4564	14433	17184
4565	14436	17181
4566	14439	17177
4567	14442	17174
4568	14445	17170
4569	14447	17166
4570	14450	17162
4571	14452	17158
4572	14455	17155
4573	14458	17151
4574	14462	17149
4575	14464	17145
4576	14467	17141
4577	14470	17137
4578	14472	17133
4579	14475	17130
4580	14478	17127
4581	14481	17123
4582	14484	17120
4583	14487	17116
4584	14490	17113
4585	14493	17109
4586	14495	17105
4587	14498	17102
4588	14500	17098
4589	14503	17094
4590	14506	17091
4591	14509	17087
4592	14512	17084
4593	14514	17080
4594	14517	17076
4595	14520	17072
4596	14522	17069
4597	14525	17065
4598	14528	17062
4599	14531	17058
4600	14533	17054
4601	14536	17050
4602	14539	17047
4603	14541	17043
4604	14544	17039
4605	14547	17035
4606	14549	17031
4607	14552	17028
4608	14555	17024
4609	14557	17021
4610	14560	17017
4611	14563	17013
4612	14566	17010
4613	14568	17006
4614	14571	17002
4615	14574	16999
4616	14576	16995
4617	14579	16991
4618	14582	16987
4619	14584	16983
4620	14587	16980
4621	14589	16976
4622	14592	16972
4623	14595	16969
4624	14599	16966
4625	14601	16963
4626	14604	16959
4627	14607	16955
4628	14609	16951
4629	14612	16948
4630	14615	16944
4631	14617	16940
4632	14620	16936
4633	14623	16933
4634	14625	16929
4635	14628	16925
4636	14631	16922
4637	14634	16918
4638	14636	16914
4639	14639	16911
4640	14642	16907
4641	14645	16904
4642	14648	16901
4643	14651	16897
4644	14654	16894
4645	14657	16891
4646	14660	16887
4647	14663	16884
4648	14666	16880
4649	14669	16877
4650	14672	16874
4651	14675	16870
4652	14678	16867
4653	14680	16863
4654	14683	16859
4655	14685	16856
4656	14689	16853
4657	14692	16849
4658	14694	16846
4659	14697	16842
4660	14700	16838
4661	14703	16835
4662	14705	16831
4663	14708	16827
4664	14711	16824
4665	14714	16820
4666	14717	16817
4667	14719	16813
4668	14722	16810
4669	14725	16806
4670	14728	16802
4671	14731	16799
4672	14734	16796
4673	14737	16793
4674	14740	16789
4675	14743	16786
4676	14746	16782
4677	14749	16779
4678	14752	16776
4679	14754	16772
4680	14757	16769
4681	14761	16766
4682	14764	16762
4683	14766	16759
4684	14769	16756
4685	14772	16752
4686	14775	16748
4687	14777	16744
4688	14780	16741
4689	14783	16738
4690	14786	16734
4691	14789	16731
4692	14792	16727
4693	14795	16724
4694	14798	16721
4695	14801	16717
4696	14804	16714
4697	14807	16710
4698	14810	16707
4699	14813	16704
4700	14816	16701
4701	14818	16697
4702	14821	16693
4703	14824	16690
4704	14827	16687
4705	14831	16684
4706	14833	16680
4707	14837	16677
4708	14840	16675
4709	14844	16672
4710	14847	16669
4711	14850	16666
4712	14853	16663
4713	14857	16659
4714	14860	16656
4715	14863	16653
4716	14866	16650
4717	14869	16646
4718	14873	16644
4719	14876	16641
4720	14879	16638
4721	14882	16634
4722	14885	16631
4723	14888	16628
4724	14891	16625
4725	14894	16622
4726	14898	16618
4727	14901	16615
4728	14904	16612
4729	14907	16609
4730	14910	16605
4731	14913	16602
4732	14916	16599
4733	14920	16597
4734	14923	16593
4735	14926	16590
4736	14929	16587
4737	14932	16584
4738	14935	16580
4739	14938	16577
4740	14941	16574
4741	14944	16570
4742	14947	16567
4743	14950	16563
4744	14953	16560
4745	14957	16558
4746	14960	16554
4747	14963	16551
4748	14966	16549
4749	14970	16546
4750	14973	16542
4751	14976	16539
4752	14979	16536
4753	14982	16533
4754	14985	16530
4755	14988	16526
4756	14991	16523
4757	14995	16520
4758	14998	16517
4759	15001	16514
4760	15004	16510
4761	15007	16507
4762	15011	16505
4763	15014	16502
4764	15017	16498
4765	15020	16495
4766	15023	16492
4767	15026	16489
4768	15030	16486
4769	15033	16482
4770	15036	16479
4771	15039	16476
4772	15042	16473
4773	15045	16470
4774	15049	16467
4775	15052	16464
4776	15056	16461
4777	15059	16458
4778	15062	16455
4779	15065	16452
4780	15068	16449
4781	15071	16446
4782	15075	16443
4783	15078	16440
4784	15082	16437
4785	15085	16434
4786	15089	16432
4787	15092	16428
4788	15095	16425
4789	15098	16422
4790	15102	16420
4791	15105	16417
4792	15108	16413
4793	15111	16410
4794	15114	16407
4795	15117	16403
4796	15120	16400
4797	15123	16397
4798	15126	16394
4799	15129	16390
4800	15133	16387
4801	15136	16384
4802	15139	16381
4803	15142	16378
4804	15145	16374
4805	15149	16372
4806	15152	16368
4807	15155	16365
4808	15158	16362
4809	15161	16358
4810	15164	16355
4811	15167	16352
4812	15170	16349
4813	15173	16346
4814	15176	16342
4815	15179	16339
4816	15181	16335
4817	15184	16331
4818	15187	16328
4819	15190	16324
4820	15193	16321
4821	15196	16318
4822	15198	16314
4823	15201	16310
4824	15204	16307
4825	15207	16304
4826	15210	16300
4827	15213	16297
4828	15216	16294
4829	15220	16291
4830	15223	16288
4831	15226	16285
4832	15230	16282
4833	15233	16279
4834	15236	16276
4835	15240	16273
4836	15243	16270
4837	15245	16267
4838	15248	16263
4839	15251	16260
4840	15254	16256
4841	15257	16253
4842	15260	16250
4843	15263	16246
4844	15266	16243
4845	15269	16240
4846	15272	16236
4847	15275	16233
4848	15278	16229
4849	15281	16226
4850	15284	16223
4851	15287	16220
4852	15290	16216
4853	15293	16213
4854	15297	16210
4855	15301	16208
4856	15305	16206
4857	15308	16203
4858	15312	16201
4859	15315	16198
4860	15319	16195
4861	15322	16192
4862	15326	16189
4863	15329	16186
4864	15332	16183
4865	15336	16180
4866	15338	16177
4867	15342	16174
4868	15345	16170
4869	15348	16167
4870	15350	16163
4871	15354	16160
4872	15357	16157
4873	15360	16154
4874	15363	16151
4875	15366	16148
4876	15369	16144
4877	15371	16140
4878	15374	16137
4879	15377	16133
4880	15380	16130
4881	15383	16127
4882	15386	16124
4883	15389	16120
4884	15391	16116
4885	15395	16113
4886	15398	16110
4887	15401	16107
4888	15404	16103
4889	15406	16100
4890	15409	16096
4891	15412	16093
4892	15415	16089
4893	15417	16085
4894	15420	16082
4895	15423	16078
4896	15426	16075
4897	15429	16071
4898	15431	16068
4899	15435	16065
4900	15438	16061
4901	15441	16058
4902	15444	16055
4903	15447	16052
4904	15451	16049
4905	15454	16046
4906	15458	16043
4907	15460	16040
4908	15463	16036
4909	15466	16033
4910	15469	16030
4911	15472	16027
4912	15476	16024
4913	15479	16021
4914	15482	16017
4915	15485	16014
4916	15487	16010
4917	15491	16007
4918	15494	16004
4919	15497	16001
4920	15500	15997
4921	15503	15994
4922	15506	15991
4923	15508	15987
4924	15511	15983
4925	15514	15980
4926	15517	15977
4927	15520	15974
4928	15523	15970
4929	15526	15967
4930	15529	15963
4931	15532	15960
4932	15535	15957
4933	15537	15953
4934	15540	15949
4935	15543	15946
4936	15546	15943
4937	15549	15939
4938	15552	15936
4939	15554	15932
4940	15557	15928
4941	15560	15925
4942	15563	15921
4943	15566	15918
4944	15569	15915
4945	15572	15912
4946	15574	15908
4947	15577	15905
4948	15580	15901
4949	15582	15897
4950	15585	15894
4951	15588	15890
4952	15591	15887
4953	15594	15884
4954	15597	15880
4955	15600	15877
4956	15603	15873
4957	15607	15871
4958	15611	15869
4959	15614	15866
4960	15617	15863
4961	15620	15859
4962	15623	15856
4963	15626	15853
4964	15629	15850
4965	15634	15848
4966	15637	15845
4967	15640	15842
4968	15643	15838
4969	15647	15836
4970	15650	15833
4971	15655	15831
4972	15659	15829
4973	15663	15827
4974	15668	15825
4975	15673	15824
4976	15676	15821
4977	15680	15819
4978	15684	15816
4979	15687	15813
4980	15690	15810
4981	15694	15808
4982	15698	15805
4983	15701	15802
4984	15704	15798
4985	15707	15795
4986	15710	15792
4987	15714	15790
4988	15718	15788
4989	15722	15785
4990	15725	15781
4991	15729	15779
4992	15733	15777
4993	15737	15774
4994	15740	15771
4995	15743	15768
4996	15746	15765
4997	15749	15761
4998	15751	15758
4999	15754	15754
5000	15757	15751
5001	15761	15748
5002	15764	15745
5003	15767	15742
5004	15770	15738
5005	15773	15735
5006	15776	15732
5007	15779	15729
5008	15784	15727
5009	15789	15725
5010	15792	15723
5011	15795	15720
5012	15798	15716
5013	15801	15713
5014	15804	15710
5015	15807	15706
5016	15811	15704
5017	15814	15700
5018	15817	15697
5019	15820	15694
5020	15823	15691
5021	15826	15687
5022	15829	15684
5023	15832	15681
5024	15836	15678
5025	15839	15676
5026	15843	15673
5027	15845	15669
5028	15848	15666
5029	15851	15662
5030	15854	15659
5031	15857	15655
5032	15860	15652
5033	15862	15648
5034	15866	15645
5035	15869	15642
5036	15872	15639
5037	15875	15635
5038	15878	15632
5039	15881	15629
5040	15885	15626
5041	15887	15623
5042	15891	15620
5043	15894	15616
5044	15897	15613
5045	15900	15610
5046	15904	15608
5047	15907	15605
5048	15911	15602
5049	15915	15599
5050	15918	15596
5051	15921	15593
5052	15924	15590
5053	15927	15586
5054	15930	15583
5055	15933	15580
5056	15935	15576
5057	15938	15573
5058	15941	15570
5059	15945	15567
5060	15948	15563
5061	15950	15560
5062	15953	15556
5063	15956	15553
5064	15959	15549
5065	15962	15546
5066	15965	15543
5067	15968	15540
5068	15972	15537
5069	15975	15534
5070	15979	15531
5071	15983	15529
5072	15986	15526
5073	15990	15523
5074	15993	15521
5075	15996	15517
5076	15999	15514
5077	16002	15511
5078	16005	15507
5079	16008	15504
5080	16011	15501
5081	16014	15497
5082	16017	15494
5083	16021	15491
5084	16024	15488
5085	16027	15485
5086	16030	15482
5087	16033	15479
5088	16036	15475
5089	16039	15472
5090	16042	15469
5091	16045	15465
5092	16048	15462
5093	16051	15459
5094	16054	15456
5095	16058	15453
5096	16062	15451
5097	16066	15448
5098	16069	15445
5099	16072	15442
5100	16075	15438
5101	16078	15435
5102	16081	15432
5103	16085	15429
5104	16088	15426
5105	16092	15424
5106	16095	15421
5107	16099	15418
5108	16104	15416
5109	16107	15414
5110	16113	15413
5111	16117	15410
5112	16121	15409
5113	16125	15406
5114	16129	15403
5115	16132	15401
5116	16138	15400
5117	16144	15399
5118	16147	15397
5119	16151	15394
5120	16155	15392
5121	16159	15389
5122	16163	15386
5123	16166	15384
5124	16171	15382
5125	16175	15380
5126	16179	15378
5127	16183	15375
5128	16187	15373
5129	16190	15370
5130	16194	15367
5131	16198	15364
5132	16201	15362
5133	16205	15359
5134	16209	15356
5135	16213	15354
5136	16216	15351
5137	16220	15348
5138	16223	15346
5139	16227	15343
5140	16230	15340
5141	16233	15336
5142	16236	15333
5143	16240	15330
5144	16243	15327
5145	16246	15325
5146	16250	15322
5147	16253	15318
5148	16257	15316
5149	16260	15313
5150	16263	15310
5151	16267	15307
5152	16270	15304
5153	16273	15301
5154	16277	15298
5155	16280	15295
5156	16284	15292
5157	16288	15290
5158	16292	15287
5159	16296	15285
5160	16299	15282
5161	16302	15279
5162	16306	15276
5163	16309	15273
5164	16312	15270
5165	16316	15267
5166	16319	15264
5167	16323	15261
5168	16326	15258
5169	16329	15255
5170	16333	15252
5171	16337	15250
5172	16341	15248
5173	16345	15245
5174	16348	15242
5175	16352	15239
5176	16355	15237
5177	16359	15234
5178	16362	15231
5179	16365	15228
5180	16369	15225
5181	16372	15222
5182	16375	15219
5183	16379	15216
5184	16382	15213
5185	16386	15210
5186	16389	15207
5187	16392	15204
5188	16395	15200
5189	16398	15197
5190	16401	15194
5191	16405	15191
5192	16408	15188
5193	16411	15185
5194	16415	15183
5195	16418	15180
5196	16422	15177
5197	16425	15174
5198	16428	15171
5199	16432	15168
5200	16435	15165
5201	16438	15161
5202	16440	15157
5203	16443	15154
5204	16446	15150
5205	16449	15147
5206	16452	15144
5207	16455	15141
5208	16458	15137
5209	16461	15134
5210	16464	15131
5211	16467	15127
5212	16470	15124
5213	16473	15121
5214	16476	15118
5215	16479	15115
5216	16482	15111
5217	16485	15107
5218	16488	15104
5219	16490	15100
5220	16493	15097
5221	16496	15093
5222	16499	15090
5223	16501	15086
5224	16504	15082
5225	16507	15079
5226	16509	15075
5227	16512	15072
5228	16515	15068
5229	16518	15065
5230	16521	15062
5231	16525	15059
5232	16528	15056
5233	16531	15053
5234	16534	15049
5235	16536	15046
5236	16539	15042
5237	16542	15038
5238	16544	15035
5239	16547	15031
5240	16549	15027
5241	16552	15024
5242	16555	15020
5243	16557	15017
5244	16560	15013
5245	16563	15009
5246	16565	15005
5247	16568	15002
5248	16571	14999
5249	16574	14995
5250	16577	14992
5251	16579	14988
5252	16582	14985
5253	16585	14981
5254	16587	14978
5255	16590	14974
5256	16592	14970
5257	16595	14967
5258	16598	14963
5259	16600	14959
5260	16603	14956
5261	16606	14952
5262	16610	14950
5263	16613	14947
5264	16616	14944
5265	16619	14940
5266	16622	14937
5267	16625	14934
5268	16628	14930
5269	16631	14927
5270	16634	14923
5271	16637	14920
5272	16639	14916
5273	16642	14912
5274	16644	14909
5275	16647	14905
5276	16650	14902
5277	16653	14898
5278	16655	14895
5279	16658	14891
5280	16661	14888
5281	16664	14885
5282	16667	14881
5283	16669	14878
5284	16672	14874
5285	16675	14871
5286	16678	14867
5287	16681	14864
5288	16683	14860
5289	16686	14857
5290	16689	14853
5291	16692	14850
5292	16694	14846
5293	16697	14843
5294	16700	14839
5295	16703	14836
5296	16706	14833
5297	16709	14829
5298	16712	14826
5299	16714	14822
5300	16717	14818
5301	16719	14814
5302	16722	14811
5303	16724	14807
5304	16727	14804
5305	16730	14800
5306	16733	14797
5307	16736	14793
5308	16738	14790
5309	16741	14786
5310	16744	14783
5311	16746	14779
5312	16749	14775
5313	16753	14773
5314	16756	14769
5315	16759	14766
5316	16761	14763
5317	16764	14759
5318	16767	14756
5319	16770	14753
5320	16773	14749
5321	16775	14745
5322	16778	14742
5323	16781	14738
5324	16783	14735
5325	16786	14731
5326	16789	14727
5327	16791	14724
5328	16794	14720
5329	16797	14717
5330	16800	14714
5331	16802	14710
5332	16805	14707
5333	16808	14703
5334	16811	14700
5335	16814	14696
5336	16817	14693
5337	16820	14690
5338	16823	14686
5339	16826	14683
5340	16829	14680
5341	16832	14677
5342	16835	14673
5343	16838	14670
5344	16841	14667
5345	16844	14664
5346	16847	14660
5347	16850	14657
5348	16853	14653
5349	16856	14650
5350	16859	14647
5351	16862	14644
5352	16864	14640
5353	16867	14637
5354	16870	14633
5355	16873	14630
5356	16875	14626
5357	16878	14623
5358	16882	14620
5359	16885	14617
5360	16888	14614
5361	16891	14610
5362	16894	14607
5363	16897	14604
5364	16899	14600
5365	16903	14597
5366	16906	14594
5367	16909	14591
5368	16912	14587
5369	16915	14584
5370	16918	14581
5371	16921	14577
5372	16925	14575
5373	16928	14571
5374	16931	14568
5375	16935	14566
5376	16938	14563
5377	16941	14559
5378	16944	14556
5379	16947	14553
5380	16950	14550
5381	16953	14547
5382	16956	14543
5383	16959	14540
5384	16963	14537
5385	16966	14534
5386	16969	14531
5387	16972	14528
5388	16975	14525
5389	16979	14522
5390	16983	14520
5391	16987	14517
5392	16990	14514
5393	16993	14510
5394	16996	14507
5395	16999	14504
5396	17002	14501
5397	17005	14497
5398	17008	14494
5399	17012	14491
5400	17015	14488
5401	17017	14485
5402	17020	14481
5403	17023	14478
5404	17026	14475
5405	17029	14471
5406	17032	14468
5407	17034	14464
5408	17037	14461
5409	17041	14458
5410	17044	14455
5411	17047	14451
5412	17050	14448
5413	17053	14445
5414	17057	14442
5415	17060	14439
5416	17063	14436
5417	17066	14433
5418	17069	14429
5419	17072	14426
5420	17075	14423
5421	17079	14420
5422	17082	14417
5423	17085	14414
5424	17088	14411
5425	17092	14408
5426	17095	14405
5427	17098	14401
5428	17101	14398
5429	17104	14395
5430	17107	14392
5431	17111	14389
5432	17114	14386
5433	17118	14383
5434	17121	14380
5435	17124	14377
5436	17128	14375
5437	17132	14372
5438	17136	14369
5439	17140	14367
5440	17143	14364
5441	17147	14361
5442	17151	14359
5443	17154	14356
5444	17158	14354
5445	17162	14351
5446	17166	14349
5447	17169	14346
5448	17173	14343
5449	17177	14340
5450	17180	14337
5451	17183	14334
5452	17187	14331
5453	17190	14328
5454	17194	14326
5455	17198	14323
5456	17201	14320
5457	17205	14317
5458	17209	14315
5459	17213	14313
5460	17216	14310
5461	17220	14307
5462	17224	14304
5463	17227	14301
5464	17231	14298
5465	17235	14296
5466	17238	14293
5467	17242	14291
5468	17246	14288
5469	17249	14285
5470	17253	14282
5471	17257	14280
5472	17260	14277
5473	17264	14274
5474	17267	14271
5475	17270	14268
5476	17275	14266
5477	17278	14263
5478	17282	14260
5479	17285	14257
5480	17290	14255
5481	17293	14252
5482	17296	14249
5483	17299	14246
5484	17303	14243
5485	17306	14240
5486	17309	14237
5487	17312	14233
5488	17316	14231
5489	17319	14228
5490	17323	14225
5491	17326	14222
5492	17329	14219
5493	17333	14215
5494	17336	14213
5495	17340	14210
5496	17344	14208
5497	17348	14205
5498	17352	14203
5499	17355	14200
5500	17359	14197
5501	17363	14194
5502	17366	14192
5503	17370	14189
5504	17374	14186
5505	17377	14183
5506	17381	14180
5507	17384	14177
5508	17387	14174
5509	17390	14171
5510	17393	14167
5511	17396	14164
5512	17399	14161
5513	17403	14158
5514	17406	14155
5515	17409	14152
5516	17412	14149
5517	17416	14146
5518	17419	14143
5519	17422	14139
5520	17425	14136
5521	17428	14133
5522	17432	14130
5523	17435	14127
5524	17438	14124
5525	17441	14121
5526	17445	14118
5527	17447	14114
5528	17451	14111
5529	17454	14108
5530	17457	14105
5531	17460	14102
5532	17463	14099
5533	17466	14095
5534	17470	14093
5535	17473	14090
5536	17477	14087
5537	17480	14083
5538	17483	14080
5539	17486	14077
5540	17489	14074
5541	17493	14071
5542	17496	14068
5543	17500	14065
5544	17503	14062
5545	17506	14059
5546	17509	14056
5547	17512	14053
5548	17515	14049
5549	17519	14046
5550	17522	14044
5551	17526	14041
5552	17529	14038
5553	17533	14035
5554	17536	14032
5555	17539	14029
5556	17542	14026
5557	17546	14022
5558	17549	14019
5559	17552	14016
5560	17555	14013
5561	17558	14010
5562	17561	14006
5563	17564	14003
5564	17567	14000
5565	17569	13996
5566	17573	13993
5567	17575	13990
5568	17578	13986
5569	17581	13982
5570	17583	13979
5571	17586	13976
5572	17589	13972
5573	17592	13969
5574	17595	13965
5575	17598	13962
5576	17600	13958
5577	17603	13955
5578	17606	13951
5579	17609	13948
5580	17612	13945
5581	17614	13941
5582	17617	13937
5583	17620	13934
5584	17623	13931
5585	17626	13928
5586	17629	13924
5587	17631	13921
5588	17634	13917
5589	17637	13914
5590	17640	13911
5591	17643	13907
5592	17646	13904
5593	17648	13900
5594	17652	13897
5595	17654	13894
5596	17657	13890
5597	17660	13887
5598	17663	13884
5599	17667	13881
5600	17670	13877
5601	17673	13874
5602	17676	13871
5603	17679	13868
5604	17682	13865
5605	17685	13861
5606	17688	13858
5607	17690	13854
5608	17693	13851
5609	17696	13848
5610	17699	13844
5611	17702	13841
5612	17704	13837
5613	17707	13834
5614	17710	13831
5615	17714	13828
5616	17716	13824
5617	17719	13821
5618	17722	13817
5619	17725	13814
5620	17728	13811
5621	17731	13808
5622	17734	13804
5623	17737	13801
5624	17740	13798
5625	17744	13795
5626	17747	13792
5627	17750	13789
5628	17753	13786
5629	17756	13782
5630	17760	13779
5631	17763	13776
5632	17766	13773
5633	17769	13770
5634	17772	13766
5635	17775	13763
5636	17778	13760
5637	17781	13757
5638	17784	13753
5639	17787	13750
5640	17790	13747
5641	17793	13744
5642	17796	13740
5643	17799	13737
5644	17802	13734
5645	17805	13731
5646	17809	13728
5647	17812	13724
5648	17814	13721
5649	17817	13718
5650	17821	13715
5651	17824	13712
5652	17828	13709
5653	17831	13706
5654	17834	13703
5655	17837	13699
5656	17840	13696
5657	17843	13693
5658	17846	13690
5659	17849	13686
5660	17853	13683
5661	17856	13680
5662	17859	13678
5663	17863	13675
5664	17866	13672
5665	17870	13669
5666	17873	13666
5667	17877	13663
5668	17880	13660
5669	17883	13657
5670	17886	13653
5671	17889	13650
5672	17891	13646
5673	17895	13643
5674	17898	13640
5675	17901	13637
5676	17904	13634
5677	17907	13631
5678	17911	13628
5679	17913	13624
5680	17916	13621
5681	17919	13617
5682	17922	13614
5683	17925	13611
5684	17928	13607
5685	17931	13604
5686	17933	13601
5687	17936	13597
5688	17940	13594
5689	17944	13592
5690	17947	13589
5691	17950	13585
5692	17953	13582
5693	17956	13579
5694	17959	13575
5695	17962	13572
5696	17965	13569
5697	17967	13565
5698	17970	13562
5699	17973	13559
5700	17976	13556
5701	17980	13553
5702	17983	13550
5703	17987	13547
5704	17990	13543
5705	17993	13540
5706	17996	13537
5707	17999	13534
5708	18002	13531
5709	18005	13527
5710	18008	13524
5711	18012	13521
5712	18015	13518
5713	18018	13515
5714	18021	13512
5715	18024	13509
5716	18027	13505
5717	18030	13502
5718	18034	13499
5719	18037	13496
5720	18040	13493
5721	18043	13489
5722	18046	13486
5723	18049	13483
5724	18052	13479
5725	18055	13476
5726	18058	13473
5727	18061	13470
5728	18063	13466
5729	18067	13463
5730	18070	13460
5731	18073	13457
5732	18077	13454
5733	18080	13451
5734	18083	13448
5735	18085	13444
5736	18088	13441
5737	18091	13437
5738	18094	13434
5739	18097	13431
5740	18099	13427
5741	18102	13424
5742	18105	13420
5743	18108	13417
5744	18111	13413
5745	18113	13410
5746	18116	13406
5747	18118	13403
5748	18121	13399
5749	18124	13396
5750	18127	13392
5751	18130	13389
5752	18133	13386
5753	18136	13383
5754	18139	13380
5755	18142	13376
5756	18145	13373
5757	18147	13369
5758	18150	13366
5759	18153	13362
5760	18155	13359
5761	18158	13355
5762	18161	13352
5763	18163	13348
5764	18166	13345
5765	18169	13342
5766	18173	13339
5767	18175	13335
5768	18178	13332
5769	18181	13328
5770	18183	13325
5771	18186	13321
5772	18189	13318
5773	18191	13314
5774	18194	13311
5775	18197	13307
5776	18199	13304
5777	18202	13300
5778	18205	13297
5779	18207	13293
5780	18210	13290
5781	18213	13287
5782	18217	13284
5783	18219	13280
5784	18222	13277
5785	18225	13273
5786	18227	13270
5787	18230	13266
5788	18234	13263
5789	18237	13260
5790	18240	13257
5791	18243	13254
5792	18246	13250
5793	18249	13247
5794	18252	13244
5795	18255	13241
5796	18258	13237
5797	18261	13234
5798	18264	13231
5799	18267	13228
5800	18270	13224
5801	18273	13221
5802	18276	13218
5803	18279	13215
5804	18282	13211
5805	18285	13208
5806	18288	13205
5807	18292	13202
5808	18295	13199
5809	18298	13196
5810	18302	13193
5811	18305	13190
5812	18309	13187
5813	18313	13185
5814	18317	13182
5815	18320	13179
5816	18324	13176
5817	18328	13174
5818	18331	13171
5819	18335	13169
5820	18339	13166
5821	18343	13163
5822	18347	13160
5823	18350	13158
5824	18354	13155
5825	18357	13152
5826	18361	13149
5827	18364	13146
5828	18368	13143
5829	18371	13140
5830	18375	13137
5831	18378	13134
5832	18381	13131
5833	18384	13128
5834	18388	13125
5835	18391	13122
5836	18394	13119
5837	18398	13116
5838	18401	13113
5839	18404	13109
5840	18407	13106
5841	18410	13103
5842	18413	13100
5843	18417	13097
5844	18420	13094
5845	18423	13090
5846	18426	13087
5847	18429	13084
5848	18432	13081
5849	18435	13078
5850	18438	13075
5851	18442	13072
5852	18446	13069
5853	18449	13066
5854	18453	13063
5855	18456	13060
5856	18459	13057
5857	18463	13054
5858	18466	13051
5859	18470	13048
5860	18473	13045
5861	18477	13043
5862	18480	13039
5863	18483	13037
5864	18486	13033
5865	18490	13030
5866	18493	13027
5867	18496	13024
5868	18499	13021
5869	18502	13018
5870	18506	13015
5871	18509	13012
5872	18512	13008
5873	18515	13005
5874	18518	13002
5875	18522	12999
5876	18525	12996
5877	18529	12993
5878	18532	12990
5879	18535	12987
5880	18539	12984
5881	18542	12981
5882	18545	12978
5883	18548	12975
5884	18551	12971
5885	18554	12968
5886	18557	12965
5887	18560	12961
5888	18563	12958
5889	18565	12955
5890	18568	12951
5891	18571	12948
5892	18574	12945
5893	18577	12941
5894	18580	12938
5895	18584	12935
5896	18587	12932
5897	18589	12929
5898	18592	12925
5899	18595	12922
5900	18598	12919
5901	18601	12915
5902	18604	12912
5903	18607	12909
5904	18610	12906
5905	18613	12902
5906	18618	12901
5907	18624	12899
5908	18629	12898
5909	18634	12896
5910	18640	12894
5911	18645	12892
5912	18650	12890
5913	18653	12887
5914	18656	12884
5915	18662	12883
5916	18666	12880
5917	18669	12877
5918	18672	12874
5919	18675	12870
5920	18678	12867
5921	18680	12863
5922	18683	12860
5923	18685	12856
5924	18688	12853
5925	18690	12849
5926	18693	12846
5927	18696	12842
5928	18698	12839
5929	18701	12835
5930	18704	12832
5931	18707	12828
5932	18710	12825
5933	18713	12822
5934	18716	12819
5935	18719	12816
5936	18722	12812
5937	18725	12809
5938	18727	12805
5939	18730	12802
5940	18733	12799
5941	18736	12795
5942	18738	12792
5943	18741	12788
5944	18744	12785
5945	18747	12782
5946	18750	12778
5947	18753	12775
5948	18755	12771
5949	18758	12768
5950	18761	12764
5951	18763	12761
5952	18767	12758
5953	18770	12755
5954	18772	12751
5955	18775	12748
5956	18778	12744
5957	18781	12741
5958	18784	12738
5959	18787	12735
5960	18790	12731
5961	18792	12727
5962	18795	12724
5963	18797	12721
5964	18800	12717
5965	18803	12714
5966	18805	12710
5967	18809	12707
5968	18812	12704
5969	18815	12701
5970	18818	12697
5971	18821	12694
5972	18823	12691
5973	18826	12687
5974	18829	12684
5975	18832	12680
5976	18835	12677
5977	18838	12674
5978	18841	12671
5979	18844	12667
5980	18847	12664
5981	18850	12661
5982	18853	12657
5983	18856	12655
5984	18859	12651
5985	18862	12648
5986	18865	12644
5987	18868	12641
5988	18870	12638
5989	18873	12634
5990	18876	12631
5991	18879	12628
5992	18882	12625
5993	18885	12621
5994	18888	12618
5995	18891	12615
5996	18894	12612
5997	18897	12609
5998	18900	12605
5999	18904	12602
6000	18907	12599
6001	18910	12596
6002	18912	12592
6003	18915	12589
6004	18918	12586
6005	18921	12582
6006	18924	12579
6007	18927	12576
6008	18929	12572
6009	18932	12569
6010	18935	12566
6011	18938	12562
6012	18941	12559
6013	18944	12556
6014	18947	12552
6015	18950	12549
6016	18953	12546
6017	18956	12543
6018	18959	12539
6019	18962	12536
6020	18965	12533
6021	18968	12530
6022	18971	12527
6023	18974	12523
6024	18977	12520
6025	18980	12517
6026	18983	12513
6027	18986	12510
6028	18988	12507
6029	18992	12504
6030	18995	12501
6031	18998	12498
6032	19001	12494
6033	19004	12491
6034	19007	12488
6035	19011	12485
6036	19015	12482
6037	19018	12479
6038	19021	12476
6039	19027	12475
6040	19032	12473
6041	19038	12471
6042	19045	12470
6043	19050	12468
6044	19055	12467
6045	19060	12465
6046	19064	12462
6047	19067	12459
6048	19072	12457
6049	19076	12454
6050	19079	12451
6051	19082	12448
6052	19085	12445
6053	19089	12442
6054	19092	12439
6055	19095	12435
6056	19098	12432
6057	19101	12429
6058	19104	12426
6059	19107	12423
6060	19110	12419
6061	19113	12416
6062	19117	12413
6063	19120	12410
6064	19124	12407
6065	19127	12404
6066	19130	12401
6067	19134	12398
6068	19137	12395
6069	19140	12392
6070	19144	12389
6071	19147	12386
6072	19150	12383
6073	19153	12380
6074	19156	12376
6075	19159	12373
6076	19162	12370
6077	19165	12367
6078	19168	12364
6079	19172	12361
6080	19175	12357
6081	19178	12354
6082	19181	12351
6083	19184	12347
6084	19187	12344
6085	19189	12341
6086	19192	12337
6087	19195	12334
6088	19198	12331
6089	19201	12328
6090	19204	12324
6091	19207	12321
6092	19210	12318
6093	19213	12314
6094	19216	12311
6095	19218	12308
6096	19221	12304
6097	19225	12301
6098	19228	12298
6099	19231	12295
6100	19234	12292
6101	19237	12288
6102	19240	12285
6103	19243	12282
6104	19246	12279
6105	19250	12276
6106	19253	12273
6107	19257	12270
6108	19260	12267
6109	19264	12265
6110	19267	12261
6111	19272	12259
6112	19275	12256
6113	19279	12253
6114	19282	12250
6115	19286	12247
6116	19291	12245
6117	19294	12242
6118	19298	12239
6119	19301	12236
6120	19305	12234
6121	19308	12231
6122	19312	12228
6123	19315	12225
6124	19319	12222
6125	19323	12219
6126	19326	12216
6127	19330	12213
6128	19334	12211
6129	19337	12208
6130	19341	12205
6131	19344	12202
6132	19348	12199
6133	19351	12196
6134	19355	12193
6135	19358	12190
6136	19362	12188
6137	19366	12185
6138	19369	12182
6139	19373	12179
6140	19377	12176
6141	19380	12173
6142	19384	12170
6143	19387	12167
6144	19390	12164
6145	19394	12161
6146	19397	12158
6147	19400	12155
6148	19403	12152
6149	19406	12149
6150	19410	12146
6151	19413	12142
6152	19416	12139
6153	19419	12136
6154	19422	12133
6155	19426	12130
6156	19429	12127
6157	19432	12124
6158	19436	12121
6159	19439	12117
6160	19442	12114
6161	19445	12111
6162	19448	12108
6163	19452	12105
6164	19456	12102
6165	19459	12099
6166	19463	12097
6167	19466	12094
6168	19470	12091
6169	19473	12088
6170	19477	12085
6171	19480	12082
6172	19484	12079
6173	19487	12076
6174	19490	12073
6175	19493	12069
6176	19496	12066
6177	19500	12064
6178	19504	12061
6179	19507	12057
6180	19510	12054
6181	19513	12051
6182	19517	12048
6183	19520	12045
6184	19523	12042
6185	19526	12039
6186	19529	12036
6187	19533	12033
6188	19536	12029
6189	19539	12026
6190	19542	12023
6191	19545	12020
6192	19548	12017
6193	19552	12014
6194	19555	12010
6195	19558	12007
6196	19561	12004
6197	19564	12001
6198	19567	11998
6199	19570	11994
6200	19573	11991
6201	19575	11987
6202	19578	11984
6203	19581	11981
6204	19584	11977
6205	19586	11974
6206	19590	11971
6207	19593	11968
6208	19596	11964
6209	19599	11961
6210	19602	11958
6211	19605	11954
6212	19608	11951
6213	19610	11948
6214	19613	11944
6215	19616	11941
6216	19619	11938
6217	19622	11934
6218	19625	11931
6219	19628	11928
6220	19631	11925
6221	19634	11921
6222	19637	11919
6223	19641	11916
6224	19644	11913
6225	19647	11909
6226	19650	11906
6227	19653	11902
6228	19656	11899
6229	19658	11896
6230	19661	11892
6231	19664	11889
6232	19667	11886
6233	19670	11883
6234	19673	11879
6235	19676	11876
6236	19679	11873
6237	19681	11869
6238	19685	11866
6239	19687	11863
6240	19690	11859
6241	19693	11856
6242	19696	11853
6243	19699	11849
6244	19702	11846
6245	19705	11843
6246	19708	11840
6247	19711	11837
6248	19714	11833
6249	19717	11830
6250	19720	11827
6251	19723	11824
6252	19726	11820
6253	19729	11817
6254	19732	11814
6255	19735	11810
6256	19738	11807
6257	19740	11804
6258	19743	11800
6259	19746	11797
6260	19750	11794
6261	19753	11791
6262	19756	11788
6263	19759	11784
6264	19762	11781
6265	19765	11778
6266	19768	11775
6267	19771	11771
6268	19774	11768
6269	19777	11765
6270	19780	11762
6271	19783	11759
6272	19786	11755
6273	19789	11752
6274	19793	11749
6275	19796	11746
6276	19799	11743
6277	19801	11739
6278	19804	11736
6279	19807	11733
6280	19810	11729
6281	19813	11726
6282	19816	11723
6283	19819	11720
6284	19822	11716
6285	19825	11713
6286	19828	11710
6287	19831	11707
6288	19834	11703
6289	19837	11700
6290	19839	11697
6291	19842	11693
6292	19845	11690
6293	19848	11687
6294	19851	11683
6295	19854	11680
6296	19857	11677
6297	19860	11674
6298	19863	11670
6299	19866	11667
6300	19869	11664
6301	19872	11661
6302	19875	11658
6303	19878	11654
6304	19881	11651
6305	19884	11648
6306	19887	11644
6307	19889	11641
6308	19892	11638
6309	19895	11634
6310	19898	11631
6311	19900	11627
6312	19904	11624
6313	19906	11621
6314	19910	11618
6315	19913	11615
6316	19916	11612
6317	19919	11608
6318	19922	11605
6319	19925	11601
6320	19927	11598
6321	19931	11595
6322	19934	11592
6323	19937	11589
6324	19940	11586
6325	19943	11582
6326	19946	11579
6327	19949	11576
6328	19951	11572
6329	19955	11569
6330	19958	11566
6331	19961	11563
6332	19964	11560
6333	19968	11557
6334	19971	11553
6335	19974	11550
6336	19977	11547
6337	19980	11544
6338	19983	11541
6339	19987	11538
6340	19990	11535
6341	19993	11532
6342	19996	11528
6343	19999	11525
6344	20003	11522
6345	20006	11519
6346	20010	11516
6347	20013	11513
6348	20016	11510
6349	20019	11507
6350	20022	11503
6351	20025	11500
6352	20028	11497
6353	20031	11494
6354	20034	11490
6355	20037	11487
6356	20040	11484
6357	20043	11481
6358	20046	11478
6359	20050	11475
6360	20053	11472
6361	20056	11468
6362	20059	11465
6363	20061	11462
6364	20064	11458
6365	20067	11455
6366	20070	11452
6367	20073	11448
6368	20076	11445
6369	20079	11442
6370	20082	11439
6371	20085	11435
6372	20088	11432
6373	20091	11429
6374	20094	11426
6375	20097	11423
6376	20101	11420
6377	20104	11416
6378	20107	11413
6379	20109	11410
6380	20112	11406
6381	20115	11403
6382	20118	11400
6383	20120	11396
6384	20123	11393
6385	20127	11390
6386	20129	11387
6387	20132	11383
6388	20135	11380
6389	20139	11377
6390	20142	11374
6391	20145	11371
6392	20149	11368
6393	20152	11365
6394	20154	11361
6395	20158	11358
6396	20161	11355
6397	20163	11351
6398	20166	11348
6399	20169	11345
6400	20172	11341
6401	20174	11338
6402	20177	11335
6403	20180	11331
6404	20183	11328
6405	20186	11325
6406	20189	11322
6407	20192	11318
6408	20195	11315
6409	20197	11311
6410	20200	11308
6411	20202	11305
6412	20205	11301
6413	20209	11298
6414	20211	11295
6415	20214	11292
6416	20218	11289
6417	20221	11285
6418	20224	11282
6419	20227	11279
6420	20230	11276
6421	20233	11273
6422	20236	11269
6423	20239	11266
6424	20241	11263
6425	20244	11259
6426	20247	11256
6427	20251	11253
6428	20254	11250
6429	20258	11247
6430	20261	11244
6431	20264	11241
6432	20267	11238
6433	20270	11234
6434	20273	11231
6435	20276	11228
6436	20280	11225
6437	20283	11222
6438	20286	11219
6439	20289	11215
6440	20292	11212
6441	20295	11209
6442	20297	11205
6443	20300	11202
6444	20303	11199
6445	20305	11195
6446	20309	11192
6447	20311	11189
6448	20314	11185
6449	20317	11182
6450	20319	11178
6451	20323	11175
6452	20326	11172
6453	20329	11169
6454	20331	11165
6455	20334	11162
6456	20337	11159
6457	20339	11155
6458	20342	11152
6459	20345	11148
6460	20347	11145
6461	20350	11142
6462	20352	11138
6463	20355	11135
6464	20358	11131
6465	20360	11128
6466	20363	11124
6467	20366	11121
6468	20369	11118
6469	20372	11115
6470	20375	11111
6471	20377	11108
6472	20380	11105
6473	20383	11101
6474	20386	11098
6475	20389	11095
6476	20391	11091
6477	20394	11088
6478	20397	11084
6479	20399	11081
6480	20402	11077
6481	20405	11074
6482	20407	11071
6483	20410	11067
6484	20413	11064
6485	20416	11061
6486	20419	11058
6487	20422	11054
6488	20425	11051
6489	20427	11047
6490	20430	11044
6491	20433	11041
6492	20435	11037
6493	20438	11034
6494	20440	11030
6495	20443	11027
6496	20446	11024
6497	20448	11020
6498	20451	11017
6499	20454	11013
6500	20456	11010
6501	20459	11007
6502	20463	11004
6503	20465	11000
6504	20468	10997
6505	20470	10993
6506	20473	10990
6507	20476	10986
6508	20479	10983
6509	20481	10980
6510	20484	10976
6511	20486	10973
6512	20489	10970
6513	20493	10967
6514	20496	10963
6515	20499	10960
6516	20502	10957
6517	20506	10954
6518	20509	10951
6519	20512	10948
6520	20515	10945
6521	20518	10942
6522	20522	10939
6523	20525	10935
6524	20528	10932
6525	20531	10929
6526	20534	10926
6527	20537	10922
6528	20540	10920
6529	20544	10916
6530	20547	10914
6531	20550	10910
6532	20554	10907
6533	20557	10904
6534	20560	10901
6535	20563	10898
6536	20566	10894
6537	20569	10891
6538	20572	10888
6539	20575	10885
6540	20578	10882
6541	20582	10879
6542	20585	10876
6543	20588	10873
6544	20591	10870
6545	20594	10866
6546	20598	10863
6547	20601	10861
6548	20605	10857
6549	20608	10854
6550	20611	10851
6551	20613	10848
6552	20616	10844
6553	20619	10841
6554	20622	10838
6555	20625	10835
6556	20628	10831
6557	20631	10828
6558	20635	10825
6559	20638	10822
6560	20641	10819
6561	20645	10816
6562	20648	10813
6563	20651	10810
6564	20654	10807
6565	20658	10804
6566	20661	10801
6567	20664	10798
6568	20667	10794
6569	20670	10791
6570	20674	10788
6571	20677	10785
6572	20680	10782
6573	20683	10779
6574	20686	10776
6575	20690	10773
6576	20693	10770
6577	20697	10766
6578	20699	10763
6579	20702	10760
6580	20705	10757
6581	20708	10754
6582	20712	10750
6583	20715	10747
6584	20718	10744
6585	20721	10741
6586	20724	10738
6587	20727	10735
6588	20730	10731
6589	20733	10728
6590	20736	10725
6591	20739	10722
6592	20742	10718
6593	20745	10715
6594	20748	10712
6595	20750	10708
6596	20754	10705
6597	20757	10702
6598	20759	10699
6599	20762	10695
6600	20766	10692
6601	20769	10689
6602	20773	10687
6603	20776	10683
6604	20779	10680
6605	20782	10677
6606	20785	10674
6607	20788	10671
6608	20791	10668
6609	20794	10664
6610	20797	10661
6611	20800	10658
6612	20803	10655
6613	20806	10651
6614	20809	10648
6615	20812	10645
6616	20815	10642
6617	20818	10638
6618	20821	10635
6619	20824	10632
6620	20826	10628
6621	20829	10625
6622	20832	10622
6623	20835	10619
6624	20838	10615
6625	20841	10612
6626	20843	10609
6627	20846	10605
6628	20849	10602
6629	20852	10599
6630	20854	10595
6631	20857	10592
6632	20860	10589
6633	20862	10585
6634	20865	10582
6635	20868	10578
6636	20870	10575
6637	20873	10572
6638	20876	10568
6639	20879	10565
6640	20882	10562
6641	20884	10558
6642	20887	10555
6643	20890	10552
6644	20893	10549
6645	20896	10545
6646	20899	10542
6647	20901	10538
6648	20904	10535
6649	20907	10532
6650	20909	10528
6651	20912	10525
6652	20915	10521
6653	20917	10518
6654	20921	10515
6655	20923	10512
6656	20926	10508
6657	20929	10505
6658	20931	10502
6659	20934	10498
6660	20936	10495
6661	20939	10491
6662	20942	10488
6663	20944	10484
6664	20947	10481
6665	20949	10478
6666	20952	10474
6667	20955	10471
6668	20957	10467
6669	20960	10464
6670	20963	10461
6671	20966	10458
6672	20969	10454
6673	20972	10451
6674	20974	10448
6675	20977	10444
6676	20979	10441
6677	20982	10437
6678	20985	10434
6679	20987	10431
6680	20990	10427
6681	20992	10424
6682	20995	10420
6683	20998	10417
6684	21001	10414
6685	21004	10411
6686	21007	10407
6687	21009	10404
6688	21012	10401
6689	21015	10398
6690	21018	10394
6691	21021	10391
6692	21024	10388
6693	21027	10384
6694	21030	10381
6695	21033	10378
6696	21036	10375
6697	21038	10371
6698	21041	10368
6699	21045	10365
6700	21048	10362
6701	21051	10359
6702	21054	10355
6703	21057	10352
6704	21060	10349
6705	21063	10346
6706	21066	10343
6707	21069	10340
6708	21073	10337
6709	21076	10334
6710	21080	10331
6711	21083	10328
6712	21086	10324
6713	21089	10321
6714	21091	10318
6715	21094	10314
6716	21097	10311
6717	21099	10307
6718	21102	10304
6719	21105	10301
6720	21107	10297
6721	21110	10294
6722	21113	10291
6723	21115	10287
6724	21118	10284
6725	21121	10281
6726	21124	10277
6727	21126	10274
6728	21129	10271
6729	21132	10267
6730	21135	10264
6731	21138	10261
6732	21140	10257
6733	21143	10254
6734	21146	10251
6735	21148	10247
6736	21152	10244
6737	21154	10241
6738	21157	10238
6739	21160	10234
6740	21162	10231
6741	21166	10228
6742	21169	10225
6743	21172	10221
6744	21174	10218
6745	21177	10214
6746	21179	10211
6747	21182	10208
6748	21184	10204
6749	21187	10201
6750	21189	10197
6751	21192	10194
6752	21195	10191
6753	21198	10188
6754	21201	10184
6755	21203	10181
6756	21206	10178
6757	21208	10174
6758	21211	10171
6759	21214	10167
6760	21216	10164
6761	21219	10160
6762	21221	10157
6763	21224	10154
6764	21227	10150
6765	21230	10147
6766	21232	10144
6767	21235	10141
6768	21238	10137
6769	21242	10134
6770	21245	10131
6771	21248	10128
6772	21252	10125
6773	21255	10122
6774	21258	10119
6775	21262	10116
6776	21265	10113
6777	21268	10110
6778	21271	10107
6779	21274	10104
6780	21277	10100
6781	21280	10097
6782	21283	10094
6783	21286	10091
6784	21289	10087
6785	21292	10084
6786	21295	10081
6787	21298	10077
6788	21300	10074
6789	21303	10071
6790	21306	10068
6791	21309	10064
6792	21312	10061
6793	21315	10058
6794	21318	10055
6795	21321	10052
6796	21324	10048
6797	21326	10045
6798	21329	10042
6799	21332	10038
6800	21335	10035
6801	21338	10032
6802	21342	10029
6803	21345	10026
6804	21348	10023
6805	21351	10019
6806	21354	10016
6807	21357	10013
6808	21361	10010
6809	21364	10007
6810	21367	10004
6811	21370	10001
6812	21373	9998
6813	21376	9994
6814	21379	9991
6815	21383	9988
6816	21386	9985
6817	21390	9982
6818	21393	9979
6819	21396	9976
6820	21399	9973
6821	21403	9970
6822	21406	9967
6823	21409	9964
6824	21412	9961
6825	21416	9958
6826	21419	9955
6827	21422	9952
6828	21426	9949
6829	21430	9946
6830	21433	9943
6831	21436	9940
6832	21440	9937
6833	21444	9934
6834	21446	9931
6835	21450	9928
6836	21453	9925
6837	21457	9922
6838	21460	9919
6839	21464	9916
6840	21469	9913
6841	21472	9910
6842	21476	9908
6843	21480	9905
6844	21484	9902
6845	21487	9899
6846	21490	9896
6847	21494	9893
6848	21497	9890
6849	21500	9887
6850	21504	9884
6851	21507	9881
6852	21511	9878
6853	21515	9875
6854	21520	9873
6855	21524	9870
6856	21528	9867
6857	21533	9865
6858	21537	9862
6859	21541	9859
6860	21544	9857
6861	21548	9854
6862	21552	9851
6863	21556	9848
6864	21560	9845
6865	21564	9843
6866	21568	9840
6867	21572	9837
6868	21576	9834
6869	21580	9832
6870	21584	9829
6871	21587	9826
6872	21592	9823
6873	21596	9821
6874	21600	9818
6875	21603	9815
6876	21608	9812
6877	21612	9809
6878	21615	9807
6879	21619	9804
6880	21622	9801
6881	21626	9798
6882	21630	9795
6883	21634	9792
6884	21638	9790
6885	21642	9787
6886	21646	9784
6887	21650	9781
6888	21654	9779
6889	21660	9777
6890	21664	9774
6891	21669	9771
6892	21673	9769
6893	21677	9766
6894	21681	9763
6895	21688	9762
6896	21696	9761
6897	21702	9759
6898	21709	9758
6899	21716	9756
6900	21721	9754
6901	21725	9751
6902	21731	9749
6903	21737	9748
6904	21743	9746
6905	21749	9744
6906	21754	9741
6907	21760	9739
6908	21766	9737
6909	21770	9735
6910	21776	9733
6911	21781	9730
6912	21785	9728
6913	21790	9725
6914	21794	9723
6915	21798	9720
6916	21803	9718
6917	21807	9715
6918	21811	9712
6919	21814	9709
6920	21819	9706
6921	21824	9704
6922	21827	9701
6923	21832	9698
6924	21836	9696
6925	21841	9693
6926	21844	9690
6927	21848	9688
6928	21852	9685
6929	21856	9682
6930	21860	9679
6931	21864	9676
6932	21868	9674
6933	21872	9671
6934	21876	9668
6935	21880	9665
6936	21885	9663
6937	21889	9660
6938	21893	9657
6939	21897	9655
6940	21902	9652
6941	21906	9649
6942	21910	9647
6943	21914	9644
6944	21919	9641
6945	21922	9639
6946	21926	9636
6947	21930	9633
6948	21934	9630
6949	21937	9627
6950	21940	9624
6951	21943	9620
6952	21947	9617
6953	21950	9614
6954	21954	9612
6955	21958	9609
6956	21962	9606
6957	21965	9603
6958	21969	9600
6959	21973	9597
6960	21977	9594
6961	21981	9592
6962	21985	9589
6963	21989	9586
6964	21992	9583
6965	21996	9580
6966	21999	9577
6967	22003	9574
6968	22006	9571
6969	22009	9568
6970	22013	9564
6971	22016	9561
6972	22019	9558
6973	22023	9555
6974	22026	9552
6975	22030	9549
6976	22034	9546
6977	22037	9543
6978	22040	9540
6979	22044	9537
6980	22047	9534
6981	22050	9531
6982	22053	9528
6983	22056	9525
6984	22060	9522
6985	22063	9518
6986	22066	9515
6987	22070	9512
6988	22073	9509
6989	22076	9506
6990	22079	9503
6991	22082	9500
6992	22085	9496
6993	22089	9493
6994	22092	9490
6995	22096	9487
6996	22100	9485
6997	22103	9481
6998	22106	9478
6999	22110	9475
7000	22114	9472
7001	22117	9469
7002	22121	9467
7003	22125	9464
7004	22129	9461
7005	22132	9458
7006	22136	9455
7007	22139	9452
7008	22143	9449
7009	22147	9446
7010	22151	9443
7011	22154	9440
7012	22158	9437
7013	22162	9435
7014	22166	9432
7015	22169	9429
7016	22173	9426
7017	22177	9423
7018	22180	9420
7019	22183	9417
7020	22187	9413
7021	22190	9410
7022	22193	9407
7023	22197	9404
7024	22199	9401
7025	22203	9398
7026	22206	9395
7027	22209	9392
7028	22212	9388
7029	22215	9385
7030	22218	9382
7031	22221	9379
7032	22224	9376
7033	22228	9372
7034	22231	9369
7035	22234	9366
7036	22237	9363
7037	22241	9360
7038	22244	9357
7039	22247	9353
7040	22250	9350
7041	22254	9347
7042	22257	9344
7043	22261	9341
7044	22264	9338
7045	22268	9335
7046	22271	9332
7047	22276	9330
7048	22280	9327
7049	22283	9324
7050	22286	9321
7051	22290	9318
7052	22293	9314
7053	22296	9311
7054	22299	9308
7055	22302	9305
7056	22306	9302
7057	22309	9299
7058	22312	9296
7059	22315	9292
7060	22319	9289
7061	22322	9286
7062	22325	9283
7063	22328	9280
7064	22331	9277
7065	22334	9274
7066	22337	9270
7067	22341	9267
7068	22344	9264
7069	22348	9261
7070	22350	9258
7071	22353	9255
7072	22356	9251
7073	22360	9248
7074	22363	9245
7075	22366	9242
7076	22369	9239
7077	22372	9236
7078	22375	9232
7079	22379	9229
7080	22382	9226
7081	22385	9223
7082	22388	9220
7083	22392	9217
7084	22396	9214
7085	22399	9211
7086	22402	9208
7087	22406	9205
7088	22410	9202
7089	22414	9199
7090	22418	9197
7091	22422	9194
7092	22425	9190
7093	22428	9187
7094	22431	9184
7095	22435	9181
7096	22438	9178
7097	22441	9175
7098	22445	9172
7099	22448	9169
7100	22451	9165
7101	22454	9162
7102	22457	9159
7103	22460	9156
7104	22463	9152
7105	22466	9149
7106	22469	9146
7107	22472	9143
7108	22475	9140
7109	22479	9137
7110	22482	9134
7111	22486	9131
7112	22489	9127
7113	22492	9124
7114	22495	9121
7115	22499	9118
7116	22502	9115
7117	22506	9112
7118	22509	9109
7119	22513	9106
7120	22516	9103
7121	22520	9100
7122	22523	9097
7123	22526	9094
7124	22529	9091
7125	22533	9087
7126	22536	9084
7127	22539	9081
7128	22543	9078
7129	22546	9075
7130	22549	9072
7131	22552	9069
7132	22555	9065
7133	22559	9062
7134	22562	9059
7135	22565	9056
7136	22569	9053
7137	22572	9050
7138	22576	9047
7139	22579	9044
7140	22583	9041
7141	22586	9038
7142	22589	9035
7143	22593	9032
7144	22596	9029
7145	22599	9025
7146	22603	9022
7147	22606	9019
7148	22609	9016
7149	22612	9013
7150	22615	9009
7151	22618	9007
7152	22622	9003
7153	22625	9000
7154	22628	8997
7155	22631	8994
7156	22634	8991
7157	22637	8987
7158	22639	8984
7159	22642	8981
7160	22645	8977
7161	22648	8974
7162	22651	8971
7163	22654	8968
7164	22657	8964
7165	22660	8961
7166	22663	8958
7167	22666	8955
7168	22670	8952
7169	22673	8949
7170	22676	8945
7171	22679	8942
7172	22682	8939
7173	22686	8936
7174	22689	8933
7175	22692	8930
7176	22696	8927
7177	22699	8924
7178	22702	8920
7179	22705	8917
7180	22708	8914
7181	22712	8911
7182	22715	8908
7183	22720	8905
7184	22723	8902
7185	22727	8900
7186	22730	8896
7187	22734	8893
7188	22737	8890
7189	22740	8887
7190	22743	8884
7191	22747	8881
7192	22750	8878
7193	22754	8875
7194	22756	8871
7195	22759	8868
7196	22762	8865
7197	22766	8862
7198	22769	8859
7199	22773	8856
7200	22776	8853
7201	22779	8849
7202	22782	8846
7203	22786	8843
7204	22789	8840
7205	22792	8837
7206	22795	8834
7207	22798	8830
7208	22801	8827
7209	22804	8824
7210	22808	8821
7211	22811	8818
7212	22814	8815
7213	22817	8812
7214	22821	8808
7215	22824	8805
7216	22827	8802
7217	22830	8799
7218	22833	8796
7219	22836	8793
7220	22840	8790
7221	22844	8787
7222	22848	8784
7223	22851	8781
7224	22854	8778
7225	22857	8774
7226	22861	8771
7227	22864	8768
7228	22867	8765
7229	22870	8762
7230	22873	8759
7231	22877	8756
7232	22880	8753
7233	22883	8749
7234	22887	8746
7235	22890	8743
7236	22894	8740
7237	22897	8737
7238	22900	8734
7239	22903	8731
7240	22906	8728
7241	22909	8724
7242	22913	8721
7243	22916	8718
7244	22918	8715
7245	22922	8712
7246	22925	8708
7247	22928	8705
7248	22930	8702
7249	22933	8698
7250	22936	8695
7251	22939	8692
7252	22942	8689
7253	22945	8686
7254	22948	8682
7255	22950	8679
7256	22953	8676
7257	22957	8672
7258	22959	8669
7259	22963	8666
7260	22966	8663
7261	22969	8660
7262	22972	8656
7263	22975	8653
7264	22978	8650
7265	22982	8647
7266	22985	8644
7267	22988	8641
7268	22992	8638
7269	22995	8635
7270	22998	8631
7271	23001	8628
7272	23004	8625
7273	23007	8622
7274	23009	8618
7275	23013	8615
7276	23015	8612
7277	23018	8609
7278	23021	8605
7279	23024	8602
7280	23027	8599
7281	23031	8596
7282	23034	8593
7283	23037	8589
7284	23039	8586
7285	23042	8583
7286	23045	8579
7287	23048	8576
7288	23050	8573
7289	23053	8569
7290	23056	8566
7291	23058	8563
7292	23061	8559
7293	23064	8556
7294	23067	8553
7295	23069	8549
7296	23072	8546
7297	23075	8543
7298	23078	8540
7299	23081	8537
7300	23084	8533
7301	23086	8530
7302	23089	8526
7303	23092	8523
7304	23094	8520
7305	23097	8516
7306	23100	8513
7307	23102	8510
7308	23105	8506
7309	23108	8503
7310	23111	8500
7311	23114	8497
7312	23116	8493
7313	23119	8490
7314	23122	8487
7315	23125	8484
7316	23128	8480
7317	23130	8477
7318	23133	8473
7319	23136	8470
7320	23138	8467
7321	23141	8464
7322	23144	8460
7323	23147	8457
7324	23150	8454
7325	23153	8451
7326	23156	8447
7327	23159	8444
7328	23162	8441
7329	23164	8437
7330	23167	8434
7331	23170	8431
7332	23173	8427
7333	23175	8424
7334	23178	8421
7335	23180	8417
7336	23183	8414
7337	23186	8411
7338	23188	8407
7339	23191	8404
7340	23194	8401
7341	23196	8397
7342	23199	8394
7343	23202	8391
7344	23205	8388
7345	23208	8384
7346	23211	8381
7347	23214	8378
7348	23217	8375
7349	23221	8372
7350	23224	8369
7351	23227	8365
7352	23230	8362
7353	23233	8359
7354	23236	8356
7355	23239	8352
7356	23241	8349
7357	23244	8346
7358	23247	8343
7359	23250	8339
7360	23252	8336
7361	23255	8333
7362	23258	8329
7363	23261	8326
7364	23264	8323
7365	23266	8319
7366	23269	8316
7367	23272	8313
7368	23275	8310
7369	23278	8306
7370	23280	8303
7371	23283	8300
7372	23286	8296
7373	23288	8293
7374	23291	8290
7375	23294	8286
7376	23296	8283
7377	23299	8280
7378	23302	8277
7379	23305	8273
7380	23309	8270
7381	23312	8267
7382	23315	8264
7383	23317	8261
7384	23320	8257
7385	23323	8254
7386	23325	8251
7387	23328	8247
7388	23331	8244
7389	23334	8241
7390	23337	8237
7391	23339	8234
7392	23342	8231
7393	23345	8227
7394	23347	8224
7395	23351	8221
7396	23354	8218
7397	23357	8215
7398	23360	8212
7399	23363	8208
7400	23366	8205
7401	23369	8202
7402	23372	8199
7403	23375	8196
7404	23378	8192
7405	23381	8189
7406	23384	8186
7407	23387	8182
7408	23390	8179
7409	23393	8176
7410	23397	8173
7411	23400	8170
7412	23403	8167
7413	23405	8163
7414	23408	8160
7415	23411	8157
7416	23415	8154
7417	23418	8151
7418	23420	8147
7419	23424	8144
7420	23427	8141
7421	23429	8138
7422	23433	8135
7423	23436	8131
7424	23439	8128
7425	23442	8125
7426	23445	8122
7427	23447	8119
7428	23450	8115
7429	23453	8112
7430	23456	8109
7431	23459	8105
7432	23462	8102
7433	23465	8099
7434	23467	8096
7435	23471	8093
7436	23474	8089
7437	23476	8086
7438	23479	8083
7439	23482	8080
7440	23485	8076
7441	23489	8073
7442	23492	8070
7443	23495	8067
7444	23498	8064
7445	23501	8061
7446	23504	8057
7447	23507	8054
7448	23510	8051
7449	23513	8048
7450	23517	8045
7451	23520	8042
7452	23523	8039
7453	23526	8035
7454	23529	8032
7455	23533	8029
7456	23536	8026
7457	23539	8023
7458	23542	8020
7459	23545	8016
7460	23548	8013
7461	23551	8010
7462	23554	8007
7463	23557	8003
7464	23559	8000
7465	23562	7997
7466	23565	7994
7467	23568	7990
7468	23571	7987
7469	23574	7984
7470	23576	7980
7471	23580	7977
7472	23583	7974
7473	23585	7971
7474	23588	7968
7475	23591	7964
7476	23594	7961
7477	23597	7958
7478	23601	7955
7479	23604	7952
7480	23607	7949
7481	23610	7946
7482	23613	7942
7483	23616	7939
7484	23619	7936
7485	23622	7933
7486	23625	7929
7487	23628	7926
7488	23631	7923
7489	23634	7920
7490	23637	7916
7491	23640	7913
7492	23642	7910
7493	23645	7907
7494	23648	7903
7495	23651	7900
7496	23654	7897
7497	23657	7894
7498	23659	7890
7499	23662	7887
7500	23665	7884
7501	23667	7880
7502	23671	7877
7503	23673	7874
7504	23676	7871
7505	23679	7867
7506	23682	7864
7507	23684	7861
7508	23687	7857
7509	23690	7854
7510	23692	7851
7511	23695	7847
7512	23698	7844
7513	23701	7841
7514	23704	7838
7515	23707	7835
7516	23710	7832
7517	23714	7829
7518	23717	7826
7519	23721	7822
7520	23724	7819
7521	23727	7816
7522	23730	7813
7523	23733	7810
7524	23736	7806
7525	23738	7803
7526	23741	7800
7527	23745	7797
7528	23748	7794
7529	23751	7790
7530	23754	7787
7531	23757	7784
7532	23761	7781
7533	23765	7778
7534	23768	7775
7535	23771	7772
7536	23775	7769
7537	23778	7766
7538	23781	7763
7539	23785	7760
7540	23789	7757
7541	23792	7754
7542	23796	7751
7543	23799	7748
7544	23802	7744
7545	23806	7741
7546	23810	7739
7547	23813	7735
7548	23816	7732
7549	23819	7729
7550	23823	7726
7551	23826	7723
7552	23829	7720
7553	23832	7717
7554	23835	7713
7555	23838	7710
7556	23841	7707
7557	23845	7704
7558	23848	7701
7559	23851	7698
7560	23855	7695
7561	23858	7691
7562	23861	7688
7563	23865	7685
7564	23868	7682
7565	23871	7679
7566	23875	7676
7567	23878	7673
7568	23881	7670
7569	23885	7667
7570	23888	7664
7571	23891	7660
7572	23894	7657
7573	23898	7654
7574	23902	7651
7575	23905	7648
7576	23909	7645
7577	23913	7642
7578	23917	7640
7579	23921	7637
7580	23924	7634
7581	23928	7631
7582	23932	7628
7583	23936	7625
7584	23940	7622
7585	23944	7619
7586	23948	7616
7587	23952	7613
7588	23956	7610
7589	23959	7607
7590	23963	7604
7591	23966	7601
7592	23969	7598
7593	23973	7595
7594	23976	7592
7595	23980	7589
7596	23983	7586
7597	23986	7582
7598	23989	7579
7599	23993	7576
7600	23996	7573
7601	24000	7570
7602	24003	7567
7603	24006	7564
7604	24009	7561
7605	24012	7558
7606	24015	7554
7607	24019	7551
7608	24022	7548
7609	24025	7545
7610	24029	7542
7611	24032	7539
7612	24036	7536
7613	24039	7533
7614	24042	7530
7615	24044	7526
7616	24047	7523
7617	24050	7520
7618	24053	7516
7619	24057	7513
7620	24060	7510
7621	24063	7507
7622	24066	7504
7623	24069	7501
7624	24071	7497
7625	24074	7494
7626	24077	7491
7627	24079	7487
7628	24083	7484
7629	24086	7481
7630	24089	7478
7631	24092	7475
7632	24094	7471
7633	24098	7468
7634	24101	7465
7635	24104	7462
7636	24107	7459
7637	24110	7455
7638	24113	7452
7639	24116	7449
7640	24118	7446
7641	24121	7442
7642	24124	7439
7643	24127	7436
7644	24130	7433
7645	24132	7429
7646	24135	7426
7647	24138	7423
7648	24140	7419
7649	24143	7416
7650	24146	7413
7651	24149	7410
7652	24151	7406
7653	24154	7403
7654	24157	7400
7655	24159	7396
7656	24162	7393
7657	24165	7390
7658	24168	7387
7659	24171	7383
7660	24174	7380
7661	24177	7377
7662	24180	7374
7663	24183	7371
7664	24186	7367
7665	24189	7364
7666	24192	7361
7667	24195	7358
7668	24197	7354
7669	24200	7351
7670	24203	7348
7671	24206	7345
7672	24208	7341
7673	24211	7338
7674	24214	7335
7675	24217	7332
7676	24220	7328
7677	24223	7325
7678	24226	7322
7679	24228	7319
7680	24231	7315
7681	24233	7312
7682	24236	7309
7683	24239	7305
7684	24241	7302
7685	24244	7299
7686	24246	7295
7687	24249	7292
7688	24252	7289
7689	24255	7286
7690	24258	7282
7691	24261	7279
7692	24263	7276
7693	24266	7273
7694	24269	7269
7695	24272	7266
7696	24275	7263
7697	24278	7260
7698	24281	7256
7699	24284	7253
7700	24287	7250
7701	24289	7247
7702	24293	7244
7703	24296	7241
7704	24299	7237
7705	24302	7234
7706	24305	7231
7707	24308	7228
7708	24311	7225
7709	24314	7221
7710	24317	7218
7711	24320	7215
7712	24323	7212
7713	24326	7209
7714	24329	7205
7715	24332	7202
7716	24336	7199
7717	24338	7196
7718	24341	7193
7719	24344	7189
7720	24346	7186
7721	24349	7183
7722	24352	7179
7723	24355	7176
7724	24358	7173
7725	24361	7170
7726	24363	7166
7727	24366	7163
7728	24369	7160
7729	24372	7157
7730	24375	7153
7731	24377	7150
7732	24380	7147
7733	24382	7143
7734	24385	7140
7735	24388	7137
7736	24390	7134
7737	24393	7130
7738	24395	7127
7739	24398	7124
7740	24401	7121
7741	24405	7117
7742	24408	7114
7743	24411	7111
7744	24414	7108
7745	24417	7105
7746	24420	7102
7747	24423	7098
7748	24426	7095
7749	24428	7092
7750	24431	7089
7751	24434	7085
7752	24437	7082
7753	24440	7079
7754	24443	7076
7755	24446	7073
7756	24450	7070
7757	24453	7066
7758	24456	7063
7759	24458	7060
7760	24461	7057
7761	24464	7053
7762	24467	7050
7763	24469	7047
7764	24472	7044
7765	24475	7040
7766	24478	7037
7767	24481	7034
7768	24484	7031
7769	24487	7027
7770	24490	7024
7771	24493	7021
7772	24496	7018
7773	24500	7015
7774	24502	7012
7775	24506	7008
7776	24508	7005
7777	24511	7002
7778	24514	6999
7779	24517	6996
7780	24520	6992
7781	24523	6989
7782	24526	6986
7783	24529	6983
7784	24532	6980
7785	24535	6976
7786	24538	6973
7787	24541	6970
7788	24545	6967
7789	24547	6964
7790	24550	6960
7791	24553	6957
7792	24556	6954
7793	24559	6951
7794	24562	6948
7795	24565	6944
7796	24568	6941
7797	24571	6938
7798	24574	6935
7799	24578	6932
7800	24580	6929
7801	24583	6925
7802	24587	6922
7803	24590	6919
7804	24593	6916
7805	24596	6913
7806	24598	6909
7807	24601	6906
7808	24604	6903
7809	24607	6900
7810	24610	6897
7811	24613	6893
7812	24616	6890
7813	24619	6887
7814	24622	6884
7815	24625	6880
7816	24628	6877
7817	24631	6874
7818	24634	6871
7819	24637	6868
7820	24640	6864
7821	24642	6861
7822	24645	6858
7823	24649	6855
7824	24652	6852
7825	24655	6849
7826	24657	6845
7827	24661	6842
7828	24664	6839
7829	24667	6836
7830	24670	6833
7831	24673	6829
7832	24675	6826
7833	24679	6823
7834	24682	6820
7835	24685	6817
7836	24688	6814
7837	24691	6810
7838	24694	6807
7839	24696	6804
7840	24699	6801
7841	24702	6797
7842	24704	6794
7843	24707	6791
7844	24710	6787
7845	24712	6784
7846	24715	6781
7847	24717	6777
7848	24720	6774
7849	24723	6771
7850	24726	6768
7851	24729	6764
7852	24731	6761
7853	24734	6758
7854	24736	6755
7855	24739	6751
7856	24742	6748
7857	24745	6745
7858	24747	6741
7859	24750	6738
7860	24753	6735
7861	24756	6732
7862	24758	6728
7863	24761	6725
7864	24764	6722
7865	24766	6719
7866	24769	6715
7867	24773	6712
7868	24776	6709
7869	24779	6706
7870	24781	6703
7871	24784	6699
7872	24787	6696
7873	24790	6693
7874	24793	6690
7875	24796	6687
7876	24799	6683
7877	24802	6680
7878	24805	6677
7879	24808	6674
7880	24810	6670
7881	24813	6667
7882	24815	6664
7883	24818	6661
7884	24821	6657
7885	24824	6654
7886	24826	6651
7887	24829	6647
7888	24831	6644
7889	24834	6641
7890	24837	6638
7891	24839	6634
7892	24842	6631
7893	24845	6628
7894	24847	6625
7895	24850	6621
7896	24853	6618
7897	24855	6615
7898	24858	6611
7899	24861	6608
7900	24864	6605
7901	24867	6602
7902	24870	6599
7903	24873	6596
7904	24876	6592
7905	24879	6589
7906	24883	6586
7907	24886	6583
7908	24889	6580
7909	24893	6577
7910	24897	6574
7911	24900	6571
7912	24903	6568
7913	24907	6565
7914	24910	6562
7915	24913	6558
7916	24916	6555
7917	24920	6552
7918	24923	6549
7919	24926	6546
7920	24929	6543
7921	24932	6540
7922	24935	6536
7923	24939	6533
7924	24942	6530
7925	24945	6527
7926	24948	6524
7927	24952	6521
7928	24955	6518
7929	24959	6515
7930	24962	6512
7931	24965	6508
7932	24968	6505
7933	24971	6502
7934	24974	6499
7935	24977	6496
7936	24980	6493
7937	24983	6489
7938	24987	6486
7939	24990	6483
7940	24993	6480
7941	24996	6477
7942	24999	6474
7943	25002	6470
7944	25005	6467
7945	25008	6464
7946	25011	6461
7947	25014	6458
7948	25017	6455
7949	25020	6451
7950	25023	6448
7951	25026	6445
7952	25029	6442
7953	25032	6439
7954	25035	6435
7955	25038	6432
7956	25042	6429
7957	25045	6426
7958	25049	6423
7959	25051	6420
7960	25055	6417
7961	25058	6414
7962	25061	6410
7963	25064	6407
7964	25067	6404
7965	25070	6401
7966	25073	6398
7967	25076	6395
7968	25079	6391
7969	25082	6388
7970	25085	6385
7971	25088	6382
7972	25092	6379
7973	25095	6376
7974	25099	6373
7975	25102	6369
7976	25105	6366
7977	25108	6363
7978	25110	6360
7979	25113	6357
7980	25117	6354
7981	25119	6350
7982	25122	6347
7983	25125	6344
7984	25127	6340
7985	25130	6337
7986	25133	6334
7987	25137	6331
7988	25140	6328
7989	25143	6325
7990	25146	6321
7991	25148	6318
7992	25151	6315
7993	25155	6312
7994	25158	6309
7995	25161	6306
7996	25164	6302
7997	25168	6299
7998	25171	6296
7999	25174	6293
8000	25177	6290
8001	25180	6287
8002	25183	6284
8003	25186	6280
8004	25189	6277
8005	25193	6274
8006	25196	6271
8007	25199	6268
8008	25201	6265
8009	25204	6261
8010	25207	6258
8011	25210	6255
8012	25212	6252
8013	25215	6248
8014	25218	6245
8015	25220	6242
8016	25223	6239
8017	25226	6235
8018	25229	6232
8019	25232	6229
8020	25235	6226
8021	25238	6223
8022	25241	6219
8023	25243	6216
8024	25246	6213
8025	25249	6210
8026	25252	6206
8027	25254	6203
8028	25257	6200
8029	25260	6197
8030	25262	6193
8031	25265	6190
8032	25268	6187
8033	25271	6184
8034	25274	6180
8035	25277	6177
8036	25279	6174
8037	25282	6171
8038	25285	6168
8039	25288	6164
8040	25291	6161
8041	25294	6158
8042	25297	6155
8043	25300	6152
8044	25302	6148
8045	25305	6145
8046	25307	6142
8047	25310	6138
8048	25313	6135
8049	25316	6132
8050	25318	6129
8051	25321	6126
8052	25324	6122
8053	25327	6119
8054	25330	6116
8055	25332	6113
8056	25335	6109
8057	25337	6106
8058	25340	6103
8059	25343	6099
8060	25345	6096
8061	25348	6093
8062	25351	6090
8063	25353	6086
8064	25356	6083
8065	25359	6080
8066	25363	6077
8067	25367	6074
8068	25369	6071
8069	25372	6068
8070	25375	6064
8071	25377	6061
8072	25380	6058
8073	25383	6054
8074	25385	6051
8075	25388	6048
8076	25391	6045
8077	25394	6042
8078	25397	6038
8079	25399	6035
8080	25402	6032
8081	25405	6029
8082	25407	6025
8083	25410	6022
8084	25415	6019
8085	25418	6016
8086	25421	6013
8087	25423	6010
8088	25426	6006
8089	25429	6003
8090	25432	6000
8091	25435	5997
8092	25438	5994
8093	25441	5990
8094	25444	5987
8095	25446	5984
8096	25449	5981
8097	25452	5977
8098	25454	5974
8099	25457	5971
8100	25460	5968
8101	25463	5965
8102	25466	5961
8103	25469	5958
8104	25472	5955
8105	25474	5952
8106	25477	5949
8107	25480	5945
8108	25483	5942
8109	25485	5939
8110	25488	5936
8111	25490	5932
8112	25493	5929
8113	25495	5926
8114	25498	5922
8115	25500	5919
8116	25504	5916
8117	25507	5913
8118	25509	5910
8119	25512	5906
8120	25515	5903
8121	25517	5900
8122	25520	5897
8123	25523	5893
8124	25526	5890
8125	25529	5887
8126	25533	5884
8127	25535	5881
8128	25538	5878
8129	25541	5874
8130	25544	5871
8131	25546	5868
8132	25549	5865
8133	25553	5862
8134	25556	5858
8135	25559	5855
8136	25562	5852
8137	25565	5849
8138	25568	5846
8139	25571	5843
8140	25574	5839
8141	25577	5836
8142	25579	5833
8143	25582	5830
8144	25585	5827
8145	25588	5823
8146	25590	5820
8147	25593	5817
8148	25596	5814
8149	25599	5810
8150	25602	5807
8151	25605	5804
8152	25607	5801
8153	25610	5798
8154	25613	5794
8155	25616	5791
8156	25618	5788
8157	25621	5785
8158	25624	5781
8159	25627	5778
8160	25630	5775
8161	25633	5772
8162	25636	5769
8163	25638	5765
8164	25642	5762
8165	25645	5759
8166	25648	5756
8167	25651	5753
8168	25654	5750
8169	25657	5747
8170	25660	5743
8171	25663	5740
8172	25666	5737
8173	25669	5734
8174	25672	5731
8175	25675	5727
8176	25678	5724
8177	25681	5721
8178	25684	5718
8179	25687	5715
8180	25689	5712
8181	25692	5708
8182	25695	5705
8183	25698	5702
8184	25700	5699
8185	25703	5695
8186	25706	5692
8187	25709	5689
8188	25712	5686
8189	25715	5683
8190	25717	5679
8191	25720	5676
8192	25723	5673
8193	25726	5670
8194	25729	5667
8195	25732	5663
8196	25735	5660
8197	25739	5657
8198	25742	5654
8199	25745	5651
8200	25748	5648
8201	25751	5645
8202	25754	5641
8203	25757	5638
8204	25760	5635
8205	25763	5632
8206	25765	5629
8207	25768	5625
8208	25771	5622
8209	25774	5619
8210	25777	5616
8211	25781	5613
8212	25785	5610
8213	25788	5607
8214	25791	5604
8215	25794	5600
8216	25797	5597
8217	25800	5594
8218	25803	5591
8219	25806	5588
8220	25808	5584
8221	25811	5581
8222	25814	5578
8223	25817	5575
8224	25820	5572
8225	25823	5568
8226	25826	5565
8227	25829	5562
8228	25832	5559
8229	25834	5556
8230	25837	5552
8231	25840	5549
8232	25842	5546
8233	25845	5543
8234	25847	5539
8235	25850	5536
8236	25853	5533
8237	25855	5530
8238	25858	5527
8239	25861	5523
8240	25864	5520
8241	25866	5517
8242	25869	5514
8243	25872	5510
8244	25875	5507
8245	25877	5504
8246	25880	5501
8247	25884	5498
8248	25887	5495
8249	25890	5491
8250	25893	5488
8251	25895	5485
8252	25899	5482
8253	25902	5479
8254	25905	5476
8255	25908	5472
8256	25911	5469
8257	25914	5466
8258	25918	5463
8259	25921	5460
8260	25924	5457
8261	25927	5454
8262	25931	5451
8263	25934	5447
8264	25938	5444
8265	25941	5441
8266	25944	5438
8267	25947	5435
8268	25951	5432
8269	25954	5429
8270	25957	5426
8271	25960	5423
8272	25964	5420
8273	25968	5417
8274	25971	5414
8275	25974	5410
8276	25978	5407
8277	25981	5404
8278	25985	5401
8279	25988	5398
8280	25992	5395
8281	25995	5392
8282	25999	5389
8283	26002	5386
8284	26006	5383
8285	26010	5380
8286	26014	5377
8287	26018	5374
8288	26021	5371
8289	26025	5368
8290	26028	5365
8291	26031	5362
8292	26035	5359
8293	26038	5355
8294	26042	5352
8295	26045	5349
8296	26048	5346
8297	26052	5343
8298	26056	5340
8299	26060	5337
8300	26063	5334
8301	26067	5331
8302	26071	5328
8303	26075	5325
8304	26078	5322
8305	26082	5319
8306	26085	5316
8307	26089	5313
8308	26094	5310
8309	26097	5307
8310	26101	5304
8311	26105	5301
8312	26109	5298
8313	26113	5295
8314	26116	5292
8315	26120	5289
8316	26124	5286
8317	26127	5283
8318	26131	5280
8319	26135	5277
8320	26139	5274
8321	26142	5271
8322	26146	5268
8323	26150	5265
8324	26153	5262
8325	26157	5259
8326	26160	5255
8327	26163	5252
8328	26167	5249
8329	26170	5246
8330	26174	5243
8331	26177	5240
8332	26181	5237
8333	26184	5234
8334	26187	5231
8335	26190	5228
8336	26193	5224
8337	26196	5221
8338	26199	5218
8339	26202	5215
8340	26204	5212
8341	26207	5208
8342	26210	5205
8343	26213	5202
8344	26216	5199
8345	26219	5196
8346	26222	5192
8347	26224	5189
8348	26227	5186
8349	26230	5183
8350	26233	5180
8351	26236	5176
8352	26239	5173
8353	26242	5170
8354	26245	5167
8355	26248	5164
8356	26251	5161
8357	26254	5157
8358	26257	5154
8359	26260	5151
8360	26263	5148
8361	26266	5145
8362	26269	5142
8363	26272	5138
8364	26274	5135
8365	26277	5132
8366	26280	5129
8367	26283	5126
8368	26286	5122
8369	26290	5119
8370	26293	5116
8371	26296	5113
8372	26299	5110
8373	26302	5107
8374	26305	5104
8375	26308	5100
8376	26311	5097
8377	26314	5094
8378	26317	5091
8379	26319	5088
8380	26322	5084
8381	26325	5081
8382	26328	5078
8383	26332	5075
8384	26334	5072
8385	26337	5069
8386	26340	5065
8387	26343	5062
8388	26345	5059
8389	26348	5056
8390	26351	5053
8391	26354	5049
8392	26357	5046
8393	26360	5043
8394	26362	5040
8395	26365	5036
8396	26368	5033
8397	26371	5030
8398	26374	5027
8399	26377	5024
8400	26380	5021
8401	26383	5017
8402	26386	5014
8403	26389	5011
8404	26393	5008
8405	26396	5005
8406	26398	5002
8407	26401	4999
8408	26404	4995
8409	26408	4992
8410	26411	4989
8411	26414	4986
8412	26417	4983
8413	26420	4980
8414	26424	4977
8415	26427	4973
8416	26430	4970
8417	26433	4967
8418	26436	4964
8419	26439	4961
8420	26443	4958
8421	26446	4955
8422	26449	4951
8423	26452	4948
8424	26454	4945
8425	26457	4942
8426	26460	4939
8427	26463	4936
8428	26466	4932
8429	26469	4929
8430	26472	4926
8431	26474	4923
8432	26477	4919
8433	26479	4916
8434	26482	4913
8435	26485	4910
8436	26488	4907
8437	26490	4903
8438	26493	4900
8439	26496	4897
8440	26498	4894
8441	26501	4890
8442	26504	4887
8443	26506	4884
8444	26509	4881
8445	26513	4878
8446	26515	4874
8447	26518	4871
8448	26521	4868
8449	26524	4865
8450	26527	4862
8451	26530	4859
8452	26533	4855
8453	26536	4852
8454	26539	4849
8455	26542	4846
8456	26545	4843
8457	26548	4840
8458	26551	4836
8459	26554	4833
8460	26557	4830
8461	26560	4827
8462	26563	4824
8463	26566	4821
8464	26569	4818
8465	26572	4814
8466	26576	4811
8467	26579	4808
8468	26581	4805
8469	26584	4802
8470	26587	4799
8471	26590	4795
8472	26593	4792
8473	26596	4789
8474	26599	4786
8475	26602	4783
8476	26605	4779
8477	26608	4776
8478	26611	4773
8479	26613	4770
8480	26616	4767
8481	26619	4764
8482	26622	4760
8483	26625	4757
8484	26628	4754
8485	26631	4751
8486	26634	4748
8487	26637	4744
8488	26639	4741
8489	26642	4738
8490	26644	4735
8491	26647	4732
8492	26650	4728
8493	26653	4725
8494	26656	4722
8495	26659	4719
8496	26661	4716
8497	26664	4712
8498	26667	4709
8499	26669	4706
8500	26672	4703
8501	26674	4699
8502	26677	4696
8503	26680	4693
8504	26683	4690
8505	26686	4687
8506	26688	4683
8507	26691	4680
8508	26694	4677
8509	26697	4674
8510	26700	4671
8511	26703	4668
8512	26706	4664
8513	26709	4661
8514	26712	4658
8515	26715	4655
8516	26718	4652
8517	26721	4649
8518	26724	4645
8519	26727	4642
8520	26729	4639
8521	26732	4636
8522	26735	4633
8523	26738	4629
8524	26741	4626
8525	26744	4623
8526	26747	4620
8527	26749	4617
8528	26752	4614
8529	26755	4610
8530	26758	4607
8531	26761	4604
8532	26764	4601
8533	26767	4598
8534	26770	4595
8535	26773	4591
8536	26775	4588
8537	26778	4585
8538	26781	4582
8539	26784	4579
8540	26787	4575
8541	26790	4572
8542	26793	4569
8543	26796	4566
8544	26800	4563
8545	26803	4560
8546	26806	4557
8547	26809	4553
8548	26812	4550
8549	26815	4547
8550	26818	4544
8551	26821	4541
8552	26824	4538
8553	26827	4535
8554	26830	4531
8555	26834	4528
8556	26837	4525
8557	26840	4522
8558	26843	4519
8559	26846	4516
8560	26849	4513
8561	26852	4509
8562	26855	4506
8563	26858	4503
8564	26861	4500
8565	26864	4497
8566	26867	4494
8567	26870	4490
8568	26873	4487
8569	26876	4484
8570	26880	4481
8571	26883	4478
8572	26886	4475
8573	26888	4472
8574	26891	4468
8575	26894	4465
8576	26897	4462
8577	26900	4459
8578	26903	4456
8579	26906	4453
8580	26909	4449
8581	26912	4446
8582	26915	4443
8583	26918	4440
8584	26921	4437
8585	26925	4434
8586	26928	4431
8587	26931	4427
8588	26934	4424
8589	26937	4421
8590	26940	4418
8591	26943	4415
8592	26946	4412
8593	26949	4408
8594	26952	4405
8595	26955	4402
8596	26958	4399
8597	26961	4396
8598	26963	4393
8599	26966	4389
8600	26969	4386
8601	26973	4383
8602	26975	4380
8603	26978	4377
8604	26981	4374
8605	26984	4370
8606	26987	4367
8607	26990	4364
8608	26994	4361
8609	26997	4358
8610	27000	4355
8611	27003	4352
8612	27005	4348
8613	27008	4345
8614	27011	4342
8615	27014	4339
8616	27017	4336
8617	27020	4333
8618	27022	4329
8619	27025	4326
8620	27027	4323
8621	27030	4320
8622	27033	4317
8623	27036	4313
8624	27039	4310
8625	27042	4307
8626	27044	4304
8627	27047	4301
8628	27050	4297
8629	27053	4294
8630	27055	4291
8631	27058	4288
8632	27061	4285
8633	27064	4281
8634	27067	4278
8635	27070	4275
8636	27073	4272
8637	27076	4269
8638	27079	4266
8639	27082	4262
8640	27086	4259
8641	27089	4256
8642	27092	4253
8643	27096	4250
8644	27099	4247
8645	27102	4244
8646	27106	4241
8647	27109	4238
8648	27113	4235
8649	27117	4232
8650	27120	4229
8651	27124	4226
8652	27128	4223
8653	27131	4219
8654	27136	4216
8655	27139	4213
8656	27143	4210
8657	27147	4207
8658	27151	4204
8659	27155	4201
8660	27159	4198
8661	27162	4195
8662	27166	4192
8663	27170	4189
8664	27174	4186
8665	27177	4183
8666	27180	4180
8667	27184	4177
8668	27187	4174
8669	27191	4171
8670	27194	4168
8671	27197	4164
8672	27201	4161
8673	27204	4158
8674	27207	4155
8675	27210	4152
8676	27213	4149
8677	27217	4146
8678	27220	4143
8679	27223	4139
8680	27226	4136
8681	27229	4133
8682	27232	4130
8683	27236	4127
8684	27239	4124
8685	27242	4121
8686	27246	4118
8687	27249	4115
8688	27252	4111
8689	27255	4108
8690	27258	4105
8691	27262	4102
8692	27265	4099
8693	27269	4096
8694	27272	4093
8695	27276	4090
8696	27279	4087
8697	27282	4083
8698	27286	4080
8699	27289	4077
8700	27293	4074
8701	27296	4071
8702	27299	4068
8703	27302	4065
8704	27306	4062
8705	27309	4059
8706	27312	4055
8707	27315	4052
8708	27318	4049
8709	27321	4046
8710	27324	4043
8711	27327	4040
8712	27330	4037
8713	27333	4033
8714	27337	4030
8715	27340	4027
8716	27344	4024
8717	27347	4021
8718	27350	4018
8719	27353	4015
8720	27356	4012
8721	27359	4008
8722	27363	4005
8723	27366	4002
8724	27369	3999
8725	27373	3996
8726	27376	3993
8727	27380	3990
8728	27384	3987
8729	27387	3984
8730	27390	3981
8731	27393	3977
8732	27397	3974
8733	27400	3971
8734	27404	3968
8735	27407	3965
8736	27410	3962
8737	27413	3959
8738	27416	3956
8739	27419	3952
8740	27422	3949
8741	27426	3946
8742	27430	3943
8743	27434	3940
8744	27437	3937
8745	27440	3934
8746	27443	3931
8747	27446	3928
8748	27449	3924
8749	27452	3921
8750	27455	3918
8751	27458	3915
8752	27461	3912
8753	27464	3909
8754	27467	3905
8755	27470	3902
8756	27473	3899
8757	27476	3896
8758	27479	3893
8759	27482	3890
8760	27485	3887
8761	27488	3883
8762	27491	3880
8763	27494	3877
8764	27497	3874
8765	27500	3871
8766	27504	3868
8767	27507	3865
8768	27510	3861
8769	27513	3858
8770	27516	3855
8771	27520	3852
8772	27523	3849
8773	27526	3846
8774	27529	3843
8775	27532	3839
8776	27535	3836
8777	27538	3833
8778	27542	3830
8779	27544	3827
8780	27547	3824
8781	27550	3821
8782	27553	3817
8783	27556	3814
8784	27558	3811
8785	27561	3808
8786	27564	3805
8787	27567	3802
8788	27570	3798
8789	27573	3795
8790	27576	3792
8791	27579	3789
8792	27582	3786
8793	27585	3783
8794	27588	3779
8795	27590	3776
8796	27593	3773
8797	27596	3770
8798	27599	3767
8799	27602	3763
8800	27604	3760
8801	27607	3757
8802	27610	3754
8803	27613	3751
8804	27616	3748
8805	27618	3744
8806	27621	3741
8807	27624	3738
8808	27627	3735
8809	27630	3732
8810	27632	3728
8811	27635	3725
8812	27638	3722
8813	27640	3719
8814	27643	3716
8815	27646	3712
8816	27649	3709
8817	27652	3706
8818	27655	3703
8819	27658	3700
8820	27661	3697
8821	27664	3694
8822	27667	3690
8823	27670	3687
8824	27673	3684
8825	27676	3681
8826	27678	3678
8827	27681	3675
8828	27684	3671
8829	27687	3668
8830	27690	3665
8831	27693	3662
8832	27696	3659
8833	27699	3656
8834	27701	3652
8835	27705	3649
8836	27708	3646
8837	27711	3643
8838	27714	3640
8839	27717	3637
8840	27719	3633
8841	27722	3630
8842	27725	3627
8843	27728	3624
8844	27731	3621
8845	27733	3618
8846	27736	3614
8847	27739	3611
8848	27742	3608
8849	27745	3605
8850	27748	3602
8851	27751	3599
8852	27754	3595
8853	27757	3592
8854	27759	3589
8855	27762	3586
8856	27765	3583
8857	27768	3579
8858	27770	3576
8859	27773	3573
8860	27775	3570
8861	27778	3567
8862	27781	3563
8863	27783	3560
8864	27786	3557
8865	27789	3554
8866	27792	3551
8867	27795	3548
8868	27798	3545
8869	27801	3541
8870	27804	3538
8871	27806	3535
8872	27809	3532
8873	27812	3529
8874	27815	3525
8875	27818	3522
8876	27821	3519
8877	27824	3516
8878	27828	3513
8879	27832	3510
8880	27835	3507
8881	27839	3504
8882	27842	3501
8883	27845	3497
8884	27848	3494
8885	27851	3491
8886	27854	3488
8887	27857	3485
8888	27860	3482
8889	27863	3478
8890	27866	3475
8891	27868	3472
8892	27871	3469
8893	27874	3466
8894	27877	3463
8895	27880	3459
8896	27883	3456
8897	27886	3453
8898	27889	3450
8899	27892	3447
8900	27895	3444
8901	27898	3441
8902	27901	3437
8903	27905	3434
8904	27908	3431
8905	27911	3428
8906	27915	3425
8907	27917	3422
8908	27921	3419
8909	27923	3416
8910	27926	3412
8911	27929	3409
8912	27933	3406
8913	27936	3403
8914	27939	3400
8915	27941	3397
8916	27944	3393
8917	27947	3390
8918	27950	3387
8919	27953	3384
8920	27956	3381
8921	27959	3378
8922	27962	3375
8923	27965	3371
8924	27968	3368
8925	27970	3365
8926	27973	3362
8927	27976	3359
8928	27979	3356
8929	27982	3352
8930	27985	3349
8931	27988	3346
8932	27991	3343
8933	27994	3340
8934	27997	3337
8935	28000	3334
8936	28003	3330
8937	28006	3327
8938	28008	3324
8939	28011	3321
8940	28014	3318
8941	28017	3314
8942	28019	3311
8943	28022	3308
8944	28025	3305
8945	28029	3302
8946	28032	3299
8947	28034	3295
8948	28037	3292
8949	28040	3289
8950	28042	3286
8951	28045	3283
8952	28048	3280
8953	28051	3276
8954	28053	3273
8955	28056	3270
8956	28059	3267
8957	28061	3264
8958	28064	3260
8959	28067	3257
8960	28070	3254
8961	28074	3251
8962	28077	3248
8963	28079	3245
8964	28082	3242
8965	28085	3238
8966	28087	3235
8967	28090	3232
8968	28093	3229
8969	28096	3226
8970	28099	3223
8971	28102	3219
8972	28105	3216
8973	28109	3213
8974	28112	3210
8975	28116	3207
8976	28119	3204
8977	28123	3201
8978	28126	3198
8979	28129	3195
8980	28133	3192
8981	28136	3188
8982	28139	3185
8983	28142	3182
8984	28145	3179
8985	28148	3176
8986	28151	3173
8987	28155	3170
8988	28158	3166
8989	28161	3163
8990	28165	3160
8991	28168	3157
8992	28171	3154
8993	28175	3151
8994	28178	3148
8995	28182	3145
8996	28186	3142
8997	28189	3139
8998	28193	3136
8999	28196	3132
9000	28199	3129
9001	28203	3126
9002	28206	3123
9003	28210	3120
9004	28213	3117
9005	28216	3114
9006	28220	3111
9007	28223	3108
9008	28227	3105
9009	28230	3101
9010	28233	3098
9011	28236	3095
9012	28239	3092
9013	28242	3089
9014	28246	3086
9015	28249	3083
9016	28252	3080
9017	28255	3076
9018	28259	3073
9019	28262	3070
9020	28265	3067
9021	28269	3064
9022	28272	3061
9023	28276	3058
9024	28279	3055
9025	28283	3052
9026	28286	3048
9027	28289	3045
9028	28293	3042
9029	28296	3039
9030	28300	3036
9031	28304	3033
9032	28307	3030
9033	28310	3027
9034	28313	3024
9035	28317	3021
9036	28321	3017
9037	28324	3014
9038	28328	3011
9039	28331	3008
9040	28334	3005
9041	28337	3002
9042	28341	2999
9043	28344	2996
9044	28348	2993
9045	28351	2989
9046	28354	2986
9047	28357	2983
9048	28360	2980
9049	28365	2977
9050	28368	2974
9051	28371	2971
9052	28375	2968
9053	28378	2965
9054	28381	2961
9055	28385	2958
9056	28388	2955
9057	28391	2952
9058	28394	2949
9059	28397	2946
9060	28400	2943
9061	28403	2940
9062	28406	2936
9063	28409	2933
9064	28412	2930
9065	28415	2927
9066	28419	2924
9067	28422	2921
9068	28425	2918
9069	28428	2914
9070	28431	2911
9071	28434	2908
9072	28438	2905
9073	28441	2902
9074	28444	2899
9075	28447	2896
9076	28449	2892
9077	28452	2889
9078	28455	2886
9079	28458	2883
9080	28461	2880
9081	28465	2877
9082	28468	2874
9083	28470	2870
9084	28473	2867
9085	28476	2864
9086	28479	2861
9087	28483	2858
9088	28486	2855
9089	28489	2852
9090	28492	2848
9091	28495	2845
9092	28499	2842
9093	28502	2839
9094	28505	2836
9095	28508	2833
9096	28511	2830
9097	28515	2827
9098	28518	2823
9099	28521	2820
9100	28524	2817
9101	28528	2814
9102	28531	2811
9103	28534	2808
9104	28537	2805
9105	28541	2802
9106	28543	2798
9107	28546	2795
9108	28549	2792
9109	28553	2789
9110	28556	2786
9111	28559	2783
9112	28562	2780
9113	28565	2776
9114	28568	2773
9115	28572	2770
9116	28576	2767
9117	28579	2764
9118	28582	2761
9119	28585	2758
9120	28588	2755
9121	28591	2752
9122	28595	2748
9123	28598	2745
9124	28601	2742
9125	28603	2739
9126	28606	2736
9127	28609	2733
9128	28612	2729
9129	28616	2726
9130	28619	2723
9131	28622	2720
9132	28625	2717
9133	28628	2714
9134	28631	2711
9135	28634	2708
9136	28637	2704
9137	28640	2701
9138	28643	2698
9139	28646	2695
9140	28649	2692
9141	28652	2689
9142	28655	2685
9143	28658	2682
9144	28661	2679
9145	28665	2676
9146	28668	2673
9147	28671	2670
9148	28675	2667
9149	28677	2664
9150	28681	2660
9151	28684	2657
9152	28687	2654
9153	28690	2651
9154	28693	2648
9155	28696	2645
9156	28699	2642
9157	28702	2638
9158	28705	2635
9159	28708	2632
9160	28711	2629
9161	28715	2626
9162	28718	2623
9163	28721	2620
9164	28724	2617
9165	28727	2613
9166	28730	2610
9167	28734	2607
9168	28737	2604
9169	28740	2601
9170	28744	2598
9171	28747	2595
9172	28750	2592
9173	28753	2588
9174	28756	2585
9175	28760	2582
9176	28763	2579
9177	28766	2576
9178	28769	2573
9179	28771	2570
9180	28775	2566
9181	28777	2563
9182	28780	2560
9183	28783	2557
9184	28785	2554
9185	28788	2551
9186	28791	2547
9187	28794	2544
9188	28797	2541
9189	28800	2538
9190	28803	2535
9191	28806	2532
9192	28809	2529
9193	28812	2525
9194	28815	2522
9195	28819	2519
9196	28822	2516
9197	28825	2513
9198	28828	2510
9199	28831	2507
9200	28834	2503
9201	28837	2500
9202	28841	2497
9203	28843	2494
9204	28847	2491
9205	28850	2488
9206	28853	2485
9207	28856	2481
9208	28858	2478
9209	28861	2475
9210	28864	2472
9211	28867	2469
9212	28870	2466
9213	28873	2463
9214	28876	2459
9215	28879	2456
9216	28882	2453
9217	28885	2450
9218	28888	2447
9219	28891	2444
9220	28895	2441
9221	28899	2438
9222	28902	2434
9223	28905	2431
9224	28907	2428
9225	28910	2425
9226	28913	2422
9227	28916	2419
9228	28918	2415
9229	28921	2412
9230	28925	2409
9231	28928	2406
9232	28931	2403
9233	28934	2400
9234	28937	2397
9235	28941	2394
9236	28943	2390
9237	28947	2387
9238	28949	2384
9239	28952	2381
9240	28955	2378
9241	28959	2375
9242	28962	2371
9243	28965	2368
9244	28968	2365
9245	28970	2362
9246	28973	2359
9247	28976	2356
9248	28979	2353
9249	28982	2349
9250	28985	2346
9251	28988	2343
9252	28990	2340
9253	28993	2337
9254	28996	2334
9255	28999	2330
9256	29001	2327
9257	29004	2324
9258	29008	2321
9259	29010	2318
9260	29013	2315
9261	29017	2312
9262	29020	2308
9263	29022	2305
9264	29025	2302
9265	29028	2299
9266	29031	2296
9267	29035	2293
9268	29038	2290
9269	29041	2286
9270	29043	2283
9271	29047	2280
9272	29050	2277
9273	29053	2274
9274	29056	2271
9275	29058	2268
9276	29061	2264
9277	29064	2261
9278	29068	2258
9279	29071	2255
9280	29074	2252
9281	29077	2249
9282	29081	2246
9283	29084	2243
9284	29087	2239
9285	29091	2236
9286	29094	2233
9287	29097	2230
9288	29100	2227
9289	29103	2224
9290	29105	2221
9291	29108	2217
9292	29111	2214
9293	29114	2211
9294	29117	2208
9295	29120	2205
9296	29123	2202
9297	29126	2199
9298	29129	2195
9299	29132	2192
9300	29135	2189
9301	29138	2186
9302	29140	2183
9303	29143	2180
9304	29145	2176
9305	29148	2173
9306	29151	2170
9307	29154	2167
9308	29156	2164
9309	29160	2161
9310	29162	2158
9311	29165	2154
9312	29168	2151
9313	29171	2148
9314	29173	2145
9315	29176	2142
9316	29179	2139
9317	29181	2135
9318	29184	2132
9319	29187	2129
9320	29189	2126
9321	29192	2123
9322	29195	2120
9323	29198	2116
9324	29200	2113
9325	29203	2110
9326	29206	2107
9327	29208	2104
9328	29211	2101
9329	29214	2097
9330	29216	2094
9331	29219	2091
9332	29222	2088
9333	29224	2085
9334	29227	2082
9335	29230	2078
9336	29232	2075
9337	29235	2072
9338	29238	2069
9339	29240	2066
9340	29243	2063
9341	29246	2059
9342	29248	2056
9343	29251	2053
9344	29254	2050
9345	29257	2047
9346	29260	2044
9347	29263	2041
9348	29267	2037
9349	29270	2034
9350	29273	2031
9351	29276	2028
9352	29279	2025
9353	29282	2022
9354	29286	2019
9355	29288	2016
9356	29292	2012
9357	29295	2009
9358	29299	2006
9359	29302	2003
9360	29305	2000
9361	29309	1997
9362	29312	1994
9363	29316	1991
9364	29319	1988
9365	29322	1984
9366	29326	1981
9367	29329	1978
9368	29332	1975
9369	29335	1972
9370	29338	1969
9371	29341	1966
9372	29344	1962
9373	29347	1959
9374	29351	1956
9375	29354	1953
9376	29357	1950
9377	29361	1947
9378	29364	1944
9379	29367	1941
9380	29370	1937
9381	29373	1934
9382	29376	1931
9383	29379	1928
9384	29382	1925
9385	29385	1922
9386	29389	1919
9387	29392	1916
9388	29395	1912
9389	29398	1909
9390	29401	1906
9391	29404	1903
9392	29407	1900
9393	29410	1897
9394	29413	1894
9395	29416	1890
9396	29419	1887
9397	29422	1884
9398	29424	1881
9399	29428	1878
9400	29432	1875
9401	29435	1872
9402	29438	1869
9403	29442	1865
9404	29445	1862
9405	29448	1859
9406	29451	1856
9407	29455	1853
9408	29458	1850
9409	29462	1847
9410	29465	1844
9411	29468	1840
9412	29471	1837
9413	29474	1834
9414	29477	1831
9415	29481	1828
9416	29483	1825
9417	29486	1822
9418	29489	1819
9419	29493	1815
9420	29496	1812
9421	29499	1809
9422	29502	1806
9423	29505	1803
9424	29509	1800
9425	29512	1797
9426	29514	1793
9427	29517	1790
9428	29520	1787
9429	29522	1784
9430	29525	1781
9431	29528	1778
9432	29531	1775
9433	29534	1771
9434	29538	1768
9435	29540	1765
9436	29544	1762
9437	29546	1759
9438	29549	1756
9439	29552	1753
9440	29555	1750
9441	29558	1746
9442	29561	1743
9443	29564	1740
9444	29567	1737
9445	29570	1734
9446	29573	1731
9447	29575	1727
9448	29578	1724
9449	29581	1721
9450	29585	1718
9451	29587	1715
9452	29590	1712
9453	29593	1709
9454	29596	1706
9455	29599	1702
9456	29602	1699
9457	29605	1696
9458	29608	1693
9459	29611	1690
9460	29614	1687
9461	29617	1684
9462	29619	1680
9463	29622	1677
9464	29625	1674
9465	29628	1671
9466	29632	1668
9467	29634	1665
9468	29637	1661
9469	29639	1658
9470	29642	1655
9471	29645	1652
9472	29647	1649
9473	29650	1646
9474	29653	1643
9475	29655	1639
9476	29658	1636
9477	29661	1633
9478	29663	1630
9479	29666	1627
9480	29669	1624
9481	29671	1620
9482	29675	1617
9483	29677	1614
9484	29680	1611
9485	29683	1608
9486	29686	1605
9487	29688	1602
9488	29691	1598
9489	29694	1595
9490	29696	1592
9491	29699	1589
9492	29702	1586
9493	29705	1583
9494	29708	1580
9495	29710	1576
9496	29713	1573
9497	29716	1570
9498	29719	1567
9499	29722	1564
9500	29724	1561
9501	29727	1558
9502	29729	1554
9503	29732	1551
9504	29735	1548
9505	29737	1545
9506	29740	1542
9507	29743	1539
9508	29746	1535
9509	29748	1532
9510	29751	1529
9511	29754	1526
9512	29756	1523
9513	29759	1520
9514	29761	1517
9515	29764	1513
9516	29767	1510
9517	29770	1507
9518	29772	1504
9519	29775	1501
9520	29777	1498
9521	29780	1494
9522	29783	1491
9523	29786	1488
9524	29789	1485
9525	29791	1482
9526	29794	1479
9527	29797	1476
9528	29799	1472
9529	29802	1469
9530	29805	1466
9531	29808	1463
9532	29811	1460
9533	29815	1457
9534	29817	1454
9535	29820	1451
9536	29823	1447
9537	29826	1444
9538	29829	1441
9539	29831	1438
9540	29834	1435
9541	29837	1432
9542	29839	1428
9543	29842	1425
9544	29845	1422
9545	29847	1419
9546	29850	1416
9547	29852	1413
9548	29855	1410
9549	29858	1406
9550	29861	1403
9551	29864	1400
9552	29867	1397
9553	29870	1394
9554	29872	1391
9555	29875	1388
9556	29878	1384
9557	29881	1381
9558	29884	1378
9559	29886	1375
9560	29889	1372
9561	29892	1369
9562	29894	1366
9563	29897	1362
9564	29900	1359
9565	29903	1356
9566	29906	1353
9567	29908	1350
9568	29911	1347
9569	29913	1344
9570	29916	1340
9571	29918	1337
9572	29921	1334
9573	29924	1331
9574	29926	1328
9575	29929	1325
9576	29932	1322
9577	29935	1318
9578	29938	1315
9579	29940	1312
9580	29943	1309
9581	29946	1306
9582	29949	1303
9583	29952	1300
9584	29954	1296
9585	29957	1293
9586	29959	1290
9587	29962	1287
9588	29964	1284
9589	29967	1281
9590	29970	1278
9591	29973	1274
9592	29976	1271
9593	29979	1268
9594	29981	1265
9595	29984	1262
9596	29987	1259
9597	29990	1256
9598	29992	1252
9599	29996	1249
9600	29998	1246
9601	30001	1243
9602	30004	1240
9603	30007	1237
9604	30009	1234
9605	30012	1230
9606	30015	1227
9607	30017	1224
9608	30020	1221
9609	30023	1218
9610	30026	1215
9611	30029	1212
9612	30031	1209
9613	30034	1205
9614	30037	1202
9615	30040	1199
9616	30043	1196
9617	30046	1193
9618	30049	1190
9619	30052	1187
9620	30055	1183
9621	30059	1180
9622	30062	1177
9623	30066	1174
9624	30069	1171
9625	30072	1168
9626	30075	1165
9627	30078	1162
9628	30081	1159
9629	30083	1155
9630	30087	1152
9631	30090	1149
9632	30093	1146
9633	30096	1143
9634	30099	1140
9635	30102	1137
9636	30105	1133
9637	30108	1130
9638	30110	1127
9639	30113	1124
9640	30116	1121
9641	30118	1118
9642	30121	1115
9643	30124	1112
9644	30127	1108
9645	30129	1105
9646	30132	1102
9647	30135	1099
9648	30138	1096
9649	30141	1093
9650	30144	1090
9651	30147	1086
9652	30150	1083
9653	30153	1080
9654	30156	1077
9655	30159	1074
9656	30162	1071
9657	30165	1068
9658	30168	1065
9659	30171	1061
9660	30173	1058
9661	30176	1055
9662	30180	1052
9663	30183	1049
9664	30186	1046
9665	30189	1043
9666	30192	1040
9667	30195	1036
9668	30198	1033
9669	30201	1030
9670	30203	1027
9671	30206	1024
9672	30210	1021
9673	30213	1018
9674	30216	1015
9675	30220	1011
9676	30223	1008
9677	30226	1005
9678	30230	1002
9679	30233	999
9680	30236	996
9681	30239	993
9682	30241	990
9683	30244	986
9684	30247	983
9685	30250	980
9686	30252	977
9687	30255	974
9688	30258	971
9689	30261	968
9690	30263	964
9691	30266	961
9692	30268	958
9693	30272	955
9694	30274	952
9695	30277	949
9696	30280	946
9697	30282	943
9698	30285	939
9699	30288	936
9700	30291	933
9701	30294	930
9702	30297	927
9703	30300	924
9704	30303	921
9705	30306	918
9706	30309	914
9707	30312	911
9708	30315	908
9709	30319	905
9710	30322	902
9711	30325	899
9712	30328	896
9713	30332	893
9714	30335	889
9715	30339	886
9716	30342	883
9717	30345	880
9718	30349	877
9719	30352	874
9720	30355	871
9721	30359	868
9722	30362	865
9723	30366	861
9724	30369	858
9725	30373	855
9726	30377	852
9727	30381	849
9728	30385	846
9729	30388	843
9730	30392	840
9731	30395	837
9732	30399	833
9733	30402	830
9734	30406	827
9735	30410	824
9736	30413	821
9737	30417	818
9738	30420	815
9739	30424	812
9740	30427	809
9741	30430	805
9742	30434	802
9743	30438	799
9744	30442	796
9745	30446	793
9746	30449	790
9747	30453	787
9748	30457	784
9749	30461	781
9750	30464	777
9751	30467	774
9752	30471	771
9753	30474	768
9754	30477	765
9755	30481	762
9756	30484	759
9757	30488	756
9758	30491	753
9759	30495	749
9760	30499	746
9761	30502	743
9762	30506	740
9763	30509	737
9764	30513	734
9765	30517	731
9766	30520	728
9767	30524	724
9768	30527	721
9769	30530	718
9770	30534	715
9771	30537	712
9772	30540	709
9773	30543	706
9774	30547	703
9775	30550	700
9776	30554	696
9777	30558	693
9778	30562	690
9779	30565	687
9780	30569	684
9781	30572	681
9782	30576	678
9783	30579	675
9784	30582	671
9785	30585	668
9786	30587	665
9787	30591	662
9788	30594	659
9789	30597	656
9790	30599	653
9791	30602	650
9792	30605	646
9793	30608	643
9794	30611	640
9795	30613	637
9796	30616	634
9797	30619	631
9798	30621	628
9799	30624	624
9800	30627	621
9801	30630	618
9802	30633	615
9803	30636	612
9804	30639	609
9805	30642	606
9806	30645	603
9807	30648	599
9808	30651	596
9809	30653	593
9810	30656	590
9811	30659	587
9812	30662	584
9813	30665	581
9814	30667	578
9815	30670	574
9816	30673	571
9817	30676	568
9818	30679	565
9819	30683	562
9820	30686	559
9821	30689	556
9822	30692	553
9823	30695	549
9824	30698	546
9825	30701	543
9826	30704	540
9827	30707	537
9828	30710	534
9829	30713	531
9830	30715	528
9831	30718	524
9832	30721	521
9833	30724	518
9834	30727	515
9835	30730	512
9836	30733	509
9837	30736	506
9838	30738	502
9839	30741	499
9840	30744	496
9841	30747	493
9842	30749	490
9843	30752	487
9844	30754	484
9845	30757	481
9846	30761	477
9847	30763	474
9848	30766	471
9849	30769	468
9850	30772	465
9851	30775	462
9852	30778	459
9853	30781	456
9854	30784	452
9855	30787	449
9856	30791	446
9857	30794	443
9858	30797	440
9859	30800	437
9860	30803	434
9861	30806	431
9862	30809	427
9863	30812	424
9864	30815	421
9865	30818	418
9866	30821	415
9867	30824	412
9868	30827	409
9869	30830	406
9870	30832	402
9871	30835	399
9872	30838	396
9873	30841	393
9874	30843	390
9875	30846	387
9876	30849	384
9877	30852	381
9878	30854	377
9879	30857	374
9880	30860	371
9881	30863	368
9882	30865	365
9883	30868	362
9884	30871	359
9885	30874	356
9886	30877	352
9887	30879	349
9888	30882	346
9889	30885	343
9890	30888	340
9891	30891	337
9892	30893	334
9893	30896	331
9894	30898	327
9895	30901	324
9896	30904	321
9897	30906	318
9898	30909	315
9899	30912	312
9900	30915	309
9901	30918	306
9902	30921	302
9903	30925	299
9904	30927	296
9905	30930	293
9906	30934	290
9907	30939	287
9908	30942	284
9909	30945	281
9910	30949	277
9911	30952	274
9912	30954	271
9913	30957	268
9914	30960	265
9915	30963	262
9916	30965	259
9917	30968	256
9918	30970	252
9919	30973	249
9920	30976	246
9921	30979	243
9922	30981	240
9923	30984	237
9924	30986	234
9925	30989	231
9926	30992	227
9927	30995	224
9928	30997	221
9929	31000	218
9930	31003	215
9931	31006	212
9932	31008	209
9933	31011	206
9934	31013	202
9935	31016	199
9936	31018	196
9937	31021	193
9938	31024	190
9939	31027	187
9940	31030	184
9941	31033	181
9942	31036	177
9943	31039	174
9944	31042	171
9945	31045	168
9946	31047	165
9947	31051	162
9948	31053	159
9949	31056	156
9950	31059	152
9951	31062	149
9952	31065	146
9953	31067	143
9954	31070	140
9955	31073	137
9956	31076	134
9957	31079	131
9958	31082	127
9959	31085	124
9960	31088	121
9961	31090	118
9962	31093	115
9963	31096	112
9964	31099	109
9965	31101	106
9966	31104	102
9967	31107	99
9968	31109	96
9969	31112	93
9970	31115	90
9971	31117	87
9972	31120	84
9973	31123	81
9974	31126	78
9975	31128	74
9976	31131	71
9977	31134	68
9978	31136	65
9979	31139	62
9980	31142	59
9981	31144	56
9982	31147	53
9983	31150	49
9984	31152	46
9985	31155	43
9986	31158	40
9987	31161	37
9988	31164	34
9989	31166	31
9990	31169	28
9991	31172	24
9992	31175	21
9993	31178	18
9994	31181	15
9995	31183	12
9996	31187	9
9997	31190	6
9998	31193	3
9999	31196	0
