Diene,Ene
C#CC(C)(C)n1cccc1,C#C/C(C)=C/CO
C#CCC(=C)C(=O)OCC,C#C/C=C(\C)C(C)(C)C
C#CCCc1c[nH]cn1,C#C/C=C/C#C
C#CCCn1cncn1,C#CC(=O)NC(C)C
C#CCNC(=O)C=C(C)C,C#CC(C)(C)OC(C)=O
C#CCOc1cnn(C)c1,C#CC(C)(C)n1cccc1
C#CCOc1ncccn1,C#CC1=CC(=NO)CCC1
C#CCc1c[nH]c(N)n1,C#CC1=CCCC1=O
C#CCc1ccc(F)cc1,C#CC1CCC(C=O)CC1
C#CCn1ccccc1=O,C#CCC(=C)C(=O)OCC
C#CCn1ccnc1C=O,C#CCCC1(CCN)N=N1
C#CCn1nc(C)nc1C,C#CCCCC1=NCCO1
C#CCn1nnc(N)n1,C#CCCCC=C
C#C[C@H](N)c1ccccn1,C#CCCCCCC(=O)O
C#C[C@H](O)c1cccnc1,C#CCCNC(=O)C1CC1
C#Cc1c(C)nn(C)c1C,C#CCC[C@@H]1CCC(=O)C1
C#Cc1c(C)noc1C,C#CCCc1ccccc1
C#Cc1c(F)cccc1F,C#CCCn1cncn1
C#Cc1c[nH]nc1C(=O)O,C#CCNC(=O)CNCC
C#Cc1cc(C#C)n(C)n1,C#CCNC(=O)NC1CC1
C#Cc1cc(C)ccc1N,C#CCOCC1(CO)N=N1
C#Cc1cc(F)cnc1N,C#CCOCCOC(C)=O
C#Cc1cc(N)ccc1O,C#CCO[C@@H](CC)C(=O)O
C#Cc1cc(N)cnc1C,C#CCOc1ncccn1
C#Cc1cc(O)cc(O)c1,C#CC[C@H](N)C=O
C#Cc1ccc(=O)[nH]c1,C#CC[C@H]1CCCNC1=O
C#Cc1ccc(C#N)cc1,C#CCc1c[nH]c(N)n1
C#Cc1ccc(CO)nc1,C#CCn1c(=O)[nH][nH]c1=O
C#Cc1ccc(F)cc1C,C#CCn1cccc1
C#Cc1ccc(F)cn1,C#CCn1ccnc1C=O
C#Cc1ccc(N)c(F)c1,C#C[C@@H](N)c1ccccn1
C#Cc1ccc(NC)nn1,C#C[C@@H](O)c1ccncc1
C#Cc1ccc(O)c(O)c1,C#C[C@@H]1C[C@]1(N)C(=O)OC
C#Cc1ccc2c(c1)CC2,C#C[C@](O)(C=C)CC
C#Cc1ccc[nH]1,C#C[C@]1(C)C=COCCO1
C#Cc1cccc(C)c1C,C#C[C@]1(O)CCN(C)C1=O
C#Cc1cccc(CN)c1,C#C[C@]1(O)C[C@@H](C(=O)O)C1
C#Cc1cccc(CO)n1,C#Cc1c[nH]nc1C(=O)O
C#Cc1cccc(O)c1O,C#Cc1cc(C#C)n(C)n1
C#Cc1ccccc1CN,C#Cc1cc(N)ccn1
C#Cc1cccnc1F,C#Cc1ccc(=O)n(C)c1
C#Cc1ccn[nH]1,C#Cc1ccc(C=O)o1
C#Cc1ccnc(C)c1,C#Cc1ccc(CO)cc1
C#Cc1ccnc(N)n1,C#Cc1ccc(F)cc1F
C#Cc1ccncc1F,C#Cc1ccc2c(c1)CC2
C#Cc1ccoc1C,C#Cc1ccc[nH]1
C#Cc1cnc(N)nc1,C#Cc1cccc(CN)c1
C#Cc1cnc(OC)cn1,C#Cc1cccc(CO)n1
C#Cc1cncc(C)n1,C#Cc1cccc(N)c1F
C#Cc1cncc(OC)c1,C#Cc1ccccc1CC
C#Cc1cncn1C,C#Cc1ccoc1C
C#Cc1cnn(C(C)C)c1,C#Cc1cnc(N)nc1
C#Cc1cnn(CC)c1C,C#Cc1cnc(OC)cn1
C#Cc1nc(C)cc(C)n1,C#Cc1cncc(C#N)c1
C#Cc1ncc(C)cc1N,C#Cc1cnn(C2CC2)c1
C#Cc1ncc(C=O)cn1,C#Cc1ncc(C=O)cn1
C#Cc1ncccc1OC,C#Cc1ncc(F)cc1C
C#Cc1nccnc1N,C#Cc1nccc(C)n1
C#Cn1cccc1,C/C(=C/C(C)C)C1(N)CC1
C/C(=C/CC(=O)O)C(=O)O,C/C(=C/C(C)C)CC(C)C
C/C(=C\C(=O)O)CC(=O)O,C/C(=C\C(=O)O)CC(=O)O
C/C(=C\C1CC1)C(=O)O,C/C(=C\C1CC1)C(=O)O
C/C(=C\N=O)NO,C/C(=C\CCC#N)CO
C/C(=N/O)c1cnccn1,C/C(=C\CN)C1CC1
C/C(=N\N=C(N)N)C(=O)O,C/C(=C\N=O)NO
C/C(=N\O)C(=O)C(C)(C)C,C/C(=N\O)c1nccn1C
C/C(=N\O)c1cc[nH]c1,C/C(CCN(C)C)=N/O
C/C(=N\O)c1ccc(C)o1,C/C(CCO)=N\N=C(N)N
C/C(=N\O)c1ccnn1C,C/C(N)=C\C(=O)C(F)(F)F
C/C(CCO)=N/N=C(N)N,C/C=C(/C)CCC=C(C)C
C/C(N)=C/C(=O)OC(C)C,C/C=C(F)/C=N/C(C)(C)C
C/C(O)=N/c1ncn[nH]1,C/C=C(\C)O/C(C)=C/C
C/C=C(C)/C=C/C=C(C)C,C/C=C(\CC)C(C)C
C/C=C(C)/C=N\NC,C/C=C/C
C/C=C(F)/C=N/C(C)(C)C,C/C=C/C#CCCO
C/C=C(\F)c1ccccc1,C/C=C/C(=O)OCC(F)F
C/C=C(\O)C(=O)O,C/C=C/C(F)(F)CO
C/C=C/C(=O)NC(C)C,C/C=C/C/C=C/C(=O)OC
C/C=C/C(=O)[C@@H](C)CC,C/C=C/C=C/C(=O)N(C)C
C/C=C/C/C=C/C(=O)OC,C/C=C/C=C/C(CC)CC
C/C=C/C=C(\C)C(=O)O,C/C=C/C=C\C(C)(C)C
C/C=C/C=C/C(=O)N(C)C,C/C=C/C=C\CCCCO
C/C=C/C=C/C=N\O,C/C=C/C=C\COC(C)=O
C/C=C/C=C\C(C)(C)C,C/C=C/C=N/N(CC)CC
C/C=C/C=C\C=C(C)C,C/C=C/C=N/NC(C)C
C/C=C/C=C\[C@H](C)O,C/C=C/C=N/n1cnnc1
C/C=C/C=N/N(CC)CC,C/C=C/CNCCO
C/C=C/C=N/NC(C)C,C/C=C/CN[C@@H](C)CC
C/C=C/C=N/n1cnnc1,C/C=C/C[C@H](N)CO
C/C=C/c1nccn1C,C/C=C/Cc1ccccc1
C/C=C/n1cccc1,C/C=C/[C@@H]1CCCNC1
C/C=C1\C(=O)[C@H]2CC[C@@H]1C2,C/C=C/[C@H](N)C(C)C
C/C=C\C(=N/CCC)OC,C/C=C/[C@H](O)[C@@H]1O[C@H]1C
C/C=C\C(=O)CCCC#N,C/C=C/[C@H]1C=CC(=O)O1
C/C=C\C(=O)N(CC)CC,C/C=C/c1ccccc1O
C/C=C\C(=O)OCCC#N,C/C=C/n1cccc1
C/C=C\C(F)=C(F)F,C/C=C1\C[C@H]2C=C[C@H]1C2
C/C=C\C=C/CCCCC,C/C=C1\N=C(C)OC1=O
C/C=C\C=C\C=C/C(=O)O,C/C=C\C(=O)CCCC#N
C/C=C\N=C(\CCC)OC,C/C=C\C(F)=C(F)F
C/C=C\c1ccc(O)cc1,C/C=C\C1(N)CC1
C/C=C\c1ccccc1O,C/C=C\C=C/C=N\O
C/C=C\n1ccccc1=O,C/C=C\CCC/C=C/C
C/N=C(/N)c1ccncc1,C/C=C\N=C(\CCC)OC
C/N=C(\C#N)C(=O)C(=O)O,C/C=C\[C@@H](CCC)C(=O)O
C/N=C(\N)n1cccn1,C/C=C\[C@@H]1OCC[C@H](C)O1
C/N=C/c1cccc(O)c1,C/C=N/C1CCCCC1
C/N=N/Nc1ccccc1,C/C=N/CC(F)(F)F
C1=C(c2cccnc2)CC1,C/C=N/Nc1ccccc1
C1=CC2(C=C1)CC2,C/C=N\n1c(C)n[nH]c1=O
C1=CC2=C(C1)CCCC2,C/N=C(\C#N)C(=O)C(=O)O
C1=CC2=C(C1)[C@@H]1C=C[C@H]2C1,C/N=C(\C)NC
C1=CC2C=CC(C=C1)C=C2,C/N=C(\N(C)O)C(C)(C)C
C1=CC=C=c2ccccc2=1,C/N=C(\N)n1cccn1
C1=CC=CC=CC=C1,C/N=C(\NN)N(C)C
C1=CC=CCC=C1,C/N=c1/ccccn1C
C1=CCCCC/C=C/1,C1=C(N2CCCC2)CCC1
C1=CCC[C@@H]2C[C@@H]2C=C1,C1=C(c2cccnc2)CC1
C1=CCc2[nH]ccc2C1,C1=C/CCCCCC/1
C1=CCc2ccccc2C1,C1=CC2(C=C1)CC2
C1=CN2C=NNC2=CN=C1,C1=CC2(CCOCC2)NC1
C1=C[C@@H]2C=C[C@H](C=C1)C2,C1=CC2=C(C1)CCCC2
C1=C[C@@H]2CCC[C@@H]2C=C1,C1=CC2=C(C1)[C@@H]1C=C[C@H]2C1
C1=C[C@@H]2O[C@@H]2C=C/C=C/1,C1=CC2C3C=CC1C=CC23
C1=C[C@H]2CCC[C@H](C=C1)C2,C1=CC2CCC1CC2
C1=C[C@H]2C[C@H]1C1=CCC=C12,C1=CC=C=c2ccccc2=1
C1=NCC2=CC=NC2=N1,C1=CC=CC=CC=C1
C1=NCCc2[nH]ccc21,C1=CCC2(C1)CNC2
C1=NCCn2cccc21,C1=CCC2(CC1)OCCO2
C1=NCc2ccccc21,C1=CCC2(CCCC2)NC1
C1=NCc2ccccc2N1,C1=CCCC=C1
C1=NCc2ncncc21,C1=CCC[C@@H]2C[C@@H]2C=C1
C1CC1Cc1nnn[nH]1,C1=CCC[C@H]2C[C@H]2CC1
C1CC1c1nn[nH]n1,C1=CCN([C@@H]2CCNC2)C1
C1CCC(c2nnn[nH]2)C1,C1=CCNC1
C1CCC2=NCN=C2C1,C1=CCOCOC1
C1CCN(c2nn[nH]n2)C1,C1=CC[C@@H]2C=CC[C@H](C1)N2
C1CCc2n[nH]nc2C1,C1=CC[C@H]2CCC[C@@H](C1)N2
C1CNC(C2=NCCN2)=N1,C1=CC[C@H]2C[C@H]2C1
C1CNc2nonc2N1,C1=CC[C@H]2O[C@@H]2C1
C1CNn2nnnc2N1,C1=CC[C@]2(CCNC2)OC1
C1COC(C2=NCCO2)=N1,C1=CC[C@]23[C@@H]4CC[C@@]2(C1)[C@@H]43
C1Cc2nnnn2CCN1,C1=CCc2[nH]ccc2C1
C1OCc2nonc2CO1,C1=CN2C=NNC2=CN=C1
C=C(/C=N/CCCC)OC,C1=CN2CCNC[C@H]2N1
C=C(C(=O)OC)[C@@H](C)O,C1=CNCC1
C=C(C(N)=O)[C@@H](N)C(=O)O,C1=CNNC1
C=C(C)/C=C(\C)CC(=C)C,C1=CNc2cnccc2N1
C=C(C)/C=C/C(=C)CC,C1=COCC1
C=C(C)/C=C/C=C/CCC,C1=COCN1
C=C(C)/C=C/OC(C)=O,C1=C[C@@H](C2CCCC2)CC1
C=C(C)/C=C\CC(=C)C,C1=C[C@@H]2C=C[C@H](C=C1)C2
C=C(C)/C=N\O,C1=C[C@@H]2CCC[C@@H]2C=C1
C=C(C)C(=C)C,C1=C[C@@H]2CC[C@H]3C=CC1C23
C=C(C)C(=O)N(CC)CC,C1=C[C@@H]2C[C@H]1C[C@@H]2[C@@H]1CO1
C=C(C)C(=O)NCOC,C1=C[C@@H]2O[C@@H]2/C=C/C=C/1
C=C(C)C(=O)OCCCF,C1=C[C@@H]2[C@@H]3C=C[C@@H](C1)[C@H]23
C=C(C)C(=O)OC[C@H]1CO1,C1=C[C@@H]2[C@H]3CC[C@@H](C3)[C@@H]2C1
C=C(C)C(=O)O[C@H](C)CC,C1=C[C@@]23CCC[C@@H]2C[C@H]1C3
C=C(C)C1=CC[C@H](C)CC1,C1=C[C@H](CC2CC2)NC1
C=C(C)CC/C=C/C(=O)O,C1=C[C@H]2C=C[C@@H]3CC=C1[C@H]23
C=C(C)c1c(C)noc1N,C1=C[C@H]2CCC[C@H]1N2
C=C(C)c1c[nH]ccc1=N,C1=C[C@H]2CC[C@H]1NO2
C=C(C)c1ccc(O)cc1,C1=C[C@H]2COC[C@H]2NC1
C=C(C)c1cccc(N)c1,C1=C[C@H]2C[C@@H]1[C@H]1CNC[C@H]12
C=C(C)c1ccccc1F,C1=C[C@H]2C[C@@H]1[C@H]1N=N[C@@H]12
C=C(C)c1ncncc1N,C1=C[C@H]2C[C@H]1C1=CCC=C12
C=C(C)n1nnc(N)n1,C1=C[C@H]2NC[C@@H]2C1
C=C(CC(=O)OC)C(=O)O,C1=C[C@H]2O[C@@H]2CCC1
C=C(CC(C)C)C(C)=O,C1=C[C@H]2O[C@H]2C=C[C@H]2C[C@@H]12
C=C(CC1CC1)C(=O)OC,C1=C[C@H]2[C@@H]3CC[C@H]4[C@@H]1[C@@H]2[C@H]43
C=C(CCN(C)C)C(=O)O,C1=C\C/C=C\C/C=C\C/1
C=C(CCN=C=O)C(=O)O,C1=Cc2ccccc2CC1
C=C(CN)c1ccccc1,C1=Cc2ncccc2OC1
C=C(CO)c1ccncc1,C1=NCC2=CC=NC2=N1
C=C(F)C(=O)OC(C)(C)C,C1=NCCCN1
C=C(F)Cn1ccc(N)n1,C1=NCCO1
C=C(NC(C)=O)C(=O)O,C1=NCCc2[nH]ccc21
C=C(OC)C(=C)OC,C1=NCCn2cccc21
C=C(OC)c1nnn(C)n1,C1=NC[C@H]2CCCCCN12
C=C/C(C)=C/CC(=C)C,C1=NC[C@H]2CCC[C@@H]12
C=C/C=C(/CCC)C(=O)O,C1=NCc2ccccc21
C=C/C=C(\C)CO,C1=NCc2ncncc21
C=C/C=C/C1CCCCC1,C1=NNCC1
C=C/C=C/CC(=O)O,C1=NNc2nonc2N=C1
C=C/C=C/CC=C,C1=Nc2cccnc2C1
C=C/C=C/CCC(=O)OC,C1CC1c1nn[nH]n1
C=C/C=C/OC,C1CC2=C1CC1=C(CC1)C2
C=C/C=C\C(CC)CC,C1CCC2=C(C1)CCNC2
C=C/C=C\CCCC,C1CCC2=NCN=C2C1
C=C/C=C\c1ccccc1,C1CCN(c2nn[nH]n2)C1
C=C/C=N/N=C(/C)N,C1CCN2CCN=C2C1
C=C1C(=O)C2CCN1CC2,C1CC[C@@H]2CCCN=C2C1
C=C1C(=O)CC[C@H]1C(=O)O,C1CC[C@@H]2NN=N[C@H]2C1
C=C1C(=O)OC=C1C(=O)O,C1CCc2nnnn2CC1
C=C1C(=O)[C@@H]2CCCO[C@H]12,C1CN(/N=N\N2CCC2)C1
C=C1CC(C)(C)NC1=O,C1CN=C2NCCCN2C1
C=C1CCN(C)C1=O,C1CNCCC2(C1)N=N2
C=C1CCc2ccccc21,C1CN[C@@H](C2=NCCN2)C1
C=C1C[C@H](C)OC1=O,C1CNn2nnnc2N1
C=C1C[C@H](CO)N(C)C1=O,C1C[C@@H]2N=N[C@@H]1C21CC1
C=C1NC(=O)NC1=O,C1Cc2n[nH]nc2CN1
C=C=C(CCCC)C(=O)O,C1NCC1c1nnn[nH]1
C=C=CC(C)=O,C1NCC2=C1CNC2
C=C=Cc1ccccc1,C1OCc2nonc2CO1
C=C=Cn1nnnc1N,C1[C@@H]2[C@@H]1[C@H]1CC[C@H]2N=N1
C=CC(=C)CCC=C(C)C,C=C(C(F)(F)F)C(F)(F)F
C=CC(=C)CCCO,C=C(C)/C=C/CC(=C)C
C=CC(=N)N,C=C(C)C#CC
C=CC(=O)C=C,C=C(C)C(=O)OCCN
C=CC(=O)CCCCC,C=C(C)C(=O)n1ccnc1
C=CC(=O)COC(C)=O,C=C(C)C(C)(C)CN(C)C
C=CC(=O)N(C)CC(=O)O,C=C(C)C1(O)CCCCC1
C=CC(=O)N1CC(CO)C1,C=C(C)C1=NCCO1
C=CC(=O)N1CCC[C@@H]1C,C=C(C)CCC(CC)CC
C=CC(=O)N1CCNCC1,C=C(C)CCCC(C)(C)O
C=CC(=O)N1CCOC1=O,C=C(C)CN1CCNCC1
C=CC(=O)NC(=N)NC#N,C=C(C)CNC(=O)NCC
C=CC(=O)NC(=O)NC,C=C(C)CNCCN
C=CC(=O)NC1CCCC1,C=C(C)COC[C@@]1(C)CO1
C=CC(=O)NCC1CCC1,C=C(C)C[C@@H](C)CC(C)C
C=CC(=O)NCCCOC,C=C(C)[C@@H](C)C(C)=O
C=CC(=O)NC[C@@H](O)CO,C=C(C)[C@H](O)CCCC
C=CC(=O)NOCC,C=C(C)[C@H]1C=C[C@H](C)CC1
C=CC(=O)N[C@@H](O)C(=O)O,C=C(C)[C@]1(C)CC(=O)N1
C=CC(=O)OCC(F)(F)F,C=C(C)c1c(C)noc1N
C=CC(=O)OCCCCO,C=C(C)c1c[nH]ccc1=N
C=CC(=O)OCCNCC,C=C(C)c1cccc(N)c1
C=CC(=O)O[C@@H](C)CO,C=C(C)c1ncncc1N
C=CC(=O)O[C@H]1CCCO1,C=C(C1CC1)C1CC1
C=CC(=O)[C@@H](C)C(=O)OC,C=C(CC(=O)NC)C(=O)O
C=CC(F)(F)C(=O)C(=O)O,C=C(CC)[C@@H](C)CC
C=CC1=CC=CC1,C=C(CC)[C@H]1CCCCN1
C=CC1=NC(C)(C)C(=O)O1,C=C(CCN=C=O)C(=O)O
C=CC=C,C=C(CN)C1CCOCC1
C=CC=C1CCCCC1,C=C(CNC)OCC
C=CCCc1ccc(C)o1,C=C(CO)C1CCNCC1
C=CCCc1cccnc1,C=C(CO)CC(C)(C)C
C=CCCc1nnc(N)o1,C=C(COCO)C(C)=O
C=CCNC(=O)/C=C\C,C=C(F)CCCCO
C=CCNCc1ccco1,C=C(NC(C)=O)C(=O)OC
C=CCNc1ccncc1,C=C(O)[C@@H](N)CCCCN
C=CCNc1nnnn1C,C=C(O)[C@H]1CNCCN1
C=CCOC(=O)/C(C)=C\C,C=C(OC)[C@H](N)C(=O)OC
C=CCOc1cnccn1,C=C(OC)c1nnn(C)n1
C=CCOn1ccnc1,C=C/C(C)=C/CC=C(C)C
C=CCc1cc(C)ccn1,C=C/C=C/C=C/CCC
C=CCc1ccc(C)nc1,C=C/C=C/CC(=O)O
C=CCc1cccc(F)c1,C=C/C=C/[C@@H](C)C=C
C=CCc1ccccc1N,C=C/C=C\OC(C)=O
C=CCc1cnccc1C,C=C/C=C\c1ccccc1
C=CCc1occc1C=O,C=C/C=N/N=C(/C)N
C=CCn1ccc(CN)n1,C=C1C(=O)CC[C@H]1C(=O)O
C=CCn1cccc1,C=C1C(=O)OC=C1C(=O)O
C=CCn1cccc1C=O,C=C1C(=O)[C@@H]2CCCO[C@H]12
C=CCn1ccnc1CO,C=C1C(=O)[C@H]2CC[C@@H]1C2
C=CCn1nncc1CO,C=C1C(C)=C(C)C(C)=C1C
C=COC(=O)/C=C\C,C=C1C2C3C2C2C1C32
C=COC(=O)c1ccco1,C=C1C2C=C[C@H]3C1[C@@H]3C=C2
C=COc1ccc(N)cc1,C=C1C=C(C)CC(C)(C)C1
C=COc1cccc(C)c1,C=C1C=CC(=O)O1
C=C[C@@H](O)c1ccncc1,C=C1C=CCCCCC=C1
C=Cc1c(C)cccc1C,C=C1C=C[C@@H]2CC[C@@H]2CC1
C=Cc1c(F)ccnc1O,C=C1CC(NC)C1
C=Cc1c[nH]c(=O)cc1C,C=C1CCC2(CC1)COC2
C=Cc1c[nH]c(=O)nc1N,C=C1CCCC(=O)O1
C=Cc1cc(=O)[nH]c(=O)[nH]1,C=C1CCCCCCC1
C=Cc1cc(C)ccc1C,C=C1CCCCCC[C@H]1O
C=Cc1cc(F)cc(F)c1,C=C1CCCNC1=O
C=Cc1cc(F)ccc1F,C=C1CCC[C@@H](C)CC1
C=Cc1cc(N)ccn1,C=C1CCC[C@H]2CCC[C@@H]12
C=Cc1ccc(=O)[nH]c1C,C=C1CCN(C)CC1
C=Cc1ccc(C)c(F)c1,C=C1CCN2CCC[C@H]12
C=Cc1ccc(C)o1,C=C1CCOC(C)(C)C1
C=Cc1ccc(CN)cc1,C=C1CC[C@@]2(C(C)C)C[C@@H]12
C=Cc1ccc(N)nc1C,C=C1CN2CCC1CC2
C=Cc1ccc(NC)nc1,C=C1CNC2(CCC2)C1
C=Cc1ccc(O)c(O)c1,C=C1CN[C@H](C(=O)OC)C1
C=Cc1ccc(OC)cn1,C=C1COC(=C)CO1
C=Cc1ccc2c(c1)C=C2,C=C1COC[C@@H]1N
C=Cc1ccc2c(c1)CC2,C=C1C[C@@H](CO)N(C)C1=O
C=Cc1ccc[nH]c1=O,C=C1C[C@@H](O)C(=C)C[C@H]1O
C=Cc1cccc(C#N)n1,C=C1C[C@H]1C[C@H](N)C(=O)O
C=Cc1cccc(C=O)c1,C=C1C[C@H]2CC[C@@H](C1)C2O
C=Cc1cccc(F)c1F,C=C1OC(=O)O[C@]1(C)CC
C=Cc1cccc2c1CC2,C=C1OC(C)=C(O)C1=O
C=Cc1ccccc1CO,C=C1OCCCCO1
C=Cc1ccccc1OC,C=C1[C@H]2CC[C@H](C2)C1(C)C
C=Cc1ccn[nH]1,C=C=C(OC=C)C(C)C
C=Cc1cnc(C)cn1,C=C=C1CCCCC1
C=Cc1cnc(N)cc1C,C=C=CCN
C=Cc1cnc(N)nc1,C=C=COC
C=Cc1cnc[nH]1,C=C=CON1CCCCC1
C=Cc1cncc(C)c1,C=C=C[C@H](C)C(=O)OCC
C=Cc1cnn(CC)c1,C=C=Cn1nnnc1N
C=Cc1nc(N)nc(N)n1,C=CC#CCCC
C=Cc1ncccc1C=O,C=CC#CCN1CCCC1
C=Cc1ncccn1,C=CC(=C)OC
C=Cc1nccnc1N,C=CC(=N)N
C=Cc1nn[nH]n1,C=CC(=O)N1CC(CO)C1
C=Cc1occc(=O)c1O,C=CC(=O)NC(=N)NC#N
C=Cn1cc(C(=O)O)cn1,C=CC(=O)NC[C@H](O)CO
C=Cn1cc(C=O)c(C)n1,C=CC(=O)OCCN(C)C
C=Cn1ccc(C)c1C,C=CC(=O)O[C@H]1CCCO1
C=Cn1cccc1CCO,C=CC(C#N)(C=C)C=C
C=Cn1ccnc1C=O,C=CC(C)(C)CCCC
C=Cn1cncn1,C=CC(C)(C)NC(C)(C)C
C=Cn1cnnn1,C=CC(F)(F)C(=O)C(=O)O
C=Cn1nccc1C=O,C=CC(O)(C1CC1)C1CC1
C=Cn1nncc1C(=O)O,C=CC/C=C(/C)CC
C=Cn1nnnc1O,C=CC/C=C\C(C)(C)C
C=NN=C,C=CC/C=C\CCCC=C
C=Nc1ccc(C)cc1,C=CC/N=C(/N)NCCO
C=Nc1ccccn1,C=CC1(C=C)CCCCC1
C=c1[nH]c(=O)c(=C)[nH]c1=O,C=CC1(CC)OCCO1
CC#CCn1cc(C)cn1,C=CC1(CO)CCNCC1
CC#Cc1cc(C)[nH]n1,C=CC1(O)CCC=CCC1
CC#Cc1cc(C)n(C)n1,C=CC1(OCCOC)CC1
CC(/C=N/N)=N/N,C=CC12CCN(CC1)CC2
CC(=N)Nc1cc[nH]n1,C=CC1=CC=CC1
CC(=N/O)/C(=N\O)N1CC1,C=CC1=NC(C)(C)C(=O)O1
CC(=NN)c1ccccc1,C=CC1CCCCCCC1
CC(=O)/C(=N\O)C(C)C,C=CC1OCCO1
CC(=O)/C(C)=C/O,C=CC=C
CC(=O)/C(CN(C)C)=N/O,C=CCC#CCCCC
CC(=O)/C=C(/C)NC1CC1,C=CCC(C)(C)C(=O)CC
CC(=O)/C=C(/C)NCCO,C=CCC(CC=C)CC=O
CC(=O)/C=C(/C)OC(C)=O,C=CCC(F)=C(F)F
CC(=O)/C=C(\C)C(C)C,C=CCC(N)(CF)CC=C
CC(=O)/C=C(\O)C(F)(F)F,C=CCC(OCC)OCC
CC(=O)/C=C/CCCCO,C=CCC/C=C/CCC=C
CC(=O)/C=C/c1ccc[nH]1,C=CCC1(C(=O)O)CNC1
CC(=O)/C=C\CC(C)C,C=CCC1(C=O)CCCC1
CC(=O)/C=C\NC(C)(C)C,C=CCC1=CCC(=O)CC1
CC(=O)/C=N/NC(C)(C)C,C=CCCCCCC(C)=O
CC(=O)/C=N\CC(=O)O,C=CCCCC[C@@H]1CO1
CC(=O)C(=O)C1CC1,C=CCCCOC1CNC1
CC(=O)C(=O)N(C)C,C=CCCN1CC(O)C1
CC(=O)C(=O)OCC(C)C,C=CCCNC1CCCC1
CC(=O)C1=C(N)OCCC1,C=CCCNCC(F)(F)F
CC(=O)C1=C(O)CNC1=O,C=CCCO[C@H](C)C(=O)O
CC(=O)C1=CC=N1,C=CCC[C@@H](O)CN
CC(=O)C1=CCN(C)CC1,C=CCC[C@@H]1CC(=O)N1
CC(=O)C1=CNC(=O)CC1,C=CCCc1ccc(C)o1
CC(=O)C=C1COC1,C=CCCc1nnc(N)o1
CC(=O)CC(=O)C(C)=O,C=CCN(C)CCNCC
CC(=O)Cc1cncnc1,C=CCN(CC#N)CC=C
CC(=O)Cc1nnc(C)o1,C=CCN(CC=C)N=O
CC(=O)Cn1ccnc1,C=CCN1C(=O)CNC1=O
CC(=O)Cn1ncnn1,C=CCN1C=CN(C=C)C1
CC(=O)NCc1nc[nH]n1,C=CCN1CCC=C1CN
CC(=O)Nc1c[nH]cn1,C=CCN1CCC[C@@H]1CN
CC(=O)Nc1cc(N)no1,C=CCN1CCOCC1
CC(=O)Nc1ccco1,C=CCNC(=N)NC(=N)N
CC(=O)Nc1cnoc1,C=CCNC(=O)/C=C\C
CC(=O)Nc1nc(C)n[nH]1,C=CCNCC#CC
CC(=O)Nc1nnn(C)n1,C=CCNCC1CC(C)C1
CC(=O)Nc1noc(C)n1,C=CCN[C@H](C)C(C)C
CC(=O)OCc1ccoc1,C=CCN[C@H]1COC[C@@H]1O
CC(=O)ONC(=O)C(N)=O,C=CCNc1ccccn1
CC(=O)Oc1ccccn1,C=CCNc1nnnn1C
CC(=O)[C@H]1COC(=O)C1=O,C=CCOC(=O)NCCN
CC(=O)c1[nH]c(=O)[nH]c1C,C=CCOC(=O)OCCO
CC(=O)c1c[nH]c(=O)cn1,C=CCOC(C)(C)CO
CC(=O)c1c[nH]cc1CO,C=CCOCC(=O)OCC
CC(=O)c1c[nH]n(C)c1=N,C=CCOCC(F)(F)F
CC(=O)c1cc(C)c(C)o1,C=CCOCC1(C#N)CC1
CC(=O)c1cc(C)n(C)n1,C=CCOCCCCCC
CC(=O)c1cc(C)ncn1,C=CCOC[C@@H](O)CNC
CC(=O)c1cc(C=O)c[nH]1,C=CCOC[C@H]1CCNC1
CC(=O)c1ccc(F)cc1,C=CCO[C@@H](C)CN
CC(=O)c1ccc(O)cn1,C=CCO[C@@H]1CCC[C@H]1O
CC(=O)c1cccc(N)n1,C=CCOc1cnccn1
CC(=O)c1ccccc1N,C=CCOn1ccnc1
CC(=O)c1ccnnc1,C=CC[C@@H](C)/C=C(\C)CO
CC(=O)c1ccon1,C=CC[C@@H](N)CC(F)(F)F
CC(=O)c1cnc(C)n1C,C=CC[C@@H](O)/C=C\C
CC(=O)c1cnc(N)nc1,C=CC[C@@H](O)c1ccco1
CC(=O)c1cncc(O)c1,C=CC[C@@H]1CCCCC1=O
CC(=O)c1cnccc1F,C=CC[C@@H]1COCCO1
CC(=O)c1n[nH]nc1C,C=CC[C@H]1CC=C[C@@H](C)N1
CC(=O)c1nc(C)c(C)o1,C=CC[C@]1(N)CCOC1
CC(=O)c1nc(CO)c[nH]1,C=CCc1ccc(C)cc1
CC(=O)c1ncc(F)cn1,C=CCc1ccccc1N
CC(=O)c1nccc(C)n1,C=CCc1occc1C=O
CC(=O)c1nccnc1N,C=CCn1cc(CN)nn1
CC(=O)c1ncn[nH]1,C=CCn1cccc1C#N
CC(=O)c1nncn1C,C=CCn1cnc(C)c1
CC(=O)c1nocc1C#N,C=CCn1cncc1CO
CC(=O)n1ccc(C#N)n1,C=CN1CCC2(CC2)C1=O
CC(=O)n1ccc(N)c1,C=CNC=O
CC(C)(C#N)/N=N\C(N)=O,C=COC(=O)CCN1CC1
CC(C)(C#N)c1c[nH]cn1,C=COC(F)(F)C(F)(F)F
CC(C)(C#N)c1nnn[nH]1,C=COC=O
CC(C)(C)C(=O)C=O,C=COCC(F)F
CC(C)(C)C1=CC=CC1,C=COCCOCCO
CC(C)(C)C1=CCC=C1,C=CON=C(C)C
CC(C)(C)C1C=CC=C1,C=COc1cccc(C)c1
CC(C)(C)NC(=O)/C=N/O,C=C[C@@H](C)CCCC(C)C
CC(C)(C)c1ccn[nH]1,C=C[C@@H](C)N1CCC1
CC(C)(C)c1ccno1,C=C[C@@H](C)[C@@H](C)CC
CC(C)(C)c1cn[nH]c1,C=C[C@@H](O)CN1C[C@@H]1CC
CC(C)(C)c1coc(N)n1,C=C[C@@H]1CC1(F)F
CC(C)(C)c1n[nH]c(N)n1,C=C[C@@H]1CCCN1
CC(C)(C)c1nocc1N,C=C[C@@H]1COC(=O)O1
CC(C)(C)n1ccc(N)n1,C=C[C@@H]1COC(C)(C)N1
CC(C)(C)n1ccnc1N,C=C[C@@H]1C[C@@H]1/C(=N\C)OC
CC(C)(C)n1cncn1,C=C[C@@]1(C)CC[C@@H](O)O1
CC(C)(C)n1nccc1O,C=C[C@@]1(C=O)CCC(=O)N1
CC(C)(C)n1nnnc1N,C=C[C@@]1(O)C=C(C)CCC1
CC(C)(CN)n1ccnc1,C=C[C@H](CO)N(CC)CC
CC(C)(CO)C(=O)C(=O)O,C=C[C@H](N)C1CC1
CC(C)(CO)n1cccn1,C=C[C@H](O)C#CC(C)(C)C
CC(C)(F)c1cc(N)n[nH]1,C=C[C@H](O)[C@H]1CO1
CC(C)(F)c1cc(N)on1,C=C[C@H]1CC[C@H]2O[C@@H]2C1
CC(C)(F)c1ccc(N)o1,C=C[C@H]1CNC[C@H]1O
CC(C)(N)c1c[nH]nn1,C=C[C@]1(C)CCCC(=O)C1
CC(C)(N)c1ccccn1,C=C[C@]1(O)CC2CC1C2
CC(C)(N)c1cccnc1,C=Cc1c(F)ccnc1O
CC(C)(O)c1cc[nH]n1,C=Cc1cc(C=O)ccn1
CC(C)(O)c1ccncc1,C=Cc1cc(F)ccc1F
CC(C)(O)c1nnc(N)o1,C=Cc1ccc(NC)nc1
CC(C)/C=C/C(=O)C(C)C,C=Cc1ccc2c(c1)C=C2
CC(C)/C=C/C=C/CO,C=Cc1cccc(OC)n1
CC(C)/C=C1/COCC1=O,C=Cc1cccc2c1CC2
CC(C)/C=N\N=C\C(C)C,C=Cc1ccn[nH]1
CC(C)/N=C1/CCCC1=O,C=Cc1cnc(N)cc1C
CC(C)=C(C)C(C)=C(C)C,C=Cc1cncc(C)n1
CC(C)=C/C=C(\C)C(N)=O,C=Cc1cnn(CC)c1
CC(C)=C/C=C/C(C)(C)C,C=Cc1nc(N)nc(N)n1
CC(C)=C/C=N/C(C)(C)C,C=Cc1nccnc1N
CC(C)=C1CC(=O)NC1=O,C=Cc1nn[nH]n1
CC(C)=C1NC(=O)NC1=O,C=Cn1ccc(=O)[nH]c1=O
CC(C)=CC(=O)OCCF,C=Cn1cccc1CCO
CC(C)=CC(C)=C(C)C,C=Cn1ccnc1C
CC(C)=Cc1ccno1,C=Cn1cnnn1
CC(C)=Cc1cnn(C)c1,C=Cn1nccc1C(=O)O
CC(C)=NC(=O)NO,C=Cn1nnc(N)n1
CC(C)=NN=C(C)C,C=NC1C=CCC=C1
CC(C)C(=O)C(=O)C(C)C,C=NCC#N
CC(C)C(=O)C1=CCCC1,C=NN=C
CC(C)C/C=N/N=C(N)N,C=c1[nH]c(=O)c(=C)[nH]c1=O
CC(C)C1C=CC=C1,CC#CC(=O)CCCC
CC(C)Cc1coc(N)n1,CC#CCC=O
CC(C)Cn1ccnc1N,CC#CCn1cc(C)cn1
CC(C)N(O)C(=O)C(=O)O,CC#Cc1cc(C)[nH]n1
CC(C)Nc1ccncc1,CC(/C=N\N)=N\N
CC(C)Nc1cnn(C)c1,CC(=N/O)/C(=N\O)N1CC1
CC(C)Nc1nccn1C,CC(=O)/C=C(\C)OC(C)=O
CC(C)Oc1cc(N)n[nH]1,CC(=O)/C=C/C=C(C)C
CC(C)Oc1ccncc1,CC(=O)/C=N/NC(C)(C)C
CC(C)Oc1cn[nH]c1,CC(=O)C/C(C)=N/C(C)C
CC(C)Oc1nnc(N)[nH]1,CC(=O)C1=C(C)OCC1
CC(C)[C@@H](N)c1nnc[nH]1,CC(=O)C1=C(O)CNC1=O
CC(C)c1c(N)n[nH]c1N,CC(=O)C1=CCN(C)CC1
CC(C)c1c[nH]c(C#N)c1,CC(=O)C1=NCCCC1
CC(C)c1cc(C=O)on1,CC(=O)C=C1CNC1
CC(C)c1cc(CO)no1,CC(=O)CC(=O)OCCO
CC(C)c1cc(N)nn1C,CC(=O)CCC1CCCC1
CC(C)c1ccc(N)cn1,CC(=O)CCOCCCF
CC(C)c1cccc(=O)[nH]1,CC(=O)CC[C@H](N)C(N)=O
CC(C)c1ccn(C)n1,CC(=O)C[C@H]1CCC(=O)N1
CC(C)c1ccnnc1N,CC(=O)Cc1coc(C)c1
CC(C)c1cnc(C=O)[nH]1,CC(=O)Cn1nnc(C)n1
CC(C)c1cnoc1N,CC(=O)N(O)C(C)=O
CC(C)c1conc1C=O,CC(=O)N1CC(F)(CO)C1
CC(C)c1n[nH]cc1CN,CC(=O)N1CCC(N)=N1
CC(C)c1nc(C=O)c[nH]1,CC(=O)N1CCCOCC1
CC(C)c1nc(CN)co1,CC(=O)N1CCC[C@H]1C#N
CC(C)c1nc(O)no1,CC(=O)N1CC[C@@H]2O[C@H]2C1
CC(C)c1nc[nH]c1N,CC(=O)N1COCC1(C)C
CC(C)c1ncccc1O,CC(=O)N1C[C@@H]2C[C@H]1CN2
CC(C)c1nonc1N,CC(=O)N1C[C@H](C)OC1=O
CC(C)c1oncc1CO,CC(=O)N1[C@@H]2CC=CC[C@@H]21
CC(C)n1cc(CN)nn1,CC(=O)NC(C)(C)C#N
CC(C)n1cc(N)c(N)n1,CC(=O)NC12CC(C)(C1)C2
CC(C)n1ccc(CN)c1,CC(=O)NCC12CC(C1)C2
CC(C)n1cccc1C=O,CC(=O)NCCOCCO
CC(C)n1cnc(C=O)c1,CC(=O)NCc1ccon1
CC(C)n1cncc1CO,CC(=O)N[C@@H](C)OC(C)C
CC(C)n1cnnc1,CC(=O)N[C@H]1CCC[C@@H]1O
CC(C)n1cnnc1C=O,CC(=O)N[C@H]1CONC1=O
CC(C)n1ncnc1CN,CC(=O)Nc1ncc[nH]1
CC(F)(F)c1ccccc1,CC(=O)Nc1nnc(C)o1
CC(F)(F)c1nc[nH]n1,CC(=O)OC/C(C#N)=N/O
CC/C(=N/N(C)C)C(=O)O,CC(=O)OC1=CC(=O)CC1
CC/C=C(\C)C(=O)OCC,CC(=O)OC=C1C=CC=C1
CC/C=C(\C)C=C(C)C,CC(=O)OCCC=C(F)F
CC/C=C/C(=N)N,CC(=O)OCCC[C@H]1CO1
CC/C=C/C(=O)N(C)OC,CC(=O)ON1CCC=NC1
CC/C=C1\C(=O)ON=C1C,CC(=O)ONC(=O)C(N)=O
CC/N=C(\N)C(=N)NCC,CC(=O)O[C@H]1CCC[C@@H]1C
CC/N=C\c1ccccc1,CC(=O)[C@@H]1CC=C(C)CC1
CC1(C)C=C(O)C=C(O)C1,CC(=O)[C@@H]1CCC(C)(C)O1
CC1(C)CCC(=O)C(=O)C1,CC(=O)[C@@H]1COC(=O)C1=O
CC1(C)CCC=C1C(=O)O,CC(=O)[C@@H]1C[C@H](F)CN1C
CC1(C)CNC(=O)C1=O,CC(=O)[C@H](C#N)/C(N)=N/N
CC1(C)COC(=O)C1=O,CC(=O)[C@H]1CNC[C@@H](C)C1
CC1(C)Cn2nccc2O1,CC(=O)[C@H]1C[C@H]2CC[C@H]1O2
CC1(C)[C@@H]2C=CC=C[C@H]1C2,CC(=O)c1c[nH]c(C=O)c1
CC1(CO)C=CC=C1,CC(=O)c1ccc(C#N)[nH]1
CC1(c2cc(N)on2)CC1,CC(=O)c1ccc(F)cc1
CC1(c2cc[nH]n2)CC1,CC(=O)c1ccc[nH]c1=O
CC1(c2ccnnc2)CC1,CC(=O)c1cnc(C)cn1
CC1=C(C(=O)O)CCC1=O,CC(=O)c1n[nH]nc1C
CC1=C(C(=O)O)OCCO1,CC(=O)c1nnn[nH]1
CC1=C(C)C(C)=C(C)C1,CC(=O)c1nocc1C#N
CC1=C(C)C(C)C(C)=C1C,CC(=O)n1ccc(=O)[nH]1
CC1=CC(C)(C)C(C)=C1C,CC(=O)n1oc(N)cc1=O
CC1=CC(C)(C)CC(C)=C1,CC(C)(/C=N\O)NO
CC1=CC(C)(C)NC(C)=C1,CC(C)(C#N)c1nnn[nH]1
CC1=CC(C)=C(C)[C@H]1C,CC(C)(C)/N=N\C(C)(C)C
CC1=CC(C)=NCCN1,CC(C)(C)C#C/C=C/CO
CC1=CC(C)=NNC(=N)N1,CC(C)(C)C#CC/C=C/N
CC1=CC=C(C(C)C)CC1,CC(C)(C)C(=N)NC#N
CC1=CC=CC=C(C)CC1,CC(C)(C)C(=O)C(C)(C)N
CC1=CC=C[C@H](C)C(=O)N1,CC(C)(C)C1=CC=CCC1
CC1=CC=NC(=O)C1,CC(C)(C)C1=NCCC1
CC1=CCC(C(=O)O)=CC1,CC(C)(C)C1C=CC=C1
CC1=CCCCC(C)=C1,CC(C)(C)NC(=N)N
CC1=CC[C@@H](C(C)C)C=C1,CC(C)(C)OC(=O)NCO
CC1=CCc2ccccc21,CC(C)(C)OC(=O)[C@@H]1CO1
CC1=CCn2nncc21,CC(C)(C)OC1CC(=O)C1
CC1=C[C@H](C)C(C)=C1C,CC(C)(C)OC=O
CC1=NC(N)=N[C@@H](O)[C@H]1C,CC(C)(C)[C@@H](C#N)CC=O
CC1=NCCN=C1C,CC(C)(C)[C@@H]1C[C@H]1C=O
CC1=NCCc2[nH]ccc21,CC(C)(C)[C@@]1(O)C=CCC1
CC1=NCCn2cccc21,CC(C)(C)[C@H](N)C(=O)NO
CC1=NN(C)C(=O)/C1=N\O,CC(C)(C)[C@H]1CC=CCC1
CC1=NN=C(C)C1,CC(C)(C)c1cc(=O)c1=O
CC1=NN=C(C)C1CCN,CC(C)(C)c1nc[nH]n1
CC1=NOC(=O)C1=C(C)C,CC(C)(C)c1nocc1N
CC1C=CC=CC=C1,CC(C)(C)n1[nH]ccc1=N
CC1CC(c2ccn[nH]2)C1,CC(C)(C)n1cc(N)cn1
CC1C[C@H]2C=CC=C[C@@H]2C1,CC(C)(C)n1nccc1O
CC=C=CC(=O)OCC,CC(C)(C=O)C12CC(C1)C2
CC=CC=CCOC(C)=O,CC(C)(C=O)N1CCCC1
CCC(/C=C\C(C)=O)CC,CC(C)(C=O)[C@H]1CCCO1
CCC(=N/O)/C(C)=N\O,CC(C)(CC=O)C1CC1
CCC(=O)/C(C)=C\N,CC(C)(CN)c1c[nH]cn1
CCC(=O)/C=C(\C)O,CC(C)(CN)c1ccco1
CCC(=O)C(=O)OC,CC(C)(CO)n1ccnc1
CCC(=O)C1=NCCCC1,CC(C)(N)c1c[nH]nn1
CCC(=O)c1cc(N)on1,CC(C)(O)c1ncccn1
CCC(=O)c1cn[nH]c1N,CC(C)(O)c1nnc(N)o1
CCC(=O)c1nc(C)c[nH]1,CC(C)/C=C/C(=O)C(C)C
CCC(=O)c1ncnn1C,CC(C)/C=C/C=C\CO
CCC(F)(F)c1ccc[nH]1,CC(C)/C=C1/COCC1=O
CCC/C(N)=C/C(=O)OC,CC(C)/C=N\N=C\C(C)C
CCC/C=C(\CC)C(C)=O,CC(C)/N=C(/N)NC(=N)N
CCC/C=C\C(N)=O,CC(C)/N=C/NC(C)C
CCC1=CCC(C)=C1,CC(C)/N=C1/CCCC1=O
CCC=C(C(=O)O)C(=O)O,CC(C)=C(C)C(C)=C(C)C
CCCC(=O)C(=O)CCC,CC(C)=C(C)C(C)C
CCCC(=O)C1=CC=CC1,CC(C)=C(O)[C@H](O)CO
CCCC(=O)c1ncco1,CC(C)=C1C=CC=C1
CCCC(=O)n1ccnc1,CC(C)=C1CCC(=O)CC1
CCCCC1=CCC=C1,CC(C)=C1NC(=O)NC1=O
CCCCC1C=CC=C1,CC(C)=C1OC(=O)C1(C)C
CCCCCc1nn[nH]n1,CC(C)=C=C(C)C
CCCCCc1nnco1,CC(C)=C=CC(C)(C)C=O
CCCCNn1cnnc1,CC(C)=CC(=O)C=C(C)C
CCCCOC(=O)C(N)=O,CC(C)=CC(C)(C)C
CCCCOc1cn[nH]c1,CC(C)=CCC(C)(C)C=O
CCCCc1cc(N)n[nH]1,CC(C)=CCC[C@@H](C)C=O
CCCCc1nc(O)c[nH]1,CC(C)=CCN(C)CCO
CCCCn1cc(C)nn1,CC(C)=CCNC(N)=O
CCCCn1nccc1O,CC(C)=CN(C)C
CCCNC(=O)C(=O)NC,CC(C)=CN1CCC1
CCCNc1ccn(C)n1,CC(C)=C[C@@H]1[C@@H](N)C1(C)C
CCCNc1ccnnc1,CC(C)=Cc1ccno1
CCCNc1nonc1N,CC(C)=NCCN=C(C)C
CCCOCc1cn[nH]n1,CC(C)=NOC(=O)N(C)C
CCCOc1cc(C)n[nH]1,CC(C)=NOC[C@H]1CO1
CCCOc1nc(N)n[nH]1,CC(C)C#C/C=C\C(C)C
CCC[C@@H](N)c1nn[nH]n1,CC(C)C(=O)[C@@H]1CCCO1
CCCc1[nH]cnc1C=O,CC(C)C(=O)c1ncco1
CCCc1c[nH]nc1N,CC(C)C/C=N/N=C(N)N
CCCc1cc(CN)no1,CC(C)C1=C(O)COC1=O
CCCc1ccc(C#N)[nH]1,CC(C)C1=C[C@H]2CCC[C@@H]12
CCCc1ccc(N)cc1,CC(C)C1=NC(C)(C)CO1
CCCc1ccc(O)cn1,CC(C)C1=NOC(=O)C1
CCCc1cccc(N)n1,CC(C)C1C=CC=C1
CCCc1ccoc1C#N,CC(C)C1OCC=CCO1
CCCc1cn[nH]c(=O)c1,CC(C)C=C=NN(C)C
CCCc1cnc(=O)[nH]c1,CC(C)CC(=O)CNC=O
CCCc1n[nH]c(N)c1N,CC(C)CCC(=O)C(C)C
CCCc1n[nH]cc1C=O,CC(C)CCON=C(N)N
CCCc1nc(C#N)co1,CC(C)CON=O
CCCc1nc(N)no1,CC(C)C[C@@](C)(F)C(=O)O
CCCc1nc(OC)c[nH]1,CC(C)C[C@H]1N[C@@H]1C=O
CCCc1nnc(O)o1,CC(C)Cc1coc(N)n1
CCCc1noc(C=O)n1,CC(C)N(C)C=O
CCCn1cc(CN)cn1,CC(C)N1CCC(=O)C1=O
CCCn1cc(N)c(C)n1,CC(C)N1CCN=C1CN
CCCn1ccc(C=O)c1,CC(C)N1CCNC(=O)C1
CCCn1ccc(C=O)n1,CC(C)N1N=CCC1=O
CCCn1cccc1C#N,CC(C)Nc1cnn(C)c1
CCCn1ccnc1CN,CC(C)OC(=O)[C@H](C)O
CCCn1cnc(CN)c1,CC(C)OC1=CCCCC1
CCCn1cncc1C=O,CC(C)OC=N
CCCn1nc(N)nc1N,CC(C)OCC/C(N)=N/O
CCCn1nccc1CN,CC(C)O[C@H]1C=CCCC1
CCCn1ncnc1CO,CC(C)Oc1ccncc1
CCCn1nnnc1NN,CC(C)Oc1nnc(N)[nH]1
CCN(C)Cc1ccco1,CC(C)[C@@H](N)C(=O)C1CC1
CCN(C)c1ccccn1,CC(C)[C@@H](O)C(C)(C)C=O
CCN(N)c1ccccc1,CC(C)[C@@H]1CCC(=O)OC1
CCN/C=C/C(=O)OC,CC(C)[C@@H]1CCNC(N)=N1
CCN1CCC(=O)C1=O,CC(C)[C@@H]1CNCCC1=O
CCNC(=O)C(=O)OCC,CC(C)[C@@H]1OC(N)=CC1=O
CCNC(=O)c1cnco1,CC(C)[C@H]1COCC(=O)N1
CCNC(=O)n1cccn1,CC(C)c1cc(C#N)on1
CCNCCn1ccnc1,CC(C)c1cccc(=O)[nH]1
CCNCc1ccc(C)[nH]1,CC(C)c1ccccc1N
CCNCc1ccc(C)o1,CC(C)c1cn(C)cn1
CCNCc1cccn1C,CC(C)c1coc(C=O)c1
CCNCc1ccncc1,CC(C)c1n[nH]cc1C=O
CCNCc1cn(C)nn1,CC(C)c1nc(CO)no1
CCNCc1nonc1C,CC(C)c1nc[nH]c1N
CCNCc1occc1C,CC(C)c1ocnc1CO
CCN[C@@H](C)c1cc[nH]c1,CC(C)n1[nH]c(=O)cc1N
CCNc1cc(N)ccn1,CC(C)n1ccc(O)n1
CCNc1ccc(C)cc1,CC(C)n1ccnc1CN
CCNc1ccc(C)nn1,CC(C)n1cnnc1
CCNc1ccc(O)nc1,CC(C)n1cnnc1C=O
CCNc1cccc(F)c1,CC(C)n1nncc1CO
CCNc1cccc(F)n1,CC(F)(F)c1ccccc1
CCNc1ccccc1F,CC/C(C)=C(/C)CC
CCNc1cccnc1C,CC/C(C)=N/NC(=N)NN
CCNc1cnccc1N,CC/C(C)=N/OCCC#N
CCNc1ncc(F)cn1,CC/C=C(\C)C=C(C)C
CCNc1ncc[nH]1,CC/C=C(\CCC)C(=O)O
CCNc1nccc(C)n1,CC/C=C/CC(=O)NCC
CCNc1nccnc1N,CC/C=C/CC(C)C
CCNc1ncncc1N,CC/C=C/CC/C=C\CO
CCO/C(N)=C/C(=O)O,CC/C=C/CCCCC=O
CCO/C=C(\C)C(=O)OC,CC/C=C/N1CCCC1
CCO/C=C/C(=O)C(F)F,CC/C=C/[C@@H](O)[C@@H](N)CO
CCO/C=C1/CCCC1=O,CC/C=C/[C@H]1CO1
CCO/C=N/C(=O)OCC,CC/C=C1/CCNC1
CCO/N=C(/CC)C(N)=O,CC/C=C1\C(=O)ON=C1C
CCOC(=N)C(=O)OCC,CC/C=N\NC
CCOC(=O)/C=C(\C)CC,CC/N=C(\N)C(=N)NCC
CCOC(=O)/C=C/CCO,CC/N=C/c1ccccc1
CCOC(=O)/C=C/N1CC1,CC/N=N/CCCN(C)C
CCOC(=O)/C=N/NC,CC1(C#CC(=O)O)CC1
CCOC(=O)C(=O)CC=O,CC1(C(=N)N)CC1
CCOC(=O)C(C#N)=NO,CC1(C(N)=O)C=CCC=C1
CCOC(=O)C(C)=C1CC1,CC1(C)C(=O)C=CC1=O
CCOC(=O)C1=NCCO1,CC1(C)C(=O)N[C@@H]1C1CC1
CCOC(=O)C=C1CNC1,CC1(C)C(=O)[C@@H]2C=CC[C@H]21
CCOC(=O)c1cnoc1,CC1(C)C(=O)[C@@H]2CCO[C@H]21
CCOC(=O)c1ncc[nH]1,CC1(C)C(C(=O)O)C1(C)C
CCOC(=O)n1cccc1,CC1(C)C(N)=NC(=N)N1O
CCOC(=O)n1ccnn1,CC1(C)C/C(=N\O)C=CO1
CCOCc1ccccc1,CC1(C)C=C(O)C=C(O)C1
CCOCc1nc[nH]c1C,CC1(C)C=CC(=NO)C=C1
CCOCc1nnc(N)o1,CC1(C)C=CCC(C)(C)C1
CCOCn1cnc(N)c1,CC1(C)C=COC(=O)C1
CCO[C@@H](C)C(=O)C=O,CC1(C)CC(=O)CC[C@@H]1O
CCOc1c[nH]c(C)n1,CC1(C)CC(=O)CNC1=O
CCOc1cc(C)nn1C,CC1(C)CC(CN)=NO1
CCOc1cc(CO)on1,CC1(C)CC(N)=CC(=O)N1
CCOc1cc(N)ncn1,CC1(C)CC=CC(=O)CC1
CCOc1cc(N)no1,CC1(C)CCC(=O)[C@H]2O[C@H]21
CCOc1cc[nH]c(=O)n1,CC1(C)CCC/C(=N/O)C1
CCOc1ccc(C)cn1,CC1(C)CCC=N1
CCOc1ccc(C=O)o1,CC1(C)CCCC/C1=N/N
CCOc1ccc(F)cc1,CC1(C)CCOC(=O)CC1
CCOc1ccc[nH]c1=O,CC1(C)CN=C(N)NC1
CCOc1cccc(O)c1,CC1(C)CN=CN1
CCOc1ccccc1N,CC1(C)CNC(=O)CCN1
CCOc1cccnc1F,CC1(C)CNC(=O)[C@@H]1N
CCOc1ccnc(F)c1,CC1(C)COCC1=O
CCOc1cnc(CC)[nH]1,CC1(C)C[C@@H]1/C(N)=N/O
CCOc1cnc(N)nc1,CC1(C)C[C@@](C)(N)C(=O)O1
CCOc1cncc(C)c1,CC1(C)Cc2ccccc21
CCOc1cncc(C)n1,CC1(C)Cn2nccc2O1
CCOc1cnccc1C,CC1(C)NC(=O)C(C)(C)O1
CCOc1n[nH]c(C)c1C,CC1(C)NC(=O)NC[C@@H]1O
CCOc1nc(C)n[nH]1,CC1(C)NC(=O)O[C@H]1CN
CCOc1nccc(N)n1,CC1(C)OC(=N)C=C1N
CCOc1nccnc1C,CC1(C)OCC=CCO1
CCOc1nn(C)cc1N,CC1(C)OCCC[C@H]1C=O
CCOc1nnc(C)o1,CC1(C)OC[C@H](CC=O)O1
CCOc1ocnc1C#N,CC1(C)[C@@H](C#N)[C@@H]1C=O
CC[C@@H](C)c1n[nH]c(N)n1,CC1(C)[C@@H]2C=CC=C[C@H]1C2
CC[C@@H](N)Cc1nnn[nH]1,CC1(C2CCNCC2)N=N1
CC[C@@H](N)c1ccnn1C,CC1(C=O)C=CC(O)C=C1
CC[C@@H](N)c1cocn1,CC1(C=O)CCCCCC1
CC[C@@H](N)c1ncc(C)[nH]1,CC1(CC(N)=O)OCCO1
CC[C@@H](O)c1ccc(C)o1,CC1(CCC=O)CC1
CC[C@@H]1O[C@H](C)C(=O)C1=O,CC1(CCCO)N=N1
CC[C@@](C)(O)c1ccco1,CC1(CO)C=CC=C1
CC[C@@]1(C)C=C(C(=O)O)C1,CC1(c2ccnnc2)CC1
CC[C@@]1(C)CN=C(C)C=N1,CC12CC(C=O)(CCO1)C2
CC[C@H](C)NC(=O)C(N)=O,CC12CCC(CC1)C(=O)O2
CC[C@H](C)c1cc(N)on1,CC12CCN(CC1)CC2=O
CC[C@H](C)n1ncc(N)n1,CC1=C(C)CC(C)=C(C)C1
CC[C@H](CN)c1c[nH]cn1,CC1=C(C)CONC1
CC[C@H](N)c1n[nH]c(C)n1,CC1=C(C)C[C@](C)(N)CC1
CC[C@H](N)c1nc(C)no1,CC1=C(C)N(C)CCC1
CC[C@H]1CCC(=O)C(=O)C1,CC1=C(C)[C@@H](C)CC1
CC[C@H]1OC(=O)C(=O)[C@H]1C,CC1=C(C)[C@@](C)(O)[C@@]1(C)N
CC[C@]1(C)C=NN=C1C,CC1=C(C)[C@H](C)[C@@H](C)[C@@H]1C
CCc1[nH]nc(CN)c1F,CC1=C(C)[C@H](O)OC1=O
CCc1[nH]ncc1CO,CC1=C(CCO)C(=O)N=N1
CCc1c(C)c[nH]c1C,CC1=C(O)C(=O)C=C1
CCc1c(F)cccc1F,CC1=C(O)C(=O)[C@@H](O)CO1
CCc1c(N)cccc1O,CC1=C/C(=N\O)C[C@H](C)C1
CCc1c(N)cnn1C,CC1=C/C(=N\O)NC1=O
CCc1c(O)nc[nH]c1=O,CC1=CC(=O)C(C)(C)NC1
CCc1c[nH]c(C(=O)O)c1,CC1=CC(=O)C=C(C)C1=O
CCc1c[nH]c(C=O)n1,CC1=CC(=O)N(N)C(=O)C1
CCc1c[nH]cc1CC,CC1=CC(=O)NON1
CCc1cc(C#N)n(C)c1,CC1=CC(=O)OC(C)(C)O1
CCc1cc(C(=O)O)no1,CC1=CC(=O)[C@H]2CCC[C@H]12
CCc1cc(C)[nH]c1C#N,CC1=CC(C)(C)C(C)=C1C
CCc1cc(CC)[nH]n1,CC1=CC(C)(C)N=C(N)N1
CCc1cc(CC)n(C)n1,CC1=CC(C)(C)NC(C)=C1
CCc1cc(N)cc(F)c1,CC1=CC(C)(C)NCN1C
CCc1cc(N)ccc1N,CC1=CC(C)(C)OC(=O)C1
CCc1cc(O)cc(=O)[nH]1,CC1=CC(C)=C(C)[C@@H]1C
CCc1cc(O)cc(O)c1,CC1=CC(C)=NCCN1
CCc1cc(O)on1,CC1=CC(C)=NNC(=N)N1
CCc1ccc(/C=N/O)o1,CC1=CC=C(C(C)C)CC1
CCc1ccc(C(C)=O)o1,CC1=CC=C[C@H](C)C(=O)N1
CCc1ccc(CNC)[nH]1,CC1=CC=NC(=O)C1
CCc1ccc(CO)n1C,CC1=CCC(C(=O)O)=CC1
CCc1ccc(N)c(N)c1,CC1=CCC(C)=NN1C
CCc1ccc(O)c(C)c1,CC1=CCC=C(C)C1
CCc1ccc(O)cc1O,CC1=CCC=C[C@@H]1C(=O)O
CCc1ccc(OC)cc1,CC1=CCCCC(C)=C1
CCc1cccc(C)c1C,CC1=CCCC[C@@H]1[C@H](C)O
CCc1cccc(NC)c1,CC1=CCCO1
CCc1cccnc1NN,CC1=CCC[C@@H](C#N)C1
CCc1cccnn1,CC1=CCC[C@H](C)[C@@H]1C=O
CCc1ccnc(C#N)c1,CC1=CCC[C@H]2C[C@@]12C
CCc1ccnn1C(C)C,CC1=CCN(CCN)CC1
CCc1ccoc1C=O,CC1=CCNC(=O)O1
CCc1cn(C)nc1CO,CC1=CCNCC1
CCc1cnc(C)cc1N,CC1=CC[C@@H](C(C)C)C=C1
CCc1cnc(C=O)o1,CC1=CC[C@@H]2CNC[C@@H]2C1
CCc1cnc(CC)cn1,CC1=CC[C@@H]2C[C@@H]1C2(C)C
CCc1cnc(CN)nc1,CC1=CC[C@H](C)NC1
CCc1cnc(N)[nH]c1=O,CC1=CC[C@H]2C(=O)CC[C@@H]12
CCc1cncc(CC)c1,CC1=CCc2ccccc21
CCc1cnccc1C#N,CC1=COC[C@H](C)C1=O
CCc1coc(N)c1C#N,CC1=CO[C@@](C)(CO)CC1
CCc1n[nH]c(C(F)F)n1,CC1=C[C@@H](C)CC(=O)O1
CCc1nc(C#N)c(N)o1,CC1=C[C@@H]2CC(=O)[C@@H]2C1
CCc1nc(C)c(C)o1,CC1=C[C@@H]2[C@@H]1[C@H]1C=C[C@H]2C1
CCc1nc(C)cnc1C,CC1=C[C@H](C)C(C)=C1C
CCc1nc(C)nc(N)n1,CC1=C[C@H](C)CN(C)C1
CCc1nc(C=O)c(C)[nH]1,CC1=C[C@H](C)C[C@H](C=O)C1
CCc1nc(CCN)c[nH]1,CC1=C[C@H](C)[C@@H](CO)CC1
CCc1nc(N)ncc1C,CC1=C[C@H]2CCC[C@@H](C1)N2
CCc1ncc(C#N)cn1,CC1=C[C@H]2[C@@H]1CC[C@@H]2O
CCc1nccc(C)c1N,CC1=NC(=O)CC(O)=C1
CCc1nccc(CN)n1,CC1=NC(=O)CON1
CCc1nccn1CC#N,CC1=NC(=O)[C@@H](C(N)=O)N1
CCc1ncncc1F,CC1=NC(=O)[C@H](C#N)C=C1
CCc1nn(C)c(N)c1N,CC1=NC(=O)[C@H](CO)C=N1
CCc1nn[nH]c1C(=O)O,CC1=NC(C)(C)C[C@@H](C)O1
CCc1nnc(C(=O)O)[nH]1,CC1=NC(N)=N[C@H](O)[C@@H]1C
CCc1nnc(CNC)o1,CC1=NCCN=C1C
CCc1nnc(N)n1C,CC1=NCC[C@H](C(=O)O)N1
CCc1nnc(NN)n1N,CC1=NN(C(=N)N)C(=O)C1
CCc1noc(C)c1C#N,CC1=NN(C)C(=O)C1=NO
CCc1noc(CC#N)n1,CC1=NN(C=O)C(C)(C)C1
CCc1noc(N)c1CC,CC1=NN=C(C)C1CCN
CCc1nonc1C=O,CC1=NN=C(N)C1
CCc1ocnc1C(=O)O,CC1=NNC(=O)N(N)C1
CCc1onc(C)c1CO,CC1=NNC(=O)OC1(C)C
CCc1oncc1C=O,CC1=NNC(=O)[C@@H]1CCO
CCn1c(C)ccc1C=O,CC1=NOC(=O)C12CC2
CCn1c(C)cnc1NN,CC1=NOC(=O)[C@H]1C
CCn1c(CN)cnc1C,CC1=NO[C@@](C)(C(=O)O)O1
CCn1c(O)nnc1CN,CC1=N[C@@H]2CCC[C@@H]2N1C
CCn1cc(C#N)c(N)n1,CC1=N[C@@](C)(CO)CO1
CCn1cc(C(=O)O)nn1,CC1=N[C@@](C)(O)[C@@](C)(O)N1
CCn1cc(C)cc1N,CC1=N[C@H](C(C)C)C(=O)O1
CCn1cc(C)nc1CO,CC1=N[C@H](C)O[C@H]1C
CCn1cc(C=O)cc1C,CC1=N[C@H]2CCC[C@@H]2O1
CCn1cc(CC#N)cn1,CC1=Nc2ncccc2C1
CCn1cc(CN)c(C)n1,CC1C=CC(CO)C=C1
CCn1cc(N)ccc1=O,CC1CC(CCC(N)=O)C1
CCn1cc[nH]c(=O)c1=O,CC1CC(c2ccn[nH]2)C1
CCn1ccc(C(F)F)n1,CC=C(OCC)OCC
CCn1ccc(CC#N)n1,CC=C1C[C@H]2CC[C@@H](C1)N2
CCn1ccc([C@H](C)N)c1,CC=C=C(C)CN
CCn1cccc(O)c1=O,CC=C=CCCO
CCn1cccc1CCN,CC=C=COC(C)(C)OC
CCn1cccnc1=N,CCC#CC(C)=O
CCn1ccnc1C(F)F,CCC(/C=N\O)CC
CCn1cnc(C(C)=O)c1,CCC(=O)C#CC(F)(F)F
CCn1cnc(C)c1C=O,CCC(=O)CNC(C)(C)C
CCn1cnc(CNC)c1,CCC(=O)N1CCCNC1
CCn1cnc(CO)n1,CCC(=O)NC1CC(N)C1
CCn1cncc1C(=O)O,CCC(=O)NCCN(C)C
CCn1cnnc1CNC,CCC(=O)OC(CC)CC
CCn1nc(C)c(C)c1N,CCC(=O)O[C@@H]1CCNC1
CCn1nc(C)c(CO)n1,CCC(=O)c1ccn[nH]1
CCn1nc(C)cc1NN,CCC(C)(C)CC(C)=O
CCn1nc(N)cc1CO,CCC(CC)(CC)NC=O
CCn1ncc(CCO)n1,CCC(CC)=NN(C)C
CCn1ncc(N=O)c1N,CCC(F)(F)c1ccc[nH]1
CCn1ncc(O)cc1=O,CCC/C(C)=N/CCCO
CCn1nccc(N)c1=O,CCC/C=C(\CC)CO
CCn1nccc1C1CC1,CCC/C=C\COC=O
CCn1nccc1CC#N,CCC/C=N/CCCC
CCn1ncnc1[C@H](C)N,CCC/N=C(/C)NO
CCn1nnc(C)c1CO,CCC1(N)CCC(=O)CC1
CCn1nnc(CN)n1,CCC1=C(C)CCC1
CCn1nncc1C=O,CCC1=C(C)CNC1=O
CN(C#N)c1ccccc1,CCC1=C(CO)C(=O)OC1
CN(C(=N)N)C(=O)C(=O)O,CCC1=CCC(C)=C1
CN(C)/C=C/C(=O)C1CC1,CCC1=C[C@H]2C(=O)C[C@H]2C1
CN(C)/C=C1\CCOC1=O,CCC1=NNC(N)=NN1
CN(C)/C=N/N=C/N(C)C,CCC1=NOCCO1
CN(C)/N=C/C=O,CCCC#CC(=O)OCC
CN(C)/N=C\c1ccco1,CCCC(=N\O)/C(N)=N/O
CN(C)C(=N)C(=N)N(C)C,CCCC(=O)C1=CCCC1
CN(C)C(=O)N=C(N)N,CCCC(=O)CCC(C)=O
CN(C)C(=O)c1ccno1,CCCC(=O)NC[C@H]1CO1
CN(C)CC1=CC=CC1,CCCC(=O)OC[C@@H](C)F
CN(C)CCc1ncc[nH]1,CCCC/C(F)=C\F
CN(C)Cc1cc[nH]c1,CCCC/C=C/OCC
CN(C)c1ccc(F)nc1,CCCC1=C(O)OC(=O)C1
CN(C)c1cccc(F)n1,CCCC1=NNC(=O)[C@@H]1C
CN(C)c1ccncc1N,CCCC1=NO[C@H](C#N)C1
CN(C)c1ccncn1,CCCCC/C=C/C(=O)O
CN(C)c1cncnc1,CCCCC1(C(C)=O)CC1
CN(C)c1ncc(O)cn1,CCCCC1=CCC=C1
CN(C)c1ncccc1N,CCCCC1=CCCC1=O
CN(C)c1ncn[nH]1,CCCCC1C=CC=C1
CN(C)c1ncnc(N)n1,CCCCCC#CC(=O)O
CN(C)c1ncnn1C,CCCCCCC(=O)CC
CN(C)c1nn[nH]n1,CCCCCCC/N=N/C
CN(C)c1nnc(CN)[nH]1,CCCCCCCNC=O
CN(C)c1nnc(N)o1,CCCCCN(N)C(=N)N
CN(C)n1cccc1,CCCCCNC(=N)NN
CN(N)c1ccc(F)cc1,CCCCCOC(=O)CN
CN(N)c1cnccn1,CCCCC[C@@H](C)CC=O
CN(O)c1ncccn1,CCCCCc1ncc[nH]1
CN/C(C)=C/C(=O)OC,CCCCCc1nn[nH]n1
CN/C=C/C(=O)C(F)(F)F,CCCCN(C)C=O
CN/N=C\c1cccnc1,CCCCNC(=O)OCC
CN1C(=O)C(=O)N(C)C1=O,CCCCNC1=NCCN1
CN1C(=O)C(=O)N=C1N,CCCCNn1cnnc1
CN1C(=O)C/C(=N/O)C1=O,CCCCOc1cn[nH]c1
CN1C=CC(CN)=CN1,CCCC[C@@H](N)CCC=O
CN1C=CC(N(C)C)=CC1,CCCC[C@H]1COC(=O)N1
CN1C=CC=C/C1=C\N=O,CCCCc1cccnn1
CN1C=CCC(=O)C1=O,CCCCc1cnco1
CN1C=CCC(C(N)=O)=C1,CCCCn1nnc(N)n1
CN1CC(C(=O)O)=CO1,CCCN(C)CCC(=O)O
CN1CCCC=C1C(=O)O,CCCN1C(=O)CC[C@@H]1O
CN1CCN(N)C(=O)C1=O,CCCN1C=CN(C)C1
CN1CCNC(=O)C1=O,CCCN1CCC[C@@H]1C=O
CN1CCc2[nH]ccc2C1,CCCN1N=C(N)ON1
CN1CCc2n[nH]cc2C1,CCCNC(=O)C(=O)NC
CN1CCc2nc[nH]c2C1,CCCNC/C=C/CN
CN1CCn2ccnc2C1,CCCNCCN=O
CN1C[C@H](C#N)C(=O)C1=O,CCCNOCCC(C)=O
CN1Cc2ccccc2C1,CCCNc1ccnnc1
CN1Cc2cn[nH]c2C1,CCCNc1nonc1N
CN1N=C(C(=O)O)CC1=O,CCCOC(=O)OCCF
CN1N=NN2CC=CC=C12,CCCOCCC(=O)CO
CN1NCc2cncnc21,CCCOCc1cn[nH]n1
CNC(=O)/C=C/CN,CCCOc1nc(N)n[nH]1
CNC(=O)C(=O)NC(C)C,CCC[C@@H](C=O)CCOC
CNC(=O)N/C=C/C(=O)O,CCC[C@@H](N)c1ncon1
CNC(=O)c1ccn(C)n1,CCC[C@@H]1CC(=O)CCN1
CNC(=O)c1ccoc1C,CCC[C@@H]1OC(=O)[C@H](C)O1
CNC(=O)c1coc(N)n1,CCC[C@H](C)C(=O)CC#N
CNC(=O)c1ncccn1,CCC[C@H]1OCC[C@H]1C=O
CNC(=O)c1nn[nH]c1N,CCC[C@](C)(O)/C(C)=N\O
CNC(=O)n1cnc(N)n1,CCCc1cc(C=O)no1
CNC(=O)n1nnnc1N,CCCc1cc(CO)n[nH]1
CNC=C(C(C)=O)C(C)=O,CCCc1ccc(C=O)[nH]1
CNC=C1C(=O)CCC1=O,CCCc1cccc(N)n1
CNCCCc1ccco1,CCCc1ccoc1C#N
CNCCc1nc(N)n[nH]1,CCCc1cnc(=O)[nH]c1
CNCCc1ncccn1,CCCc1nc(OC)c[nH]1
CNCCc1noc(C)n1,CCCc1nnc(O)o1
CNCCn1ccnc1C,CCCc1oncc1CO
CNC[C@@H](C)c1nnn[nH]1,CCCn1ccc(=NN)[nH]1
CNCc1c(C)noc1C,CCCn1ccc(C=O)c1
CNCc1c[nH]c(C)n1,CCCn1cncc1C=O
CNCc1cc(C#N)on1,CCCn1nc(C)cc1C
CNCc1cc(C)n(C)n1,CCCn1nccc1NN
CNCc1ccc(=O)[nH]c1,CCN(C)C(=O)NC(C)=O
CNCc1ccc(C)cn1,CCN(C)c1ccccc1
CNCc1ccc(C)n1C,CCN(CC(=O)O)C1CC1
CNCc1ccccc1O,CCN(CC)C(C)(C)C=O
CNCc1ccn[nH]1,CCN(CC)CC(N)=O
CNCc1ccnc(C)c1,CCN(CC)CCC=O
CNCc1ccncc1C,CCN(CC)N(O)N=O
CNCc1cn(C)nc1C,CCN(CCC#N)C(C)=O
CNCc1cnc(N)nc1,CCN1C(=O)N[C@@H](C)C1=O
CNCc1cncc(F)c1,CCN1C=CN(C)[C@@H]1C
CNCc1n[nH]c(O)n1,CCN1C=NNC(=O)[C@H]1C
CNCc1nc(C)c(C)[nH]1,CCN1CCC(=O)[C@@H](C)C1
CNCc1nc(CN)no1,CCN1CCNCCC1=O
CNCc1ncccc1F,CCN1C[C@@H](O)CNC1=O
CNCc1ncnn1C,CCN1C[C@](C)(CN)C1=O
CNCc1ncon1,CCN1N=CC[C@H]1C
CNN=C(/C=N\O)/C=N/O,CCN1OC[C@@H](N)C1=O
CN[C@@H](C)c1ccoc1,CCN=C1NCCCCN1
CN[C@@H](C)c1cnccn1,CCNC(=O)C(C)(C)CN
CN[C@H](C)c1ccn(C)c1,CCNC(=O)C1(C#N)CC1
CN[C@H](C)c1ccon1,CCNC(=O)N1CCCO1
CNc1c(C)cccc1F,CCNC(=O)[C@@H](CC)CO
CNc1c(C)n[nH]c1C,CCNC(=O)c1cnco1
CNc1cc(C#N)n(C)n1,CCNC1=CC(=O)CCC1
CNc1cc(C(C)C)n[nH]1,CCNCCCC(=O)OC
CNc1cc(C)cc(F)c1,CCNCCn1cccn1
CNc1cc(C)ccc1C,CCNC[C@@H](O)C=O
CNc1cc(CO)ccn1,CCNCc1cccn1C
CNc1cc(F)nc(N)n1,CCNCc1nonc1C
CNc1cc(OC)ncn1,CCN[C@@H](CC)C(=O)OC
CNc1ccc(C)c(C)c1,CCN[C@H](C)c1cc[nH]c1
CNc1ccc(CN)cc1,CCN[C@H]1CC(=O)NC1=O
CNc1ccc(F)cc1N,CCNc1ccc(N)cc1
CNc1ccc(N)nc1,CCNc1ccccc1O
CNc1ccc(N=O)cc1,CCNc1cncc(C)c1
CNc1ccc(O)cc1C,CCNc1ncnc(N)n1
CNc1cccc(C)c1C,CCNc1nn(C)cc1N
CNc1cccc(NC)n1,CCO/C=C(\C)C(=O)CC
CNc1ccccc1C#N,CCO/C=C/C(=N)N
CNc1ccccc1C=O,CCO/C=N/C#N
CNc1cccccc1=O,CCO/N=C(/CC)C(N)=O
CNc1cccnc1N,CCOC(=N)C(OC)OC
CNc1cn[nH]c(=O)c1N,CCOC(=N)C1CCCC1
CNc1cn[nH]c(=O)n1,CCOC(=O)/C=C/C1CC1
CNc1cnc(CN)cn1,CCOC(=O)/N=C/N(C)C
CNc1cnccc1OC,CCOC(=O)C/C(N)=N/O
CNc1cnco1,CCOC(=O)C1(F)CNC1
CNc1cnn[nH]1,CCOC(=O)CCCOC
CNc1cocn1,CCOC(=O)CN(C)C#N
CNc1nc(C(C)C)no1,CCOC(=O)CNC1CC1
CNc1nc(C)ccc1N,CCOC(=O)N(CC)OC
CNc1nc(C)nc(O)n1,CCOC(=O)N1CC=CC1
CNc1nc(F)cc(=O)[nH]1,CCOC(=O)OCNC=O
CNc1nc(F)ccc1F,CCOC(=O)[C@H]1COC=N1
CNc1nc(N)nc(N)n1,CCOC(=O)c1cc[nH]n1
CNc1nc(N)nn1C,CCOC(O)=C1N=NN=N1
CNc1nc[nH]c(=O)c1N,CCOC1=C(C)C(=O)CC1
CNc1ncc(C)cn1,CCOC1=NC(=O)CC=N1
CNc1nccc(C=O)n1,CCOC1=NCCCCC1
CNc1nccnc1C,CCOC1=N[C@@H](C)[C@@H](C)N1
CNc1ncco1,CCOC=C=CCOCC
CNc1nnc(C)n1C,CCOCC(=O)NOCC
CNc1nnccc1C#N,CCOCCC(=N)OCC
CNc1nonc1C(=O)O,CCOCCOCC=O
CO/C=C(/F)C(=O)O,CCOCN/C(N)=N\C#N
CO/C=C/C(C)=O,CCOC[C@H](C)OC(C)=O
CO/N=C(/C)C(N)=O,CCOCc1ccnn1C
CO/N=C(\C#N)C(=N)N,CCON1CCC(=O)CC1
CO/N=C/C(=O)O,CCON=C1CCCCC1
CO/N=C/C1=CCCNC1,CCO[C@@H](C)C(=O)C=O
COC(=N)c1ccccc1,CCO[C@@H]1C=CCCO1
COC(=O)/C=C(\N)C1CC1,CCO[C@@H]1NCCNC1=O
COC(=O)/C=C/C(F)(F)F,CCO[C@@H]1OC=N[C@@H]1C
COC(=O)/C=C/C=C=O,CCO[C@@H]1[C@H](C)[C@H]1C(=O)O
COC(=O)/C=C/[C@@H]1O[C@@H]1C,CCO[C@H]1CC(=O)[C@H]1OC
COC(=O)/C=C/[C@H](O)CO,CCO[C@H]1C[C@@H](C)C=CO1
COC(=O)/C=C1\CCCO1,CCOc1cc(N)no1
COC(=O)C(=N)C(F)(F)F,CCOc1cc(O)ccn1
COC(=O)C(=O)N(C)OC,CCOc1cc[nH]c(=O)c1
COC(=O)C1=C(CO)CC1,CCOc1ccccc1C
COC(=O)C1=CC(C)(C)C1,CCOc1cnc(CC)[nH]1
COC(=O)C1=CCNCC1,CCOc1n[nH]c(C)c1C
COC(=O)C1=COCCC1,CCOc1ncc(F)cn1
COC(=O)C1=C[C@H](O)NN1,CCOc1nnc(C)o1
COC(=O)C1=NC[C@@H](C)O1,CCOc1ocnc1C#N
COC(=O)C1=NNC(=O)C1,CC[C@@H](C)CC(=N)N
COC(=O)C=C1NCCN1,CC[C@@H](N)c1ccc(C)o1
COC(=O)Cc1ccco1,CC[C@@H]1/C(=N/N)CC[C@H]1C
COC(=O)Cc1cn[nH]c1,CC[C@@H]1C(OC)=N[C@@H]1CC
COC(=O)Cc1nnco1,CC[C@@H]1CC(=O)C=C(C)C1
COC(=O)Cc1nnn[nH]1,CC[C@@H]1CCC(=O)[C@@H](N)C1
COC(=O)Cn1cccc1,CC[C@@H]1CCNC(=O)N1
COC(=O)N1C=CC=CC1,CC[C@@H]1CC[C@H]2C[C@@H]2C1=O
COC(=O)N=NC(=O)OC,CC[C@@H]1COC(C)=N1
COC(=O)c1[nH]ccc1C,CC[C@@H]1NC(=O)[C@H]1CC
COC(=O)c1c[nH]oc1=O,CC[C@@H]1N[C@@H]1OC=O
COC(=O)c1cc(C)[nH]n1,CC[C@@H]1OC(=O)C(=O)[C@H]1C
COC(=O)c1cc(N)c[nH]1,CC[C@@]1(CO)CNC(=O)C1
COC(=O)c1cc(O)no1,CC[C@@]12C[C@@H]1CCCC2=O
COC(=O)c1ccc(N)o1,CC[C@@]12C[C@@H]3C[C@@H]1[C@@H]2C3=O
COC(=O)c1cccnn1,CC[C@H](C)/C=C/C(C)(C)O
COC(=O)c1ccn(C)c1,CC[C@H](C)NC(=O)CCN
COC(=O)c1ccnn1N,CC[C@H](C)c1n[nH]c(N)n1
COC(=O)c1cnnnc1,CC[C@H](C)n1ncc(N)n1
COC(=O)c1cocc1C,CC[C@H](CO)ON=C(C)C
COC(=O)c1cocn1,CC[C@H](N)c1nnc[nH]1
COC(=O)c1n[nH]c(=O)[nH]1,CC[C@H]1C(=O)OC(=O)N1C
COC(=O)c1nc[nH]c1C,CC[C@H]1CC(=O)CCO1
COC(=O)c1ncn(C)n1,CC[C@H]1CC(=O)NN1C
COC(=O)c1nnc(C)o1,CC[C@H]1CCC[C@H](C=O)C1
COC(=O)c1nnnn1C,CC[C@H]1CNC(=O)CC1=O
COC(=O)c1occc1F,CC[C@H]1NCCCC1=O
COC(=O)n1ccc(C)n1,CC[C@H]1OC=CC(=O)C1=O
COC(OC)c1ncc[nH]1,CC[C@H]1OC=C[C@@H](O)[C@H]1O
COC1=CC=CC=CC1,CC[C@](N)(COC)C(=O)O
COC1=CC=CC=CC=C1,CC[C@]1(C)CN=C(C)C=N1
COC1=CC=CCC1,CC[C@]1(C)COC=CC1=O
COC1=NC=CCC=CC1,CC[C@]1(C)C[C@@H]1C(=O)OC
COC1=NC=NC=C(C)C1,CCc1[nH]c(=O)[nH]c1C
COC1C=CC=CC=C1,CCc1[nH]nc(CN)c1F
COC1CC(=CC(=O)O)C1,CCc1[nH]ncc1CO
COC=Nc1ccccc1,CCc1c(C)nc[nH]c1=O
COCCNC(=O)C(=O)O,CCc1c[nH]c(C#N)c1
COCCNc1ncn[nH]1,CCc1c[nH]cc1CC
COCCc1c[nH]nc1O,CCc1cc(C#N)ccn1
COCCc1cc(N)on1,CCc1cc(COC)on1
COCCc1cnn(C)c1,CCc1cc(N)cc(F)c1
COCCc1nnn(C)n1,CCc1cc(N)nc(C)n1
COCCn1cccc1,CCc1cc(O)cc(=O)[nH]1
COCCn1cncc1N,CCc1cc(O)n(C)n1
COCCn1nnnc1N,CCc1ccc(/C=N/O)o1
COC[C@H](C)n1cccc1,CCc1ccc(CCN)[nH]1
COC[C@H](N)c1ccco1,CCc1ccc(CN)n1C
COCc1cc(C=O)no1,CCc1ccc(NN)cc1
COCc1cc(CO)n[nH]1,CCc1cccc(C=O)c1
COCc1cc(N)n(C)n1,CCc1cccc(O)c1N
COCc1cccc(C)n1,CCc1cn(C)nc1CO
COCc1cnccn1,CCc1cnc(C)cc1N
COCc1n[nH]c(CN)n1,CCc1cncc(CC)c1
COCc1nc(C)n(C)n1,CCc1coc(N)c1C#N
COCc1ncc(N)cn1,CCc1conc1C=O
COCc1nccc(=O)[nH]1,CCc1n[nH]c(=O)cc1C
COCc1nnc(CO)o1,CCc1n[nH]c(C(F)F)n1
COCc1noc(N)c1C,CCc1nc(C)c(CN)o1
COCc1noc(O)n1,CCc1nc(CCN)c[nH]1
COCc1nocc1C=O,CCc1nc(CNC)no1
COCc1ocnc1CN,CCc1ncc(C(=O)O)o1
COCn1cc(C=O)nn1,CCc1ncc(CN)cn1
COCn1cnc(N)n1,CCc1nccnc1C
CON(C)C(=O)C1=CCC1,CCc1ncncc1O
CON1C(=O)NC(=O)C1=O,CCc1nnc(C=O)[nH]1
CONC(=O)C(=O)OC,CCc1nnc(N)nn1
CO[C@@H](C)c1nnnn1C,CCc1noc(N)c1CC
CO[C@H]1C=NC(N)=NC1=O,CCn1c(C)ccc1C
COc1c(C)cccc1O,CCn1c(O)n[nH]c1=N
COc1c(C=O)cnn1C,CCn1cc(C#N)c(N)n1
COc1c(F)cncc1F,CCn1cc(C)nc1CO
COc1c(N)cccc1F,CCn1cc(N)ccc1=O
COc1cc(C)c(F)cn1,CCn1ccc(=O)c(O)c1
COc1cc(C)cc(C)n1,CCn1ccc(COC)n1
COc1cc(C)ccc1C,CCn1cccc1C(C)=O
COc1cc(C)oc(=O)c1,CCn1ccnc1C(F)F
COc1cc(CN)cnn1,CCn1cnc(=O)[nH]c1=O
COc1cc(CO)n(C)n1,CCn1cnc(CO)n1
COc1cc(F)cc(F)c1,CCn1cnnc1CCN
COc1cc(F)ccc1F,CCn1nc(C)c(CN)n1
COc1cc(F)cnc1F,CCn1ncc(CCO)n1
COc1cc(N)cc(=O)[nH]1,CCn1ncc(O)cc1=O
COc1cc(N)cc(O)c1,CCn1nccc1C1CC1
COc1cc(N)nc(N)n1,CCn1ncnc1[C@H](C)N
COc1cc(N)ncc1N,CCn1nnc(C)c1C=O
COc1cc(OC)[nH]n1,CCn1nnnc1NN
COc1cc([C@H](C)O)on1,CN(C(=N)N)C(=O)C(=O)O
COc1cc[nH]c1C=O,CN(C(=O)CCN)C1CC1
COc1ccc(C#N)cn1,CN(C)/C=C/C(=O)C1CC1
COc1ccc(C(=O)O)o1,CN(C)/C=C/N
COc1ccc(F)nc1N,CN(C)/C=C1/CCCC1=O
COc1ccc(N)c(C)c1,CN(C)/C=C1/N=COC1=O
COc1ccc(N)c(F)n1,CN(C)/C=N/N=C/N(C)C
COc1ccc(N)cc1N,CN(C)/C=N/c1ncn[nH]1
COc1ccc(NN)nn1,CN(C)/N=C/C=O
COc1ccc(O)c(C)n1,CN(C)C(=N)C(=N)N(C)C
COc1ccc(O)c(F)c1,CN(C)C(=NC#N)N(C)C
COc1ccc(O)cc1F,CN(C)C(=O)C1CC(O)C1
COc1ccc2c(c1)CC2,CN(C)C(=O)CC(F)(F)F
COc1cccc(=O)cc1,CN(C)C/C=C\CN(C)C
COc1cccc(C)c1N,CN(C)C1(C(N)=O)CNC1
COc1cccc(CN)n1,CN(C)C1=NC(C)(C)CN1
COc1cccc(NN)c1,CN(C)C1CCC(=O)CC1
COc1cccc(O)c1O,CN(C)C=C1C=CN=C1
COc1ccccc1CN,CN(C)CC1=CC=CC1
COc1cccccc1=O,CN(C)Cc1cc[nH]c1
COc1ccco1,CN(C)Cc1nncn1C
COc1ccn(C)c(=O)n1,CN(C)N1CCOC1=O
COc1ccnc(C)c1C,CN(C)N=C1CCCC1
COc1ccnc(C=O)n1,CN(C)c1cc(N)n[nH]1
COc1ccnc(OC)c1,CN(C)c1ccc(F)nc1
COc1ccoc1,CN(C)c1ccccc1F
COc1cnc(C)nc1C,CN(C)c1ccnc(N)n1
COc1cnc(C)o1,CN(C)c1nc(=O)cn[nH]1
COc1cnc(C2CC2)[nH]1,CN(C)c1nc(N)nn1C
COc1cnc(CO)nc1,CN(C)c1nnc(CN)[nH]1
COc1cnc(N)c(C)n1,CN(C)c1noc(CO)n1
COc1cnc(N)c(F)c1,CN(C)n1cccc1
COc1cnc[nH]c1=O,CN(N=O)C(C)(C)C
COc1cncc(F)n1,CN(O)C(=O)c1ccco1
COc1cncc(N)c1C,CN/C=C1/CCOC1=O
COc1cncnc1C=O,CN1C(=O)C(=O)N=C1N
COc1cnnc(CO)c1,CN1C(=O)CC(=O)NC1=O
COc1cnncc1OC,CN1C(=O)CC(N)CC1=O
COc1n[nH]c(N)c1C#N,CN1C(=O)CC[C@@]1(C)C#N
COc1nc(C(C)=O)co1,CN1C(=O)C[C@H]2NCC[C@H]21
COc1nc(C)cc(=O)[nH]1,CN1C(=O)NC(=O)C1(C)C
COc1nc(C)ccc1C,CN1C(=O)NC(=O)[C@@H]1C=O
COc1nc(N)cc(F)n1,CN1C(=O)NC=C[C@H]1N
COc1nc(N)nc(N)n1,CN1C(=O)OC(C)(C)C1=O
COc1nc(O)cc(O)n1,CN1C(=O)O[C@H]2CNC[C@H]21
COc1nc[nH]c(=O)n1,CN1C=CC(=CN=O)C=C1
COc1ncc(CN)cn1,CN1C=CC(N(C)C)=CC1
COc1ncc(F)c(O)n1,CN1C=CC=C(C(N)=O)C1
COc1ncc(N)c(C)n1,CN1C=CCC(=O)C1=O
COc1ncc(O)cc1C,CN1C=CC[C@H](C=O)C1
COc1nccc(CO)n1,CN1C=NN(C)C=N1
COc1nccc(F)c1N,CN1CC(=O)CCCC1=O
COc1nccnc1CO,CN1CC2(CC2)CNC1=O
COc1nccnn1,CN1CC=C(N)NC1=O
COc1ncnc(N)c1C,CN1CC=CC[C@@H]1C#N
COc1ncnc(OC)n1,CN1CC=C[C@H](CO)C1
COc1ncncc1CO,CN1CCC(=O)C(C)(C)C1
COc1ncnnc1CN,CN1CCC2=C(CNC2)C1
COc1nn(C)c(C)c1N,CN1CCC=C(CO)C1
COc1nn(C)cc1C#N,CN1CCC=CCC1
COc1nnc(CN)o1,CN1CCCC=C1C(=O)O
COc1nnc(OC)n1N,CN1CCCC[C@H]1C(=N)N
COc1nnccc1CO,CN1CCC[C@H](C(N)=O)C1
COc1noc(C)c1C,CN1CCN(C#N)CC1=O
COc1oncc1C(=O)O,CN1CCN(C)C1=N
C[C@@H](C#N)n1cc(N)nn1,CN1CCN(CC=O)CC1
C[C@@H](C(=O)O)c1ccn[nH]1,CN1CCN[C@H](C(=O)O)C1
C[C@@H](C(=O)O)n1cccc1,CN1CCO[C@H](CO)C1=O
C[C@@H](C(=O)O)n1cnnn1,CN1CCn2ccnc2C1
C[C@@H](C1=CC=CC1)N(C)C,CN1CNC(=O)NC1
C[C@@H](CCN)c1nc[nH]n1,CN1COCN(C)C1=O
C[C@@H](N)Cc1ccccc1,CN1C[C@@H](CN)OCC1=O
C[C@@H](N)c1cccc(F)c1,CN1C[C@@H]2CNC[C@@H]2C1=O
C[C@@H](N)c1ccccc1N,CN1C[C@@H]2C[C@]2(C(=O)O)C1
C[C@@H](N)c1cnn(C)n1,CN1C[C@H]2CC(=O)[C@H]1C2
C[C@@H](N)c1n[nH]c(O)n1,CN1C[C@H]2CC[C@@H](N2)C1=O
C[C@@H](N)c1ncccn1,CN1C[C@H]2CC[C@H](C1)C2=O
C[C@@H](N)c1nn(C)cc1O,CN1Cc2cn[nH]c2C1
C[C@@H](N)c1nnco1,CN1N=C[C@H]2C=CCC[C@H]21
C[C@@H](NN)c1ccc[nH]1,CN1N=NN2CC=CC=C12
C[C@@H](O)c1cc(O)n[nH]1,CN1NCc2cncnc21
C[C@@H](O)c1cncnc1,CN1[C@@H]2CC=C[C@H]1CC2
C[C@@H](O)c1ncc(F)cn1,CN1[C@@H]2CCC(=O)[C@H]1CC2
C[C@@H]1C(=O)C(=O)C=CN1C,CN1[C@H]2C=C[C@H]1CC(O)C2
C[C@@H]1C(=O)c2ccccc21,CNC(=N)C1CC1
C[C@@H]1C=CN=NC1=O,CNC(=N)CCOC
C[C@@H]1CC(=O)C(=O)[C@H]1C,CNC(=N)NCCC(C)C
C[C@@H]1CC(=O)c2ncnn21,CNC(=O)/C=C/CN
C[C@@H]1CCC/C(=C\O)C1=O,CNC(=O)C#CC(=O)NC
C[C@@H]1CCC/C1=C\C(=O)O,CNC(=O)C(C)(C)NC
C[C@@H]1CCC2=C1N=CCN2,CNC(=O)CNCC(F)F
C[C@@H]1CCCc2nccn21,CNC(=O)COC1CNC1
C[C@@H]1CCNc2ccnn21,CNC(=O)C[C@H](N)C1CC1
C[C@@H]1CCc2nccnc21,CNC(=O)N1CCNCC1
C[C@@H]1CNCc2c[nH]nc21,CNC(=O)NC(=O)CC#N
C[C@@H]1CNCc2ccnn21,CNC(=O)NCCCOC
C[C@@H]1CNCc2nncn21,CNC(=O)N[C@H]1CCNC1
C[C@@H]1CNc2ccccc21,CNC(=O)OC1=NCCN1
C[C@@H]1CNc2cccnc21,CNC(=O)O[C@H]1C=CCC1
C[C@@H]1COc2ccnn21,CNC(=O)[C@@H](N)CN(C)C
C[C@@H]1C[C@@H]1c1ccncc1,CNC(=O)[C@@]1(O)CCNC1
C[C@@H]1Cc2[nH]ccc2C=N1,CNC(=O)[C@H]1CCCOC1
C[C@@H]1Cc2[nH]ccc2CN1,CNC(=O)[C@H]1C[C@H]1C(=O)O
C[C@@H]1Cc2ccccc2O1,CNC(=O)c1cn[nH]c1N
C[C@@H]1Cc2cccnc2N1,CNC(=O)n1cncn1
C[C@@H]1Cc2cnccc2N1,CNC(=O)n1nnnc1N
C[C@@H]1Cn2nccc2CN1,CNC/C=C\CNC
C[C@@H]1NC(=O)C(=O)O[C@H]1C,CNC1(C(=O)O)CCCC1
C[C@@H]1NCCc2[nH]cnc21,CNC1=CC(=O)N(C)C1=O
C[C@@H]1NCCn2cnnc21,CNC1=NC(=O)CC(=O)N1
C[C@@H]1NCc2ccccc21,CNC=C(C(C)=O)C(C)=O
C[C@@]1(O)Cc2ccccc21,CNCC(=O)N(C)CCO
C[C@H](C#N)Cn1cccn1,CNCC(=O)NCC1CC1
C[C@H](C#N)c1ccncc1,CNCC1=NC(=O)N=N1
C[C@H](C(=O)O)c1ccco1,CNCCC1=NCCN1C
C[C@H](C1=CCC=C1)N(C)C,CNCCCCC(=O)NC
C[C@H](C=O)c1ccccc1,CNCCNC(=O)C(C)C
C[C@H](CCN)n1cccn1,CNC[C@@H](C)/C(N)=N/O
C[C@H](CCO)n1ccnc1,CNC[C@@H](C)N(C)C(C)=O
C[C@H](CN)c1ncon1,CNC[C@H](C)c1nnn[nH]1
C[C@H](F)c1ccc(F)cc1,CNC[C@H]1CCC(=O)O1
C[C@H](N)Cc1nncn1C,CNC[C@]1(C)CC(C)=NO1
C[C@H](N)[C@@H](C)n1cncn1,CNCc1ccc(C)[nH]1
C[C@H](N)c1cc[nH]n1,CNCc1ccc(CO)o1
C[C@H](N)c1ccc(O)cc1,CNCc1cn(C)nn1
C[C@H](N)c1ccnnc1,CNCc1cnc(C)nc1
C[C@H](N)c1ccno1,CNCc1nc(C)oc1C
C[C@H](O)Cn1cncn1,CNN=C(N)N
C[C@H](O)c1ccc(=O)[nH]c1,CNNCc1ccccn1
C[C@H](O)c1ccc(N)cc1,CNOC(=O)C(F)(F)F
C[C@H](O)c1cccc(O)c1,CN[C@@H](C)c1cnccn1
C[C@H](O)c1ccccc1O,CN[C@@H](C)c1nn[nH]n1
C[C@H]1C(=O)CC(=O)C1=O,CN[C@@H](CCCN)C(=O)O
C[C@H]1C(=O)NN=C1C(=O)O,CN[C@@H]1CCCCNC1=O
C[C@H]1C=C(C(=O)O)CC1,CN[C@H](C)C(N)=O
C[C@H]1C=CC=CC1,CN[C@H](C)c1ccn(C)c1
C[C@H]1CCCC=C1C(=O)O,CN[C@H](C)c1nc(C)no1
C[C@H]1CCc2[nH]cnc2C1,CNc1c(NC)c(=O)c1=O
C[C@H]1CCc2c(N)n[nH]c21,CNc1c(O)cccc1F
C[C@H]1CNc2ncnn2C1,CNc1cc(C)cc(F)c1
C[C@H]1C[C@@H](O)c2nccn21,CNc1cc(C)n(C)n1
C[C@H]1C[C@@H]1c1nnc(N)o1,CNc1cc(C2CC2)n[nH]1
C[C@H]1C[C@H](C)C(=O)C1=O,CNc1cc(F)nc(F)n1
C[C@H]1C[C@H]1c1n[nH]c(N)n1,CNc1cc(N)ccc1O
C[C@H]1Cn2ccnc2CN1,CNc1ccc(OC)cc1
C[C@H]1N=C1c1ccccc1,CNc1cccc(C#N)n1
C[C@H]1NCCc2[nH]ccc21,CNc1cccc(CO)c1
C[C@H]1NCCc2occc21,CNc1ccccc1C=O
C[C@H]1NCCn2cccc21,CNc1ccnn1C(C)C
C[C@H]1N[C@H]1c1ccccc1,CNc1cn[nH]c(=O)c1
C[C@H]1OC/C(=C\NN)C1=O,CNc1cnc(CN)cn1
C[C@]12CCC=C1C(=O)CC2,CNc1cncc(OC)n1
Cc1[nH]c(C=O)c(C)c1C,CNc1cnn[nH]1
Cc1[nH]c(C=O)cc1C#N,CNc1cnoc1C
Cc1[nH]c(N)c(C#N)c1C,CNc1n[nH]c(=O)[nH]c1=O
Cc1[nH]ccc1C#N,CNc1nc(C)ccc1N
Cc1[nH]nc(C(C)C)c1C,CNc1nc(C)nc(O)n1
Cc1[nH]nc(C(N)=O)c1N,CNc1ncc(N)cn1
Cc1[nH]nc(CO)c1F,CNc1nccc(C=O)n1
Cc1[nH]nc(O)c1C#N,CNc1ncccc1CN
Cc1[nH]nc(O)c1CCO,CNc1ncncc1F
Cc1[nH]nc2c1CCCN2,CNc1nnc(C)n1C
Cc1[nH]nc2c1CCCO2,CNc1nonc1C(=O)O
Cc1[nH]ncc1C(C)C,CO/C(C)=N/C1CC1
Cc1[nH]ncc1CCCN,CO/C=C(\F)CO
Cc1c(C(=O)O)[nH][nH]c1=O,CO/C=N/c1ccccc1
Cc1c(C=O)nnn1C,CO/N=C(N)/C(N)=N/OC
Cc1c(CO)ccnc1F,CO/N=C/CC#N
Cc1c(CO)ncn1C,CO/N=C/NOC
Cc1c(F)ccc(F)c1F,CO/N=C/[C@H]1C=NNC1=O
Cc1c(F)cccc1CN,CO/N=C/c1cccnc1
Cc1c(F)ncnc1F,CO/N=C1/CNC[C@H]1CN
Cc1c(N)cc(C#N)n1C,COC(=N)CC(=N)OC
Cc1c(N)cc(F)cc1F,COC(=N)c1ccccn1
Cc1c(N)ccc(N)c1C,COC(=O)/C=C(\N)C(C)C
Cc1c(N)cnn1C(F)F,COC(=O)/C=C/[C@@H]1O[C@@H]1C
Cc1c(N)nc(=O)[nH]c1F,COC(=O)C#C[C@@H](O)OC
Cc1c(N)nc(F)nc1F,COC(=O)C(C)(C)CC#N
Cc1c(N)noc1C(C)C,COC(=O)C12CC1(CO)C2
Cc1c(O)ccc(=O)n1O,COC(=O)C1=C(N)CCC1
Cc1c(O)cccc1NN,COC(=O)C1=CCC=CC1
Cc1c(O)cncc1F,COC(=O)C1=C[C@H](O)NN1
Cc1c(O)nc(N)[nH]c1=O,COC(=O)C1CN(C#N)C1
Cc1c([C@@H](C)O)cnn1C,COC(=O)C=C1NCCN1
Cc1c[nH]c(C(C)(C)C)n1,COC(=O)CC1(O)COC1
Cc1c[nH]c(C)c1,COC(=O)CCN(C)N=O
Cc1c[nH]c(C=O)c1C#N,COC(=O)CCN1C[C@H]1C
Cc1c[nH]c(N)c1C(N)=O,COC(=O)COCC1CC1
Cc1c[nH]c2c1CCCC2,COC(=O)C[C@H](CN)OC
Cc1c[nH]c2ccncc12,COC(=O)Cc1nnco1
Cc1c[nH]c2ncccc12,COC(=O)Cn1cccc1
Cc1c[nH]c2nccnc12,COC(=O)N(C)CCCN
Cc1c[nH]cc(C=O)c1=O,COC(=O)N1C=CC=CC1
Cc1c[nH]cc1C(C)(C)O,COC(=O)N1CC(C)(N)C1
Cc1c[nH]nc1C,COC(=O)N=NC(=O)OC
Cc1cc(/C=N/N)oc1C,COC(=O)NCC(C)=O
Cc1cc(C#N)c(C)o1,COC(=O)[C@@H](C)C1CNC1
Cc1cc(C#N)ccc1F,COC(=O)[C@@H]1COCC1=O
Cc1cc(C#N)nc(C)n1,COC(=O)[C@@H]1[C@@H]2CCO[C@@H]21
Cc1cc(C#N)ncc1N,COC(=O)[C@@]1(C)CCCO1
Cc1cc(C(=O)O)c(C)[nH]1,COC(=O)[C@H]1C=C[C@H](N)C1
Cc1cc(C(=O)O)cn1C,COC(=O)[C@H]1C[C@@H]1CCO
Cc1cc(C(=O)O)cnn1,COC(=O)c1cc(F)c[nH]1
Cc1cc(C(C)(C)C)n[nH]1,COC(=O)c1ccnnn1
Cc1cc(C(F)(F)F)co1,COC(=O)c1cnoc1
Cc1cc(C(F)F)on1,COC(=O)c1ncnn1C
Cc1cc(C(N)=O)co1,COC(=O)n1nccc1C
Cc1cc(C)[nH]c(=O)n1,COC(CC#CC=O)OC
Cc1cc(C)c(/C=N/O)[nH]1,COC(CNC(=N)N)OC
Cc1cc(C)c(=O)[nH]n1,COC(OC)(OC)C(N)=O
Cc1cc(C)c(C)c(N)n1,COC(OC)/C(C)=N/O
Cc1cc(C)c(C)cc1C,COC/C=C(\COC)OC
Cc1cc(C)c(F)c(C)c1,COC/C=C/COC
Cc1cc(C)c(F)c(C)n1,COC12CC(C(C)=O)(C1)C2
Cc1cc(C)c(N)c(=O)[nH]1,COC1=C(C)CC=CC1
Cc1cc(C)c(N)c(N)c1,COC1=C(C)O[C@@H](C)C1=O
Cc1cc(C)c(O)cn1,COC1=CC(=O)NCCC1
Cc1cc(C)c2c(c1)CC2,COC1=CC(=O)O[C@@H]1CO
Cc1cc(C)cc(C=O)c1,COC1=CC=CC=CC1
Cc1cc(C)cc(NN)c1,COC1=CC=CC=CC=C1
Cc1cc(C)n(C(F)F)n1,COC1=CCCN1
Cc1cc(C)n(C)c(=O)n1,COC1=CCOCC1
Cc1cc(C)n(CC=O)n1,COC1=C[C@@H](C)C=C(C)C1
Cc1cc(C)n(CCO)c1,COC1=NC=CCC=CC1
Cc1cc(C)n(N)c(=O)c1,COC1=NC=NC=C(C)C1
Cc1cc(C)nc(CN)n1,COC1=NO[C@H]2C=CO[C@@H]12
Cc1cc(C2CC2)ccn1,COC1=N[C@H](C)CCCC1
Cc1cc(C=O)c(C)o1,COC1C=CC=CC=C1
Cc1cc(C=O)cnc1F,COC1CC(=CC(=O)O)C1
Cc1cc(C=O)n(C)n1,COC1CC(CC=O)C1
Cc1cc(C=O)nnc1C,COC1CN(C(=N)N)C1
Cc1cc(CC#N)n(C)n1,COC1NCC(C=O)CN1
Cc1cc(CC(=O)O)n[nH]1,COC=C1COC1
Cc1cc(CCN)no1,COC=CC(OC)OC
Cc1cc(CN(C)C)on1,COCC(=N)N1CCCC1
Cc1cc(CN)c(C)n1C,COCC(=O)CC(=O)OC
Cc1cc(CN)c(O)nn1,COCC(=O)N1CC(O)C1
Cc1cc(CN)cc(=O)[nH]1,COCC(=O)NCC(C)C
Cc1cc(CO)c(C)o1,COCC/C=C\C1CC1
Cc1cc(CO)c[nH]c1=O,COCC1(C=O)CC=CC1
Cc1cc(CO)cc(C)n1,COCC1=NN(C)C(=O)C1
Cc1cc(C[C@H](C)O)[nH]n1,COCCC(=O)C1CCC1
Cc1cc(F)[nH]c(=O)c1,COCCC[C@@H](C)C(=O)O
Cc1cc(F)c(C)cc1O,COCCN1CCC(=O)C1
Cc1cc(F)c(N)cc1N,COCCNCCC(=O)O
Cc1cc(F)cc(C)c1O,COCCNc1ncn[nH]1
Cc1cc(F)cc(CO)c1,COCCOCC(C)=O
Cc1cc(F)cnc1NN,COCC[C@@H]1CCOC1=O
Cc1cc(N(C)C)no1,COCCc1c[nH]nc1O
Cc1cc(N)c(=O)[nH]c1C,COCCc1ncon1
Cc1cc(N)c(C)nc1O,COCCc1nnnn1C
Cc1cc(N)c(C)nn1,COCCn1cnc(N)c1
Cc1cc(N)c(O)cc1C,COCNC(=O)N(C)C
Cc1cc(N)cc(=O)n1C,COCOCC(=N)N
Cc1cc(N)cc(C#N)c1,COCOCCC=O
Cc1cc(N)cc(C)c1C,COCO[C@H]1C[C@@H](C=O)C1
Cc1cc(N)cc(C=O)n1,COC[C@@H]1CCCN1C=O
Cc1cc(N)ccc1N=O,COC[C@H](C)n1cccc1
Cc1cc(N)cn(C)c1=O,COC[C@H]1C=CCCN1
Cc1cc(N)cnc1N,COC[C@H]1CNC(=O)O1
Cc1cc(N)nn1C1CC1,COC[C@]1(O)C=CC(=O)O1
Cc1cc(N/C=N/O)on1,COCc1cc(=O)[nH]cn1
Cc1cc(NC(=N)N)n[nH]1,COCc1ccc(O)cc1
Cc1cc(NC(N)=O)no1,COCc1cncnc1N
Cc1cc(NN)ncn1,COCc1nc(C)n(C)n1
Cc1cc(O)c(C#N)n1C,COCc1nc(C=O)c[nH]1
Cc1cc(O)c(C)c(=O)[nH]1,COCc1nnc(CN)o1
Cc1cc(O)c(F)c(F)c1,COCn1[nH]c(C)nc1=N
Cc1cc(O)c(N)c(=O)o1,COCn1[nH]cnc1=NN
Cc1cc(O)cc(CN)c1,CON(C)C(=O)C1(C)CC1
Cc1cc(O)cc(N)n1,CON(C)C(=O)CCCO
Cc1cc(O)cc(O)c1C,CON1C(=O)NC(=O)C1=O
Cc1cc(O)n(C(=N)N)n1,CON1CCN(N)C1=O
Cc1cc(O)nc(O)c1,CON=C1CC(C(=O)O)C1
Cc1cc(O)ncc1CN,CON=CC(=O)O
Cc1cc(O)nnc1O,CO[C@@H]1CC(=O)CC[C@H]1C
Cc1cc([C@H](C)N)c(C)o1,CO[C@@H]1CN(C=O)CCO1
Cc1cc([C@H]2CO2)n(C)n1,CO[C@@H]1[C@@H](C)C(=O)C1(C)C
Cc1cc2[nH]ccn2n1,CO[C@@H]1[C@H]2C=CCC[C@@H]21
Cc1cc2c(cn1)CNC2,CO[C@@]1(C)CC(=O)C1(C)C
Cc1cc2c(o1)CCNC2,CO[C@@]1(C=O)CC[C@H](C)C1
Cc1cc2ccccn2c1,CO[C@H](C(=O)O)C1CCC1
Cc1cc2cn[nH]c2cn1,CO[C@H](C)C[C@@H](C)C=O
Cc1cc2n(n1)CC(=O)N2,CO[C@H]1C=CCNC1
Cc1cc2n(n1)CCCO2,CO[C@H]1C=C[C@@](C)(OC)O1
Cc1cc2n(n1)CCN2,CO[C@H]1C=NC=NC1=O
Cc1cc2ncccn2n1,CO[C@H]1CCCC[C@H]1C=O
Cc1cc[nH]c(=O)c1CN,CO[C@H]1N=C(N)CC(=O)N1
Cc1cc[nH]c1C(C)C,CO[C@H]1OCCCC1=O
Cc1cc[nH]c1CC(=O)O,COc1[nH]ccc(=O)c1F
Cc1ccc(/C=N/O)cc1,COc1c(C)cccc1N
Cc1ccc(=N)n(N)c1,COc1c(CO)cnn1C
Cc1ccc(=O)[nH]c1N,COc1c(N)c(=O)c1=O
Cc1ccc(C#N)c(N)n1,COc1c(O)[nH]cnc1=O
Cc1ccc(C(=N)N)cn1,COc1cc(C)ccc1O
Cc1ccc(C(=N)N)n1C,COc1cc(CN)[nH]n1
Cc1ccc(C(=O)O)nn1,COc1cc(F)cc(F)c1
Cc1ccc(C(F)(F)F)o1,COc1cc([C@H](C)O)on1
Cc1ccc(C(F)F)cc1,COc1ccc(C#N)nn1
Cc1ccc(C(N)=O)nc1,COc1ccc(N)c(F)n1
Cc1ccc(C)[nH]1,COc1ccc(N)cc1F
Cc1ccc(C)c(CN)c1,COc1ccc(O)o1
Cc1ccc(C)c(CO)n1,COc1cccc(=O)cc1
Cc1ccc(C)c(F)c1C,COc1cccc(NN)c1
Cc1ccc(C)c(O)c1C,COc1cccccc1=O
Cc1ccc(C)n1C(C)C,COc1cccnc1CO
Cc1ccc(C)n1C1CC1,COc1ccn(C)c(=O)n1
Cc1ccc(C)n1CC#N,COc1ccnc(N)c1C
Cc1ccc(C=O)c(O)c1,COc1ccnc(OC)c1
Cc1ccc(C=O)cc1C,COc1ccncc1C#N
Cc1ccc(CC#N)nn1,COc1ccoc1C(C)=O
Cc1ccc(CN)c(=O)[nH]1,COc1cn[nH]c1C(=O)O
Cc1ccc(CN)c(C)n1,COc1cnc(C2CC2)[nH]1
Cc1ccc(CN)cc1N,COc1cnc(F)cc1C
Cc1ccc(CO)c(N)c1,COc1cnc(N)[nH]c1=O
Cc1ccc(CO)nc1C,COc1cnc(N)c(N)c1
Cc1ccc(CON)cc1,COc1cncnc1C=O
Cc1ccc(F)c(C#N)n1,COc1cnnc(CO)c1
Cc1ccc(N(C)C)cc1,COc1nc(=O)[nH]cc1F
Cc1ccc(N(C)N)nn1,COc1nc(C)cc(=O)[nH]1
Cc1ccc(N)c(=O)n1C,COc1nc(C)ccc1C
Cc1ccc(N)cc1C#N,COc1nc(C)nc(N)n1
Cc1ccc(N)nc1C#N,COc1ncc(F)c(O)n1
Cc1ccc(NN)c(F)c1,COc1nccc(CN)n1
Cc1ccc(NN=O)nc1,COc1nccnc1NN
Cc1ccc(O)c(C#N)c1,COc1ncnnc1CN
Cc1ccc(O)c(F)n1,COc1nn(C)c(C)c1N
Cc1ccc(O)c(N)c1C,COc1nn(C)cc1C=O
Cc1ccc(O)cc1CO,COc1nnc(OC)n1N
Cc1ccc([C@@H]2CN2)cc1,C[C@@H](C#N)CCC(=O)O
Cc1ccc([C@@H]2CO2)cn1,C[C@@H](C(=O)O)N(C)N=O
Cc1ccc2[nH]cnc2n1,C[C@@H](C(=O)O)n1ccnn1
Cc1ccc2[nH]ncc2n1,C[C@@H](C=O)C(F)(F)F
Cc1ccc2c(c1)CC2=O,C[C@@H](C=O)C1CCOCC1
Cc1ccc2c(c1)NCC2,C[C@@H](CCN)c1nc[nH]n1
Cc1ccc2c(c1)OCO2,C[C@@H](CCN)n1ccnc1
Cc1ccc2c(n1)CNC2,C[C@@H](CN)c1cnc[nH]1
Cc1ccc2c(n1)[C@H](C)C2,C[C@@H](N)CCc1cn[nH]c1
Cc1ccc2cc[nH]c2c1,C[C@@H](N)c1nc(=O)cc[nH]1
Cc1ccc2ccnn2c1,C[C@@H](NN)c1ccc[nH]1
Cc1ccc2ccoc2c1,C[C@@H](O)CCNC(=O)CN
Cc1ccc2cn[nH]c2c1,C[C@@H](O)c1cccc(F)c1
Cc1ccc2cnccn12,C[C@@H](O)c1ccncc1F
Cc1ccc2n1CCNC2,C[C@@H]1C(=O)C(=O)C=CN1C
Cc1ccc2n[nH]nc2n1,C[C@@H]1C(=O)C[C@@H]2CCC[C@@H]21
Cc1ccc2nc[nH]c2c1,C[C@@H]1C(=O)N(N)C(=O)N1C
Cc1ccc2nccn2c1,C[C@@H]1C(=O)c2ccccc21
Cc1ccc2ncoc2c1,C[C@@H]1C=CCCC=CC1
Cc1ccc2nnnn2c1,C[C@@H]1C=CC[C@@](C)(C#N)C1
Cc1ccc2nnnn2n1,C[C@@H]1C=CO[C@@H](C)CO1
Cc1ccc[nH]1,C[C@@H]1C=C[C@H]2C[C@@H](O)[C@H]12
Cc1cccc(/C=N/N)c1,C[C@@H]1C=C[C@H]2[C@@H](C1)C2(C)C
Cc1cccc(/C=N\O)n1,C[C@@H]1C=NN(C)[C@H]1C
Cc1cccc(=O)n1C,C[C@@H]1CC(=O)C=C(N)C1
Cc1cccc(C#N)c1O,C[C@@H]1CC(=O)CC(C)(C)C1
Cc1cccc(C(=N)N)c1,C[C@@H]1CC(=O)[C@H](F)[C@H](C)C1
Cc1cccc(C(C)C)c1,C[C@@H]1CC(=O)c2ncnn21
Cc1cccc(C)c1N=O,C[C@@H]1CC=C(O)CC1
Cc1cccc(C2CC2)n1,C[C@@H]1CC=CC[C@H]1N
Cc1cccc(CCF)c1,C[C@@H]1CCC(=O)[C@@H](C=O)C1
Cc1cccc(N(C)N)c1,C[C@@H]1CCC/C(=C\O)C1=O
Cc1cccc(N)c1C#N,C[C@@H]1CCC2=C1N=CCN2
Cc1cccc(NC#N)n1,C[C@@H]1CCC=CO1
Cc1cccc(O)c(=O)c1,C[C@@H]1CCCCN(C)C1=O
Cc1cccc([C@@H]2CO2)c1,C[C@@H]1CCN(CC(=O)O)C1
Cc1cccc([C@H](C)N)n1,C[C@@H]1CCNc2ccnn21
Cc1cccc2c1C=CC2,C[C@@H]1CC[C@@H](C)[C@H](C)C1=O
Cc1cccc2c1CC2=O,C[C@@H]1CC[C@@]2(C)C=C[C@@H]12
Cc1cccc2c1CC=C2,C[C@@H]1CC[C@H]1c1cc[nH]n1
Cc1cccc2c1CCC2,C[C@@H]1CC[C@H]2C[C@H]1NC2=O
Cc1cccc2cn[nH]c12,C[C@@H]1CCc2nccnc21
Cc1cccc2cnnn12,C[C@@H]1CN(C)CC/C1=N\O
Cc1cccc2nncn12,C[C@@H]1CN(C=O)[C@@H](C)CN1
Cc1cccc2nnnn12,C[C@@H]1CN2CC(=O)[C@H]1C2
Cc1cccc2nonc12,C[C@@H]1CNC(=O)C[C@H](C)O1
Cc1ccccc1C(=O)O,C[C@@H]1CNC(=O)[C@@H](C)C1
Cc1ccccc1C(C)C,C[C@@H]1CNC(NN)=N1
Cc1ccccc1CCO,C[C@@H]1CNc2cccnc21
Cc1ccccc1N(C)C,C[C@@H]1C[C@@H](C)C(O)=CC1=O
Cc1ccccc1NN=N,C[C@@H]1C[C@@H](CC(=O)O)CN1
Cc1ccccc1[C@H]1CO1,C[C@@H]1C[C@H](C(=O)O)CCO1
Cc1cccn1CCN,C[C@@H]1C[C@H](CN)CC(=O)N1
Cc1cccn2ncnc12,C[C@@H]1C[C@H]2CON=C2CO1
Cc1cccnc1C1CC1,C[C@@H]1Cc2ccccc2O1
Cc1cccnc1CCN,C[C@@H]1Cc2cnccc2N1
Cc1cccnc1NC=O,C[C@@H]1N=C(CN)OC1=O
Cc1ccn(C(C)C)n1,C[C@@H]1NC(=O)C(=O)O[C@H]1C
Cc1ccn(C)c1C(C)C,C[C@@H]1NCC(=O)N1O
Cc1ccn(CCC#N)n1,C[C@@H]1NCCc2[nH]cnc21
Cc1ccn(N)c1C#N,C[C@@H]1NCCc2occc21
Cc1ccn2ccnc2n1,C[C@@H]1N[C@@H](C)[C@@H](C)NC1=O
Cc1ccn2cnnc2c1,C[C@@H]1OC/C(=C\NN)C1=O
Cc1ccn2nccc2n1,C[C@@H]1OCCNC1=O
Cc1ccn2ncnc2c1,C[C@@](O)(CCO)CC(=O)O
Cc1ccnc(C#N)c1C,C[C@@]1(C(=O)O)C=CCCN1
Cc1ccnc(C)c1O,C[C@@]1(C(N)=O)C[C@@H](O)CN1
Cc1ccnc(C=O)c1F,C[C@@]1(CCN)CCNC1=O
Cc1ccnc(N)c1CO,C[C@@]1(CN)C=CCCC1
Cc1ccnc(NC=O)c1,C[C@@]1(O)C=C[C@@H]2CC[C@@H]1C2
Cc1ccnc([C@H](C)O)c1,C[C@@]12C=C[C@@H](CC1=O)C2
Cc1ccnc2[nH]ncc12,C[C@@]12C=C[C@]1(C)CCC2
Cc1ccnc2c1CCN2,C[C@@]12CCCC(=O)[C@@H]1O2
Cc1ccnc2cc[nH]c12,C[C@@]12CCC[C@@H]1OC(=O)C2
Cc1ccnc2ccnn12,C[C@@]12C[C@H](O)C=C[C@]1(C)C2
Cc1ccncc1/C=N/O,C[C@@]12OCC[C@H]1CC(=O)O2
Cc1ccncc1NC=O,C[C@H](C#N)n1cnc(N)c1
Cc1ccncc1[C@@H](C)N,C[C@H](C(=N)N)C1CC1
Cc1ccnn1CC(F)F,C[C@H](CCO)n1cccn1
Cc1ccnnc1CN,C[C@H](COC=O)OC=O
Cc1ccnnn1,C[C@H](N)CN1C=N[C@@H](C)C1
Cc1ccoc1C(=N)N,C[C@H](N)[C@@H](C)n1cncn1
Cc1ccoc1C(F)(F)F,C[C@H](N)c1cocn1
Cc1cn(C)c(C)c1C=O,C[C@H](N)c1noc(O)n1
Cc1cn(C)c(N)n1,C[C@H](NC1COC1)C(=O)O
Cc1cn(C)nc1CN,C[C@H](O)/C=C\[C@@H](C)O
Cc1cn(CCF)cn1,C[C@H](O)C1=CCC=C1
Cc1cn(CCO)nc1N,C[C@H](O)CN1CCCC1=O
Cc1cn2c(n1)CNCC2,C[C@H](O)[C@@H](O)[C@H](N)CC=O
Cc1cn[nH]c(=O)c1C,C[C@H](O)[C@H](N)/C(O)=N/O
Cc1cnc(=O)n(C)c1,C[C@H](O)c1ncc(O)cn1
Cc1cnc(C(=O)O)nc1,C[C@H]1C(=O)CC(=O)C1=O
Cc1cnc(C(C)(C)N)[nH]1,C[C@H]1C(=O)N=C(N)N=C1O
Cc1cnc(C(C)C)o1,C[C@H]1C(C=O)[C@@H]1C
Cc1cnc(C(F)F)cn1,C[C@H]1C=COC1
Cc1cnc(C)c(C=O)c1,C[C@H]1C=C[C@H](C)N1
Cc1cnc(C2CCC2)o1,C[C@H]1C=Cc2ccccc21
Cc1cnc(C=O)c(C)n1,C[C@H]1C=NC(=O)C(N)=C1N
Cc1cnc(C=O)n1C,C[C@H]1CC(=NO)[C@@H](C)CN1
Cc1cnc(CCN)nc1,C[C@H]1CC(=O)C(F)=C(O)C1
Cc1cnc(CNN)cn1,C[C@H]1CC(=O)CC(=O)O1
Cc1cnc(CO)c(C)c1,C[C@H]1CC(=O)CN(C)[C@H]1C
Cc1cnc(CO)cc1N,C[C@H]1CC(=O)NCCN1
Cc1cnc(F)c(C#N)c1,C[C@H]1CC(N)=NN1C
Cc1cnc(F)cc1C,C[C@H]1CCC[C@H](C)C1=NO
Cc1cnc(N)c(O)c1,C[C@H]1CCC[C@H](C)N1C=O
Cc1cnc(N)c(O)c1F,C[C@H]1CCC[C@H](N)C(=O)N1
Cc1cnc(N)nn1,C[C@H]1CCNC(=N)C1
Cc1cnc2c(c1)CNC2,C[C@H]1CN1C(=O)N(C)C
Cc1cnc2n1CCNC2,C[C@H]1CN=C(N)O1
Cc1cnc2n1CC[C@@H]2O,C[C@H]1CNCc2c[nH]nc21
Cc1cnc2nn[nH]c2c1,C[C@H]1CNCc2nncn21
Cc1cnc2nonc2n1,C[C@H]1CNc2ncnn2C1
Cc1cncc(C#N)c1C,C[C@H]1COCCN1C(=N)N
Cc1cncc(C)c1C=O,C[C@H]1COC[C@H](C(N)=O)N1
Cc1cncc(CCO)c1,C[C@H]1C[C@@H](C#N)C(=O)O1
Cc1cncc2[nH]ccc12,C[C@H]1C[C@@H](O)c2nccn21
Cc1cnccc1C(=N)N,C[C@H]1N=C1c1ccccc1
Cc1cncn1C(C)(C)C,C[C@H]1N=NNN1C
Cc1cncnc1C(=O)O,C[C@H]1NC(=O)CC12CC2
Cc1cnn(C)c(=O)c1,C[C@H]1NC(C)(C)COC1=O
Cc1cnn(C)c1C(F)F,C[C@H]1NCCC[C@H]1C(=O)O
Cc1cnn(C2CNC2)c1,C[C@H]1NCCn2cccc21
Cc1cnn(CCF)c1N,C[C@H]1NNC(=O)NC1=O
Cc1cnn([C@H](C)CN)c1,C[C@H]1O/C(=N/O)[C@@H](C)O1
Cc1cnnc(CN)c1,C[C@H]1OCCN[C@@H]1C(N)=O
Cc1cnncc1C=O,C[C@]1(CC(=O)O)CCCN1
Cc1cnncc1CO,C[C@]1(CF)NC(=O)NC1=O
Cc1cnnn1CC(=O)O,C[C@]1(NO)CCCCC1=O
Cc1cnoc1CO,C[C@]1(c2ccccc2)CN1
Cc1cnon1,C[C@]12CC(N)=NC[C@@H]1C2
Cc1coc(C)c1C(=O)O,C[C@]12CC=CC[C@H]1O2
Cc1coc(C)c1CN,C[C@]12CC=C[C@H](C1)C(=O)N2
Cc1coc(C)c1[C@H](C)O,C[C@]12CCC(=O)N1CCN2
Cc1coc(C=O)n1,C[C@]12CCC=C1C(=O)CC2
Cc1coc(O)c1,C[C@]12CCCC1=CC(=O)C2
Cc1coc2ccccc12,C[C@]12CCC[C@H]1C(=O)N2
Cc1cocc1CCCO,Cc1[nH]c(C=O)c(C)c1C
Cc1conc1CO,Cc1[nH]c(N)c(C#N)c1C
Cc1n[nH]c(/N=C(/N)O)n1,Cc1[nH]c(N)nc(=O)c1N
Cc1n[nH]c(C#N)c1N,Cc1[nH]cnc1CC#N
Cc1n[nH]c(C)c1CCN,Cc1[nH]n(C)c(=N)c1C
Cc1n[nH]c(C)c1[C@H](C)O,Cc1[nH]nc(O)c1CCO
Cc1n[nH]c(C2CC2)n1,Cc1[nH]nc2c1CCCO2
Cc1n[nH]c(CC(C)C)n1,Cc1[nH]oc(=O)c1CCN
Cc1n[nH]c(N(C)C)n1,Cc1c(C(=O)O)nnn1C
Cc1n[nH]c(N)c1C(=O)O,Cc1c(C)c(=N)[nH][nH]c1=N
Cc1n[nH]c(O)c1C=O,Cc1c(C)n(C)ccc1=N
Cc1n[nH]c2c1CNC2,Cc1c(F)cccc1C#N
Cc1n[nH]c2cccnc12,Cc1c(N)c(=O)n(C)n1C
Cc1n[nH]c2cn[nH]c12,Cc1c(N)ccc(F)c1F
Cc1n[nH]c2cnccc12,Cc1c(N)cnn1C(F)F
Cc1n[nH]c2ncncc12,Cc1c(N)nc(=O)[nH]c1F
Cc1n[nH]nc1CCCN,Cc1c(N)noc1C(C)C
Cc1nc(/C(N)=N/O)no1,Cc1c(N)o[nH]c1=O
Cc1nc(/C=N/O)n[nH]1,Cc1c/c(=N\N)nc(N)[nH]1
Cc1nc(/C=N/O)nn1C,Cc1c[nH]c(C(C)(C)C)n1
Cc1nc(C#N)c(NN)o1,Cc1c[nH]c(C)c1
Cc1nc(C#N)ccc1N,Cc1c[nH]c(C=O)c1C#N
Cc1nc(C(=N)N)co1,Cc1c[nH]c2c1CCCC2
Cc1nc(C(=N)O)c(N)[nH]1,Cc1c[nH]c2ccccc12
Cc1nc(C(C)(C)N)no1,Cc1c[nH]c2ncncc12
Cc1nc(C(C)C)[nH]c1C,Cc1c[nH]cc1C(C)(C)O
Cc1nc(C(F)(F)F)n[nH]1,Cc1c[nH]nc1C
Cc1nc(C(N)=O)nn1C,Cc1cc(/C=N/N)oc1C
Cc1nc(C)c(=O)[nH]c1C,Cc1cc(=O)cc(C)n1O
Cc1nc(C)c(C(=O)O)o1,Cc1cc(=O)n(C)c(=O)[nH]1
Cc1nc(C)c(C)c(=O)[nH]1,Cc1cc(C(C)(C)N)on1
Cc1nc(C)c(CN)[nH]1,Cc1cc(C(N)=O)n(N)c1
Cc1nc(C)c(F)c(N)n1,Cc1cc(C)c(C=NO)[nH]1
Cc1nc(C)c(N)nc1C,Cc1cc(C)c(F)c(C)n1
Cc1nc(C)c(O)c(C)n1,Cc1cc(C)c(F)cc1C
Cc1nc(C)n(C)c1C,Cc1cc(C)c(N)c(N)c1
Cc1nc(C)nc(C)n1,Cc1cc(C)c2c(c1)CC2
Cc1nc(C2CCC2)n[nH]1,Cc1cc(C)n(C)c1C=O
Cc1nc(C=O)c(C)o1,Cc1cc(C)n(CCN)c1
Cc1nc(C=O)ccc1F,Cc1cc(C)n(N)c(=O)n1
Cc1nc(C=O)cn1C,Cc1cc(C)nc(CN)c1
Cc1nc(C=O)no1,Cc1cc(C2CC2)ncn1
Cc1nc(CC#N)co1,Cc1cc(C=O)nc(C)n1
Cc1nc(CCN)cn1C,Cc1cc(CNN)c(C)o1
Cc1nc(CCN)n[nH]1,Cc1cc(C[C@H](C)O)[nH]n1
Cc1nc(CN)c(C)o1,Cc1cc(F)cc(C)c1O
Cc1nc(CO)c(CO)[nH]1,Cc1cc(N)c(N)nc1C
Cc1nc(CO)n(C)n1,Cc1cc(N)c[nH]c1=O
Cc1nc(F)ccc1C=O,Cc1cc(N)cc(C#N)c1
Cc1nc(N)c(F)c(=O)[nH]1,Cc1cc(N)n(N)c(=O)c1
Cc1nc(N)cc(CO)n1,Cc1cc(N)nn1C1CC1
Cc1nc(N)cc(N)c1C,Cc1cc(N/C=N/O)on1
Cc1nc(N)nc(C)c1C,Cc1cc(NC(N)=O)no1
Cc1nc(N)nn1C(C)C,Cc1cc(O)c(F)c(F)c1
Cc1nc(O)cc(=O)[nH]1,Cc1cc(O)cc(C=O)c1
Cc1nc(O)ncc1C#N,Cc1cc(O)ccc1N=O
Cc1nc([C@@H](C)N)c(C)[nH]1,Cc1cc(O)nnc1O
Cc1nc([C@@H](C)O)no1,Cc1cc([C@@H](C)N)ccn1
Cc1nc([C@H](C)C#N)c[nH]1,Cc1cc2[nH]ccn2n1
Cc1nc2c([nH]1)CNCC2,Cc1cc2c(o1)CCNC2
Cc1nc2c(o1)CCCC2,Cc1cc2ccccn2c1
Cc1nc2c(o1)CNC2,Cc1cc2cn[nH]c2cn1
Cc1nc2cnccn2n1,Cc1cc2cnccc2[nH]1
Cc1nc2n(c1C)CCC2,Cc1cc2n(n1)CCCN2
Cc1nc2n(n1)CCNC2,Cc1cc2nccnc2[nH]1
Cc1nc[nH]c1C(F)F,Cc1cc2ncncc2[nH]1
Cc1ncc(=O)[nH]c1C,Cc1cc[nH]c1CC(=O)O
Cc1ncc(C(F)F)[nH]1,Cc1ccc(=O)n(C)n1
Cc1ncc(C)c(=O)[nH]1,Cc1ccc(C#N)cc1O
Cc1ncc(C=O)c(N)n1,Cc1ccc(C(=N)N)n1C
Cc1ncc(CC#N)[nH]1,Cc1ccc(C(=O)CO)o1
Cc1ncc(CC#N)cn1,Cc1ccc(C(C)C)cc1
Cc1ncc(CCN)o1,Cc1ccc(C(F)(F)F)o1
Cc1ncc(CO)cc1F,Cc1ccc(C)c(F)c1F
Cc1ncc(F)cc1O,Cc1ccc(C)c(N)c1C
Cc1ncc(N)c(C)c1N,Cc1ccc(C)c(NN)c1
Cc1ncc(N)n1CCO,Cc1ccc(C=O)c(=O)[nH]1
Cc1ncc(N)nc1C,Cc1ccc(CN)c(C)n1
Cc1ncc([C@@H](C)N)cn1,Cc1ccc(CO)c(N)c1
Cc1ncc2c[nH]nc2n1,Cc1ccc(F)c(C=O)n1
Cc1ncc2ccccn12,Cc1ccc(N(C)N)nn1
Cc1ncc2n1CCCC2,Cc1ccc(N)cc1CN
Cc1nccc(CNO)n1,Cc1ccc(N)nc1C#N
Cc1nccc(N)c1F,Cc1ccc(NC#N)cc1
Cc1nccc2[nH]ncc12,Cc1ccc(NN=O)nc1
Cc1nccc2c1N=NC2,Cc1ccc(O)c(O)c1O
Cc1nccc2occc12,Cc1ccc([C@@H]2CN2)cc1
Cc1ncccc1C(N)=O,Cc1ccc([C@@H]2CO2)cn1
Cc1nccn1C#N,Cc1ccc2[nH]ccc2n1
Cc1nccn1C1CNC1,Cc1ccc2c(c1)C(=O)C2
Cc1nccn1[C@H](C)CO,Cc1ccc2c(n1)[C@@H](C)C2
Cc1nccnc1/C=N\O,Cc1ccc2cc[nH]c2c1
Cc1nccnc1CCO,Cc1ccc2ccnn2c1
Cc1nccnc1N(C)C,Cc1ccc2cn[nH]c2n1
Cc1ncn(CCN)c1C,Cc1ccc2n1CCNC2
Cc1ncn(O)c1C(=O)O,Cc1ccc2n[nH]nc2n1
Cc1ncn2c1CNCC2,Cc1ccc2nnnn2n1
Cc1ncn2ccccc12,Cc1cccc(C(F)F)n1
Cc1ncnc(CO)c1C,Cc1cccc(C)c1NO
Cc1ncnc(N)c1C#N,Cc1cccc(CCF)c1
Cc1ncnc(NN)c1N,Cc1cccc(O)c1C=O
Cc1ncnc2[nH]ccc12,Cc1cccc2c1CC=C2
Cc1ncnc2c1CCC2,Cc1cccc2c1NCC2
Cc1ncnc2nc[nH]c12,Cc1cccc2cc[nH]c12
Cc1ncncc1CN,Cc1cccc2cncn12
Cc1ncoc1C,Cc1cccc2nnnn12
Cc1nn(C)c(CO)c1F,Cc1cccc2ocnc12
Cc1nn(C)c(F)c1C=O,Cc1ccccc1C1CC1
Cc1nn(C)c(N)c1N=O,Cc1ccccc1CC=O
Cc1nn(C)c2[nH]ncc12,Cc1ccccc1NN=N
Cc1nn(C)cc1/C=N\O,Cc1cccn2cnnc12
Cc1nnc(=O)[nH]c1N,Cc1cccnc1[C@H](C)O
Cc1nnc(C#N)o1,Cc1ccn(CC(C)C)n1
Cc1nnc(C)c(C)c1C,Cc1ccn(N)c1C#N
Cc1nnc(C)nn1,Cc1ccn2ccnc2c1
Cc1nnc(C2(N)CC2)[nH]1,Cc1ccnc(F)c1CO
Cc1nnc(C=O)[nH]1,Cc1ccnc(NC=O)c1
Cc1nnc(CC#N)n1C,Cc1ccnc2[nH]ncc12
Cc1nnc(N)n1N,Cc1ccnc2c1CNC2
Cc1nnc(NN)nc1C,Cc1ccnc2ccnn12
Cc1nnc([C@H](C)O)o1,Cc1ccncc1N(C)C
Cc1nnc2ccccn12,Cc1ccnn1CCCO
Cc1nnc2n1CCOC2,Cc1ccnnc1NN
Cc1nncc(N)n1,Cc1ccoc1
Cc1nncn1CCCN,Cc1cn(C)c(NN)n1
Cc1nncnc1O,Cc1cn(C)nc1C(F)F
Cc1nnn(CCN)n1,Cc1cn2cccnc2n1
Cc1nnn(N)c1C,Cc1cnc(=O)n(C)c1
Cc1nnnn1CC(N)=O,Cc1cnc(C(C)C)o1
Cc1noc(C)c1/C=N/O,Cc1cnc(C)n1C
Cc1noc(C)c1[C@@H](C)N,Cc1cnc(CO)c(C)c1
Cc1noc(C2(N)CC2)n1,Cc1cnc(F)nc1
Cc1noc(C2CC2)c1N,Cc1cnc(N)c(O)c1F
Cc1noc(C2CNC2)n1,Cc1cnc(NN)c(N)c1
Cc1noc(CC(=O)O)n1,Cc1cnc2n1CC[C@H]2O
Cc1noc(NC(C)C)n1,Cc1cnc2nn[nH]c2c1
Cc1noc2cnccc12,Cc1cnc2nonc2n1
Cc1nocc1CC#N,Cc1cncc(=O)[nH]1
Cc1nonc1/C(N)=N/N,Cc1cncc(F)c1CN
Cc1nonc1O,Cc1cncc(O)c1C
Cc1oc(C)c(C)c1C,Cc1cncc2[nH]ccc12
Cc1occc1CNN,Cc1cncc2cn[nH]c12
Cc1onc(O)c1CN,Cc1cncn1C(C)(C)C
Cc1oncc1C(F)(F)F,Cc1cnn(C)c1CN
Cc1oncc1C(N)=O,Cc1cnnc(C#N)c1
Cc1oncc1CN(C)C,Cc1cnnc(N)n1
Cc1onnc1C(=O)O,Cc1cnncc1C=O
Cn1[nH]c(C(=O)O)cc1=O,Cc1coc(C)c1[C@H](C)O
Cn1c(C#N)ccc1C=O,Cc1coc(C)n1
Cn1c(CN)cnc1C#N,Cc1coc(O)c1
Cn1c(CO)cnc1N,Cc1cocc1C(=O)O
Cn1c(N)cc(N)nc1=O,Cc1cocc1CCCO
Cn1c(N)ccc1N,Cc1n[nH]c(/N=C(/N)O)n1
Cn1c(N)nccc1=O,Cc1n[nH]c(=O)nc1NN
Cn1c(N)nnc1C1CC1,Cc1n[nH]c(C)c1C(C)C
Cn1cc(/C(N)=N/O)cn1,Cc1n[nH]c(CC(C)C)n1
Cn1cc(/C=N/N)nn1,Cc1n[nH]c2c1CNC2
Cn1cc(C#CCN)cn1,Cc1n[nH]nc1CCCN
Cn1cc(C#N)ccc1=O,Cc1nc(C#N)c(NN)o1
Cn1cc(C#N)nn1,Cc1nc(C(=N)O)c(N)[nH]1
Cn1cc(C(=O)O)c(F)n1,Cc1nc(C(F)(F)F)n[nH]1
Cn1cc(C(C)(C)O)nn1,Cc1nc(C)c(=O)[nH]c1C
Cn1cc(C(F)(F)F)cn1,Cc1nc(C)c(F)c(N)n1
Cn1cc(C2(N)CC2)cn1,Cc1nc(C)n(CCO)n1
Cn1cc(C=O)c(N)n1,Cc1nc(C)n(O)c1C
Cn1cc(C=O)n(C)c1=O,Cc1nc(C)nc(C)n1
Cn1cc(CO)c(CO)c1,Cc1nc(C=O)no1
Cn1cc(F)cc(N)c1=O,Cc1nc(CO)c(CO)[nH]1
Cn1cc(N)c(C2CC2)n1,Cc1nc(CO)ccc1O
Cn1cc([C@H](N)C#N)cn1,Cc1nc(N)n(C(C)C)n1
Cn1cc2c(n1)CC[C@H]2N,Cc1nc(N)nc(N)c1N
Cn1cc2c(n1)CNC2,Cc1nc(N)oc1C
Cn1ccc(C=O)cc1=O,Cc1nc(O)c(C)c(=O)[nH]1
Cn1ccc(CCCO)n1,Cc1nc([C@@H](C)C#N)c[nH]1
Cn1ccc(N)c(N)c1=O,Cc1nc([C@@H](C)N)c(C)[nH]1
Cn1ccc([C@@H]2C[C@@H]2N)n1,Cc1nc2c([nH]1)CNC2
Cn1ccc2c1CCN=C2,Cc1nc2c(o1)CCCC2
Cn1ccc2c1CNCC2,Cc1nc2ccccc2o1
Cn1cccc(C#N)c1=O,Cc1nc2ccccn2n1
Cn1cccc1,Cc1nc2ccncc2[nH]1
Cn1cccc1C(=O)O,Cc1nc2n(c1C)CCC2
Cn1cccc1C1(N)CC1,Cc1nc2nonc2[nH]1
Cn1cccc1[C@@H](O)CN,Cc1ncc(C#N)c(C)n1
Cn1ccccc1=N,Cc1ncc(CCN)o1
Cn1ccnc(N)c1=O,Cc1ncc(N)n1CC#N
Cn1ccnc1,Cc1ncc(N)nc1C
Cn1ccnc1C(C)(C)O,Cc1ncc(O)[nH]1
Cn1ccnc1C1(N)CC1,Cc1ncc2c[nH]nc2n1
Cn1ccnc1CC(=O)O,Cc1nccc(CNO)n1
Cn1ccnc1N=C(N)N,Cc1nccc2c1N=NC2
Cn1ccnn1,Cc1ncccc1C(N)=O
Cn1cnc(C#N)c1C=O,Cc1ncn2ccccc12
Cn1cnc(C(=O)O)c1N,Cc1ncnc(O)c1C#N
Cn1cnc(C(F)(F)F)c1,Cc1ncnc2[nH]ccc12
Cn1cnc(C2(N)CC2)c1,Cc1ncoc1C=O
Cn1cnc(C2CC2)c1,Cc1nn(C)c(CO)c1F
Cn1cnc(C=O)n1,Cc1nn(C)c(N)c1C=O
Cn1cnc(CCCN)n1,Cc1nn(C)c2cn[nH]c12
Cn1cnc(N)c1C#N,Cc1nnc(=O)[nH]c1N
Cn1cnc(N)cc1=O,Cc1nnc(C)c(C)c1C
Cn1cnc2c1CCNC2,Cc1nnc(NN)nc1C
Cn1cncc(N)c1=O,Cc1nnc2cnccn12
Cn1cncc1/C=N/O,Cc1nnc2n1CCOC2
Cn1cncc1CC(=N)N,Cc1nnccc1CO
Cn1cncc1[C@@H]1C[C@H]1N,Cc1nncn1C1CC1
Cn1cncc1[C@H](N)CO,Cc1nnn(N)c1C
Cn1cnnc1,Cc1noc(C)c1CON
Cn1cnnc1C(F)(F)F,Cc1noc(C2(N)CC2)n1
Cn1cnnc1C1CNC1,Cc1noc2cnccc12
Cn1nc(C(=O)O)[nH]c1=O,Cc1nonc1OCCN
Cn1nc(C(F)F)nc1N,Cc1oc(=O)[nH]c1C(=O)O
Cn1nc(C2CC2)cc1O,Cc1oc(=O)cc(O)c1C
Cn1nc(C2CC2)nc1N,Cc1oc(=O)oc1CO
Cn1nc(N)c2c1CNC2,Cc1occ(O)c(=O)c1O
Cn1nc(O)cc1C(F)F,Cc1onc(O)c1C
Cn1nc(O)ccc1=O,Cc1onc2ccccc12
Cn1nc2c(c1N)CNC2,Cn1[nH]cc(CN)c1=N
Cn1nc2c(c1O)CCC2,Cn1c(C(=O)O)c[nH]c1=O
Cn1ncc(/C=N/O)n1,Cn1c(C=O)cccc1=O
Cn1ncc(C(=O)O)n1,Cn1c(CCN)n[nH]c1=O
Cn1ncc(C2CC2)c1N,Cn1c(N)cc(N)nc1=O
Cn1ncc(CC#N)n1,Cn1c(N)nc(=N)nc1N
Cn1ncc(CN)c1O,Cn1c(N)nccc1=O
Cn1ncc2c(N)n[nH]c21,Cn1c(N)nnc1C1CC1
Cn1ncc2c1CCC2=O,Cn1cc(C(=O)CN)cn1
Cn1ncc2c1CNC2,Cn1cc(CCC#N)cn1
Cn1ncc2c1NCCC2,Cn1cc(F)c(=O)[nH]c1=O
Cn1nccc1CC1CC1,Cn1cc(F)cc(N)c1=O
Cn1nccc1NN,Cn1cc2c(n1)CCNC2
Cn1ncnc1NCCN,Cn1cc2c(n1)CC[C@H]2N
Cn1ncnn1,Cn1cc2ccccc2n1
Cn1nnc(C#N)n1,Cn1cc[nH]c(=O)c1=O
Cn1nnc(C(=N)N)c1N,Cn1ccc(=O)c(C#N)c1
Cn1nnc(N)c1C(=O)O,Cn1ccc(=[17O])n(C)c1=O
Cn1nnc([C@@H]2CO2)n1,Cn1ccc(C(=O)NO)n1
Cn1nnc([C@H](O)CN)n1,Cn1ccc(C2(N)CC2)c1
Cn1nnc2c1CNC=N2,Cn1ccc(C2CCC2)n1
Cn1nncc1C(=O)CF,Cn1ccc(CCCN)n1
Cn1nncc1CCN,Cn1ccc2c1CNCC2
Cn1nnnc1/C=N/O,Cn1ccc2ccccc21
Cn1nnnc1CCO,Cn1cccc1[C@@H](O)CN
FC(F)(F)C1=CC=C=CN1,Cn1cnc(=O)c(N)c1N
FC(F)(F)c1cc[nH]c1,Cn1cnc(C#N)n1
FC(F)(F)c1ccnnc1,Cn1cnc2c1CCCC2
FC(F)(F)c1ccon1,Cn1cnc2cnccc21
FC(F)(F)c1cn[nH]n1,Cn1cncc1C1CNC1
FC(F)(F)c1cnc[nH]1,Cn1cncc1[C@H](N)CO
FC(F)(F)c1cnccn1,Cn1cnn(C)c1=N
FC(F)(F)c1cncnc1,Cn1nc(N)c2c1CNC2
FC(F)(F)c1ncc[nH]1,Cn1nc(O)n(C)c1=O
FC(F)(F)c1ncccn1,Cn1nc2c(c1O)CCC2
FC(F)(F)c1ncon1,Cn1ncc(C#N)c1C=O
FC(F)(F)c1nnco1,Cn1ncc(CC(=O)O)n1
FC(F)=C(F)C(F)=C(F)F,Cn1ncc2c(N)n[nH]c21
FC(F)=CC=C(F)F,Cn1ncc2c1CCC2=O
FC(F)=Cc1ccccc1,Cn1ncc2c1NCCC2
FC(F)COc1cc[nH]n1,Cn1ncc2cccnc21
FC(F)Oc1ccccc1,Cn1ncnc1NCCN
FC1=CCn2ccnc2O1,Cn1ncnn1
FC1=COc2nccn2C1,Cn1nnc(N)c1C(F)F
FCCCCn1cccn1,Cn1nnc([C@@H]2CO2)n1
FCCCc1ccccc1,Cn1nnc2c1CNC=N2
FCCCc1nnn[nH]1,Cn1nncc1C(=O)CF
FCc1cc(F)cc(F)c1,Cn1nnnc1/C=N/O
FCc1ccc(F)c(F)c1,F/C(=C\C(F)F)C(F)(F)F
F[C@@H]1COc2ccnn2C1,F/C=C/CF
Fc1c[nH]c2ccccc12,F/C=C\C(F)F
Fc1c[nH]c2ncncc12,FC(F)(F)/C=C/C(F)(F)F
Fc1c[nH]cc1F,FC(F)(F)C1=CC=C=CN1
Fc1cc(F)c(F)c(F)c1,FC(F)(F)C1=NCCN1
Fc1cc(F)nc(F)n1,FC(F)(F)[C@@H]1CCNC=N1
Fc1cc2[nH]ccc2cn1,FC(F)(F)c1cc[nH]c1
Fc1cc[nH]n1,FC(F)(F)c1cnc[nH]1
Fc1ccc([C@@H]2CO2)nc1,FC(F)(F)c1nnco1
Fc1ccc2c(c1)CC=C2,FC(F)(F)n1cccn1
Fc1ccc2c(c1)CCC2,FC(F)=C(F)C(F)=C(F)F
Fc1ccc2c(c1)CCN2,FC(F)=C(F)C[C@@H]1CO1
Fc1ccc2c(c1)OCC2,FC(F)=C(F)OC(F)(F)F
Fc1ccc2cc[nH]c2n1,FC(F)=C1CCNCC1
Fc1ccc2cncn2c1,FC(F)=C=C(F)F
Fc1ccc2n[nH]cc2c1,FC(F)=CC=C(F)F
Fc1ccc2nccn2n1,FC(F)=CCC(F)(F)F
Fc1ccc2occc2c1,FC(F)Oc1cc[nH]n1
Fc1cccc(C2CC2)c1,FC(F)c1cnco1
Fc1cccc2[nH]nnc12,FC1(F)C=CC1(F)F
Fc1cccc2c1CNC2,FC1=CCCNC1
Fc1cccc2c1OCO2,FC1=CCn2ccnc2O1
Fc1cccc2ccoc12,FCCCc1nnn[nH]1
Fc1cccc2nccn12,FCc1c(F)cccc1F
Fc1cccc2ncnn12,FCc1ccc(F)c(F)c1
Fc1cccc2ocnc12,F[C@H]1CNc2ccccc21
Fc1ccccc1C(F)F,F[C@H]1COc2ccnn2C1
Fc1cccn2ccnc12,Fc1cc(F)c(F)c(F)c1
Fc1ccn2ccnc2c1,Fc1cc2ccccc2[nH]1
Fc1ccnc2c1CCO2,Fc1ccc(C2CC2)cc1
Fc1ccncc1,Fc1ccc2c(c1)C=CC2
Fc1cnc(F)c(F)c1F,Fc1ccc2c(c1)OCC2
Fc1cnc2[nH]ncc2c1,Fc1ccc2ccoc2c1
Fc1cnc2c(c1)CCO2,Fc1ccc2cn[nH]c2c1
Fc1cnc2c(c1)NCC2,Fc1ccc2cncn2c1
Fc1cnc2cc[nH]c2c1,Fc1ccc2n[nH]cc2c1
Fc1cnc2ncnn2c1,Fc1ccc2nccn2n1
Fc1cncc(C(F)F)c1,Fc1cccc2c1CCN2
Fc1cncc2[nH]ncc12,Fc1cccc2ncnn12
Fc1cncc2cc[nH]c12,Fc1cccc2nonc12
Fc1nc(F)c(F)c(F)n1,Fc1cccc2occc12
Fc1nc(F)c(F)nc1F,Fc1cccn2ccnc12
Fc1ncc(F)c(F)n1,Fc1ccn2ncnc2c1
Fc1ncc2[nH]cnc2n1,Fc1ccnc(F)c1
Fc1nccc2[nH]ccc12,Fc1ccnc2cc[nH]c12
Fc1ncccc1C1CC1,Fc1cnc(F)c(F)c1F
Fc1nccnc1F,Fc1cnc2[nH]ncc2c1
Fc1nnc(F)c(F)c1F,Fc1cnc2c(c1)CCO2
N#C/C(=N\O)C(=N)NO,Fc1cnc2c(c1)NCC2
N#C/C(=N\O)c1ncon1,Fc1cnc2ncnn2c1
N#C/N=C(\N)c1ccco1,Fc1cncc2[nH]ncc12
N#CC#Cc1ccccc1,Fc1n[nH]c2ccccc12
N#CC(/C=N/O)=N\O,Fc1nc(F)c(F)nc1F
N#CC(=N)C(=N)C#N,Fc1ncccc1C(F)F
N#CC(=O)c1ccccc1,N#C/C(=N\O)c1ncon1
N#CC1(c2cocn2)CC1,N#C/C=N/N1CCOCC1
N#CC1C=CC=CC=C1,N#C/N=C1\CCCCN1
N#CCC(=O)N=C(N)N,N#CC#CC1=CCCCC1
N#CCC(=O)c1ccc[nH]1,N#CC#Cc1ccccc1
N#CCC1=CC=CO[C@@H]1O,N#CC(/C=N/O)=N\O
N#CCCCc1cn[nH]c1,N#CC(=N)C(=N)C#N
N#CCCc1ccncc1,N#CC(=O)C1CC1
N#CCCc1cn[nH]n1,N#CC(C#N)N=O
N#CCCn1nccn1,N#CC(F)(F)C(F)=C(F)F
N#CCNc1ccccn1,N#CC/C=C\CO
N#CCOc1nnco1,N#CC1(C=O)CC1
N#CC[C@@H](O)c1ccco1,N#CC1(c2cocn2)CC1
N#CCc1cc(F)ccn1,N#CC12CC(C(=O)O)(C1)C2
N#CCc1ccc(N)cn1,N#CC12CC(CCC1=O)C2
N#CCc1ccc(O)cc1,N#CC1=NN[C@H](C(F)F)C1
N#CCc1cccc(F)n1,N#CC1C(=O)CCCC1=O
N#CCc1ccco1,N#CC1C=CC=CC=C1
N#CCc1ccncc1N,N#CC1CC2(CC(=O)N2)C1
N#CCc1cnco1,N#CCC(=O)N=C(N)N
N#CCc1ncc(F)cn1,N#CCC(=O)OC[C@H]1CO1
N#CCc1ncn[nH]1,N#CCC(=O)[C@@H]1C[C@@H]1F
N#CCc1ncnc(N)n1,N#CCC(=O)c1ccoc1
N#CCn1cccc1,N#CCC1=CC=CO[C@@H]1O
N#CNc1ccccc1,N#CCC1=CCCC1
N#CNc1ccccc1N,N#CCCCCCCC=O
N#CNc1ncccn1,N#CCCCN1CC(=O)C1
N#COc1ccccc1,N#CCCNC=O
N#C[C@@H]1CC(C(N)=O)=NO1,N#CCCc1ccc[nH]1
N#C[C@H](F)c1ccccc1,N#CCCn1ccc(N)n1
N#C[C@H]1C=CC=NC1=O,N#CCN1C(=O)CCC1=O
N#Cc1[nH]nc2c1CNC2,N#CCNC(=O)C(F)F
N#Cc1c(F)cncc1F,N#CCNCc1ccco1
N#Cc1c(N)nc[nH]c1=O,N#CCOc1nnco1
N#Cc1c(O)cccc1O,N#CC[C@H](O)CC(N)=O
N#Cc1c[nH]c(N)c1,N#CCc1ccc(F)cn1
N#Cc1c[nH]cc1C#N,N#CCc1ccccc1O
N#Cc1c[nH]n2ccnc12,N#CCc1ccnc(N)c1
N#Cc1c[nH]nc1C(F)F,N#CCc1n[nH]c(=O)o1
N#Cc1cc(C#N)[nH]n1,N#CCn1nccn1
N#Cc1cc(F)cc(F)c1,N#CN=C1NCOCN1
N#Cc1cc(F)ccc1F,N#CNC1=NCCCCC1
N#Cc1cc(O)ccc1N,N#CNc1ccccc1N
N#Cc1cc(O)ncn1,N#C[C@@H]1CCCC1=N
N#Cc1cc[nH]c1,N#C[C@@H]1CCCCC(=O)N1
N#Cc1ccc(=O)[nH]c1O,N#C[C@@]12CNC[C@@H]1CN=N2
N#Cc1ccc(C#N)o1,N#C[C@H](N)c1cccnc1
N#Cc1ccc(C(=O)O)[nH]1,N#C[C@H]1CNC(=O)N=C1O
N#Cc1ccc(F)c(O)n1,N#C[C@H]1C[C@H]2C=C[C@H]1O2
N#Cc1ccc(F)nc1F,N#Cc1[nH]nc2c1CNC2
N#Cc1ccc(N)c(N)c1,N#Cc1c(N)nc[nH]c1=O
N#Cc1ccc(NN)cn1,N#Cc1c[nH]c(C(=O)O)c1
N#Cc1cccc(N)c1F,N#Cc1c[nH]n2ccnc12
N#Cc1cccc(ON)c1,N#Cc1c[nH]nc1C(F)F
N#Cc1ccccc1C=O,N#Cc1cc(C#N)[nH]n1
N#Cc1cccn1C(F)F,N#Cc1cc(N)ccc1N
N#Cc1cccnc1,N#Cc1cc(O)cc(F)c1
N#Cc1cccnc1CO,N#Cc1cc[nH]c(=O)c1F
N#Cc1ccn(CCF)n1,N#Cc1ccc(=O)[nH]c1O
N#Cc1ccnc(C#N)n1,N#Cc1ccc(C=O)cc1
N#Cc1ccnc(N)c1N,N#Cc1ccc(CN)o1
N#Cc1ccnc(NN)c1,N#Cc1ccc(CO)cn1
N#Cc1ccnn1C(F)F,N#Cc1ccc(F)c(O)n1
N#Cc1ccoc1,N#Cc1cccc(ON)c1
N#Cc1ccoc1N,N#Cc1ccn(C(F)F)n1
N#Cc1ccon1,N#Cc1ccnn1CCF
N#Cc1cn[nH]c1C(=O)O,N#Cc1cnc(NN)nc1
N#Cc1cn[nH]n1,N#Cc1cncc(N)n1
N#Cc1cnc(F)cn1,N#Cc1cnn(CCO)c1
N#Cc1cnc(N)c(N)c1,N#Cc1cnn2cc[nH]c12
N#Cc1cnc(N)cc1N,N#Cc1cnoc1C#N
N#Cc1cnc(O)[nH]c1=O,N#Cc1n[nH]c2c1CCC2
N#Cc1cncc(C=O)c1,N#Cc1nc(F)cnc1F
N#Cc1cncc(N)n1,N#Cc1nc(N)[nH]c1C#N
N#Cc1cncnc1O,N#Cc1ncc(C2CC2)[nH]1
N#Cc1cnn(CCO)c1,N#Cc1ncccc1O
N#Cc1cnnnc1,N#Cc1ncco1
N#Cc1cnoc1C#N,N#Cc1ncnc(N)c1N
N#Cc1coc(C(=O)O)c1,N#Cc1nnc2n1CCC2
N#Cc1n[nH]c(N)n1,N#Cc1nonc1C#N
N#Cc1n[nH]nc1C#N,N#Cn1ccnc1
N#Cc1nc(C2CC2)n[nH]1,N/C(=N\O)N1CCCCC1
N#Cc1nc(F)cnc1F,N/C(=N\O)NC1CCCC1
N#Cc1nc(N)[nH]c1C#N,N/C(=N\O)c1ccc[nH]1
N#Cc1nc[nH]c1C(N)=O,N/C(=N\O)c1nonc1N
N#Cc1ncc(C2CC2)[nH]1,N/C(CC1(CO)CC1)=N\O
N#Cc1ncc(CO)cn1,N/C(CCNC1CC1)=N\O
N#Cc1ncc(N)cc1F,N/C(N=O)=C1\N=CC=CN1
N#Cc1nccn1O,N/N=C(\N)c1ccncc1
N#Cc1nccnc1O,N/N=C/C=N/N
N#Cc1ncco1,N/N=C/c1cccc(O)c1
N#Cc1ncn(CCN)n1,N/N=C1\CC(F)=CC(F)=N1
N#Cc1ncn(N)c1N,N/N=C1\CCC/C(=N\N)C1
N#Cc1ncon1,N/N=C1\NCCN1CCO
N#Cc1nnc2n1CCC2,N1=NC(=C2N=NN=N2)N=N1
N#Cc1nnc[nH]1,N=C(CO)NO
N#Cc1nonc1C#N,N=C(N)CC1CCCCC1
N#Cc1occc1C1CC1,N=C(N)CCC(F)(F)F
N#Cn1ccnc1,N=C(N)CN1CCCCC1
N/C(=N/O)c1[nH]cnc1N,N=C(N)N/N=C/NC(N)=O
N/C(=N\O)c1ccc[nH]1,N=C(N)NC1CCNCC1
N/C(=N\O)c1ncccn1,N=C(N)NCCCCCO
N/C(Cn1cncn1)=N\O,N=C(N)NC[C@@H]1CCCO1
N/C(N=O)=C1\N=CC=CN1,N=C(N)NCc1cc[nH]n1
N/N=C(\N)c1cccnc1,N=C(N)NNC1=NCCC1
N/N=C/C=N/N,N=C(N)[C@@H]1C[C@H]2CC[C@H]1C2
N/N=C/c1ccc(N)cc1,N=C(N)[C@H]1CCC(F)(F)C1
N/N=C1\CC(F)=CC(F)=N1,N=C(N)c1ccc(O)cc1
N=C(Cn1nccn1)NO,N=C(N)c1cccc(F)n1
N=C(N)/N=N/C(=N)N,N=C(N)n1ncnc1N
N=C(N)CCn1cccc1,N=C(NN)N(N)CC(=O)O
N=C(N)Cc1ccccc1,N=C(NN)N1CCOCC1
N=C(N)N/N=C/C(=O)O,N=C(NO)c1cncnc1
N=C(N)Nn1cnnc1,N=C(O)NC[C@H](F)C(=O)O
N=C(N)c1ccc(F)cn1,N=C(O)Nc1nnn[nH]1
N=C(N)c1ccccc1O,N=C(O)[C@@H](N)CO
N=C(N)c1cnn[nH]1,N=C(O)[C@@H]1C[C@H](O)CN1
N=C(N)c1nc[nH]n1,N=C1CC=Cc2cccn21
N=C(N)c1ncccc1F,N=C1CCC(=N)N1
N=C(N)n1cncn1,N=C1Cc2ccccc2N1
N=C(N)n1nc(N)nc1N,N=C1NCCN1CC(=O)O
N=C(NN)C(=N)NN,N=C1NCNC(=O)N1
N=C(NN)c1nnn[nH]1,N=C1NCc2ccccc21
N=C(NN)c1nonc1N,N=C1NN=C(N)NN1
N=C(NO)c1ccccn1,N=C1NNC(=O)C12CC2
N=C(NO)c1cncnc1,N=Cc1ccc(O)cc1O
N=C(O)Nc1nnn[nH]1,N=c1ccccn1N
N=C(O)c1cc(F)ccn1,N=c1ccn(C2CNC2)[nH]1
N=C1Cc2ccccc2N1,N=c1ccn(O)cc1
N=C1NCc2ccccc21,N=c1ncn2cc[nH]c2n1
N=C1NCc2cccnc21,NC#CC(=O)C(F)(F)F
N=Cc1ccc(O)cc1O,NC(=O)/C=C(/N)C(N)=O
NC(=N/O)/C(N)=N\O,NC(=O)/C=C/c1c[nH]cn1
NC(=O)/C=C(\N)C(N)=O,NC(=O)/C=C\[C@@H]1C[C@H]1N
NC(=O)/C=C/c1ccco1,NC(=O)C#CC(N)=O
NC(=O)/C=C/c1ncc[nH]1,NC(=O)C(=NO)C(N)=O
NC(=O)/C=C\[C@@H]1C[C@H]1N,NC(=O)C/C=C/CC(N)=O
NC(=O)/N=C/NC(N)=O,NC(=O)C1(N)CCCCC1
NC(=O)/N=C1\CCCN1,NC(=O)C12CC(F)(C1)C2
NC(=O)C(=O)C(F)(F)F,NC(=O)C12CC3C[C@H]1[C@@H]2C3
NC(=O)C(=O)NC1CC1,NC(=O)C12CCC(CC1)N2
NC(=O)C(=O)NCCCO,NC(=O)C1=CCCCO1
NC(=O)C1=C(N)CCC1,NC(=O)C1=NNC(=O)CC1
NC(=O)C1=CCCCO1,NC(=O)C1=NO[C@@H](CO)C1
NC(=O)C1=CNCCC1,NC(=O)C=C1CCCC1
NC(=O)C1=NCCN1,NC(=O)CCC(=O)C(=O)O
NC(=O)C=C1CCCC1,NC(=O)CCNCC(N)=O
NC(=O)CCC(=O)C(=O)O,NC(=O)CN1CC=CCC1
NC(=O)Cc1ccncn1,NC(=O)Cc1ccncn1
NC(=O)Cc1nonc1N,NC(=O)Cn1cnnn1
NC(=O)Cn1cccn1,NC(=O)N(CO)CO
NC(=O)N/C=C(\F)C(=O)O,NC(=O)N1CCC(O)CC1
NC(=O)N=NC(N)=O,NC(=O)N1CCCC1=O
NC(=O)NC(=O)C(=O)O,NC(=O)NC1[C@@H]2CNC[C@@H]12
NC(=O)Nc1ccccc1,NC(=O)NCCCCN=O
NC(=O)c1ccc(F)nc1,NC(=O)N[C@H](O)C(=O)O
NC(=O)c1ccc(N)cc1,NC(=O)Nn1cnnc1
NC(=O)c1ccc(O)nn1,NC(=O)OC1CCCC1
NC(=O)c1cccc(=O)[nH]1,NC(=O)OCCOC(N)=O
NC(=O)c1cccc(F)c1,NC(=O)[C@@H]1C=CCN1
NC(=O)c1cccc(F)n1,NC(=O)[C@H](F)CC1CCC1
NC(=O)c1ccnc(N)c1,NC(=O)[C@H]1CNC(=O)CN1
NC(=O)c1cn[nH]n1,NC(=O)[C@H]1CNCC12CC2
NC(=O)c1cnc(=O)[nH]c1,NC(=O)[C@H]1CNCCOC1
NC(=O)c1cncn1N,NC(=O)[C@H]1C[C@H](C(F)F)C1
NC(=O)c1n[nH]c(N)n1,NC(=O)[C@H]1N[C@H]2CC[C@H]1C2
NC(=O)c1ncc(N)cn1,NC(=O)[C@]12C[C@H]1CCCN2
NC(=O)c1ncoc1N,NC(=O)c1ccc(O)cn1
NC(=O)c1nn[nH]c1O,NC(=O)c1cncc(F)c1
NC(=O)c1nnc(N)o1,NC(=O)c1ncoc1N
NC(=O)c1nnccc1N,NC(=O)c1nn[nH]c1O
NC(=O)n1cccc1,NC(=O)n1cccc1
NC(=O)n1nccc1N,NC(N)=C1C(=O)COC1=O
NC(N)=C1C(=O)COC1=O,NC(N)=C1C=CC(=O)C=C1
NC(N)=N/N=C\[C@@H](O)CO,NC(N)=NC=O
NC(N)=NC=O,NC(N)=NC[C@@H]1CCCN1
NC(N)=NN=C1CCCC1,NC(N)=NN=C1CCCC1
NC(N)=Nc1ccccc1,NC(O)=C1N=CC=NC1=O
NC/C=C/c1ccccn1,NC/C(O)=N/CC(=O)O
NC1(c2cccnn2)CC1,NC/C=C/CN=C(N)N
NC1(c2ccco2)CC1,NC/C=C/c1ccncc1
NC1(c2ccncc2)CC1,NC/C=C\CCN
NC1(c2ccoc2)CC1,NC1(C(F)(F)F)CC=CC1
NC1(c2cnccn2)CC1,NC1(C2=NCCN2)CCC1
NC1(c2ncccn2)CC1,NC1(c2ccco2)CC1
NC1(c2ncco2)CC1,NC1(c2ncon2)CCC1
NC1(c2ncon2)CCC1,NC1(c2nnc[nH]2)CC1
NC1(c2nn[nH]n2)CCC1,NC12CC(CC(=O)O)(C1)C2
NC1(c2nnc[nH]2)CCC1,NC1=C(N)CCCC1
NC1=C(C(=O)O)CCCN1,NC1=C(N)NCNC1
NC1=C(O)C(O)=C(CO)C1,NC1=C2NC=CN2CC=C1
NC1=C2NC=CN2CC=C1,NC1=CC(=O)C(N)=CC1=O
NC1=CC=C(CO)C1,NC1=CC=C(CO)C1
NC1=CC=CCO1,NC1=CC=CCO1
NC1=CC=C[C@H]2NN=N[C@H]12,NC1=CC=C[C@H]2NN=N[C@@H]12
NC1=CC=NCN1,NC1=CC=NCN1
NC1=CNCC=C1,NC1=CCNN1
NC1=NC(N)=N1,NC1=CCOC1=O
NC1=NC=C2CCN=C2N1,NC1=NC(=O)C=N1
NC1=NN=CNN1,NC1=NC(=O)CN1
NC1=NN[C@@H]2C=CC=CN12,NC1=NC(=O)N2C[C@H]12
NC1=NON/C1=C(\N)N=O,NC1=NC=C2CCN=C2N1
NC1Cc2nccnc2C1,NC1=NCCCO1
NC=C1C(=O)CCCC1=O,NC1=NCCN1C1CC1
NCC#Cc1cnccn1,NC1=NN=CNN1
NCC(=O)Nc1cn[nH]c1,NC1=NNC(=O)C12CCC2
NCC(=O)c1ccn[nH]1,NC1=NNCC1
NCC(=O)c1nc[nH]c1N,NC1=NN[C@H]2C=CC=CN12
NCC1(c2ccon2)CC1,NC1=NON/C1=C(\N)N=O
NCC1(c2ncno2)CC1,NC1=N[C@@H](C(=O)O)NN1
NCC1(n2cncn2)CC1,NC1=N[C@@H](C(F)(F)F)CO1
NCCCCn1ccnn1,NC1CC(n2cccn2)C1
NCCCNC(=O)/C=N/O,NC1CC2(C1)N=N2
NCCCc1cc(O)no1,NC1CCC(=CF)CC1
NCCCc1cc[nH]n1,NC1CN(C(=O)C2CC2)C1
NCCCc1cnn[nH]1,NCC#Cc1cnccn1
NCCCc1ncco1,NCC(=O)N1CCC(=O)C1
NCCCc1nnc[nH]1,NCC(=O)Nc1cn[nH]c1
NCCNc1cccnn1,NCC(=O)OC1COC1
NCCNc1ncccn1,NCC(=O)ONCC(=O)O
NCCOCc1c[nH]cn1,NCC/N=C(\O)C(F)(F)F
NCCOc1ccncc1,NCC1(c2ccon2)CC1
NCCOc1nonc1N,NCC1(n2cncn2)CC1
NCC[C@H](O)c1ccoc1,NCC1=CCCOC1
NCCc1ccc(F)cn1,NCC1=CNCC=C1
NCCc1ccc[nH]c1=O,NCC1=COCCO1
NCCc1cccc(=O)[nH]1,NCC1=NCCCN1
NCCc1cccc(N)c1,NCC1=NO[C@H]2OCC[C@@H]12
NCCc1ccnc(N)n1,NCC1CC(=C2CCC2)C1
NCCc1cncc(O)c1,NCCC(=O)CN
NCCc1nccc(O)n1,NCCC1=CCCCCC1
NCCc1noc(CO)n1,NCCC1CC=CC1
NCCn1cccnc1=O,NCCCCCCC(N)=O
NCCn1cnccc1=O,NCCCNC(=O)/C=N/O
NCCn1ncccc1=O,NCCCOCC(=O)O
NC[C@@H]1C[C@@H]1c1ccco1,NCCC[C@H]1C=NNC1=O
NC[C@H](O)Cn1ccnc1,NCCCc1cc(O)no1
NC[C@H]1C=CN=N1,NCCCc1cnn[nH]1
NC[C@H]1CNC(=O)C(=O)N1,NCCCc1nc(=O)[nH][nH]1
NCc1c(O)ncnc1O,NCCCc1ncco1
NCc1c[nH]nc1C1CC1,NCCCn1cc[nH]c1=O
NCc1cc(C2CC2)[nH]n1,NCCN1CCOCC1=O
NCc1cc(F)ccc1N,NCCOc1ccccc1
NCc1cc(F)n[nH]1,NCCc1cc(=O)[nH][nH]1
NCc1cc(O)ccc1O,NCCc1cncc(O)c1
NCc1cc2n(n1)CCO2,NCCc1nccc(O)n1
NCc1ccc(=O)[nH]n1,NCCc1ncno1
NCc1ccc(CO)o1,NCCn1cnnc1
NCc1ccc(F)c(O)c1,NCCn1ncccc1=O
NCc1ccc(N)cc1O,NC[C@@H](C(N)=O)C(F)(F)F
NCc1cccnc1O,NC[C@@H]1C=CCC1
NCc1ccn2c1CCC2,NC[C@@H]1CC(C2CC2)=NO1
NCc1ccnn1C1CC1,NC[C@@H]1CC[C@H](C(N)=O)O1
NCc1ccoc1C(=O)O,NC[C@@H]1COc2ccnn21
NCc1cn(C2CC2)cn1,NC[C@@H]1[C@@H](C(=O)O)C1(F)F
NCc1cn[nH]c1C(F)F,NC[C@H]1C=CN=N1
NCc1cnc(F)c(F)c1,NC[C@H]1CC(=O)N=C1O
NCc1cncn1C1CC1,NC[C@H]1CNC(=O)C(=O)N1
NCc1cncn1CCF,NC[C@]1(O)C[C@H]2C=C[C@H]1C2
NCc1cnoc1C1CC1,NCc1c[nH]c(=O)c(F)c1
NCc1n[nH]nc1C1CC1,NCc1cc(F)ncc1F
NCc1nc(C(=O)O)c[nH]1,NCc1ccc(=O)[nH]n1
NCc1nc(C(N)=O)no1,NCc1ccc(F)cc1O
NCc1nc(CN)n(N)n1,NCc1ccc(N)c(N)c1
NCc1ncc(F)cc1F,NCc1ccn2c1CCC2
NCc1nccc(F)n1,NCc1cn[nH]c1C(F)F
NCc1nccn1C1CC1,NCc1cnc(N)nc1N
NCc1nccnc1N,NCc1cncc(C=O)c1
NCc1ncoc1C(F)F,NCc1cncn1C1CC1
NCc1nnc(C2CC2)o1,NCc1cnn(CCF)c1
NCc1nnnn1C1CC1,NCc1cnon1
NCc1noc(C(F)F)n1,NCc1n[nH]nc1C1CC1
NCc1noc(C2CC2)n1,NCc1nc(=O)cc(O)[nH]1
NN1CCc2ccccc21,NCc1nc(C(N)=O)no1
NNCOc1cccnc1,NCc1nc(CN)n(N)n1
NNCc1cccc(O)c1,NCc1ncn[nH]1
NNCc1ccnnc1,NCc1noc(C2CC2)n1
NNc1cc(F)cc(F)c1,NCc1occc(=O)c1O
NNc1cc(F)cc(F)n1,NN/C=N/C[C@H](N)C(=O)O
NNc1cc(F)ccc1F,NN1CC(=O)N=N1
NNc1cc(N)[nH]n1,NN1CCc2ccccc21
NNc1cc[nH]c(=O)n1,NN=C(NN)NN
NNc1ccc(CO)cc1,NN=C1C[C@H]2CC[C@@H](C1)O2
NNc1ccc(O)cn1,NNC1=CC(=O)OC1
NNc1cccc(F)c1F,NNCc1ccc(F)cc1
NNc1cccc(N)n1,NNCc1ncccn1
NNc1ccccc1CO,NNc1c[nH]ccc1=O
NNc1ccnc(F)c1,NNc1cccc(F)c1F
NNc1ccnc(NN)n1,NNc1ccnc(NN)n1
NNc1cncnc1,NNc1cncc(F)n1
NNc1nc(N)cc(=O)[nH]1,NNc1nc(N)[nH]c(=O)n1
NNc1nc(N)n[nH]1,NNc1nc(N)n[nH]1
NNc1ncc(F)c(=O)[nH]1,NNc1ncc(F)c(=O)[nH]1
NNc1ncc(F)c(N)n1,NOCCCc1ccco1
NNc1nccc(F)c1F,NOCc1ccccc1F
NNc1ncnn1N,N[C@@H](C(=O)O)[C@@H]1CCNC1
NNc1nncn1N,N[C@@H](C(=O)O)c1ccoc1
N[C@@H](CO)Cc1c[nH]cn1,N[C@@H](C1=NCCN1)C1CC1
N[C@@H]1CCCc2oncc21,N[C@@H](CO)Cc1c[nH]cn1
N[C@@H]1CCCn2cnnc21,N[C@@H]1/C=C/[C@H](N)CCCC1
N[C@@H]1CCCn2ncnc21,N[C@@H]1C=CCO[C@@H]1C(=O)O
N[C@@H]1CCc2ccccc21,N[C@@H]1C=C[C@@H](CO)C1
N[C@@H]1CCc2cncn2C1,N[C@@H]1CC(=O)NC(=O)N1
N[C@@H]1CCc2cnoc2C1,N[C@@H]1CCC=CCC[C@H]1O
N[C@@H]1CCc2n[nH]nc2C1,N[C@@H]1CCC[C@@H]1CC(=O)O
N[C@@H]1CCn2cnnc2C1,N[C@@H]1CCCn2ncnc21
N[C@@H]1CCn2nnnc2C1,N[C@@H]1CC[C@@H]2C[C@H]1C(=O)N2
N[C@@H]1COc2ncccc21,N[C@@H]1CCc2ccncc21
N[C@@H]1Cc2ccncc2C1,N[C@@H]1CCc2cnoc2C1
N[C@@H]1N=CC=NC1=O,N[C@@H]1CCc2nccn2C1
N[C@H](C=O)Cc1cnc[nH]1,N[C@@H]1COc2ncccc21
N[C@H](CO)c1ccccc1,N[C@@H]1C[C@@H]1c1ccccc1
N[C@H](c1nnn[nH]1)C1CC1,N[C@@H]1C[C@H]1c1c[nH]cn1
N[C@H]1C=CC=C(C(=O)O)C1,N[C@@H]1Cc2c[nH]nc2C1
N[C@H]1C=NC=NC1=O,N[C@@H]1[C@H]2CN(C(=O)O)C[C@@H]12
N[C@H]1CCCc2n[nH]cc21,N[C@@]12CC=C[C@@H](C1)OC2
N[C@H]1CCc2c[nH]nc2C1,N[C@@]12CC[C@@H](CC1=O)C2
N[C@H]1CCc2cccnc21,N[C@H](C(=O)O)C1(O)CC1
N[C@H]1CCc2nccn2C1,N[C@H](CCO)CC(=O)O
N[C@H]1CCn2ccnc21,N[C@H](CF)c1ccccc1
N[C@H]1C[C@H](c2ccon2)C1,N[C@H]1C(=O)OC[C@H]1CO
N[C@H]1C[C@H](n2ccnn2)C1,N[C@H]1C(=O)O[C@H]2CCC[C@H]21
N[C@H]1N=CN=C2N=NC=C21,N[C@H]1C=CC=C(C(=O)O)C1
Nc1[nH]nc(C2CC2)c1N,N[C@H]1C=NC(=O)NC1=O
Nc1[nH]nc2c1COCC2,N[C@H]1CCCC(=O)NC1
Nc1[nH]ncc1C1CCC1,N[C@H]1CCN(CCF)C1=O
Nc1[nH]ncc1CCCO,N[C@H]1CCn2cnnc2C1
Nc1[nH]nnc1O,N[C@H]1CON=C1O
Nc1c(F)cc(O)cc1F,N[C@H]1C[C@@H]2C=CC[C@H](C1)C2
Nc1c(F)ccc(F)c1N,N[C@H]1C[C@H](c2ccon2)C1
Nc1c(F)cccc1C=O,N[C@H]1N=CC=NC1=O
Nc1c(O)cc[nH]c1=O,N[C@H]1N=CN=C2N=NC=C21
Nc1c(O)n[nH]c(=O)c1N,N[C@H]1N=NNN1
Nc1c[nH]c2cccnc12,N[C@H]1N=Nc2ccccc21
Nc1c[nH]c2cnccc12,N[C@H]1NC(=O)NC=C1F
Nc1c[nH]cn1,N[C@]1(C(=O)O)CC[C@@H]2C[C@@H]21
Nc1c[nH]nc1O,Nc1[nH][nH]c(=O)c1C(=O)O
Nc1cc(C(F)(F)F)on1,Nc1[nH]nc(O)c1N
Nc1cc(C(F)F)ncn1,Nc1[nH]nc2c1COCC2
Nc1cc(C2CC2)ncn1,Nc1[nH]nc2cccnc12
Nc1cc(C2CCC2)no1,Nc1[nH]nc2nnccc12
Nc1cc(C2COC2)[nH]n1,Nc1c(F)ccnc1F
Nc1cc(CC2CC2)n[nH]1,Nc1c(O)[nH]c(=O)[nH]c1=O
Nc1cc(CCO)ccn1,Nc1c[nH]c(=O)cn1
Nc1cc(CCO)ncn1,Nc1c[nH]c2cnccc12
Nc1cc(CO)ccc1O,Nc1c[nH]c2nccnc12
Nc1cc(F)c(F)cc1N,Nc1c[nH]nc(O)c1=O
Nc1cc(F)c(F)cn1,Nc1cc(=O)c(N)c(N)[nH]1
Nc1cc(F)c[nH]c1=O,Nc1cc(=O)n2n1CCC2
Nc1cc(F)cc(N)n1,Nc1cc(C(=O)O)cnn1
Nc1cc(F)cc(O)c1F,Nc1cc(CC2CC2)no1
Nc1cc(F)cnc1C=O,Nc1cc(CCCO)n[nH]1
Nc1cc(F)nc(F)c1F,Nc1cc(CO)ncn1
Nc1cc(N)[nH]c(=O)n1,Nc1cc(F)c(F)cc1F
Nc1cc(N)c(N)nc1N,Nc1cc(F)cnc1C=O
Nc1cc(N)c(O)c(N)c1,Nc1cc(N)c(O)c(N)c1
Nc1cc(N)cc(N)c1,Nc1cc(O)cc(O)n1
Nc1cc(OC(F)F)n[nH]1,Nc1cc2n[nH]nc2cn1
Nc1cc2[nH]cnc2cn1,Nc1cc2ncccn2n1
Nc1cc2[nH]ncc2cn1,Nc1cc[nH]c(=O)c1N
Nc1cc2ccccn2n1,Nc1ccc(/C=N/O)cn1
Nc1cc2n(n1)CCNC2,Nc1ccc(=O)[nH]c1N
Nc1cc2occc2cn1,Nc1ccc(C(F)F)cc1
Nc1cc[nH]c(=O)c1,Nc1ccc(C=O)c(N)c1
Nc1cc[nH]c1,Nc1ccc(CC=O)cc1
Nc1ccc(C2CC2)cc1,Nc1ccc(CCO)nc1
Nc1ccc(C=O)c(N)c1,Nc1ccc(F)nn1
Nc1ccc(C=O)cc1O,Nc1ccc(N=O)c(N)n1
Nc1ccc(F)c(CO)c1,Nc1ccc(O)c(=O)cc1
Nc1ccc(F)c(O)c1F,Nc1ccc2[nH]ncc2n1
Nc1ccc(F)nn1,Nc1ccc2c(c1)COC2
Nc1ccc(N=O)c(N)n1,Nc1ccc2c(c1)N=NC2
Nc1ccc(O)c(=O)cc1,Nc1ccc2c(c1)OCO2
Nc1ccc(O)c(O)c1O,Nc1ccc2c(n1)CCO2
Nc1ccc2[nH]ccc2c1,Nc1ccc2ccoc2n1
Nc1ccc2[nH]ccc2n1,Nc1ccc2nc[nH]c2n1
Nc1ccc2c(c1)C=C2,Nc1ccc2ncnn2c1
Nc1ccc2c(c1)COC2,Nc1ccc2nncn2n1
Nc1ccc2c(c1)N=NC2,Nc1ccc2nonc2c1
Nc1ccc2c(n1)CCC2,Nc1ccc2occc2c1
Nc1ccc2c(n1)CCO2,Nc1cccc(F)c1C=O
Nc1ccc2c(n1)OCO2,Nc1cccc2[nH]ncc12
Nc1ccc2c[nH]nc2c1,Nc1cccc2c1COC2
Nc1ccc2ccoc2n1,Nc1cccc2ncoc12
Nc1ccc2cn[nH]c2n1,Nc1cccc2oncc12
Nc1ccc2nc[nH]c2n1,Nc1ccn2nccc2n1
Nc1ccc2nncn2c1,Nc1ccn2nnnc2c1
Nc1ccc2nncn2n1,Nc1ccnc(C2CC2)n1
Nc1ccc2nonc2c1,Nc1ccnc(N)c1N=O
Nc1cccc(C(F)F)c1,Nc1ccnc2c1CCO2
Nc1cccc(C=NO)c1,Nc1ccnc2c[nH]nc12
Nc1cccc(N)c1N,Nc1ccnc2nc[nH]c12
Nc1cccc(NC=O)c1,Nc1ccnc2nccn12
Nc1cccc2[nH]ncc12,Nc1ccnc2occc12
Nc1cccc2c1COC2,Nc1ccncc1CCF
Nc1cccc2c1NCC2,Nc1cn(CC(F)F)nn1
Nc1cccc2cncn12,Nc1cn[nH]c1C(F)(F)F
Nc1cccc2n[nH]nc12,Nc1cnc(C(F)F)cn1
Nc1cccc2oncc12,Nc1cnc2c(c1)CCN2
Nc1ccccc1,Nc1cnc2cc[nH]c2c1
Nc1ccccc1/C=N/O,Nc1cnc2cccnn12
Nc1ccccc1N=O,Nc1cnc2nccn2c1
Nc1cccccc1=O,Nc1cncc(C2CC2)c1
Nc1cccn2cnnc12,Nc1cncc2c1CCC2
Nc1cccn2nncc12,Nc1cncc2n[nH]cc12
Nc1ccco1,Nc1cncc2nc[nH]c12
Nc1ccn2ncncc12,Nc1cnn2c1OCCC2
Nc1ccn2nnnc2c1,Nc1cnn2ccccc12
Nc1ccnc(C2CC2)n1,Nc1cnncc1N
Nc1ccnc(F)c1C=O,Nc1n[nH]c(=O)c(=O)n1N
Nc1ccnc(N)c1N=O,Nc1n[nH]c2[nH]ncc12
Nc1ccnc2[nH]ccc12,Nc1n[nH]c2c1CCCN2
Nc1ccnc2[nH]nnc12,Nc1n[nH]cc1C1CC1
Nc1ccnc2c1CCC2,Nc1n[nH]ccc1=O
Nc1ccnc2c[nH]nc12,Nc1n[nH]nc1NC=O
Nc1ccnc2ccoc12,Nc1nc(=O)[nH]cc1CO
Nc1ccnc2nc[nH]c12,Nc1nc(CF)cc(=O)[nH]1
Nc1ccnc2nccn12,Nc1nc(F)cc(F)c1N
Nc1ccncc1C1CC1,Nc1nc(NN=O)n[nH]1
Nc1ccncc1C=O,Nc1nc2[nH]nc(N)n2n1
Nc1ccncc1CCF,Nc1nc2c([nH]1)NON2
Nc1ccnn1CC1CC1,Nc1nc2cnccc2o1
Nc1ccnn2ccnc12,Nc1nc2cnccn2n1
Nc1cn(C(F)F)cn1,Nc1nc2cncnc2[nH]1
Nc1cn(C2CC2)nn1,Nc1nc2n(n1)CCNC2
Nc1cn(CC(F)F)nn1,Nc1nc2n(n1)[C@@H](N)N=N2
Nc1cn2cccnc2n1,Nc1nc2occ(O)c2o1
Nc1cn2ccnc2cn1,Nc1ncc(C2CCC2)o1
Nc1cn2ccncc2n1,Nc1ncc(C=O)c(O)n1
Nc1cn2ncccc2n1,Nc1ncc2c(n1)CCC2
Nc1cn[nH]c1C(F)(F)F,Nc1ncc2cc[nH]c2n1
Nc1cnc(C(=O)O)cn1,Nc1ncc2ccccn12
Nc1cnc(C(F)F)nc1,Nc1ncc2n1CCC2
Nc1cnc(C2CC2)cn1,Nc1nccc2[nH]nnc12
Nc1cnc(F)cc1N,Nc1nccc2cn[nH]c12
Nc1cnc2c(c1)CCC2,Nc1nccc2nncn12
Nc1cnc2ccccn12,Nc1nccn1C1CCC1
Nc1cnc2cccnn12,Nc1nccn2cncc12
Nc1cnc2ccnn2c1,Nc1ncn(C2COC2)n1
Nc1cnc2cn[nH]c2c1,Nc1ncn(CC(=O)O)n1
Nc1cnc2n1CCOC2,Nc1ncn2c1CCCC2
Nc1cnc2nc[nH]c2c1,Nc1ncnc2c1CCC2
Nc1cnc2nccn2c1,Nc1ncnc2ocnc12
Nc1cncc(=O)[nH]1,Nc1ncnn2ccnc12
Nc1cncc(C2CC2)c1,Nc1nnc(C2CNC2)o1
Nc1cncc(CO)c1,Nc1nnc(N)c(N)c1N
Nc1cncc(F)c1N,Nc1nnc(NCCO)[nH]1
Nc1cncc2c1CCC2,Nc1nnc2[nH]cnn12
Nc1cncc2n[nH]cc12,Nc1nnc2n(N)cnn12
Nc1cncc2nc[nH]c12,Nc1nnc2n1CCCN2
Nc1cncnc1C1CC1,Nc1nnc2ncccn12
Nc1cnn(C2CCC2)n1,Nc1nncn1CC1CC1
Nc1cnn(C2COC2)c1,Nc1nnnc2[nH]cnc12
Nc1cnn(CCCF)c1,Nc1nnnn1CCO
Nc1cnn(CCO)c1N,Nc1nnnnn1
Nc1cnn2c1CCCC2,Nc1noc(N)n1
Nc1cnn2c1NCCC2,Nc1noc2ccccc12
Nc1cnn2c1OCC2,Nc1noc2nccnc12
Nc1cnn2cc[nH]c12,Nc1nonc1C1CC1
Nc1cnn2cnnc2c1,Nc1onc2c1CCCC2
Nc1cnn2nnnc2c1,Nn1[nH]nnc1=O
Nc1cnnc2[nH]cnc12,Nn1c(=O)cn[nH]c1=O
Nc1cnncc1N,Nn1c(CO)nnc1CO
Nc1cnnn1C1CC1,Nn1ccc(C(=O)O)c1
Nc1cnoc1,Nn1cnc2ccccc21
Nc1n[nH]c(=O)c(=O)n1N,Nn1ncc2ccccc21
Nc1n[nH]c2[nH]ncc12,O/C(=C(/O)[C@H]1CO1)[C@@H]1CO1
Nc1n[nH]c2c1CCCN2,O/C=C/C1CC1
Nc1n[nH]c2c1CCNC2,O/C=C/CCO
Nc1n[nH]c2ccccc12,O/N=C(/O)c1ccccc1
Nc1n[nH]c2nccnc12,O/N=C/C=C/c1ccco1
Nc1n[nH]cc1C(F)(F)F,O/N=C/Nc1ncccn1
Nc1n[nH]cc1C1CC1,O/N=C/c1cc[nH]n1
Nc1n[nH]nc1C(=O)O,O/N=C1/CCC/C(=N\O)N1
Nc1n[nH]nc1NC=O,O/N=C1/CCN(C2CC2)C1
Nc1nc(C(F)(F)F)c[nH]1,O/N=C1/CCn2cnnc21
Nc1nc(C2CC2)c[nH]1,O/N=C1/NCCN/C1=N/O
Nc1nc(CC2CC2)no1,O/N=C1C(=N/O)\[C@H](O)[C@H]\1O
Nc1nc(CCCO)n[nH]1,O/N=C1\C=CC=C\C1=N/O
Nc1nc(CF)cc(=O)[nH]1,O/N=C1\CCCNCC1
Nc1nc(F)cc(F)c1N,O/N=C1\CNCC(NO)=N1
Nc1nc(N)[nH]c(=O)n1,O/N=C1\C[C@H]2CC[C@H]1C2
Nc1nc(N)c(N)c(=O)[nH]1,O/N=C1\Cc2ccccc21
Nc1nc(N)c(N)c(N)n1,O/N=N/O
Nc1nc(N)nc(CO)n1,O/N=N/c1cnccn1
Nc1nc(NN=O)n[nH]1,O=C(C(F)F)C(F)F
Nc1nc2[nH]nc(N)n2n1,O=C(CC1CC1)C1CC1
Nc1nc2c([nH]1)NON2,O=C(CCC(=O)NO)NO
Nc1nc2ccccn2n1,O=C(CCCO)NCCO
Nc1nc2n(n1)CCCC2,O=C(CCO)CCO
Nc1nc2n(n1)CCCN2,O=C(CO)OCC(F)(F)F
Nc1nc2n(n1)[C@@H](N)N=N2,O=C(CO)[C@H](O)[C@@H](O)CO
Nc1nc2ncccn2n1,O=C(N1CCCC1)N1CC1
Nc1nc2occ(O)c2o1,O=C(NC1CC1)C(F)(F)F
Nc1nc[nH]c1NC=O,O=C(NO)C1CCCCC1
Nc1ncc(C2CC2)o1,O=C(NO)c1cc(=O)[nH]o1
Nc1ncc(CO)[nH]1,O=C(O)/C=C/NC1CC1
Nc1ncc(CO)c(N)n1,O=C(O)/C=C/c1cc[nH]c1
Nc1ncc2c(n1)CNC2,O=C(O)/C=C/c1cocn1
Nc1ncc2c(n1)OCC2,O=C(O)/C=C1\CCC(=O)O1
Nc1ncc2cc[nH]c2n1,O=C(O)/N=N/C(=O)O
Nc1ncc2n1CCNC2,O=C(O)C(=CO)C(=O)O
Nc1ncc2n[nH]nc2n1,O=C(O)C(F)=C1CCCC1
Nc1nccc(F)c1O,O=C(O)C/N=C1/CCCN1
Nc1nccc2[nH]cnc12,O=C(O)C12CC(CO1)C2
Nc1nccc2c1CCO2,O=C(O)C1=C(F)CNCC1
Nc1nccc2cc[nH]c12,O=C(O)C1=CNCCC1=O
Nc1nccc2ccoc12,O=C(O)C1=NOCC1
Nc1nccc2n[nH]cc12,O=C(O)C1CN(CCF)C1
Nc1nccc2nccn12,O=C(O)CC(F)(F)C1CC1
Nc1nccc2ncnn12,O=C(O)CC1=CCNC1=O
Nc1nccn2cncc12,O=C(O)CC1=COCC1
Nc1nccnc1C1CC1,O=C(O)CCC1(O)CCC1
Nc1ncn(C2CC2)n1,O=C(O)CCN1CCCO1
Nc1ncn2c1CCCC2,O=C(O)CCOCC(F)F
Nc1ncnc(F)c1N,O=C(O)CC[C@@H]1CCOC1
Nc1ncnc(N)c1C=O,O=C(O)CCc1cnc[nH]1
Nc1ncnc2[nH]cnc12,O=C(O)CNC(=O)CF
Nc1ncnc2[nH]ncc12,O=C(O)CNCCCCO
Nc1ncnc2c1CCN2,O=C(O)COC1CC=CC1
Nc1ncnc2c1CNC2,O=C(O)C[C@H]1[C@@H]2COC[C@@H]21
Nc1ncnc2cn[nH]c12,O=C(O)Cc1n[nH]c(=O)[nH]1
Nc1ncnc2ncnn12,O=C(O)Cc1nonc1O
Nc1ncnc2nonc12,O=C(O)Cn1ncnn1
Nc1ncnc2occc12,O=C(O)N1C[C@H](O)CC1=O
Nc1ncnc2ocnc12,O=C(O)[C@@H]1C=CC=NC1=O
Nc1ncncc1O,O=C(O)[C@@H]1CC=CCCC1
Nc1ncncn1,O=C(O)[C@@H]1CN=CNC1
Nc1ncnn1CC(=O)O,O=C(O)[C@@H]1CNC[C@@H]1CO
Nc1ncnn2cccc12,O=C(O)[C@@H]1C[C@H]2C[C@H]2N1
Nc1nnc(C(F)F)o1,O=C(O)[C@@H]1NCCC1(F)F
Nc1nnc(CC2CC2)o1,O=C(O)[C@@H]1NCC[C@H]2C[C@@H]21
Nc1nnc(N)c(N)c1N,O=C(O)[C@@H]1[C@H]2CNC(=O)[C@H]21
Nc1nnc(NC2CC2)[nH]1,O=C(O)[C@@]12C=C[C@@H](CC1)C2
Nc1nnc(NCCO)[nH]1,O=C(O)[C@@]12CN[C@H](CN1)C2
Nc1nnc(O)nn1,O=C(O)[C@H]1CCC=N1
Nc1nnc2[nH]cnn12,O=C(O)[C@H]1CCN1C1CC1
Nc1nnc2cnccn12,O=C(O)[C@H]1CNCCCO1
Nc1nnc2n(N)cnn12,O=C(O)[C@H]1C[C@@]12CCOC2
Nc1nnc2n1CCCC2,O=C(O)c1ccc(CO)[nH]1
Nc1nnc2n1CCCN2,O=C(O)c1ccncc1O
Nc1nnc2ncccn12,O=C(O)c1coc(F)n1
Nc1nnc2nccnn12,O=C(O)c1n[nH]c(O)n1
Nc1nncc2occc12,O=C(O)n1nccn1
Nc1nncn1CC1CC1,O=C(c1nnc[nH]1)C1CC1
Nc1nncnc1C(=O)O,O=C1C(=O)C(O)C1=O
Nc1nncnn1,O=C1C(F)=C(F)C1(F)F
Nc1nnn2ccccc12,O=C1C(F)=C(O)CC[C@H]1F
Nc1nnn[nH]1,O=C1C(O)=Nc2ncnn21
Nc1nnnnn1,O=C1C/C(=N\O)NC(O)=N1
Nc1noc(C(F)(F)F)n1,O=C1C2[C@@H]3C4C5[C@H]2[C@H]5C1[C@@H]43
Nc1noc2c1CCCC2,O=C1C=C(C(F)(F)F)N=N1
Nc1noc2cccnc12,O=C1C=C(CO)CCO1
Nc1noc2ccncc12,O=C1C=C(O)C(=O)C=C1O
Nc1noc2ncccc12,O=C1C=C(O)C(=O)[C@@H]2O[C@H]12
Nc1noc2nccnc12,O=C1C=C(O)COC1
Nc1nocc1C1CC1,O=C1C=C2CCC(=O)N2C1
Nc1nonc1C(F)(F)F,O=C1C=C2CCCC[C@H]2C1
Nc1nonc1C1CC1,O=C1C=C2NCCC=C2O1
Nc1onc2c1CCCC2,O=C1C=CC(=O)C(F)=C1
Nc1oncc1C1CC1,O=C1C=CC(=O)N1
Nn1c(CO)nnc1CO,O=C1C=CC(=O)N1C1CC1
Nn1ccc(C(=O)O)c1,O=C1C=CC(=O)N1CO
Nn1cccc1,O=C1C=CC2(C=C1)CO2
Nn1cccn1,O=C1C=CC2(CCCC2)C1
Nn1cnnc1,O=C1C=CC2C=CC1C=C2
O/N=C/C=N/O,O=C1C=CC=CCC1=O
O/N=C/Nc1ccccc1,O=C1C=CC=CCCCC1
O/N=C/Nc1ncccn1,O=C1C=CC=C[C@@H]2C[C@H]12
O/N=C/c1c[nH]cn1,O=C1C=CCCC=CC1
O/N=C/c1cc[nH]n1,O=C1C=CCCCC=C1
O/N=C/c1cccnc1F,O=C1C=CCCNC(=O)N1
O/N=C/c1ccncn1,O=C1C=CC[C@@H]2C[C@@H]2CC1
O/N=C/c1ccnnc1,O=C1C=CN=N1
O/N=C/c1ccoc1,O=C1C=CNC(=O)C1
O/N=C/c1cncc(F)c1,O=C1C=COCC1
O/N=C1/CCn2cccc21,O=C1C=C[C@@H](C2CC2)NN1
O/N=C1/CCn2cnnc21,O=C1C=C[C@@H]2CO[C@H]1O2
O/N=C1/NCCN/C1=N/O,O=C1C=C[C@H](O)OC1
O/N=C1C(=N/O)\[C@H](O)[C@H]\1O,O=C1C=C[C@H]2CC[C@H]1C2
O/N=C1\CCCC\C1=N/O,O=C1C=Cc2ccccc21
O/N=C1\Cc2ccccc21,O=C1C=NC=NC1
O/N=C\C1=CCCCC1,O=C1C=c2ccccc2=N1
O/N=C\Cc1ccccc1,O=C1CC(=O)CC2(CC2)C1
O/N=N/c1cnccn1,O=C1CC(=O)OCO1
O=C(NO)C(=O)NO,O=C1CC(C(F)(F)F)=NN1
O=C(NO)c1cc(=O)[nH]o1,O=C1CC(CO)=NC=C1O
O=C(O)/C(=N/O)C1CC1,O=C1CC(F)(C(=O)O)C1
O=C(O)/C(O)=C(\O)C(=O)O,O=C1CC2=C(CC=C2)O1
O=C(O)/C=C/C1=CCCC1,O=C1CC2=CCC[C@H]2O1
O=C(O)/C=C/NC1CC1,O=C1CC2CCC(CC2)N1
O=C(O)/C=C/[C@H]1CCOC1,O=C1CC2CCN(CC2)C1
O=C(O)/C=C/c1cc[nH]c1,O=C1CC=C(CCO)O1
O=C(O)/C=C/c1ncco1,O=C1CC=C2C=CN=C2N1
O=C(O)/C=C1/CCC(=O)O1,O=C1CC=C2CC[C@H]2CC1
O=C(O)/C=C1/CCNC1,O=C1CC=COC1
O=C(O)/C=C\C(=O)O,O=C1CC=NN1
O=C(O)/N=N/C(=O)O,O=C1CCC(F)(F)CCN1
O=C(O)C#Cc1ccco1,O=C1CCC1=O
O=C(O)C(=O)C1CCCC1,O=C1CCC2(CC2)C(=O)C1
O=C(O)C(=O)CC(F)(F)F,O=C1CCC2(CCC2)OC1
O=C(O)C(=O)C[C@H](O)CO,O=C1CCC2=C(CCC2)N1
O=C(O)C(=O)N1CCCC1,O=C1CCC2=C1COCO2
O=C(O)C(=O)NCC(F)F,O=C1CCC=CCC1
O=C(O)C(=O)c1c[nH]cn1,O=C1CCCC(=O)C1(F)F
O=C(O)C(=O)c1ccoc1,O=C1CCCC(=O)NC1
O=C(O)C(F)=C1CCCC1,O=C1CCCC(O)CCC1
O=C(O)C1=C(F)CNCC1,O=C1CCCC=C1O
O=C(O)C1=CCC=C1,O=C1CCCC=C[C@H]2C[C@@H]12
O=C(O)C1=CCCCN1,O=C1CCCCC2(CC2)N1
O=C(O)C1=CCCOC1,O=C1CCCCCC(=O)C1
O=C(O)C1=CNCCC1=O,O=C1CCCCCC2=N[C@H]12
O=C(O)C1=COCCO1,O=C1CCCCCCCN1
O=C(O)C1=NC=NC1,O=C1CCCCCCO1
O=C(O)C1=NOCC1,O=C1CCCCC[C@H]2C[C@H]12
O=C(O)C1C=CC=C1,O=C1CCCCNCC1
O=C(O)C=C1CC(F)(F)C1,O=C1CCCC[C@@H]2C[C@@H]2C1
O=C(O)CCc1c[nH]nn1,O=C1CCCOCC1
O=C(O)CCc1cc[nH]c1,O=C1CCC[C@@H]1C(F)(F)F
O=C(O)CCc1ccno1,O=C1CCC[C@]12CCCO2
O=C(O)CCc1cnc[nH]1,O=C1CCCc2[nH]cnc21
O=C(O)CCn1cnnn1,O=C1CCCc2c[nH]cc21
O=C(O)CNc1ccn[nH]1,O=C1CCCc2ccoc21
O=C(O)Cc1ccncc1,O=C1CCCn2nccc21
O=C(O)Cc1cn[nH]c1O,O=C1CCN2C(=O)CCN12
O=C(O)Cc1cocn1,O=C1CCN2NC=NC2=N1
O=C(O)Cc1nonc1O,O=C1CCN=C2NCCN12
O=C(O)Cn1cc(F)cn1,O=C1CCNC(=O)CC1
O=C(O)Cn1cnnc1,O=C1CCNC2(CC2)C1
O=C(O)Cn1nnc(O)n1,O=C1CCN[C@@H]2CCCN12
O=C(O)[C@@H](F)n1cccn1,O=C1CCOC2(CNC2)C1
O=C(O)[C@H](O)c1cnc[nH]1,O=C1CCOCCC1(F)F
O=C(O)[C@H](O)n1ccnc1,O=C1CCOCCO1
O=C(O)c1[nH]cc(F)c1F,O=C1CCOC[C@H]1F
O=C(O)c1c[nH]c(=O)o1,O=C1CCON1
O=C(O)c1c[nH]ncc1=O,O=C1CC[C@@H](CO)CCN1
O=C(O)c1cc(=O)[nH]cn1,O=C1CC[C@@H]2CC(=O)[C@H]1C2
O=C(O)c1cc(=O)cco1,O=C1CC[C@@H]2CC(F)(F)[C@@H]12
O=C(O)c1cc(F)n[nH]1,O=C1CC[C@@H]2CC=CN12
O=C(O)c1cc[nH]n1,O=C1CC[C@@H]2CO[C@@H]1O2
O=C(O)c1ccc(=O)oc1,O=C1CC[C@@]12CCC21CC1
O=C(O)c1ccc(O)nc1,O=C1CC[C@H]2C=CC=C12
O=C(O)c1cccc(O)c1,O=C1CC[C@H]2CCCN1C2
O=C(O)c1ccn(CO)n1,O=C1CC[C@H]2COC[C@H]2C1
O=C(O)c1ccnnc1O,O=C1CC[C@H]2C[C@H]1CC2=O
O=C(O)c1cn[nH]c(=O)c1,O=C1CC[C@H]2[C@@H](C1)C2(F)F
O=C(O)c1cnc(CO)o1,O=C1CCc2[nH]ncc21
O=C(O)c1cncc(F)c1,O=C1CCc2ncccc21
O=C(O)c1cnon1,O=C1CCn2cccc2C1
O=C(O)c1coc(F)n1,O=C1CCn2ccnc21
O=C(O)c1ncc[nH]c1=O,O=C1CCn2nnnc2N1
O=C(O)c1nn[nH]n1,O=C1CN1C1CCCCC1
O=C(O)c1nocc1O,O=C1CN2C(=O)CC[C@H]2N1
O=C(O)n1nccn1,O=C1CN2C=CC=CC2=N1
O=C(c1ccco1)C1CC1,O=C1CN2CCC[C@H]1C2
O=C(c1cn[nH]c1)C(F)F,O=C1CN2CCC[C@H]2CN1
O=C(c1nnc[nH]1)C1CC1,O=C1CNC(=O)NC(=O)C1
O=C1C(=O)C(O)C1=O,O=C1CNC(=O)[C@H](CO)N1
O=C1C(=O)C2CCC1CC2,O=C1CNC2(CN1)COC2
O=C1C(=O)[C@H]2C=C[C@H]1C2,O=C1CNC2=C(NON2)N1
O=C1CC(=O)C(=O)CC1=O,O=C1CNC2CC(C2)O1
O=C1CC(CO)=NC=C1O,O=C1CNCC12CNC2
O=C1CC(c2ncc[nH]2)C1,O=C1CNCCCN1
O=C1CC2=C(CC=C2)O1,O=C1CNCCC[C@@H]1F
O=C1CCC(C(=O)O)=NN1,O=C1CNCCNC1
O=C1CCCCC/C1=C/O,O=C1CNCN1CC1CC1
O=C1CCCCC1=O,O=C1CNC[C@H]2CCCN12
O=C1CCCCNC1=O,O=C1CN[C@@H]2COC[C@@H]2N1
O=C1CCCc2[nH]cnc21,O=C1CN[C@@H]2C[C@@H]12
O=C1CCCc2c[nH]nc21,O=C1CN[C@H]2CCC[C@H]2O1
O=C1CCCc2cc[nH]c21,O=C1CNc2nonc2N1
O=C1CCCc2ccoc21,O=C1COC(=O)CN1
O=C1CCCc2n[nH]cc21,O=C1COCCCN1
O=C1CCCc2nonc21,O=C1COCCOC1
O=C1CCCc2oncc21,O=C1COCC[C@H]1CO
O=C1CCCn2cncc21,O=C1COCc2[nH]ccc21
O=C1CCN(C2CC2)C1=O,O=C1CO[C@@H]2C(=O)CO[C@H]12
O=C1CC[C@H]2C=CC=C12,O=C1CO[C@H](C(=O)O)C1
O=C1CCc2[nH]ccc2C1,O=C1CO[C@H](C2CC2)CN1
O=C1CCc2[nH]ncc21,O=C1COc2ccccc21
O=C1CCc2[nH]ncc2C1,O=C1C[C@@H](C=C(F)F)CN1
O=C1CCc2cccnc21,O=C1C[C@@H](CF)CO1
O=C1CCc2ccncc21,O=C1C[C@@H]2C(=O)OC[C@@H]2O1
O=C1CCc2ncccc21,O=C1C[C@@H]2C=C[C@@H]2N1
O=C1CCn2ccnc21,O=C1C[C@@H]2CCO[C@H]2O1
O=C1CCn2nccc2N1,O=C1C[C@@H]2CO[C@H](C1)O2
O=C1CCn2nnnc2N1,O=C1C[C@@H]2C[C@H](O)C[C@@H]2O1
O=C1CN2C=CC=CC2=N1,O=C1C[C@@H]2NCCC[C@@H]2N1
O=C1COCc2[nH]ccc21,O=C1C[C@@](O)(CF)CCO1
O=C1COc2ccncc21,O=C1C[C@H](O)C=C1CO
O=C1COc2ncccc21,O=C1C[C@H]2C=CC[C@@H]2O1
O=C1C[C@H]2C=CC=C[C@H]2C1,O=C1C[C@H]2C=C[C@@H](C1)O2
O=C1C[C@H]2CC=CC=C12,O=C1C[C@H]2CC=CC=C12
O=C1Cc2cccc(F)c21,O=C1C[C@H]2CCCCN2N1
O=C1Cc2ccccc2O1,O=C1C[C@H]2CC[C@@H](CN1)N2
O=C1Cc2cccn2C1,O=C1C[C@H]2CC[C@H](C1)C2F
O=C1Cc2ccncc2N1,O=C1C[C@H]2CC[C@H](C1)N2O
O=C1Cc2cncnc2N1,O=C1C[C@H]2CC[C@H]1C21CC1
O=C1Cc2ncccc2N1,O=C1C[C@H]2CNC[C@@H]2N1
O=C1Cc2ncccc2O1,O=C1C[C@H]2CN[C@@H](C1)C2
O=C1NC(=O)C(=O)NC1=O,O=C1C[C@H]2C[C@@H](O)[C@@H](C1)N2
O=C1NC=C2C(=O)NC=C12,O=C1C[C@H]2C[C@@H]3O[C@@H]3[C@@H]2C1
O=C1NC=C[C@H]2N=NC=C12,O=C1C[C@H]2C[C@H](O)[C@@H](C1)O2
O=C1NCCNC1=O,O=C1C[C@H]2C[C@H]1C[C@H]2CO
O=C1NCCc2[nH]ccc21,O=C1Cc2ccccc2C1
O=C1NCCc2c[nH]cc21,O=C1Cc2cccnc2N1
O=C1NCCc2cncn21,O=C1N=C(O)C(=O)C(=O)N1
O=C1NCCc2nc[nH]c21,O=C1N=C(O)N[C@@H](O)[C@H]1F
O=C1NCCc2occc21,O=C1N=C(O)[C@H]2CNC[C@H]12
O=C1NCCn2nccc21,O=C1N=CC(F)=C[C@H]1F
O=C1NCc2cnccc21,O=C1N=CC2(N=N2)C(=O)N1
O=C1NCc2nccn21,O=C1N=CC2=CC=NC2=N1
O=C1NCc2nccnc21,O=C1N=CC=C2N=CN=C12
O=C1N[C@@H]2C=CC=C[C@@H]12,O=C1N=CN=C2C=CO[C@@H]12
O=C1OCCOC1=O,O=C1N=CN=C2C=NN=C12
O=C1OCc2ccccc21,O=C1N=CN=C2NN=C[C@H]12
O=C1OCc2cn[nH]c21,O=C1N=NC(C2CC2)=N1
O=C1OCc2nonc21,O=C1N=N[C@@H]2C=NC=C[C@@H]12
O=C1O[C@@H]2C=CC=C[C@H]1C2,O=C1N=Nc2ccccc21
O=CC(=O)CO,O=C1NC(=O)C2=C1CCC2
O=CC(=O)[C@@H](O)[C@H](O)CO,O=C1NC(=O)N2CCC[C@@H]12
O=CC(=O)c1ccncc1,O=C1NC(=O)[C@@H]2CC[C@@H]2N1
O=CC1(n2nccn2)CC1,O=C1NC(=O)[C@H]2[C@H](CO)[C@@H]12
O=CC1=NN[C@H](C(F)F)C1,O=C1NC=C2C(=O)NC=C12
O=CC1=NOC2(COC2)C1,O=C1NC=C[C@H]2N=NC=C12
O=CC1=NO[C@@H]2COC[C@H]12,O=C1NC=N[C@H]2NC=N[C@H]12
O=CC1=NO[C@@H]2OCC[C@H]12,O=C1NCC2(CC2)O1
O=CC=O,O=C1NCC2=C1CC=CC2
O=CCCc1ccccn1,O=C1NCCCNC12CC2
O=CCCc1cnoc1,O=C1NCCN1C1CNC1
O=CCCc1nc[nH]n1,O=C1NCCNCC1(F)F
O=CCc1ccccc1F,O=C1NCC[C@@H]1OC(F)F
O=CCc1ccon1,O=C1NCCc2cncn21
O=CCc1ncccn1,O=C1NCCc2nc[nH]c21
O=CNCc1ccccc1,O=C1NCCc2oncc21
O=CNc1ccc(F)cc1,O=C1NCCn2nncc21
O=CNc1ccccc1O,O=C1NCN2CCC1CC2
O=CNc1ncn[nH]1,O=C1NCN=C2N=CN=C12
O=COc1ccccc1,O=C1NC[C@@H](C(F)(F)F)N1
O=C[C@H]1CCCC(=O)C1=O,O=C1NC[C@@H]2CCNC[C@@H]12
O=Cc1c(O)cccc1F,O=C1NC[C@@H]2CCO[C@H]12
O=Cc1c[nH]ccc1=O,O=C1NC[C@@H]2CC[C@@H]1O2
O=Cc1cc(=O)[nH]cc1F,O=C1NC[C@@H]2CNC[C@]12F
O=Cc1cc(=O)c(O)co1,O=C1NC[C@@H]2CN[C@H]1C2
O=Cc1cc(=O)nc[nH]1,O=C1NC[C@H]2CC[C@H]1CN2
O=Cc1cc(C(=O)O)c[nH]1,O=C1NC[C@]12CCCOC2
O=Cc1cc(C(F)F)[nH]n1,O=C1NCc2cnccc21
O=Cc1cc(C2CC2)n[nH]1,O=C1NCc2nccn21
O=Cc1cc(C2CC2)on1,O=C1NCc2nccnc21
O=Cc1cc(F)nc(F)c1,O=C1NN=C2CCC[C@@H]12
O=Cc1cc(F)ncc1F,O=C1NNC(=O)NN1
O=Cc1cc(O)cc(F)c1,O=C1NNCCO1
O=Cc1cc(O)ccc1O,O=C1N[C@@H]2C=CC=C[C@H]12
O=Cc1cc2n(n1)CCC2,O=C1N[C@@H]2C=CCC[C@H]12
O=Cc1cc[nH]c1C(=O)O,O=C1N[C@@H]2CCC[C@@H]3[C@@H]1[C@@H]32
O=Cc1ccc(C(F)F)o1,O=C1N[C@@H]2C[C@@H]2[C@H]2C[C@H]12
O=Cc1ccc(C2CC2)o1,O=C1N[C@@]2(CCNC2)CO1
O=Cc1ccc(C=O)nc1,O=C1N[C@H](CO)C[C@H]2C[C@@H]12
O=Cc1ccc(CF)cc1,O=C1N[C@H]2C=C[C@@H]1C2
O=Cc1ccc(CO)[nH]1,O=C1N[C@H]2CNCC[C@H]2O1
O=Cc1ccc(F)c(F)c1,O=C1N[C@H]2C[C@H](O)C[C@@H]1C2
O=Cc1ccc(F)cc1F,O=C1N[C@H]2NCCN[C@H]2N1
O=Cc1ccc2n1CCC2,O=C1N[C@H]2[C@H]3CC[C@@H](C3)[C@H]12
O=Cc1cccc(CF)n1,O=C1OCC2=C1CCNC2
O=Cc1cccc(O)c1O,O=C1OCCC12CCCC2
O=Cc1cccn1C1CC1,O=C1OCCC[C@H]1O
O=Cc1ccn(C2CC2)c1,O=C1OCC[C@H]2CCN[C@H]12
O=Cc1ccn(C2CC2)n1,O=C1OCN2CCNC[C@@H]12
O=Cc1ccnc(CO)c1,O=C1OC[C@@H]2CC=CC[C@H]12
O=Cc1ccnn1CCF,O=C1OC[C@@H]2C[C@@H]1C(=O)O2
O=Cc1ccoc1C(F)F,O=C1OC[C@@H]2[C@H](O)CCN12
O=Cc1cn(CCO)cn1,O=C1OCc2ccncc21
O=Cc1cn2c(n1)CCC2,O=C1OCc2nonc21
O=Cc1cn[nH]n1,O=C1O[C@@H]2C=CC=C[C@H]1C2
O=Cc1cncc(F)c1O,O=C1O[C@@H]2C=CC[C@H]2[C@H]1O
O=Cc1cnccn1,O=C1O[C@@H]2CCC[C@H]1O2
O=Cc1cnco1,O=C1O[C@H](CO)[C@@H](O)[C@H]1O
O=Cc1cnn(C(F)F)c1,O=C1O[C@H](F)[C@@H](F)O1
O=Cc1cnn2c1CCC2,O=C1O[C@H]2CCC[C@@H]1CC2
O=Cc1coc(C(F)F)n1,O=C1O[C@H]2CCN[C@H]1C2
O=Cc1cocc1CO,O=C1O[C@H]2CONC[C@H]2O1
O=Cc1cocn1,O=C1O[C@H]2C[C@@H]3C[C@@H]2[C@@H]1C3
O=Cc1conc1C1CC1,O=C1[C@@H]2CCC[C@@H]2N1CO
O=Cc1n[nH]c2c1CCC2,O=C1[C@@H]2CNC[C@H]1OC2
O=Cc1nc2c(o1)CCC2,O=C1[C@H]2CC=C[C@H]1CC2
O=Cc1nc[nH]n1,O=C1[C@H]2CCC[C@H]1COC2
O=Cc1ncc(O)cn1,O=C1[C@H]2CC[C@H]2[C@@H]2C[C@H]12
O=Cc1nccnn1,O=C1[C@H]2C[C@H]3CO[C@@H]1[C@H]3C2
O=Cc1ncoc1C1CC1,O=CC#CC(F)(F)F
O=Cc1nncn1C1CC1,O=CC(=O)/C=C\[C@H](O)CO
O=Cc1noc2c1COC2,O=CC(=O)c1cnccn1
O=Cc1occc1C1CC1,O=CC(C=O)C1CCCC1
O=Cn1ccnc1,O=CC(C=O)c1ncc[nH]1
O=N/C=C1/C=CC=CN1,O=CC(O)(O)C=O
O=NC(=O)C1=CNC=CN1,O=CC1(C(F)F)CCC1
O=NC1=C(NO)CCCC1,O=CC1(n2nccn2)CC1
O=NC=C1C=CNC=C1,O=CC12C3C4C5C3C1C5C42
O=NN(O)c1ccccc1,O=CC12CCC(CC1)CC2
O=NNc1nccnn1,O=CC1=NOC2(COC2)C1
O=Nc1c[nH]c(=O)[nH]c1=O,O=CC1=NO[C@H]2CCC[C@H]12
O=Nc1cccnc1N=O,O=CC1C2(CC2)C12CC2
O=Nn1ccnc1,O=CC1CC(C(F)(F)F)C1
O=c1[nH]c(O)nnc1F,O=CC1CC2(CCCC2)C1
O=c1[nH]c2ccccc2o1,O=CC=O
O=c1[nH]c2cccnc2[nH]1,O=CCC(=O)CC=O
O=c1[nH]c2ccncc2[nH]1,O=CCCC(F)(F)F
O=c1[nH]c2nonc2[nH]1,O=CCCC1OCCO1
O=c1[nH]cc[nH]c1=O,O=CCCCCC1CC1
O=c1[nH]ccc(F)c1F,O=CCCOC1CCCC1
O=c1[nH]ccc2[nH]ncc12,O=CCC[C@H]1CC=CCC1
O=c1[nH]ccc2c1CCN2,O=CCCc1cnoc1
O=c1[nH]ccc2c1CCO2,O=CCCc1nc[nH]n1
O=c1[nH]ccc2c1OCC2,O=CC[C@H]1CCCC12CC2
O=c1[nH]ccc2ccoc12,O=CCc1ccno1
O=c1[nH]ccc2cn[nH]c12,O=CN(CCO)CCO
O=c1[nH]ccc2occc12,O=CN1C=COCC1
O=c1[nH]cccc1C1CC1,O=CN1CC(=O)NC(=O)C1
O=c1[nH]cnc2[nH]cnc12,O=CN1CCC(CO)CC1
O=c1[nH]cnc2[nH]ncc12,O=CN1CCCNCC1
O=c1[nH]cnc2c1CCC2,O=CN1C[C@H]2CC[C@@H](C2)C1
O=c1[nH]cnc2c1CCN2,O=CNC(=O)/C=C\C(=O)O
O=c1[nH]cnc2c1CN=N2,O=CNC(NC=O)NC=O
O=c1[nH]cnc2ccoc12,O=CNC1=CCCCC1
O=c1[nH]cnc2cn[nH]c12,O=CNC1CC(F)(F)C1
O=c1[nH]cnc2occc12,O=CNCc1cccnc1
O=c1[nH]cnn2cncc12,O=CNc1ccc(O)cc1
O=c1[nH]ncc2[nH]cnc12,O=COC1CCCCCC1
O=c1[nH]nccc1CO,O=COCC(F)(F)C(F)F
O=c1[nH]ncn2cccc12,O=COCCCF
O=c1[nH]ncn2ccnc12,O=CON1C(=O)CCC1=O
O=c1[nH]oc2cnccc12,O=CO[C@@H]1C2C[C@@H]3C1[C@H]3C2
O=c1c(=O)c2ccccc12,O=CO[C@@H]1C=CCOCC1
O=c1oc2ccccc2o1,O=C[C@@H](F)[C@H](O)[C@H](O)CO
O=c1occcc1O,O=C[C@@H](O)[C@H](O)C=O
OC/C=C/c1ccncc1,O=C[C@@H]1CC[C@@H]2C[C@H]2C1
OC1(c2c[nH]nn2)CNC1,O=C[C@@H]1CC[C@H](C=O)O1
OC1(c2ccccc2)CC1,O=C[C@@H]1CC[C@H]2C[C@@H]1CO2
OC1(c2ccccn2)CC1,O=C[C@@H]1C[C@H]1c1ccco1
OC1(c2nc[nH]n2)CCC1,O=C[C@@H]1C[C@H]2C[C@H]1[C@@H]1C[C@@H]21
OC1(c2ncc[nH]2)CCC1,O=C[C@@H]1[C@@H]2CCC(F)(F)[C@@H]12
OC1(c2nnn[nH]2)CNC1,O=C[C@@H]1[C@H]2CCOC[C@@H]12
OC1=CN=NCC1,O=C[C@@]12CCCC[C@H]1C2
OC1=NC=N[C@@H]2N=CN[C@@H]12,O=C[C@H](O)/C(O)=C(\O)CO
OC1Cc2ccccc2C1,O=C[C@H](O)CN1CCCC1
OCC#Cc1cncnc1,O=C[C@H]1CCN(C2CC2)C1
OCC#Cc1ncccn1,O=C[C@H]1CN2CCC1CC2
OCC1=NN=CC1,O=C[C@H]1Cc2ccccc21
OCCC#Cc1cn[nH]c1,O=Cc1c(F)ncnc1F
OCCCc1ccoc1,O=Cc1cc(=O)[nH]cc1F
OCCCn1cnnc1,O=Cc1cc(C2CC2)no1
OCCNCc1cc[nH]n1,O=Cc1ccc(F)nc1F
OCCNc1ccccc1,O=Cc1ccc(O)c(F)c1
OCCNc1cnccn1,O=Cc1ccc(O)nn1
OCCOc1ccccc1,O=Cc1ccc2n1CCC2
OCCc1ccc(F)nc1,O=Cc1cccc(CF)n1
OCCc1ccc[nH]1,O=Cc1ccn(CCF)n1
OCCc1ncc(O)cn1,O=Cc1ccnn1C1CC1
OCCc1nccnn1,O=Cc1cn(CCO)nn1
OC[C@@H](O)Cn1cccc1,O=Cc1cn2c(n1)CCC2
OC[C@@H](O)c1cn[nH]n1,O=Cc1cncc(F)c1O
OC[C@@H]1CCc2nncn21,O=Cc1cnn(C(F)F)c1
OC[C@H]1CCc2ncnn21,O=Cc1cnn2c1CCC2
OC[C@H]1C[C@@H]1c1c[nH]cn1,O=Cc1coc(C(=O)O)c1
OC[C@H]1NCc2[nH]ncc21,O=Cc1coc(C(F)F)n1
OCc1[nH]nc2c1CCC2,O=Cc1cocc1CO
OCc1c(F)cncc1F,O=Cc1nc(C2CC2)n[nH]1
OCc1c[nH]c(C2CC2)n1,O=Cc1nc[nH]c1C(=O)O
OCc1c[nH]nc1CO,O=Cc1noc2c1CCC2
OCc1cc(C(F)F)n[nH]1,O=Cc1occc1C1CC1
OCc1cc(C2CC2)no1,O=N/C=C1/C=CC=CN1
OCc1ccc(F)cc1F,O=NC(=O)C1=CNC=CN1
OCc1ccc2c(c1)C=C2,O=NC(F)(F)F
OCc1ccc2c(c1)CC2,O=NC1=C(NO)CCCC1
OCc1cccc(O)c1F,O=NCNCCO
OCc1cccn1C1CC1,O=NN(CCO)CC(=O)O
OCc1ccn(C(F)F)n1,O=NN1CCC(=O)NC1=O
OCc1ccncc1CO,O=NN1CCC(F)(F)CC1
OCc1cn(CCF)nn1,O=NN1CCCCCC1=O
OCc1cnc(C2CC2)o1,O=NN1C[C@H]2CCC[C@H]2C1
OCc1cnc2n1CCC2,O=NNc1ccncc1
OCc1cnn(C2CC2)c1,O=NOCc1ccccc1
OCc1coc(C2CC2)n1,O=Nc1c[nH]c(=O)[nH]c1=O
OCc1coc(CO)c1,O=Nc1ccc(N=O)cc1
OCc1n[nH]c(CO)n1,O=Nc1cccnc1N=O
OCc1nc(F)ccc1F,O=c1[nH]c(O)nnc1F
OCc1nc[nH]c1CO,O=c1[nH]c2c([nH]1)CNCC2
OCc1nccn1C(F)F,O=c1[nH]c2c([nH]1)NON2
OCc1ncno1,O=c1[nH]c2ccccc2o1
OCc1nnc(O)[nH]1,O=c1[nH]c2cccnc2[nH]1
OCc1nnn2c1CCC2,O=c1[nH]c2nonc2[nH]1
OCc1nonc1CO,O=c1[nH]ccc2[nH]cnc12
ON1C2=CC=C[C@H]1C=C2,O=c1[nH]ccc2c1OCC2
ON=Cc1ccc[nH]1,O=c1[nH]cnc2c1CN=N2
O[C@@H]1/C=C\C=C/C/C=C\C1,O=c1[nH]cnc2cn[nH]c12
O[C@@H]1C(F)=CC=C[C@@H]1O,O=c1[nH]cnc2n[nH]nc12
O[C@@H]1CCCc2c[nH]nc21,O=c1[nH]cnc2ncnn12
O[C@@H]1CCCc2occc21,O=c1[nH]cnn2cncc12
O[C@@H]1CCc2cnccc21,O=c1[nH]nc(C2CC2)[nH]1
O[C@@H]1CCc2nc[nH]c2C1,O=c1[nH]nc2ccccn12
O[C@@H]1CCc2ncccc21,O=c1[nH]nc2n1CCCC2
O[C@@H]1CCn2ccnc2C1,O=c1[nH]ncn2cccc12
O[C@@H]1CCn2nccc2C1,O=c1[nH]nco1
O[C@H](c1ncn[nH]1)C1CC1,O=c1[nH]oc(=O)[nH]1
O[C@H]1C=CN=CN1,O=c1c(=O)c2ccccc12
O[C@H]1CCCc2[nH]cnc21,O=c1c(O)c(O)c(=O)c1=O
O[C@H]1CC[C@@H]1n1ccnc1,O=c1c(O)c[nH]cc1F
O[C@H]1CCc2[nH]ncc2C1,O=c1c2c(c1=O)NCCN2
O[C@H]1CCc2oncc2C1,O=c1cc(CO)[nH]cc1O
O[C@H]1CNc2ccnn2C1,O=c1cc(CO)ccn1O
O[C@H]1COc2ccccc21,O=c1cc(F)[nH]c(F)c1
O[C@H]1COc2nccn2C1,O=c1cc(NO)[nH]c(=O)[nH]1
O[C@H]1C[C@H](n2cnnc2)C1,O=c1cc(O)oc(CO)c1
O[C@H]1Cc2cccc(F)c21,O=c1cc2c(c[nH]1)CCN2
Oc1[nH]nc2c1CNCC2,O=c1cc2c(n[nH]1)CCC2
Oc1cc(C2CNC2)[nH]n1,O=c1cc2ccccn2[nH]1
Oc1cc(F)c(F)cc1F,O=c1cc[nH]c(=O)o1
Oc1cc(F)cc(F)c1O,O=c1cc[nH]c(C(F)F)c1
Oc1cc(O)c(O)cc1O,O=c1cc[nH]c2c1CCC2
Oc1cc2c(cn1)NCC2,O=c1cc[nH]c2ccnn12
Oc1cc2c(nn1)CNC2,O=c1cc[nH]c2ccoc12
Oc1cc2cc[nH]c2cn1,O=c1cc[nH]c2nccn12
Oc1cc2n(n1)CCCC2,O=c1cc[nH]n2cccc12
Oc1ccc(C(F)F)cn1,O=c1ccc(=O)n(CO)[nH]1
Oc1ccc(C(F)F)nn1,O=c1ccc(CCO)c[nH]1
Oc1ccc(C2CC2)cn1,O=c1ccc2[nH]ccc2[nH]1
Oc1ccc(F)c(F)c1F,O=c1ccc2c([nH]1)NCC2
Oc1ccc(F)cc1,O=c1ccc2cn[nH]c2[nH]1
Oc1ccc(F)cc1O,O=c1ccc2nccn2[nH]1
Oc1ccc(O)o1,O=c1cccc2n1CCN2
Oc1ccc([C@H]2CO2)cc1,O=c1ccccc(O)c1O
Oc1ccc2[nH]cnc2c1,O=c1ccccn1CCO
Oc1ccc2[nH]ncc2c1,O=c1ccn2[nH]ccc2n1
Oc1ccc2c(c1)CCO2,O=c1ccnc2nc[nH]n12
Oc1ccc2c(c1)CNC2,O=c1ccnc[nH]1
Oc1ccc2n[nH]nc2c1,O=c1nc(NF)cc[nH]1
Oc1ccc2ncnn2c1,O=c1ncc2c([nH]1)CNC2
Oc1ccc2ocnc2c1,O=c1nccc2[nH]ccn12
Oc1cccc(N2CC2)c1,O=c1ncn2nccc2[nH]1
Oc1cccc2[nH]ccc12,O=c1ncnc(O)[nH]1
Oc1cccc2c1CCN2,O=c1ncnc2cc[nH]n12
Oc1cccc2c1CCO2,O=c1nn[nH]c2nc[nH]c12
Oc1cccc2c1OCC2,O=c1occo1
Oc1cccc2cc[nH]c12,OC/C(F)=C1/CCCNC1
Oc1cccc2cnoc12,OC1(c2c[nH]nn2)CNC1
Oc1cccc2nc[nH]c12,OC1(c2ncc[nH]2)CCC1
Oc1cccc2ncoc12,OC1=C(O)c2ccccc21
Oc1cccc2occc12,OC1=CN=NCC1
Oc1ccccc1C1CC1,OC1=NC=N[C@@H]2N=CN[C@@H]12
Oc1cccn2nnnc12,OC1=NCCNC1
Oc1ccn2nccc2c1,OCC#Cc1cncnc1
Oc1ccn2ncnc2n1,OCC(CO)=NO
Oc1ccnc(O)c1,OCC1(CO)CC=CC1
Oc1ccnc2[nH]cnc12,OCC1(CO)CCC=CO1
Oc1ccnc2c1CNC2,OCC1=C(CO)CC=CC1
Oc1ccnc2cn[nH]c12,OCC1=C(O)C[C@@H](O)O1
Oc1ccnc2ncnn12,OCC1=Cc2ccccc21
Oc1ccnn2cccc12,OCC1=NN=CC1
Oc1ccoc1O,OCC1CC(=NO)C1
Oc1cn2ccccc2n1,OCC1CCC=CCC1
Oc1cnc(C2CC2)nc1,OCC=C1CCCCCC1
Oc1cnc(CF)cc1O,OCCC#Cc1cn[nH]c1
Oc1cnc(F)cc1F,OCCCC1=CCC=CC1
Oc1cnc2[nH]ccc2c1,OCCCCC=NO
Oc1cnc2[nH]cnc2c1,OCCCCn1ccnc1
Oc1cnc2c(c1)CCN2,OCCCc1ccnnc1
Oc1cnc2ccoc2c1,OCCN1CCC=N1
Oc1cnc2cn[nH]c2n1,OCCN1C[C@H]2C=C[C@H]1C2
Oc1cnccc1C(F)F,OCCNc1ccccc1
Oc1cnn(CC(F)F)c1,OCCNc1cnccn1
Oc1cnn2c1CNCC2,OCCOc1ccccn1
Oc1cnnc2[nH]ccc12,OCCc1nccnn1
Oc1cnnc2ccnn12,OCCn1ccnc1CO
Oc1coc2cccnc12,OC[C@@H](O)c1cn[nH]n1
Oc1n[nH]c2c1CCCC2,OC[C@@H]1CC=C[C@@H]1O
Oc1n[nH]c2ccncc12,OC[C@@H]1CCc2ncnn21
Oc1n[nH]c2ncccc12,OC[C@H](O)Cn1cccc1
Oc1nc(C(F)(F)F)no1,OC[C@H]1NCc2[nH]ncc21
Oc1nc(C2CC2)no1,OC[C@H]1N[C@H]2C=C[C@H]1C2
Oc1nc(F)c(F)cc1F,OCc1[nH]nc2c1CCC2
Oc1ncc(O)c(O)n1,OCc1c[nH]c(C2CC2)n1
Oc1nccc2cccn12,OCc1cc(O)ccc1O
Oc1nccc2nncn12,OCc1cc2n(n1)CCO2
Oc1nccn2cnnc12,OCc1ccccc1CF
Oc1ncnc(CF)c1F,OCc1ccn(C2CC2)n1
Oc1ncnc2nncn12,OCc1ccoc1C(F)F
Oc1ncnn2ccnc12,OCc1cnc2n1CCC2
Oc1nnc(C(F)(F)F)o1,OCc1coc(CO)c1
Oc1nnc2n1NCCC2,OCc1coc(CO)n1
Oc1nncc2c[nH]nc12,OCc1n[nH]c(CO)n1
Oc1nncc2ccnn12,OCc1nc(F)ccc1F
Oc1nncn2nccc12,OCc1nnc(C2CC2)o1
Oc1nnnc2n[nH]cc12,OCc1nnn2c1CCC2
Oc1nnnn1C1CCC1,ON/C=C1\C=CC=N1
Oc1noc2c1CCNC2,ON1C2=CC=C[C@H]1C=C2
Oc1noc2ccccc12,ON1Cc2ccccc2C1
c1[nH]cc2c1CCCC2,ON=C(C1CC1)C1CC1
c1[nH]cc2c1OCCCO2,ON=C1CCCC[C@@H]1NO
c1[nH]nc2c1CCNCC2,ON=C1COCO1
c1[nH]nc2c1CCOC2,ON=C[C@H]1CCCO1
c1[nH]nc2c1CNCCC2,ON=Cc1ccccc1F
c1[nH]nc2c1NCCCC2,ONC1=NCCOC1
c1c2c(cc3c1CC3)CC2,O[C@@H](c1ncn[nH]1)C1CC1
c1c[nH]c(C2=NCCC2)c1,O[C@@H]1C(F)=CC=C[C@@H]1O
c1c[nH]c(CNC2CC2)c1,O[C@@H]1C=C2CC[C@@H]1C2
c1c[nH]c(CNC2CC2)n1,O[C@@H]1C=CNN1
c1c[nH]c([C@H]2CCCN2)c1,O[C@@H]1C=C[C@H]2C[C@@H]2CCC1
c1c[nH]cn1,O[C@@H]1CC/C=C/CCC1
c1cc(C2CC2)co1,O[C@@H]1CC=CCCOC1
c1cc(C2CCCC2)n[nH]1,O[C@@H]1CCC1=C1CCC1
c1cc(C2CNC2)on1,O[C@@H]1CCCc2c[nH]nc21
c1cc(CNC2CC2)co1,O[C@@H]1CCCn2cnnc21
c1cc(C[C@H]2CO2)ccn1,O[C@@H]1CCc2cccnc21
c1cc2[nH]ccc2cn1,O[C@@H]1CCc2nc[nH]c2C1
c1cc2[nH]ccn2n1,O[C@@H]1Cc2cccc(F)c21
c1cc2c([nH]1)CCCNC2,O[C@@H]1[C@@H]2CC=C[C@@H]1CC2
c1cc2c(cn1)CCCO2,O[C@@H]1[C@H](O)[C@@H](O)C=C[C@H]1O
c1cc2c(cn1)COC2,O[C@@]12C=C[C@H](CCCC1)O2
c1cc2c(cn1)NCCN2,O[C@H]1C/C=C\CCCCC1
c1cc2c(nn1)CCNC2,O[C@H]1C=CC=CCC=CC1
c1cc2c(o1)CNCC2,O[C@H]1C=CCCCC[C@@H]1O
c1cc2cc[nH]c2nn1,O[C@H]1C=CCOC1
c1cc2ccoc2cn1,O[C@H]1C=CN=CN1
c1cc2cn[nH]c2cn1,O[C@H]1C=C[C@@H]2C[C@@H]2[C@H]2C[C@H]21
c1cc2n(c1)CCCN2,O[C@H]1C=C[C@H](F)C1
c1cc2n(c1)CCCNC2,O[C@H]1C=C[C@H]2CO[C@H]1O2
c1cc2n(n1)CCCNC2,O[C@H]1CCC2=CCC[C@H]21
c1cc2nc[nH]c2cn1,O[C@H]1CCC[C@]12C=CCO2
c1cc2ocnc2cn1,O[C@H]1CC[C@H]1n1ccnc1
c1cc[nH]c1,O[C@H]1CNc2ccnn2C1
c1ccc(C2=NC2)cc1,O[C@H]1COc2cnccc21
c1ccc(C2CC2)nc1,O[C@H]1COc2nccn2C1
c1ccc(C2COC2)cc1,O[C@H]1C[C@H](n2cnnc2)C1
c1ccc(C[C@H]2CN2)cc1,O[C@]1(C(F)(F)F)CC=NO1
c1ccc([C@@H]2CCN2)cc1,Oc1[nH]cc2ncccc12
c1ccc2[nH]ccc2c1,Oc1cc(C(F)(F)F)no1
c1ccc2[nH]nnc2c1,Oc1cc(C(F)F)[nH]n1
c1ccc2c(c1)CCCN2,Oc1cc(C2CNC2)on1
c1ccc2c(c1)CCNC2,Oc1cc(F)c(O)c(F)c1
c1ccc2c(c1)CCOC2,Oc1cc(O)c(O)cc1O
c1ccc2c(c1)CNCO2,Oc1cc2c(cn1)NCC2
c1ccc2c(c1)CNN2,Oc1cc2cc[nH]c2cn1
c1ccc2c(c1)CNOC2,Oc1cc2ccccc2o1
c1ccc2c(c1)C[C@H]1O[C@@H]21,Oc1cc2n(n1)CCCC2
c1ccc2c(c1)NCN2,Oc1ccc(F)c(O)c1F
c1ccc2c(c1)OCCO2,Oc1ccc2c(c1)CNC2
c1ccc2ccccc2c1,Oc1ccc2cnoc2c1
c1ccc2ncncc2c1,Oc1ccc2nncn2c1
c1ccc2nnccc2c1,Oc1ccc2ocnc2c1
c1ccc2nncnc2c1,Oc1cccc2[nH]ccc12
c1ccc2nocc2c1,Oc1cccc2c1CNC2
c1ccc2occc2c1,Oc1cccc2c1OCO2
c1ccc2oncc2c1,Oc1cccc2ccoc12
c1ccccc1,Oc1cccc2n[nH]nc12
c1ccn(CC[C@H]2CO2)c1,Oc1ccccc1[C@@H]1CO1
c1ccn([C@@H]2CCNC2)c1,Oc1cccn2nnnc12
c1ccn2nncc2c1,Oc1ccn2nccc2c1
c1ccnnc1,Oc1ccn2ncnc2n1
c1ccoc1,Oc1ccnc2[nH]cnc12
c1cn(CC2CC2)nn1,Oc1ccnc2c1CCN2
c1cn(CC2CNC2)cn1,Oc1ccnn2cccc12
c1cn2c(n1)CCCCC2,Oc1cn2ccccc2n1
c1cn2c(n1)CNCCC2,Oc1cnc(CF)cc1O
c1cn2c(n1)COCC2,Oc1cnc2[nH]cnc2c1
c1cn2c(n1)NCC2,Oc1cnc2ccnn2c1
c1cn2cc[nH]c2n1,Oc1cnc2cn[nH]c2n1
c1cn2cncc2cn1,Oc1cncc2cc[nH]c12
c1cn2cnnc2cn1,Oc1cnn(CC2CC2)c1
c1cn2ncnc2cn1,Oc1cnn2c1CNCC2
c1cn[nH]c1,Oc1cnnc2[nH]ccc12
c1cn[nH]n1,Oc1coc2ccccc12
c1cnc(C2CNC2)cn1,Oc1n[nH]c2ccncc12
c1cnc(C2CNC2)nc1,Oc1nc2cccnc2o1
c1cnc(NC2CC2)nc1,Oc1ncc(O)c(O)n1
c1cnc2[nH]ccc2n1,Oc1nccc2nccn12
c1cnc2[nH]cnc2n1,Oc1ncnc(CF)c1F
c1cnc2[nH]ncc2c1,Oc1ncnc2nncn12
c1cnc2c(c1)CCCO2,Oc1nnc2n1NCCC2
c1cnc2c(c1)CNC2,Oc1nncc2c[nH]nc12
c1cnc2c(c1)OCCC2,Oc1nncc2ccnn12
c1cnc2c(c1)OCCN2,Oc1nncc2occc12
c1cnc2c(n1)CCCC2,Oc1nncn2nccc12
c1cnc2c(n1)CNC2,Oc1nnnc2n[nH]cc12
c1cnc2c(n1)NCCN2,Oc1nnnn1C1CCC1
c1cnc2cc[nH]c2c1,Oc1noc2c1CCNC2
c1cnc2ccnn2c1,On1nnc2cccnc21
c1cnc2ccoc2c1,c1[nH]cc2c1OCCCO2
c1cnc2cnccc2c1,c1[nH]nc2c1CNCCC2
c1cnc2n[nH]nc2n1,c1[nH]nc2c1NCCCC2
c1cnc2nc[nH]c2c1,c1c/c(=N/C2CC2)cn[nH]1
c1cnc2nccnc2c1,c1c[nH]c([C@H]2CCOC2)n1
c1cnc2ncoc2c1,c1c[nH]cn1
c1cnc2nnnn2c1,c1cc(C2=NCCN2)co1
c1cnc2occc2c1,c1cc(C2CC2)on1
c1cnc2ocnc2c1,c1cc(CNC2CC2)co1
c1cncc(NC2CC2)c1,c1cc(C[C@@H]2CO2)ccn1
c1cnccn1,c1cc2c([nH]1)CCCNC2
c1cncnc1,c1cc2c(cn1)CCCO2
c1cnn(C2CCCC2)c1,c1cc2c(o1)CNCC2
c1cnn(C2CNC2)n1,c1cc2cc[nH]c2nn1
c1cnn(C[C@H]2CO2)c1,c1cc2cnccn2c1
c1cnn2nnnc2n1,c1cc2cnncc2o1
c1cnnc([C@H]2CCN2)c1,c1cc2n(n1)CCCNC2
c1cnncn1,c1cc[nH]c1
c1cnoc1,c1ccc(C2CNC2)nc1
c1cnon1,c1ccc(C[C@H]2CN2)cc1
c1coc(C2=NCCC2)c1,c1ccc2[nH]nnc2c1
c1coc(C2OCCO2)c1,c1ccc2c(c1)CCOC2
c1coc([C@@H]2CCCN2)n1,c1ccc2c(c1)CNCO2
c1coc([C@@H]2CCNC2)c1,c1ccc2c(c1)NCCO2
c1cocn1,c1ccc2cnccc2c1
c1n[nH]c2c1CCCCC2,c1ccc2nncnc2c1
c1n[nH]c2c1CCCN2,c1ccc2nocc2c1
c1n[nH]c2c1CCNC2,c1ccn(C2CC2)c1
c1n[nH]c2c1COC2,c1ccn(CC[C@H]2CO2)c1
c1n[nH]c2c1[C@H]1CC[C@H]2C1,c1ccn2nncc2c1
c1n[nH]cc1OC1CCC1,c1ccncc1
c1n[nH]cc1[C@@H]1CCOC1,c1ccoc1
c1n[nH]nc1[C@@H]1CCNC1,c1cn(CC2CNC2)nn1
c1nc(C2CCC2)n[nH]1,c1cn2c(n1)NCCCC2
c1nc(CNC2CC2)c[nH]1,c1cn[nH]c1
c1nc([C@H]2CCNC2)no1,c1cn[nH]n1
c1nc2c([nH]1)CCNCC2,c1cnc2c(n1)NCCN2
c1nc2c([nH]1)CCOC2,c1cnc2ccoc2c1
c1nc2c([nH]1)CNC2,c1cnc2n[nH]nc2n1
c1nc2c([nH]1)NON2,c1cnc2ncncc2n1
c1nc2c(o1)CCNC2,c1cnn(C2CNC2)n1
c1nc2n(n1)CCC2,c1cnn2nnnc2n1
c1nc[nH]n1,c1cnnc(NC2CC2)c1
c1ncc(C2CNC2)cn1,c1cnncn1
c1ncc([C@H]2CCCO2)[nH]1,c1cnnnc1
c1ncc2[nH]cnc2n1,c1cnoc1
c1ncc2[nH]ncc2n1,c1cnon1
c1ncc2c(n1)CCCC2,c1coc(C2=NCCC2)c1
c1ncc2c(n1)NCCN2,c1cocn1
c1ncc2n[nH]nc2n1,c1n[nH]c2c1CCCCC2
c1ncc2ncoc2n1,c1n[nH]cc1C1CCCC1
c1ncn(C2CNC2)n1,c1nc([C@H]2CCNC2)no1
c1ncn2c1CNCC2,c1nc2cnncc2[nH]1
c1nn[nH]c1C1CC1,c1nc[nH]n1
c1nn[nH]n1,c1ncc([C@@H]2CCCO2)[nH]1
c1nnc(NC2CC2)o1,c1ncc2[nH]cnc2n1
c1nnc2n1CCNCC2,c1ncc2ncoc2n1
c1nnc2n1NCCC2,c1ncn(C2CCCC2)n1
c1nncnn1,c1ncn2c1CCNCC2
c1nnco1,c1ncncn1
c1nnn2c1CCCC2,c1nn[nH]n1
c1nnnn1C1CC1,c1nnco1
c1noc2c1CNCC2,c1nnnn1C1CC1
c1noc2c1[C@H]1CC[C@H]2C1,c1noc2c1[C@H]1CC[C@H]2C1
c1onc2c1CNC2,c1onc2c1CNC2
