Diene,Ene,Diene_Indexs,Ene_Indexs
C=CC=C,CC(C)=C(C)C(C)C,2209,2790
C=CC=C,O=C1CCC=CCC1,2209,5416
C=CC=C,c1ncncn1,2209,5938
C=CC=C,c1nn[nH]n1,2209,5941
C=CC=C,CC(C)(C)C1C=CC=C1,2209,8614
C=CC=C,CC1(C)CCC=N1,2209,8856
C=CC=C,CC1=CC(C)=C(C)[C@@H]1C,2209,9004
C=CC=C,NNC1=CC(=O)OC1,2209,11157
C=CC=C,c1cn[nH]n1,2209,11867
C=CC=C,c1cnncn1,2209,11875
C=CC=C,c1nc[nH]n1,2209,11887
C=CC=C,C/C=C/C,2209,11932
C=CC=C,C1=CCCC=C1,2209,11944
C=CC=C,C1=C/CCCCCC/1,2209,11955
C=CC=C,C#CC1=CCCC1=O,2209,11959
C=CC=C,C#Cc1ccc[nH]1,2209,11970
C=CC=C,C#Cc1ccoc1C,2209,11977
C=CC=C,C/C(=C\N=O)NO,2209,11985
C=CC=C,C/C=C/C#CCCO,2209,12002
C=CC=C,C/C=C/CNCCO,2209,12013
C=CC=C,C/C=C/C[C@H](N)CO,2209,12014
C=CC=C,C/C=C/n1cccc1,2209,12019
C=CC=C,C/C=C\C(F)=C(F)F,2209,12021
C=CC=C,C/C=N/CC(F)(F)F,2209,12026
C=CC=C,C/N=C(\NN)N(C)C,2209,12034
C=CC=C,C1=CC2(C=C1)CC2,2209,12037
C=CC=C,C1=CC2CCC1CC2,2209,12039
C=CC=C,C1=CC=CC=CC=C1,2209,12040
C=CC=C,C1=CCC2(C1)CNC2,2209,12042
C=CC=C,C1=CCNC1,2209,12046
C=CC=C,C1=CCOCOC1,2209,12048
C=CC=C,C1=CC[C@H]2C[C@H]2C1,2209,12051
C=CC=C,C1=CNCC1,2209,12052
C=CC=C,C1=CNNC1,2209,12053
C=CC=C,C1=COCN1,2209,12055
C=CC=C,C1=C[C@H]2NC[C@@H]2C1,2209,12063
C=CC=C,C1=NCCCN1,2209,12067
C=CC=C,C1=NCCO1,2209,12068
C=CC=C,C1=NC[C@H]2CCC[C@@H]12,2209,12069
C=CC=C,C1=NNCC1,2209,12070
C=CC=C,C1CC1c1nn[nH]n1,2209,12071
C=CC=C,C1NCC2=C1CNC2,2209,12076
C=CC=C,C=C(C)C1=NCCO1,2209,12085
C=CC=C,C=C(C1CC1)C1CC1,2209,12095
C=CC=C,C=C(CNC)OCC,2209,12100
C=CC=C,C=C/C=C/CC(=O)O,2209,12113
C=CC=C,C=C/C=C\OC(C)=O,2209,12122
C=CC=C,C=C/C=N/N=C(/C)N,2209,12123
C=CC=C,C=C1C2C3C2C2C1C32,2209,12124
C=CC=C,C=C1C=CC(=O)O1,2209,12125
C=CC=C,C=C1CC(NC)C1,2209,12130
C=CC=C,C=C1CCCC(=O)O1,2209,12132
C=CC=C,C=C1CCCNC1=O,2209,12134
C=CC=C,C=C1CCN(C)CC1,2209,12137
C=CC=C,C=C1COC(=C)CO1,2209,12141
C=CC=C,C=C1COC[C@@H]1N,2209,12142
C=CC=C,C=C1OCCCCO1,2209,12148
C=CC=C,C=C=C1CCCCC1,2209,12149
C=CC=C,C=C=COC,2209,12154
C=CC=C,C=CC(=C)OC,2209,12159
C=CC=C,C=CC(=N)N,2209,12160
C=CC=C,C=CC1=CC=CC1,2209,12183
C=CC=C,C=CC1OCCO1,2209,12186
C=CC=C,C=CCC[C@@H](O)CN,2209,12200
C=CC=C,C=CCNCC#CC,2209,12207
C=CC=C,C=CNC=O,2209,12228
C=CC=C,C=COC=O,2209,12232
C=CC=C,C=CON=C(C)C,2209,12235
C=CC=C,C=C[C@@H](C)N1CCC1,2209,12237
C=CC=C,C=C[C@@H]1CC1(F)F,2209,12242
C=CC=C,C=C[C@H](O)[C@H]1CO1,2209,12250
C=CC=C,C=C[C@H]1CNC[C@H]1O,2209,12252
C=CC=C,C=Cc1ccn[nH]1,2209,12256
C=CC=C,C=Cc1nn[nH]n1,2209,12263
C=CC=C,C=Cn1ccnc1C,2209,12267
C=CC=C,C=Cn1cnnn1,2209,12269
C=CC=C,C=Cn1nnc(N)n1,2209,12270
C=CC=C,C=NC1C=CCC=C1,2209,12273
C=CC=C,C=NCC#N,2209,12275
C=CC=C,C=NN=C,2209,12278
C=CC=C,CC(=O)C=C1CNC1,2209,12296
C=CC=C,CC(C)=C1C=CC=C1,2209,12319
C=CC=C,CC(C)=CN(C)C,2209,12324
C=CC=C,CC(C)=CN1CCC1,2209,12325
C=CC=C,CC(C)C1C=CC=C1,2209,12331
C=CC=C,CC(C)OC=N,2209,12333
C=CC=C,CC(C)n1cnnc1,2209,12342
C=CC=C,CC/C=C/[C@H]1CO1,2209,12354
C=CC=C,CC/C=C1/CCNC1,2209,12355
C=CC=C,CC1(C)CN=CN1,2209,12367
C=CC=C,CC1(CO)C=CC=C1,2209,12373
C=CC=C,CC1=C(C)CONC1,2209,12377
C=CC=C,CC1=C(C)[C@@H](C)CC1,2209,12379
C=CC=C,CC1=C(O)C(=O)C=C1,2209,12380
C=CC=C,CC1=CC(=O)NON1,2209,12386
C=CC=C,CC1=CC=NC(=O)C1,2209,12390
C=CC=C,CC1=CCC=C(C)C1,2209,12392
C=CC=C,CC1=CCCO1,2209,12396
C=CC=C,CC1=CCNC(=O)O1,2209,12397
C=CC=C,CC1=CC[C@H](C)NC1,2209,12399
C=CC=C,CC1=NC(=O)CON1,2209,12406
C=CC=C,CC1=NCCN=C1C,2209,12409
C=CC=C,CC1=NOC(=O)[C@H]1C,2209,12414
C=CC=C,CC=C=C(C)CN,2209,12422
C=CC=C,CC=C=CCCO,2209,12423
C=CC=C,CCC/N=C(/C)NO,2209,12433
C=CC=C,CCC1=C(C)CCC1,2209,12434
C=CC=C,CCC1=CCC(C)=C1,2209,12437
C=CC=C,CCC1=NOCCO1,2209,12438
C=CC=C,CCCC/C(F)=C\F,2209,12443
C=CC=C,CCO/C=C/C(=N)N,2209,12463
C=CC=C,CC[C@@H]1COC(C)=N1,2209,12476
C=CC=C,CN(C)/C=C/N,2209,12515
C=CC=C,CN(C)/N=C/C=O,2209,12516
C=CC=C,CN(C)n1cccc1,2209,12524
C=CC=C,CN1C=NN(C)C=N1,2209,12532
C=CC=C,CN1CCC=CCC1,2209,12538
C=CC=C,CN1CCN(C)C1=N,2209,12539
C=CC=C,CNC(=N)CCOC,2209,12543
C=CC=C,CNC/C=C\CNC,2209,12550
C=CC=C,CNc1cnn[nH]1,2209,12572
C=CC=C,CNc1cnoc1C,2209,12573
C=CC=C,CO/C(C)=N/C1CC1,2209,12586
C=CC=C,CO/C=C(\F)CO,2209,12588
C=CC=C,CO/N=C/CC#N,2209,12593
C=CC=C,CO/N=C/NOC,2209,12594
C=CC=C,COC1=CCCN1,2209,12612
C=CC=C,COC=C1COC1,2209,12613
C=CC=C,COCOCC(=N)N,2209,12616
C=CC=C,COc1ccc(O)o1,2209,12636
C=CC=C,C[C@@H]1CC=CC[C@H]1N,2209,12671
C=CC=C,C[C@H](C(=N)N)C1CC1,2209,12679
C=CC=C,C[C@H]1C=C[C@H](C)N1,2209,12693
C=CC=C,C[C@H]1CC(N)=NN1C,2209,12695
C=CC=C,C[C@H]1CCNC(=N)C1,2209,12697
C=CC=C,C[C@]12CC=CC[C@H]1O2,2209,12700
C=CC=C,Cc1c(N)o[nH]c1=O,2209,12709
C=CC=C,Cc1c[nH]c(C)c1,2209,12712
C=CC=C,Cc1ccoc1,2209,12784
C=CC=C,Cc1cnc(C)n1C,2209,12799
C=CC=C,Cc1cnc(F)nc1,2209,12804
C=CC=C,Cc1cnnc(N)n1,2209,12818
C=CC=C,Cc1coc(C)n1,2209,12825
C=CC=C,Cc1coc(O)c1,2209,12830
C=CC=C,Cc1nc(C=O)no1,2209,12848
C=CC=C,Cc1ncc(O)[nH]1,2209,12861
C=CC=C,Cc1ncoc1C=O,2209,12875
C=CC=C,Cc1nnn(N)c1C,2209,12890
C=CC=C,Cc1onc(O)c1C,2209,12913
C=CC=C,Cn1cnc(C#N)n1,2209,12950
C=CC=C,Cn1cnn(C)c1=N,2209,12961
C=CC=C,Cn1ncnn1,2209,12981
C=CC=C,F/C=C/CF,2209,12994
C=CC=C,F/C=C\C(F)F,2209,12996
C=CC=C,FC(F)=C=C(F)F,2209,12997
C=CC=C,FC(F)=CC=C(F)F,2209,12998
C=CC=C,FC(F)c1cnco1,2209,13000
C=CC=C,FC1(F)C=CC1(F)F,2209,13004
C=CC=C,FC1=CCCNC1,2209,13005
C=CC=C,Fc1ccnc(F)c1,2209,13018
C=CC=C,N#CC(/C=N/O)=N\O,2209,13032
C=CC=C,N#CC(=N)C(=N)C#N,2209,13033
C=CC=C,N#CCn1nccn1,2209,13053
C=CC=C,N#C[C@@H]1CCCC1=N,2209,13056
C=CC=C,N#Cc1ncco1,2209,13085
C=CC=C,N#Cn1ccnc1,2209,13092
C=CC=C,N/N=C/C=N/N,2209,13096
C=CC=C,N=C1CCC(=N)N1,2209,13117
C=CC=C,N=C1NCNC(=O)N1,2209,13119
C=CC=C,N=C1NN=C(N)NN1,2209,13120
C=CC=C,N=c1ccn(O)cc1,2209,13122
C=CC=C,NC(=O)[C@@H]1C=CCN1,2209,13129
C=CC=C,NC(=O)n1cccc1,2209,13140
C=CC=C,NC(N)=NC=O,2209,13141
C=CC=C,NC1=C(N)CCCC1,2209,13144
C=CC=C,NC1=C(N)NCNC1,2209,13145
C=CC=C,NC1=CC=C(CO)C1,2209,13148
C=CC=C,NC1=CC=CCO1,2209,13149
C=CC=C,NC1=CC=NCN1,2209,13150
C=CC=C,NC1=CCNN1,2209,13152
C=CC=C,NC1=NC(=O)C=N1,2209,13154
C=CC=C,NC1=NC(=O)CN1,2209,13155
C=CC=C,NC1=NCCCO1,2209,13160
C=CC=C,NC1=NN=CNN1,2209,13161
C=CC=C,NC1=NNCC1,2209,13162
C=CC=C,NC1CC2(C1)N=N2,2209,13165
C=CC=C,NCC1=CCCOC1,2209,13167
C=CC=C,NCC1=NCCCN1,2209,13168
C=CC=C,NCCC1CC=CC1,2209,13171
C=CC=C,NCCc1ncno1,2209,13179
C=CC=C,NCCn1cnnc1,2209,13182
C=CC=C,NC[C@H]1C=CN=N1,2209,13184
C=CC=C,NCc1cnon1,2209,13193
C=CC=C,NN1CC(=O)N=N1,2209,13199
C=CC=C,NN=C(NN)NN,2209,13200
C=CC=C,NNc1nc(N)n[nH]1,2209,13211
C=CC=C,N[C@H]1N=CC=NC1=O,2209,13225
C=CC=C,N[C@H]1N=NNN1,2209,13226
C=CC=C,Nc1[nH]nc(O)c1N,2209,13227
C=CC=C,Nc1ccc(F)nn1,2209,13239
C=CC=C,Nc1nnnnn1,2209,13308
C=CC=C,Nc1noc(N)n1,2209,13309
C=CC=C,Nn1[nH]nnc1=O,2209,13312
C=CC=C,O/C=C/C1CC1,2209,13320
C=CC=C,O/N=C/c1cc[nH]n1,2209,13324
C=CC=C,O/N=N/O,2209,13331
C=CC=C,O=C(O)/N=N/C(=O)O,2209,13337
C=CC=C,O=C(O)C1=NOCC1,2209,13346
C=CC=C,O=C(O)[C@H]1CCC=N1,2209,13352
C=CC=C,O=C(O)n1nccn1,2209,13363
C=CC=C,O=C1C(=O)C(O)C1=O,2209,13364
C=CC=C,O=C1C=C(O)COC1,2209,13366
C=CC=C,O=C1C=CC(=O)N1,2209,13368
C=CC=C,O=C1C=CN=N1,2209,13374
C=CC=C,O=C1C=CNC(=O)C1,2209,13375
C=CC=C,O=C1C=COCC1,2209,13376
C=CC=C,O=C1C=C[C@H](O)OC1,2209,13378
C=CC=C,O=C1C=NC=NC1,2209,13379
C=CC=C,O=C1CC=COC1,2209,13381
C=CC=C,O=C1CC=NN1,2209,13382
C=CC=C,O=C1CCC1=O,2209,13384
C=CC=C,O=C1CCCC=C1O,2209,13385
C=CC=C,O=CC=O,2209,13402
C=CC=C,O=CCc1ccno1,2209,13404
C=CC=C,O=CN1C=COCC1,2209,13408
C=CC=C,O=c1[nH]nco1,2209,13442
C=CC=C,O=c1cc[nH]c(=O)o1,2209,13446
C=CC=C,O=c1ncnc(O)[nH]1,2209,13457
C=CC=C,O=c1occo1,2209,13459
C=CC=C,OC1=CN=NCC1,2209,13463
C=CC=C,OC1=NCCNC1,2209,13464
C=CC=C,OCC1=NN=CC1,2209,13471
C=CC=C,OCC1CC(=NO)C1,2209,13472
C=CC=C,OCCCCC=NO,2209,13473
C=CC=C,OCCN1CCC=N1,2209,13474
C=CC=C,OC[C@@H]1CC=C[C@@H]1O,2209,13486
C=CC=C,ON/C=C1\C=CC=N1,2209,13497
C=CC=C,ONC1=NCCOC1,2209,13501
C=CC=C,O[C@@H]1C=CNN1,2209,13506
C=CC=C,O[C@H]1C=CCOC1,2209,13510
C=CC=C,c1c[nH]cn1,2209,13536
C=CC=C,c1cc(C2CC2)on1,2209,13540
C=CC=C,c1cc[nH]c1,2209,13544
C=CC=C,c1ccn(C2CC2)c1,2209,13546
C=CC=C,c1ccncc1,2209,13547
C=CC=C,c1ccoc1,2209,13549
C=CC=C,c1cn[nH]c1,2209,13554
C=CC=C,c1cnnnc1,2209,13558
C=CC=C,c1cnoc1,2209,13559
C=CC=C,c1cnon1,2209,13560
C=CC=C,c1cocn1,2209,13561
C=CC=C,c1nnco1,2209,13575
C=CC=C,c1nnnn1C1CC1,2209,13576
C=CC=C,c1onc2c1CNC2,2209,13577
C=CC=C,C#C/C(C)=C/CO,2209,13578
C=CC=C,C#C/C=C(\C)C(C)(C)C,2209,13579
C=CC=C,C#C/C=C/C#C,2209,13580
C=CC=C,C#CC(=O)NC(C)C,2209,13581
C=CC=C,C#CC(C)(C)OC(C)=O,2209,13582
C=CC=C,C#CC(C)(C)n1cccc1,2209,13583
C=CC=C,C#CC1=CC(=NO)CCC1,2209,13584
C=CC=C,C#CC1CCC(C=O)CC1,2209,13585
C=CC=C,C#CCC(=C)C(=O)OCC,2209,13586
C=CC=C,C#CCCC1(CCN)N=N1,2209,13587
C=CC=C,C#CCCCC1=NCCO1,2209,13588
C=CC=C,C#CCCCC=C,2209,13589
C=CC=C,C#CCCCCCC(=O)O,2209,13590
C=CC=C,C#CCCNC(=O)C1CC1,2209,13591
C=CC=C,C#CCC[C@@H]1CCC(=O)C1,2209,13592
C=CC=C,C#CCCc1ccccc1,2209,13594
C=CC=C,C#CCCn1cncn1,2209,13595
C=CC=C,C#CCNC(=O)CNCC,2209,13597
C=CC=C,C#CCNC(=O)NC1CC1,2209,13598
C=CC=C,C#CCOCC1(CO)N=N1,2209,13599
C=CC=C,C#CCOCCOC(C)=O,2209,13600
C=CC=C,C#CCO[C@@H](CC)C(=O)O,2209,13601
C=CC=C,C#CCOc1ncccn1,2209,13603
C=CC=C,C#CC[C@H](N)C=O,2209,13604
C=CC=C,C#CC[C@H]1CCCNC1=O,2209,13605
C=CC=C,C#CCc1c[nH]c(N)n1,2209,13606
C=CC=C,C#CCn1c(=O)[nH][nH]c1=O,2209,13608
C=CC=C,C#CCn1cccc1,2209,13609
C=CC=C,C#CCn1ccnc1C=O,2209,13611
C=CC=C,C#C[C@@H](N)c1ccccn1,2209,13614
C=CC=C,C#C[C@@H](O)c1ccncc1,2209,13615
C=CC=C,C#C[C@@H]1C[C@]1(N)C(=O)OC,2209,13616
C=CC=C,C#C[C@](O)(C=C)CC,2209,13619
C=CC=C,C#C[C@]1(C)C=COCCO1,2209,13620
C=CC=C,C#C[C@]1(O)CCN(C)C1=O,2209,13621
C=CC=C,C#C[C@]1(O)C[C@@H](C(=O)O)C1,2209,13622
C=CC=C,C#Cc1c[nH]nc1C(=O)O,2209,13626
C=CC=C,C#Cc1cc(C#C)n(C)n1,2209,13627
C=CC=C,C#Cc1cc(N)ccn1,2209,13631
C=CC=C,C#Cc1ccc(=O)n(C)c1,2209,13635
C=CC=C,C#Cc1ccc(C=O)o1,2209,13637
C=CC=C,C#Cc1ccc(CO)cc1,2209,13638
C=CC=C,C#Cc1ccc(F)cc1F,2209,13641
C=CC=C,C#Cc1ccc2c(c1)CC2,2209,13646
C=CC=C,C#Cc1cccc(CN)c1,2209,13648
C=CC=C,C#Cc1cccc(CO)n1,2209,13649
C=CC=C,C#Cc1cccc(N)c1F,2209,13650
C=CC=C,C#Cc1ccccc1CC,2209,13652
C=CC=C,C#Cc1cnc(N)nc1,2209,13658
C=CC=C,C#Cc1cnc(OC)cn1,2209,13659
C=CC=C,C#Cc1cncc(C#N)c1,2209,13660
C=CC=C,C#Cc1cnn(C2CC2)c1,2209,13664
C=CC=C,C#Cc1ncc(C=O)cn1,2209,13668
C=CC=C,C#Cc1ncc(F)cc1C,2209,13669
C=CC=C,C#Cc1nccc(C)n1,2209,13670
C=CC=C,C/C(=C/C(C)C)C1(N)CC1,2209,13673
C=CC=C,C/C(=C/C(C)C)CC(C)C,2209,13674
C=CC=C,C/C(=C\C(=O)O)CC(=O)O,2209,13676
C=CC=C,C/C(=C\C1CC1)C(=O)O,2209,13677
C=CC=C,C/C(=C\CCC#N)CO,2209,13678
C=CC=C,C/C(=C\CN)C1CC1,2209,13679
C=CC=C,C/C(=N\O)c1nccn1C,2209,13686
C=CC=C,C/C(CCN(C)C)=N/O,2209,13687
C=CC=C,C/C(CCO)=N\N=C(N)N,2209,13689
C=CC=C,C/C(N)=C\C(=O)C(F)(F)F,2209,13691
C=CC=C,C/C=C(/C)CCC=C(C)C,2209,13693
C=CC=C,C/C=C(F)/C=N/C(C)(C)C,2209,13695
C=CC=C,C/C=C(\C)O/C(C)=C/C,2209,13696
C=CC=C,C/C=C(\CC)C(C)C,2209,13697
C=CC=C,C/C=C/C(=O)OCC(F)F,2209,13700
C=CC=C,C/C=C/C(F)(F)CO,2209,13702
C=CC=C,C/C=C/C/C=C/C(=O)OC,2209,13703
C=CC=C,C/C=C/C=C/C(=O)N(C)C,2209,13705
C=CC=C,C/C=C/C=C/C(CC)CC,2209,13706
C=CC=C,C/C=C/C=C\C(C)(C)C,2209,13707
C=CC=C,C/C=C/C=C\CCCCO,2209,13709
C=CC=C,C/C=C/C=C\COC(C)=O,2209,13710
C=CC=C,C/C=C/C=N/N(CC)CC,2209,13711
C=CC=C,C/C=C/C=N/NC(C)C,2209,13712
C=CC=C,C/C=C/C=N/n1cnnc1,2209,13713
C=CC=C,C/C=C/CN[C@@H](C)CC,2209,13714
C=CC=C,C/C=C/Cc1ccccc1,2209,13715
C=CC=C,C/C=C/[C@@H]1CCCNC1,2209,13716
C=CC=C,C/C=C/[C@H](N)C(C)C,2209,13717
C=CC=C,C/C=C/[C@H](O)[C@@H]1O[C@H]1C,2209,13718
C=CC=C,C/C=C/[C@H]1C=CC(=O)O1,2209,13719
C=CC=C,C/C=C/c1ccccc1O,2209,13720
C=CC=C,C/C=C1\N=C(C)OC1=O,2209,13724
C=CC=C,C/C=C\C(=O)CCCC#N,2209,13726
C=CC=C,C/C=C\C1(N)CC1,2209,13729
C=CC=C,C/C=C\C=C/C=N\O,2209,13730
C=CC=C,C/C=C\CCC/C=C/C,2209,13733
C=CC=C,C/C=C\N=C(\CCC)OC,2209,13734
C=CC=C,C/C=C\[C@@H](CCC)C(=O)O,2209,13735
C=CC=C,C/C=C\[C@@H]1OCC[C@H](C)O1,2209,13736
C=CC=C,C/C=N/C1CCCCC1,2209,13740
C=CC=C,C/C=N/Nc1ccccc1,2209,13741
C=CC=C,C/C=N\n1c(C)n[nH]c1=O,2209,13742
C=CC=C,C/N=C(\C#N)C(=O)C(=O)O,2209,13744
C=CC=C,C/N=C(\C)NC,2209,13745
C=CC=C,C/N=C(\N(C)O)C(C)(C)C,2209,13746
C=CC=C,C/N=C(\N)n1cccn1,2209,13747
C=CC=C,C/N=c1/ccccn1C,2209,13750
C=CC=C,C1=C(N2CCCC2)CCC1,2209,13751
C=CC=C,C1=C(c2cccnc2)CC1,2209,13752
C=CC=C,C1=CC2(CCOCC2)NC1,2209,13753
C=CC=C,C1=CC2=C(C1)CCCC2,2209,13754
C=CC=C,C1=CC2=C(C1)[C@@H]1C=C[C@H]2C1,2209,13755
C=CC=C,C1=CC2C3C=CC1C=CC23,2209,13756
C=CC=C,C1=CC=C=c2ccccc2=1,2209,13758
C=CC=C,C1=CCC2(CC1)OCCO2,2209,13759
C=CC=C,C1=CCC2(CCCC2)NC1,2209,13760
C=CC=C,C1=CCC[C@@H]2C[C@@H]2C=C1,2209,13762
C=CC=C,C1=CCC[C@H]2C[C@H]2CC1,2209,13763
C=CC=C,C1=CCN([C@@H]2CCNC2)C1,2209,13764
C=CC=C,C1=CC[C@@H]2C=CC[C@H](C1)N2,2209,13765
C=CC=C,C1=CC[C@H]2CCC[C@@H](C1)N2,2209,13766
C=CC=C,C1=CC[C@]2(CCNC2)OC1,2209,13768
C=CC=C,C1=CC[C@]23[C@@H]4CC[C@@]2(C1)[C@@H]43,2209,13769
C=CC=C,C1=CCc2[nH]ccc2C1,2209,13770
C=CC=C,C1=CN2C=NNC2=CN=C1,2209,13772
C=CC=C,C1=CN2CCNC[C@H]2N1,2209,13773
C=CC=C,C1=CNc2cnccc2N1,2209,13774
C=CC=C,C1=COCC1,2209,13775
C=CC=C,C1=C[C@@H](C2CCCC2)CC1,2209,13776
C=CC=C,C1=C[C@@H]2C=C[C@H](C=C1)C2,2209,13777
C=CC=C,C1=C[C@@H]2CCC[C@@H]2C=C1,2209,13778
C=CC=C,C1=C[C@@H]2CC[C@H]3C=CC1C23,2209,13779
C=CC=C,C1=C[C@@H]2C[C@H]1C[C@@H]2[C@@H]1CO1,2209,13780
C=CC=C,C1=C[C@@H]2O[C@@H]2/C=C/C=C/1,2209,13781
C=CC=C,C1=C[C@H](CC2CC2)NC1,2209,13786
C=CC=C,C1=C[C@H]2C=C[C@@H]3CC=C1[C@H]23,2209,13787
C=CC=C,C1=C[C@H]2COC[C@H]2NC1,2209,13789
C=CC=C,C1=C[C@H]2C[C@@H]1[C@H]1CNC[C@H]12,2209,13790
C=CC=C,C1=C[C@H]2O[C@@H]2CCC1,2209,13793
C=CC=C,C1=C[C@H]2O[C@H]2C=C[C@H]2C[C@@H]12,2209,13794
C=CC=C,C1=C\C/C=C\C/C=C\C/1,2209,13796
C=CC=C,C1=Cc2ccccc2CC1,2209,13797
C=CC=C,C1=Cc2ncccc2OC1,2209,13798
C=CC=C,C1=NCC2=CC=NC2=N1,2209,13799
C=CC=C,C1=NCCc2[nH]ccc21,2209,13800
C=CC=C,C1=NCCn2cccc21,2209,13801
C=CC=C,C1=NC[C@H]2CCCCCN12,2209,13802
C=CC=C,C1=NCc2ccccc21,2209,13803
C=CC=C,C1=NCc2ncncc21,2209,13805
C=CC=C,C1=NNc2nonc2N=C1,2209,13806
C=CC=C,C1=Nc2cccnc2C1,2209,13807
C=CC=C,C1CC2=C1CC1=C(CC1)C2,2209,13809
C=CC=C,C1CCC2=C(C1)CCNC2,2209,13811
C=CC=C,C1CCC2=NCN=C2C1,2209,13812
C=CC=C,C1CCN(c2nn[nH]n2)C1,2209,13813
C=CC=C,C1CCN2CCN=C2C1,2209,13814
C=CC=C,C1CC[C@@H]2CCCN=C2C1,2209,13815
C=CC=C,C1CC[C@@H]2NN=N[C@H]2C1,2209,13816
C=CC=C,C1CCc2nnnn2CC1,2209,13818
C=CC=C,C1CN(/N=N\N2CCC2)C1,2209,13819
C=CC=C,C1CN=C2NCCCN2C1,2209,13820
C=CC=C,C1CNCCC2(C1)N=N2,2209,13822
C=CC=C,C1CN[C@@H](C2=NCCN2)C1,2209,13823
C=CC=C,C1CNn2nnnc2N1,2209,13825
C=CC=C,C1Cc2n[nH]nc2CN1,2209,13828
C=CC=C,C1NCC1c1nnn[nH]1,2209,13830
C=CC=C,C1OCc2nonc2CO1,2209,13831
C=CC=C,C=C(C(F)(F)F)C(F)(F)F,2209,13835
C=CC=C,C=C(C)/C=C/CC(=C)C,2209,13840
C=CC=C,C=C(C)C#CC,2209,13844
C=CC=C,C=C(C)C(=O)OCCN,2209,13848
C=CC=C,C=C(C)C(=O)n1ccnc1,2209,13851
C=CC=C,C=C(C)C(C)(C)CN(C)C,2209,13852
C=CC=C,C=C(C)C1(O)CCCCC1,2209,13853
C=CC=C,C=C(C)CCC(CC)CC,2209,13856
C=CC=C,C=C(C)CCCC(C)(C)O,2209,13857
C=CC=C,C=C(C)CN1CCNCC1,2209,13858
C=CC=C,C=C(C)CNC(=O)NCC,2209,13859
C=CC=C,C=C(C)CNCCN,2209,13860
C=CC=C,C=C(C)COC[C@@]1(C)CO1,2209,13861
C=CC=C,C=C(C)C[C@@H](C)CC(C)C,2209,13862
C=CC=C,C=C(C)[C@@H](C)C(C)=O,2209,13863
C=CC=C,C=C(C)[C@H](O)CCCC,2209,13864
C=CC=C,C=C(C)[C@H]1C=C[C@H](C)CC1,2209,13865
C=CC=C,C=C(C)[C@]1(C)CC(=O)N1,2209,13866
C=CC=C,C=C(C)c1c(C)noc1N,2209,13867
C=CC=C,C=C(C)c1c[nH]ccc1=N,2209,13868
C=CC=C,C=C(C)c1cccc(N)c1,2209,13870
C=CC=C,C=C(C)c1ncncc1N,2209,13872
C=CC=C,C=C(CC(=O)NC)C(=O)O,2209,13874
C=CC=C,C=C(CC)[C@@H](C)CC,2209,13877
C=CC=C,C=C(CC)[C@H]1CCCCN1,2209,13878
C=CC=C,C=C(CCN=C=O)C(=O)O,2209,13881
C=CC=C,C=C(CN)C1CCOCC1,2209,13882
C=CC=C,C=C(CO)C1CCNCC1,2209,13884
C=CC=C,C=C(CO)CC(C)(C)C,2209,13885
C=CC=C,C=C(COCO)C(C)=O,2209,13887
C=CC=C,C=C(F)CCCCO,2209,13889
C=CC=C,C=C(NC(C)=O)C(=O)OC,2209,13892
C=CC=C,C=C(O)[C@@H](N)CCCCN,2209,13893
C=CC=C,C=C(O)[C@H]1CNCCN1,2209,13894
C=CC=C,C=C(OC)[C@H](N)C(=O)OC,2209,13895
C=CC=C,C=C(OC)c1nnn(C)n1,2209,13896
C=CC=C,C=C/C(C)=C/CC=C(C)C,2209,13898
C=CC=C,C=C/C=C/C=C/CCC,2209,13901
C=CC=C,C=C/C=C/[C@@H](C)C=C,2209,13904
C=CC=C,C=C/C=C\c1ccccc1,2209,13906
C=CC=C,C=C1C(=O)CC[C@H]1C(=O)O,2209,13908
C=CC=C,C=C1C(=O)OC=C1C(=O)O,2209,13909
C=CC=C,C=C1C(=O)[C@@H]2CCCO[C@H]12,2209,13910
C=CC=C,C=C1C(=O)[C@H]2CC[C@@H]1C2,2209,13911
C=CC=C,C=C1C(C)=C(C)C(C)=C1C,2209,13912
C=CC=C,C=C1C=C(C)CC(C)(C)C1,2209,13914
C=CC=C,C=C1C=CCCCCC=C1,2209,13915
C=CC=C,C=C1C=C[C@@H]2CC[C@@H]2CC1,2209,13916
C=CC=C,C=C1CCC2(CC1)COC2,2209,13918
C=CC=C,C=C1CCCCCCC1,2209,13919
C=CC=C,C=C1CCCCCC[C@H]1O,2209,13920
C=CC=C,C=C1CCC[C@@H](C)CC1,2209,13921
C=CC=C,C=C1CCC[C@H]2CCC[C@@H]12,2209,13922
C=CC=C,C=C1CCN2CCC[C@H]12,2209,13923
C=CC=C,C=C1CCOC(C)(C)C1,2209,13924
C=CC=C,C=C1CC[C@@]2(C(C)C)C[C@@H]12,2209,13925
C=CC=C,C=C1CN2CCC1CC2,2209,13927
C=CC=C,C=C1CNC2(CCC2)C1,2209,13928
C=CC=C,C=C1CN[C@H](C(=O)OC)C1,2209,13929
C=CC=C,C=C1C[C@@H](CO)N(C)C1=O,2209,13930
C=CC=C,C=C1C[C@@H](O)C(=C)C[C@H]1O,2209,13931
C=CC=C,C=C1C[C@H]1C[C@H](N)C(=O)O,2209,13933
C=CC=C,C=C1C[C@H]2CC[C@@H](C1)C2O,2209,13934
C=CC=C,C=C1OC(=O)O[C@]1(C)CC,2209,13935
C=CC=C,C=C1OC(C)=C(O)C1=O,2209,13936
C=CC=C,C=C1[C@H]2CC[C@H](C2)C1(C)C,2209,13937
C=CC=C,C=C=C(OC=C)C(C)C,2209,13939
C=CC=C,C=C=CCN,2209,13940
C=CC=C,C=C=CON1CCCCC1,2209,13941
C=CC=C,C=C=C[C@H](C)C(=O)OCC,2209,13942
C=CC=C,C=C=Cn1nnnc1N,2209,13944
C=CC=C,C=CC#CCCC,2209,13945
C=CC=C,C=CC#CCN1CCCC1,2209,13946
C=CC=C,C=CC(=O)N1CC(CO)C1,2209,13952
C=CC=C,C=CC(=O)NC(=N)NC#N,2209,13956
C=CC=C,C=CC(=O)NC[C@H](O)CO,2209,13962
C=CC=C,C=CC(=O)OCCN(C)C,2209,13966
C=CC=C,C=CC(=O)O[C@H]1CCCO1,2209,13969
C=CC=C,C=CC(C#N)(C=C)C=C,2209,13971
C=CC=C,C=CC(C)(C)CCCC,2209,13972
C=CC=C,C=CC(C)(C)NC(C)(C)C,2209,13973
C=CC=C,C=CC(F)(F)C(=O)C(=O)O,2209,13974
C=CC=C,C=CC(O)(C1CC1)C1CC1,2209,13975
C=CC=C,C=CC/C=C(/C)CC,2209,13976
C=CC=C,C=CC/C=C\C(C)(C)C,2209,13977
C=CC=C,C=CC/C=C\CCCC=C,2209,13978
C=CC=C,C=CC/N=C(/N)NCCO,2209,13979
C=CC=C,C=CC1(C=C)CCCCC1,2209,13980
C=CC=C,C=CC1(CC)OCCO1,2209,13981
C=CC=C,C=CC1(CO)CCNCC1,2209,13982
C=CC=C,C=CC1(O)CCC=CCC1,2209,13983
C=CC=C,C=CC1(OCCOC)CC1,2209,13984
C=CC=C,C=CC12CCN(CC1)CC2,2209,13985
C=CC=C,C=CC1=NC(C)(C)C(=O)O1,2209,13986
C=CC=C,C=CC1CCCCCCC1,2209,13987
C=CC=C,C=CCC#CCCCC,2209,13989
C=CC=C,C=CCC(C)(C)C(=O)CC,2209,13990
C=CC=C,C=CCC(CC=C)CC=O,2209,13991
C=CC=C,C=CCC(F)=C(F)F,2209,13992
C=CC=C,C=CCC(N)(CF)CC=C,2209,13993
C=CC=C,C=CCC(OCC)OCC,2209,13994
C=CC=C,C=CCC/C=C/CCC=C,2209,13995
C=CC=C,C=CCC1(C(=O)O)CNC1,2209,13996
C=CC=C,C=CCC1(C=O)CCCC1,2209,13997
C=CC=C,C=CCC1=CCC(=O)CC1,2209,13998
C=CC=C,C=CCCCCCC(C)=O,2209,13999
C=CC=C,C=CCCCC[C@@H]1CO1,2209,14000
C=CC=C,C=CCCCOC1CNC1,2209,14001
C=CC=C,C=CCCN1CC(O)C1,2209,14002
C=CC=C,C=CCCNC1CCCC1,2209,14003
C=CC=C,C=CCCNCC(F)(F)F,2209,14004
C=CC=C,C=CCCO[C@H](C)C(=O)O,2209,14005
C=CC=C,C=CCC[C@@H]1CC(=O)N1,2209,14006
C=CC=C,C=CCCc1ccc(C)o1,2209,14007
C=CC=C,C=CCCc1nnc(N)o1,2209,14009
C=CC=C,C=CCN(C)CCNCC,2209,14010
C=CC=C,C=CCN(CC#N)CC=C,2209,14011
C=CC=C,C=CCN(CC=C)N=O,2209,14012
C=CC=C,C=CCN1C(=O)CNC1=O,2209,14013
C=CC=C,C=CCN1C=CN(C=C)C1,2209,14014
C=CC=C,C=CCN1CCC=C1CN,2209,14015
C=CC=C,C=CCN1CCC[C@@H]1CN,2209,14016
C=CC=C,C=CCN1CCOCC1,2209,14017
C=CC=C,C=CCNC(=N)NC(=N)N,2209,14018
C=CC=C,C=CCNC(=O)/C=C\C,2209,14019
C=CC=C,C=CCNCC1CC(C)C1,2209,14020
C=CC=C,C=CCN[C@H](C)C(C)C,2209,14022
C=CC=C,C=CCN[C@H]1COC[C@@H]1O,2209,14023
C=CC=C,C=CCNc1ccccn1,2209,14024
C=CC=C,C=CCNc1nnnn1C,2209,14026
C=CC=C,C=CCOC(=O)NCCN,2209,14028
C=CC=C,C=CCOC(=O)OCCO,2209,14029
C=CC=C,C=CCOC(C)(C)CO,2209,14030
C=CC=C,C=CCOCC(=O)OCC,2209,14031
C=CC=C,C=CCOCC(F)(F)F,2209,14032
C=CC=C,C=CCOCC1(C#N)CC1,2209,14033
C=CC=C,C=CCOCCCCCC,2209,14034
C=CC=C,C=CCOC[C@@H](O)CNC,2209,14035
C=CC=C,C=CCOC[C@H]1CCNC1,2209,14036
C=CC=C,C=CCO[C@@H](C)CN,2209,14037
C=CC=C,C=CCO[C@@H]1CCC[C@H]1O,2209,14038
C=CC=C,C=CCOc1cnccn1,2209,14039
C=CC=C,C=CCOn1ccnc1,2209,14040
C=CC=C,C=CC[C@@H](C)/C=C(\C)CO,2209,14041
C=CC=C,C=CC[C@@H](N)CC(F)(F)F,2209,14042
C=CC=C,C=CC[C@@H](O)/C=C\C,2209,14043
C=CC=C,C=CC[C@@H](O)c1ccco1,2209,14044
C=CC=C,C=CC[C@@H]1CCCCC1=O,2209,14045
C=CC=C,C=CC[C@@H]1COCCO1,2209,14046
C=CC=C,C=CC[C@H]1CC=C[C@@H](C)N1,2209,14047
C=CC=C,C=CC[C@]1(N)CCOC1,2209,14048
C=CC=C,C=CCc1ccc(C)cc1,2209,14050
C=CC=C,C=CCc1ccccc1N,2209,14053
C=CC=C,C=CCc1occc1C=O,2209,14055
C=CC=C,C=CCn1cc(CN)nn1,2209,14056
C=CC=C,C=CCn1cccc1C#N,2209,14058
C=CC=C,C=CCn1cnc(C)c1,2209,14061
C=CC=C,C=CCn1cncc1CO,2209,14062
C=CC=C,C=CN1CCC2(CC2)C1=O,2209,14064
C=CC=C,C=COC(=O)CCN1CC1,2209,14066
C=CC=C,C=COC(F)(F)C(F)(F)F,2209,14068
C=CC=C,C=COCC(F)F,2209,14069
C=CC=C,C=COCCOCCO,2209,14070
C=CC=C,C=COc1cccc(C)c1,2209,14072
C=CC=C,C=C[C@@H](C)CCCC(C)C,2209,14073
C=CC=C,C=C[C@@H](C)[C@@H](C)CC,2209,14074
C=CC=C,C=C[C@@H](O)CN1C[C@@H]1CC,2209,14075
C=CC=C,C=C[C@@H]1CCCN1,2209,14077
C=CC=C,C=C[C@@H]1COC(=O)O1,2209,14078
C=CC=C,C=C[C@@H]1COC(C)(C)N1,2209,14079
C=CC=C,C=C[C@@H]1C[C@@H]1/C(=N\C)OC,2209,14080
C=CC=C,C=C[C@@]1(C)CC[C@@H](O)O1,2209,14081
C=CC=C,C=C[C@@]1(C=O)CCC(=O)N1,2209,14082
C=CC=C,C=C[C@@]1(O)C=C(C)CCC1,2209,14083
C=CC=C,C=C[C@H](CO)N(CC)CC,2209,14084
C=CC=C,C=C[C@H](N)C1CC1,2209,14085
C=CC=C,C=C[C@H](O)C#CC(C)(C)C,2209,14086
C=CC=C,C=C[C@]1(C)CCCC(=O)C1,2209,14088
C=CC=C,C=C[C@]1(O)CC2CC1C2,2209,14089
C=CC=C,C=Cc1c(F)ccnc1O,2209,14091
C=CC=C,C=Cc1cc(C=O)ccn1,2209,14096
C=CC=C,C=Cc1cc(F)ccc1F,2209,14098
C=CC=C,C=Cc1ccc(NC)nc1,2209,14104
C=CC=C,C=Cc1ccc2c(c1)C=C2,2209,14107
C=CC=C,C=Cc1cccc(OC)n1,2209,14113
C=CC=C,C=Cc1cccc2c1CC2,2209,14114
C=CC=C,C=Cc1cnc(N)cc1C,2209,14118
C=CC=C,C=Cc1cncc(C)n1,2209,14121
C=CC=C,C=Cc1cnn(CC)c1,2209,14122
C=CC=C,C=Cc1nc(N)nc(N)n1,2209,14123
C=CC=C,C=Cc1nccnc1N,2209,14126
C=CC=C,C=Cn1ccc(=O)[nH]c1=O,2209,14130
C=CC=C,C=Cn1cccc1CCO,2209,14132
C=CC=C,C=Cn1nccc1C(=O)O,2209,14134
C=CC=C,C=c1[nH]c(=O)c(=C)[nH]c1=O,2209,14138
C=CC=C,CC#CC(=O)CCCC,2209,14139
C=CC=C,CC#CCC=O,2209,14140
C=CC=C,CC#CCn1cc(C)cn1,2209,14141
C=CC=C,CC#Cc1cc(C)[nH]n1,2209,14142
C=CC=C,CC(/C=N\N)=N\N,2209,14145
C=CC=C,CC(=N/O)/C(=N\O)N1CC1,2209,14147
C=CC=C,CC(=O)/C=C(\C)OC(C)=O,2209,14155
C=CC=C,CC(=O)/C=C/C=C(C)C,2209,14157
C=CC=C,CC(=O)/C=N/NC(C)(C)C,2209,14162
C=CC=C,CC(=O)C/C(C)=N/C(C)C,2209,14166
C=CC=C,CC(=O)C1=C(C)OCC1,2209,14167
C=CC=C,CC(=O)C1=C(O)CNC1=O,2209,14169
C=CC=C,CC(=O)C1=CCN(C)CC1,2209,14170
C=CC=C,CC(=O)C1=NCCCC1,2209,14172
C=CC=C,CC(=O)CC(=O)OCCO,2209,14174
C=CC=C,CC(=O)CCC1CCCC1,2209,14175
C=CC=C,CC(=O)CCOCCCF,2209,14176
C=CC=C,CC(=O)CC[C@H](N)C(N)=O,2209,14177
C=CC=C,CC(=O)C[C@H]1CCC(=O)N1,2209,14178
C=CC=C,CC(=O)Cc1coc(C)c1,2209,14180
C=CC=C,CC(=O)Cn1nnc(C)n1,2209,14184
C=CC=C,CC(=O)N(O)C(C)=O,2209,14185
C=CC=C,CC(=O)N1CC(F)(CO)C1,2209,14186
C=CC=C,CC(=O)N1CCC(N)=N1,2209,14187
C=CC=C,CC(=O)N1CCCOCC1,2209,14188
C=CC=C,CC(=O)N1CCC[C@H]1C#N,2209,14189
C=CC=C,CC(=O)N1COCC1(C)C,2209,14191
C=CC=C,CC(=O)N1C[C@@H]2C[C@H]1CN2,2209,14192
C=CC=C,CC(=O)N1C[C@H](C)OC1=O,2209,14193
C=CC=C,CC(=O)N1[C@@H]2CC=CC[C@@H]21,2209,14194
C=CC=C,CC(=O)NC(C)(C)C#N,2209,14195
C=CC=C,CC(=O)NC12CC(C)(C1)C2,2209,14196
C=CC=C,CC(=O)NCCOCCO,2209,14198
C=CC=C,CC(=O)NCc1ccon1,2209,14199
C=CC=C,CC(=O)N[C@@H](C)OC(C)C,2209,14201
C=CC=C,CC(=O)N[C@H]1CCC[C@@H]1O,2209,14202
C=CC=C,CC(=O)N[C@H]1CONC1=O,2209,14203
C=CC=C,CC(=O)Nc1ncc[nH]1,2209,14209
C=CC=C,CC(=O)Nc1nnc(C)o1,2209,14210
C=CC=C,CC(=O)OC/C(C#N)=N/O,2209,14213
C=CC=C,CC(=O)OC1=CC(=O)CC1,2209,14214
C=CC=C,CC(=O)OC=C1C=CC=C1,2209,14215
C=CC=C,CC(=O)OCCC=C(F)F,2209,14216
C=CC=C,CC(=O)OCCC[C@H]1CO1,2209,14217
C=CC=C,CC(=O)ON1CCC=NC1,2209,14219
C=CC=C,CC(=O)ONC(=O)C(N)=O,2209,14220
C=CC=C,CC(=O)O[C@H]1CCC[C@@H]1C,2209,14221
C=CC=C,CC(=O)[C@@H]1CC=C(C)CC1,2209,14223
C=CC=C,CC(=O)[C@@H]1CCC(C)(C)O1,2209,14224
C=CC=C,CC(=O)[C@@H]1COC(=O)C1=O,2209,14225
C=CC=C,CC(=O)[C@@H]1C[C@H](F)CN1C,2209,14226
C=CC=C,CC(=O)[C@H](C#N)/C(N)=N/N,2209,14227
C=CC=C,CC(=O)[C@H]1CNC[C@@H](C)C1,2209,14228
C=CC=C,CC(=O)c1c[nH]c(C=O)c1,2209,14233
C=CC=C,CC(=O)c1ccc(C#N)[nH]1,2209,14240
C=CC=C,CC(=O)c1ccc(F)cc1,2209,14241
C=CC=C,CC(=O)c1ccc[nH]c1=O,2209,14243
C=CC=C,CC(=O)c1cnc(C)cn1,2209,14248
C=CC=C,CC(=O)c1n[nH]nc1C,2209,14253
C=CC=C,CC(=O)c1nnn[nH]1,2209,14260
C=CC=C,CC(=O)c1nocc1C#N,2209,14261
C=CC=C,CC(=O)n1ccc(=O)[nH]1,2209,14262
C=CC=C,CC(=O)n1oc(N)cc1=O,2209,14265
C=CC=C,CC(C)(/C=N\O)NO,2209,14266
C=CC=C,CC(C)(C#N)c1nnn[nH]1,2209,14269
C=CC=C,CC(C)(C)/N=N\C(C)(C)C,2209,14270
C=CC=C,CC(C)(C)C#C/C=C/CO,2209,14271
C=CC=C,CC(C)(C)C#CC/C=C/N,2209,14272
C=CC=C,CC(C)(C)C(=N)NC#N,2209,14273
C=CC=C,CC(C)(C)C(=O)C(C)(C)N,2209,14274
C=CC=C,CC(C)(C)C1=CC=CCC1,2209,14277
C=CC=C,CC(C)(C)C1=NCCC1,2209,14279
C=CC=C,CC(C)(C)NC(=N)N,2209,14280
C=CC=C,CC(C)(C)OC(=O)NCO,2209,14282
C=CC=C,CC(C)(C)OC(=O)[C@@H]1CO1,2209,14283
C=CC=C,CC(C)(C)OC1CC(=O)C1,2209,14284
C=CC=C,CC(C)(C)OC=O,2209,14285
C=CC=C,CC(C)(C)[C@@H](C#N)CC=O,2209,14286
C=CC=C,CC(C)(C)[C@@H]1C[C@H]1C=O,2209,14287
C=CC=C,CC(C)(C)[C@@]1(O)C=CCC1,2209,14288
C=CC=C,CC(C)(C)[C@H](N)C(=O)NO,2209,14289
C=CC=C,CC(C)(C)[C@H]1CC=CCC1,2209,14290
C=CC=C,CC(C)(C)c1cc(=O)c1=O,2209,14291
C=CC=C,CC(C)(C)c1nc[nH]n1,2209,14297
C=CC=C,CC(C)(C)c1nocc1N,2209,14298
C=CC=C,CC(C)(C)n1[nH]ccc1=N,2209,14299
C=CC=C,CC(C)(C)n1cc(N)cn1,2209,14300
C=CC=C,CC(C)(C)n1nccc1O,2209,14304
C=CC=C,CC(C)(C=O)C12CC(C1)C2,2209,14306
C=CC=C,CC(C)(C=O)N1CCCC1,2209,14307
C=CC=C,CC(C)(C=O)[C@H]1CCCO1,2209,14308
C=CC=C,CC(C)(CC=O)C1CC1,2209,14309
C=CC=C,CC(C)(CN)c1c[nH]cn1,2209,14310
C=CC=C,CC(C)(CN)c1ccco1,2209,14311
C=CC=C,CC(C)(CO)n1ccnc1,2209,14315
C=CC=C,CC(C)(N)c1c[nH]nn1,2209,14319
C=CC=C,CC(C)(O)c1ncccn1,2209,14324
C=CC=C,CC(C)(O)c1nnc(N)o1,2209,14325
C=CC=C,CC(C)/C=C/C(=O)C(C)C,2209,14326
C=CC=C,CC(C)/C=C/C=C\CO,2209,14328
C=CC=C,CC(C)/C=C1/COCC1=O,2209,14329
C=CC=C,CC(C)/C=N\N=C\C(C)C,2209,14330
C=CC=C,CC(C)/N=C(/N)NC(=N)N,2209,14331
C=CC=C,CC(C)/N=C/NC(C)C,2209,14332
C=CC=C,CC(C)/N=C1/CCCC1=O,2209,14333
C=CC=C,CC(C)=C(C)C(C)=C(C)C,2209,14334
C=CC=C,CC(C)=C(O)[C@H](O)CO,2209,14335
C=CC=C,CC(C)=C1CCC(=O)CC1,2209,14340
C=CC=C,CC(C)=C1NC(=O)NC1=O,2209,14341
C=CC=C,CC(C)=C1OC(=O)C1(C)C,2209,14342
C=CC=C,CC(C)=C=C(C)C,2209,14343
C=CC=C,CC(C)=C=CC(C)(C)C=O,2209,14344
C=CC=C,CC(C)=CC(=O)C=C(C)C,2209,14345
C=CC=C,CC(C)=CC(C)(C)C,2209,14347
C=CC=C,CC(C)=CCC(C)(C)C=O,2209,14349
C=CC=C,CC(C)=CCC[C@@H](C)C=O,2209,14350
C=CC=C,CC(C)=CCN(C)CCO,2209,14351
C=CC=C,CC(C)=CCNC(N)=O,2209,14352
C=CC=C,CC(C)=C[C@@H]1[C@@H](N)C1(C)C,2209,14353
C=CC=C,CC(C)=Cc1ccno1,2209,14354
C=CC=C,CC(C)=NCCN=C(C)C,2209,14356
C=CC=C,CC(C)=NOC(=O)N(C)C,2209,14357
C=CC=C,CC(C)=NOC[C@H]1CO1,2209,14358
C=CC=C,CC(C)C#C/C=C\C(C)C,2209,14359
C=CC=C,CC(C)C(=O)[C@@H]1CCCO1,2209,14362
C=CC=C,CC(C)C(=O)c1ncco1,2209,14363
C=CC=C,CC(C)C/C=N/N=C(N)N,2209,14364
C=CC=C,CC(C)C1=C(O)COC1=O,2209,14365
C=CC=C,CC(C)C1=C[C@H]2CCC[C@@H]12,2209,14366
C=CC=C,CC(C)C1=NC(C)(C)CO1,2209,14367
C=CC=C,CC(C)C1=NOC(=O)C1,2209,14368
C=CC=C,CC(C)C1OCC=CCO1,2209,14369
C=CC=C,CC(C)C=C=NN(C)C,2209,14370
C=CC=C,CC(C)CC(=O)CNC=O,2209,14371
C=CC=C,CC(C)CCC(=O)C(C)C,2209,14372
C=CC=C,CC(C)CCON=C(N)N,2209,14373
C=CC=C,CC(C)CON=O,2209,14374
C=CC=C,CC(C)C[C@@](C)(F)C(=O)O,2209,14375
C=CC=C,CC(C)C[C@H]1N[C@@H]1C=O,2209,14376
C=CC=C,CC(C)Cc1coc(N)n1,2209,14377
C=CC=C,CC(C)N(C)C=O,2209,14379
C=CC=C,CC(C)N1CCC(=O)C1=O,2209,14381
C=CC=C,CC(C)N1CCN=C1CN,2209,14382
C=CC=C,CC(C)N1CCNC(=O)C1,2209,14383
C=CC=C,CC(C)N1N=CCC1=O,2209,14384
C=CC=C,CC(C)Nc1cnn(C)c1,2209,14386
C=CC=C,CC(C)OC(=O)[C@H](C)O,2209,14388
C=CC=C,CC(C)OC1=CCCCC1,2209,14389
C=CC=C,CC(C)OCC/C(N)=N/O,2209,14390
C=CC=C,CC(C)O[C@H]1C=CCCC1,2209,14391
C=CC=C,CC(C)Oc1ccncc1,2209,14393
C=CC=C,CC(C)Oc1nnc(N)[nH]1,2209,14395
C=CC=C,CC(C)[C@@H](N)C(=O)C1CC1,2209,14396
C=CC=C,CC(C)[C@@H](O)C(C)(C)C=O,2209,14398
C=CC=C,CC(C)[C@@H]1CCC(=O)OC1,2209,14399
C=CC=C,CC(C)[C@@H]1CCNC(N)=N1,2209,14400
C=CC=C,CC(C)[C@@H]1CNCCC1=O,2209,14401
C=CC=C,CC(C)[C@@H]1OC(N)=CC1=O,2209,14402
C=CC=C,CC(C)[C@H]1COCC(=O)N1,2209,14403
C=CC=C,CC(C)c1cc(C#N)on1,2209,14406
C=CC=C,CC(C)c1cccc(=O)[nH]1,2209,14411
C=CC=C,CC(C)c1ccccc1N,2209,14412
C=CC=C,CC(C)c1cn(C)cn1,2209,14415
C=CC=C,CC(C)c1coc(C=O)c1,2209,14418
C=CC=C,CC(C)c1n[nH]cc1C=O,2209,14420
C=CC=C,CC(C)c1nc(CO)no1,2209,14424
C=CC=C,CC(C)c1nc[nH]c1N,2209,14426
C=CC=C,CC(C)c1ocnc1CO,2209,14429
C=CC=C,CC(C)n1[nH]c(=O)cc1N,2209,14431
C=CC=C,CC(C)n1ccc(O)n1,2209,14435
C=CC=C,CC(C)n1ccnc1CN,2209,14437
C=CC=C,CC(C)n1cnnc1C=O,2209,14440
C=CC=C,CC(C)n1nncc1CO,2209,14442
C=CC=C,CC(F)(F)c1ccccc1,2209,14443
C=CC=C,CC/C(C)=C(/C)CC,2209,14446
C=CC=C,CC/C(C)=N/NC(=N)NN,2209,14447
C=CC=C,CC/C(C)=N/OCCC#N,2209,14448
C=CC=C,CC/C=C(\C)C=C(C)C,2209,14450
C=CC=C,CC/C=C(\CCC)C(=O)O,2209,14451
C=CC=C,CC/C=C/CC(=O)NCC,2209,14453
C=CC=C,CC/C=C/CC(C)C,2209,14454
C=CC=C,CC/C=C/CC/C=C\CO,2209,14455
C=CC=C,CC/C=C/CCCCC=O,2209,14456
C=CC=C,CC/C=C/N1CCCC1,2209,14457
C=CC=C,CC/C=C/[C@@H](O)[C@@H](N)CO,2209,14458
C=CC=C,CC/C=C1\C(=O)ON=C1C,2209,14459
C=CC=C,CC/C=N\NC,2209,14460
C=CC=C,CC/N=C(\N)C(=N)NCC,2209,14461
C=CC=C,CC/N=C/c1ccccc1,2209,14462
C=CC=C,CC/N=N/CCCN(C)C,2209,14464
C=CC=C,CC1(C#CC(=O)O)CC1,2209,14465
C=CC=C,CC1(C(=N)N)CC1,2209,14466
C=CC=C,CC1(C(N)=O)C=CCC=C1,2209,14467
C=CC=C,CC1(C)C(=O)C=CC1=O,2209,14468
C=CC=C,CC1(C)C(=O)N[C@@H]1C1CC1,2209,14469
C=CC=C,CC1(C)C(=O)[C@@H]2C=CC[C@H]21,2209,14470
C=CC=C,CC1(C)C(=O)[C@@H]2CCO[C@H]21,2209,14471
C=CC=C,CC1(C)C(C(=O)O)C1(C)C,2209,14472
C=CC=C,CC1(C)C(N)=NC(=N)N1O,2209,14473
C=CC=C,CC1(C)C/C(=N\O)C=CO1,2209,14474
C=CC=C,CC1(C)C=C(O)C=C(O)C1,2209,14475
C=CC=C,CC1(C)C=CC(=NO)C=C1,2209,14476
C=CC=C,CC1(C)C=CCC(C)(C)C1,2209,14477
C=CC=C,CC1(C)C=COC(=O)C1,2209,14478
C=CC=C,CC1(C)CC(=O)CC[C@@H]1O,2209,14479
C=CC=C,CC1(C)CC(=O)CNC1=O,2209,14480
C=CC=C,CC1(C)CC(CN)=NO1,2209,14481
C=CC=C,CC1(C)CC(N)=CC(=O)N1,2209,14482
C=CC=C,CC1(C)CC=CC(=O)CC1,2209,14483
C=CC=C,CC1(C)CCC(=O)[C@H]2O[C@H]21,2209,14485
C=CC=C,CC1(C)CCC/C(=N/O)C1,2209,14486
C=CC=C,CC1(C)CCCC/C1=N/N,2209,14488
C=CC=C,CC1(C)CCOC(=O)CC1,2209,14489
C=CC=C,CC1(C)CN=C(N)NC1,2209,14490
C=CC=C,CC1(C)CNC(=O)CCN1,2209,14492
C=CC=C,CC1(C)CNC(=O)[C@@H]1N,2209,14493
C=CC=C,CC1(C)COCC1=O,2209,14495
C=CC=C,CC1(C)C[C@@H]1/C(N)=N/O,2209,14496
C=CC=C,CC1(C)C[C@@](C)(N)C(=O)O1,2209,14497
C=CC=C,CC1(C)Cc2ccccc21,2209,14498
C=CC=C,CC1(C)Cn2nccc2O1,2209,14499
C=CC=C,CC1(C)NC(=O)C(C)(C)O1,2209,14500
C=CC=C,CC1(C)NC(=O)NC[C@@H]1O,2209,14501
C=CC=C,CC1(C)NC(=O)O[C@H]1CN,2209,14502
C=CC=C,CC1(C)OC(=N)C=C1N,2209,14503
C=CC=C,CC1(C)OCC=CCO1,2209,14504
C=CC=C,CC1(C)OCCC[C@H]1C=O,2209,14505
C=CC=C,CC1(C)OC[C@H](CC=O)O1,2209,14506
C=CC=C,CC1(C)[C@@H](C#N)[C@@H]1C=O,2209,14507
C=CC=C,CC1(C)[C@@H]2C=CC=C[C@H]1C2,2209,14508
C=CC=C,CC1(C2CCNCC2)N=N1,2209,14509
C=CC=C,CC1(C=O)C=CC(O)C=C1,2209,14510
C=CC=C,CC1(C=O)CCCCCC1,2209,14511
C=CC=C,CC1(CC(N)=O)OCCO1,2209,14512
C=CC=C,CC1(CCC=O)CC1,2209,14513
C=CC=C,CC1(CCCO)N=N1,2209,14514
C=CC=C,CC1(c2ccnnc2)CC1,2209,14517
C=CC=C,CC12CC(C=O)(CCO1)C2,2209,14518
C=CC=C,CC12CCC(CC1)C(=O)O2,2209,14519
C=CC=C,CC12CCN(CC1)CC2=O,2209,14520
C=CC=C,CC1=C(C)CC(C)=C(C)C1,2209,14524
C=CC=C,CC1=C(C)C[C@](C)(N)CC1,2209,14525
C=CC=C,CC1=C(C)N(C)CCC1,2209,14526
C=CC=C,CC1=C(C)[C@@](C)(O)[C@@]1(C)N,2209,14527
C=CC=C,CC1=C(C)[C@H](C)[C@@H](C)[C@@H]1C,2209,14528
C=CC=C,CC1=C(C)[C@H](O)OC1=O,2209,14529
C=CC=C,CC1=C(CCO)C(=O)N=N1,2209,14530
C=CC=C,CC1=C(O)C(=O)[C@@H](O)CO1,2209,14531
C=CC=C,CC1=C/C(=N\O)C[C@H](C)C1,2209,14532
C=CC=C,CC1=C/C(=N\O)NC1=O,2209,14533
C=CC=C,CC1=CC(=O)C(C)(C)NC1,2209,14534
C=CC=C,CC1=CC(=O)C=C(C)C1=O,2209,14535
C=CC=C,CC1=CC(=O)N(N)C(=O)C1,2209,14536
C=CC=C,CC1=CC(=O)OC(C)(C)O1,2209,14537
C=CC=C,CC1=CC(=O)[C@H]2CCC[C@H]12,2209,14538
C=CC=C,CC1=CC(C)(C)C(C)=C1C,2209,14539
C=CC=C,CC1=CC(C)(C)N=C(N)N1,2209,14541
C=CC=C,CC1=CC(C)(C)NC(C)=C1,2209,14542
C=CC=C,CC1=CC(C)(C)NCN1C,2209,14543
C=CC=C,CC1=CC(C)(C)OC(=O)C1,2209,14544
C=CC=C,CC1=CC(C)=NCCN1,2209,14546
C=CC=C,CC1=CC(C)=NNC(=N)N1,2209,14547
C=CC=C,CC1=CC=C(C(C)C)CC1,2209,14548
C=CC=C,CC1=CC=C[C@H](C)C(=O)N1,2209,14550
C=CC=C,CC1=CCC(C(=O)O)=CC1,2209,14551
C=CC=C,CC1=CCC(C)=NN1C,2209,14552
C=CC=C,CC1=CCC=C[C@@H]1C(=O)O,2209,14553
C=CC=C,CC1=CCCCC(C)=C1,2209,14554
C=CC=C,CC1=CCCC[C@@H]1[C@H](C)O,2209,14555
C=CC=C,CC1=CCC[C@@H](C#N)C1,2209,14556
C=CC=C,CC1=CCC[C@H](C)[C@@H]1C=O,2209,14557
C=CC=C,CC1=CCC[C@H]2C[C@@]12C,2209,14558
C=CC=C,CC1=CCN(CCN)CC1,2209,14559
C=CC=C,CC1=CCNCC1,2209,14560
C=CC=C,CC1=CC[C@@H](C(C)C)C=C1,2209,14561
C=CC=C,CC1=CC[C@@H]2CNC[C@@H]2C1,2209,14562
C=CC=C,CC1=CC[C@H]2C(=O)CC[C@@H]12,2209,14564
C=CC=C,CC1=CCc2ccccc21,2209,14565
C=CC=C,CC1=COC[C@H](C)C1=O,2209,14567
C=CC=C,CC1=CO[C@@](C)(CO)CC1,2209,14568
C=CC=C,CC1=C[C@@H](C)CC(=O)O1,2209,14569
C=CC=C,CC1=C[C@@H]2CC(=O)[C@@H]2C1,2209,14570
C=CC=C,CC1=C[C@H](C)C(C)=C1C,2209,14572
C=CC=C,CC1=C[C@H](C)CN(C)C1,2209,14573
C=CC=C,CC1=C[C@H](C)C[C@H](C=O)C1,2209,14574
C=CC=C,CC1=C[C@H](C)[C@@H](CO)CC1,2209,14575
C=CC=C,CC1=C[C@H]2CCC[C@@H](C1)N2,2209,14576
C=CC=C,CC1=C[C@H]2[C@@H]1CC[C@@H]2O,2209,14577
C=CC=C,CC1=NC(=O)CC(O)=C1,2209,14578
C=CC=C,CC1=NC(=O)[C@@H](C(N)=O)N1,2209,14579
C=CC=C,CC1=NC(=O)[C@H](C#N)C=C1,2209,14580
C=CC=C,CC1=NC(=O)[C@H](CO)C=N1,2209,14581
C=CC=C,CC1=NC(C)(C)C[C@@H](C)O1,2209,14582
C=CC=C,CC1=NC(N)=N[C@H](O)[C@@H]1C,2209,14584
C=CC=C,CC1=NCC[C@H](C(=O)O)N1,2209,14585
C=CC=C,CC1=NN(C(=N)N)C(=O)C1,2209,14588
C=CC=C,CC1=NN(C)C(=O)C1=NO,2209,14590
C=CC=C,CC1=NN(C=O)C(C)(C)C1,2209,14591
C=CC=C,CC1=NN=C(C)C1CCN,2209,14592
C=CC=C,CC1=NN=C(N)C1,2209,14593
C=CC=C,CC1=NNC(=O)N(N)C1,2209,14594
C=CC=C,CC1=NNC(=O)OC1(C)C,2209,14595
C=CC=C,CC1=NNC(=O)[C@@H]1CCO,2209,14596
C=CC=C,CC1=NOC(=O)C12CC2,2209,14597
C=CC=C,CC1=NO[C@@](C)(C(=O)O)O1,2209,14599
C=CC=C,CC1=N[C@@H]2CCC[C@@H]2N1C,2209,14600
C=CC=C,CC1=N[C@@](C)(CO)CO1,2209,14601
C=CC=C,CC1=N[C@@](C)(O)[C@@](C)(O)N1,2209,14602
C=CC=C,CC1=N[C@H](C(C)C)C(=O)O1,2209,14603
C=CC=C,CC1=N[C@H](C)O[C@H]1C,2209,14604
C=CC=C,CC1=N[C@H]2CCC[C@@H]2O1,2209,14605
C=CC=C,CC1=Nc2ncccc2C1,2209,14606
C=CC=C,CC1C=CC(CO)C=C1,2209,14607
C=CC=C,CC1CC(CCC(N)=O)C1,2209,14608
C=CC=C,CC1CC(c2ccn[nH]2)C1,2209,14609
C=CC=C,CC=C(OCC)OCC,2209,14611
C=CC=C,CC=C1C[C@H]2CC[C@@H](C1)N2,2209,14612
C=CC=C,CC=C=COC(C)(C)OC,2209,14614
C=CC=C,CCC#CC(C)=O,2209,14616
C=CC=C,CCC(/C=N\O)CC,2209,14618
C=CC=C,CCC(=O)C#CC(F)(F)F,2209,14620
C=CC=C,CCC(=O)CNC(C)(C)C,2209,14622
C=CC=C,CCC(=O)N1CCCNC1,2209,14623
C=CC=C,CCC(=O)NC1CC(N)C1,2209,14624
C=CC=C,CCC(=O)NCCN(C)C,2209,14625
C=CC=C,CCC(=O)OC(CC)CC,2209,14626
C=CC=C,CCC(=O)O[C@@H]1CCNC1,2209,14627
C=CC=C,CCC(=O)c1ccn[nH]1,2209,14629
C=CC=C,CCC(C)(C)CC(C)=O,2209,14633
C=CC=C,CCC(CC)(CC)NC=O,2209,14634
C=CC=C,CCC(CC)=NN(C)C,2209,14635
C=CC=C,CCC(F)(F)c1ccc[nH]1,2209,14636
C=CC=C,CCC/C(C)=N/CCCO,2209,14637
C=CC=C,CCC/C=C(\CC)CO,2209,14640
C=CC=C,CCC/C=C\COC=O,2209,14642
C=CC=C,CCC/C=N/CCCC,2209,14643
C=CC=C,CCC1(N)CCC(=O)CC1,2209,14644
C=CC=C,CCC1=C(C)CNC1=O,2209,14645
C=CC=C,CCC1=C(CO)C(=O)OC1,2209,14646
C=CC=C,CCC1=C[C@H]2C(=O)C[C@H]2C1,2209,14647
C=CC=C,CCC1=NNC(N)=NN1,2209,14648
C=CC=C,CCCC#CC(=O)OCC,2209,14650
C=CC=C,CCCC(=N\O)/C(N)=N/O,2209,14651
C=CC=C,CCCC(=O)C1=CCCC1,2209,14654
C=CC=C,CCCC(=O)CCC(C)=O,2209,14655
C=CC=C,CCCC(=O)NC[C@H]1CO1,2209,14656
C=CC=C,CCCC(=O)OC[C@@H](C)F,2209,14657
C=CC=C,CCCC/C=C/OCC,2209,14660
C=CC=C,CCCC1=C(O)OC(=O)C1,2209,14661
C=CC=C,CCCC1=NNC(=O)[C@@H]1C,2209,14662
C=CC=C,CCCC1=NO[C@H](C#N)C1,2209,14663
C=CC=C,CCCCC/C=C/C(=O)O,2209,14664
C=CC=C,CCCCC1(C(C)=O)CC1,2209,14665
C=CC=C,CCCCC1=CCC=C1,2209,14666
C=CC=C,CCCCC1=CCCC1=O,2209,14667
C=CC=C,CCCCC1C=CC=C1,2209,14668
C=CC=C,CCCCCC#CC(=O)O,2209,14669
C=CC=C,CCCCCCC(=O)CC,2209,14670
C=CC=C,CCCCCCC/N=N/C,2209,14671
C=CC=C,CCCCCCCNC=O,2209,14672
C=CC=C,CCCCCN(N)C(=N)N,2209,14673
C=CC=C,CCCCCNC(=N)NN,2209,14674
C=CC=C,CCCCCOC(=O)CN,2209,14675
C=CC=C,CCCCC[C@@H](C)CC=O,2209,14676
C=CC=C,CCCCCc1ncc[nH]1,2209,14677
C=CC=C,CCCCCc1nn[nH]n1,2209,14678
C=CC=C,CCCCN(C)C=O,2209,14680
C=CC=C,CCCCNC(=O)OCC,2209,14681
C=CC=C,CCCCNC1=NCCN1,2209,14682
C=CC=C,CCCCNn1cnnc1,2209,14683
C=CC=C,CCCCOc1cn[nH]c1,2209,14685
C=CC=C,CCCC[C@@H](N)CCC=O,2209,14686
C=CC=C,CCCC[C@H]1COC(=O)N1,2209,14687
C=CC=C,CCCCc1cccnn1,2209,14689
C=CC=C,CCCCc1cnco1,2209,14690
C=CC=C,CCCCn1nnc(N)n1,2209,14694
C=CC=C,CCCN(C)CCC(=O)O,2209,14695
C=CC=C,CCCN1C(=O)CC[C@@H]1O,2209,14696
C=CC=C,CCCN1C=CN(C)C1,2209,14697
C=CC=C,CCCN1CCC[C@@H]1C=O,2209,14698
C=CC=C,CCCN1N=C(N)ON1,2209,14699
C=CC=C,CCCNC(=O)C(=O)NC,2209,14700
C=CC=C,CCCNC/C=C/CN,2209,14701
C=CC=C,CCCNCCN=O,2209,14702
C=CC=C,CCCNOCCC(C)=O,2209,14703
C=CC=C,CCCNc1ccnnc1,2209,14705
C=CC=C,CCCNc1nonc1N,2209,14706
C=CC=C,CCCOC(=O)OCCF,2209,14707
C=CC=C,CCCOCCC(=O)CO,2209,14708
C=CC=C,CCCOCc1cn[nH]n1,2209,14709
C=CC=C,CCCOc1nc(N)n[nH]1,2209,14711
C=CC=C,CCC[C@@H](C=O)CCOC,2209,14712
C=CC=C,CCC[C@@H](N)c1ncon1,2209,14713
C=CC=C,CCC[C@@H]1CC(=O)CCN1,2209,14715
C=CC=C,CCC[C@@H]1OC(=O)[C@H](C)O1,2209,14716
C=CC=C,CCC[C@H](C)C(=O)CC#N,2209,14717
C=CC=C,CCC[C@H]1OCC[C@H]1C=O,2209,14718
C=CC=C,CCC[C@](C)(O)/C(C)=N\O,2209,14719
C=CC=C,CCCc1cc(C=O)no1,2209,14722
C=CC=C,CCCc1cc(CO)n[nH]1,2209,14724
C=CC=C,CCCc1ccc(C=O)[nH]1,2209,14726
C=CC=C,CCCc1cccc(N)n1,2209,14729
C=CC=C,CCCc1ccoc1C#N,2209,14730
C=CC=C,CCCc1cnc(=O)[nH]c1,2209,14732
C=CC=C,CCCc1nc(OC)c[nH]1,2209,14737
C=CC=C,CCCc1nnc(O)o1,2209,14738
C=CC=C,CCCc1oncc1CO,2209,14740
C=CC=C,CCCn1ccc(=NN)[nH]1,2209,14743
C=CC=C,CCCn1ccc(C=O)c1,2209,14744
C=CC=C,CCCn1cncc1C=O,2209,14749
C=CC=C,CCCn1nc(C)cc1C,2209,14750
C=CC=C,CCCn1nccc1NN,2209,14753
C=CC=C,CCN(C)C(=O)NC(C)=O,2209,14756
C=CC=C,CCN(C)c1ccccc1,2209,14758
C=CC=C,CCN(CC(=O)O)C1CC1,2209,14760
C=CC=C,CCN(CC)C(C)(C)C=O,2209,14761
C=CC=C,CCN(CC)CC(N)=O,2209,14762
C=CC=C,CCN(CC)CCC=O,2209,14763
C=CC=C,CCN(CC)N(O)N=O,2209,14764
C=CC=C,CCN(CCC#N)C(C)=O,2209,14765
C=CC=C,CCN1C(=O)N[C@@H](C)C1=O,2209,14768
C=CC=C,CCN1C=CN(C)[C@@H]1C,2209,14769
C=CC=C,CCN1C=NNC(=O)[C@H]1C,2209,14770
C=CC=C,CCN1CCC(=O)[C@@H](C)C1,2209,14772
C=CC=C,CCN1CCNCCC1=O,2209,14773
C=CC=C,CCN1C[C@@H](O)CNC1=O,2209,14774
C=CC=C,CCN1C[C@](C)(CN)C1=O,2209,14775
C=CC=C,CCN1N=CC[C@H]1C,2209,14776
C=CC=C,CCN1OC[C@@H](N)C1=O,2209,14777
C=CC=C,CCN=C1NCCCCN1,2209,14778
C=CC=C,CCNC(=O)C(C)(C)CN,2209,14780
C=CC=C,CCNC(=O)C1(C#N)CC1,2209,14781
C=CC=C,CCNC(=O)N1CCCO1,2209,14782
C=CC=C,CCNC(=O)[C@@H](CC)CO,2209,14783
C=CC=C,CCNC(=O)c1cnco1,2209,14784
C=CC=C,CCNC1=CC(=O)CCC1,2209,14786
C=CC=C,CCNCCCC(=O)OC,2209,14787
C=CC=C,CCNCCn1cccn1,2209,14788
C=CC=C,CCNC[C@@H](O)C=O,2209,14790
C=CC=C,CCNCc1cccn1C,2209,14793
C=CC=C,CCNCc1nonc1C,2209,14796
C=CC=C,CCN[C@@H](CC)C(=O)OC,2209,14799
C=CC=C,CCN[C@H](C)c1cc[nH]c1,2209,14800
C=CC=C,CCN[C@H]1CC(=O)NC1=O,2209,14801
C=CC=C,CCNc1ccc(N)cc1,2209,14805
C=CC=C,CCNc1ccccc1O,2209,14810
C=CC=C,CCNc1cncc(C)c1,2209,14812
C=CC=C,CCNc1ncnc(N)n1,2209,14817
C=CC=C,CCNc1nn(C)cc1N,2209,14819
C=CC=C,CCO/C=C(\C)C(=O)CC,2209,14821
C=CC=C,CCO/C=N/C#N,2209,14825
C=CC=C,CCO/N=C(/CC)C(N)=O,2209,14827
C=CC=C,CCOC(=N)C(OC)OC,2209,14829
C=CC=C,CCOC(=N)C1CCCC1,2209,14830
C=CC=C,CCOC(=O)/C=C/C1CC1,2209,14832
C=CC=C,CCOC(=O)/N=C/N(C)C,2209,14836
C=CC=C,CCOC(=O)C/C(N)=N/O,2209,14840
C=CC=C,CCOC(=O)C1(F)CNC1,2209,14841
C=CC=C,CCOC(=O)CCCOC,2209,14844
C=CC=C,CCOC(=O)CN(C)C#N,2209,14845
C=CC=C,CCOC(=O)CNC1CC1,2209,14846
C=CC=C,CCOC(=O)N(CC)OC,2209,14847
C=CC=C,CCOC(=O)N1CC=CC1,2209,14848
C=CC=C,CCOC(=O)OCNC=O,2209,14849
C=CC=C,CCOC(=O)[C@H]1COC=N1,2209,14850
C=CC=C,CCOC(=O)c1cc[nH]n1,2209,14851
C=CC=C,CCOC(O)=C1N=NN=N1,2209,14856
C=CC=C,CCOC1=C(C)C(=O)CC1,2209,14857
C=CC=C,CCOC1=NC(=O)CC=N1,2209,14858
C=CC=C,CCOC1=NCCCCC1,2209,14859
C=CC=C,CCOC1=N[C@@H](C)[C@@H](C)N1,2209,14860
C=CC=C,CCOC=C=CCOCC,2209,14861
C=CC=C,CCOCC(=O)NOCC,2209,14862
C=CC=C,CCOCCC(=N)OCC,2209,14863
C=CC=C,CCOCCOCC=O,2209,14864
C=CC=C,CCOCN/C(N)=N\C#N,2209,14865
C=CC=C,CCOC[C@H](C)OC(C)=O,2209,14866
C=CC=C,CCOCc1ccnn1C,2209,14868
C=CC=C,CCON1CCC(=O)CC1,2209,14872
C=CC=C,CCON=C1CCCCC1,2209,14873
C=CC=C,CCO[C@@H](C)C(=O)C=O,2209,14874
C=CC=C,CCO[C@@H]1C=CCCO1,2209,14875
C=CC=C,CCO[C@@H]1NCCNC1=O,2209,14876
C=CC=C,CCO[C@@H]1OC=N[C@@H]1C,2209,14877
C=CC=C,CCO[C@@H]1[C@H](C)[C@H]1C(=O)O,2209,14878
C=CC=C,CCO[C@H]1CC(=O)[C@H]1OC,2209,14879
C=CC=C,CCO[C@H]1C[C@@H](C)C=CO1,2209,14880
C=CC=C,CCOc1cc(N)no1,2209,14885
C=CC=C,CCOc1cc(O)ccn1,2209,14886
C=CC=C,CCOc1cc[nH]c(=O)c1,2209,14887
C=CC=C,CCOc1ccccc1C,2209,14894
C=CC=C,CCOc1cnc(CC)[nH]1,2209,14898
C=CC=C,CCOc1n[nH]c(C)c1C,2209,14903
C=CC=C,CCOc1ncc(F)cn1,2209,14905
C=CC=C,CCOc1nnc(C)o1,2209,14909
C=CC=C,CCOc1ocnc1C#N,2209,14910
C=CC=C,CC[C@@H](C)CC(=N)N,2209,14911
C=CC=C,CC[C@@H](N)c1ccc(C)o1,2209,14914
C=CC=C,CC[C@@H]1/C(=N/N)CC[C@H]1C,2209,14919
C=CC=C,CC[C@@H]1C(OC)=N[C@@H]1CC,2209,14920
C=CC=C,CC[C@@H]1CC(=O)C=C(C)C1,2209,14921
C=CC=C,CC[C@@H]1CCC(=O)[C@@H](N)C1,2209,14922
C=CC=C,CC[C@@H]1CCNC(=O)N1,2209,14923
C=CC=C,CC[C@@H]1NC(=O)[C@H]1CC,2209,14925
C=CC=C,CC[C@@H]1N[C@@H]1OC=O,2209,14926
C=CC=C,CC[C@@H]1OC(=O)C(=O)[C@H]1C,2209,14927
C=CC=C,CC[C@@]1(CO)CNC(=O)C1,2209,14932
C=CC=C,CC[C@@]12C[C@@H]1CCCC2=O,2209,14933
C=CC=C,CC[C@H](C)/C=C/C(C)(C)O,2209,14935
C=CC=C,CC[C@H](C)NC(=O)CCN,2209,14937
C=CC=C,CC[C@H](C)c1n[nH]c(N)n1,2209,14939
C=CC=C,CC[C@H](C)n1ncc(N)n1,2209,14940
C=CC=C,CC[C@H](CO)ON=C(C)C,2209,14942
C=CC=C,CC[C@H](N)c1nnc[nH]1,2209,14945
C=CC=C,CC[C@H]1C(=O)OC(=O)N1C,2209,14946
C=CC=C,CC[C@H]1CC(=O)CCO1,2209,14947
C=CC=C,CC[C@H]1CC(=O)NN1C,2209,14948
C=CC=C,CC[C@H]1CCC[C@H](C=O)C1,2209,14950
C=CC=C,CC[C@H]1CNC(=O)CC1=O,2209,14951
C=CC=C,CC[C@H]1NCCCC1=O,2209,14952
C=CC=C,CC[C@H]1OC=CC(=O)C1=O,2209,14954
C=CC=C,CC[C@H]1OC=C[C@@H](O)[C@H]1O,2209,14955
C=CC=C,CC[C@](N)(COC)C(=O)O,2209,14956
C=CC=C,CC[C@]1(C)CN=C(C)C=N1,2209,14958
C=CC=C,CC[C@]1(C)COC=CC1=O,2209,14959
C=CC=C,CC[C@]1(C)C[C@@H]1C(=O)OC,2209,14960
C=CC=C,CCc1[nH]c(=O)[nH]c1C,2209,14961
C=CC=C,CCc1[nH]nc(CN)c1F,2209,14962
C=CC=C,CCc1[nH]ncc1CO,2209,14963
C=CC=C,CCc1c(C)nc[nH]c1=O,2209,14965
C=CC=C,CCc1c[nH]c(C#N)c1,2209,14970
C=CC=C,CCc1c[nH]cc1CC,2209,14973
C=CC=C,CCc1cc(C#N)ccn1,2209,14974
C=CC=C,CCc1cc(COC)on1,2209,14980
C=CC=C,CCc1cc(N)cc(F)c1,2209,14981
C=CC=C,CCc1cc(N)nc(C)n1,2209,14983
C=CC=C,CCc1cc(O)cc(=O)[nH]1,2209,14984
C=CC=C,CCc1cc(O)n(C)n1,2209,14986
C=CC=C,CCc1ccc(/C=N/O)o1,2209,14987
C=CC=C,CCc1ccc(CCN)[nH]1,2209,14989
C=CC=C,CCc1ccc(CN)n1C,2209,14990
C=CC=C,CCc1ccc(NN)cc1,2209,14994
C=CC=C,CCc1cccc(C=O)c1,2209,14999
C=CC=C,CCc1cccc(O)c1N,2209,15001
C=CC=C,CCc1cn(C)nc1CO,2209,15007
C=CC=C,CCc1cnc(C)cc1N,2209,15008
C=CC=C,CCc1cncc(CC)c1,2209,15013
C=CC=C,CCc1coc(N)c1C#N,2209,15015
C=CC=C,CCc1conc1C=O,2209,15016
C=CC=C,CCc1n[nH]c(=O)cc1C,2209,15017
C=CC=C,CCc1n[nH]c(C(F)F)n1,2209,15018
C=CC=C,CCc1nc(C)c(CN)o1,2209,15021
C=CC=C,CCc1nc(CCN)c[nH]1,2209,15025
C=CC=C,CCc1nc(CNC)no1,2209,15026
C=CC=C,CCc1ncc(C(=O)O)o1,2209,15029
C=CC=C,CCc1ncc(CN)cn1,2209,15030
C=CC=C,CCc1nccnc1C,2209,15034
C=CC=C,CCc1ncncc1O,2209,15036
C=CC=C,CCc1nnc(C=O)[nH]1,2209,15040
C=CC=C,CCc1nnc(N)nn1,2209,15043
C=CC=C,CCc1noc(N)c1CC,2209,15047
C=CC=C,CCn1c(C)ccc1C,2209,15052
C=CC=C,CCn1c(O)n[nH]c1=N,2209,15056
C=CC=C,CCn1cc(C#N)c(N)n1,2209,15058
C=CC=C,CCn1cc(C)nc1CO,2209,15061
C=CC=C,CCn1cc(N)ccc1=O,2209,15065
C=CC=C,CCn1ccc(=O)c(O)c1,2209,15067
C=CC=C,CCn1ccc(COC)n1,2209,15070
C=CC=C,CCn1cccc1C(C)=O,2209,15073
C=CC=C,CCn1ccnc1C(F)F,2209,15076
C=CC=C,CCn1cnc(=O)[nH]c1=O,2209,15077
C=CC=C,CCn1cnc(CO)n1,2209,15081
C=CC=C,CCn1cnnc1CCN,2209,15083
C=CC=C,CCn1nc(C)c(CN)n1,2209,15086
C=CC=C,CCn1ncc(CCO)n1,2209,15090
C=CC=C,CCn1ncc(O)cc1=O,2209,15092
C=CC=C,CCn1nccc1C1CC1,2209,15094
C=CC=C,CCn1ncnc1[C@H](C)N,2209,15096
C=CC=C,CCn1nnc(C)c1C=O,2209,15097
C=CC=C,CCn1nnnc1NN,2209,15101
C=CC=C,CN(C(=N)N)C(=O)C(=O)O,2209,15103
C=CC=C,CN(C(=O)CCN)C1CC1,2209,15104
C=CC=C,CN(C)/C=C/C(=O)C1CC1,2209,15105
C=CC=C,CN(C)/C=C1/CCCC1=O,2209,15106
C=CC=C,CN(C)/C=C1/N=COC1=O,2209,15107
C=CC=C,CN(C)/C=N/N=C/N(C)C,2209,15109
C=CC=C,CN(C)/C=N/c1ncn[nH]1,2209,15110
C=CC=C,CN(C)C(=N)C(=N)N(C)C,2209,15112
C=CC=C,CN(C)C(=NC#N)N(C)C,2209,15113
C=CC=C,CN(C)C(=O)C1CC(O)C1,2209,15114
C=CC=C,CN(C)C(=O)CC(F)(F)F,2209,15115
C=CC=C,CN(C)C/C=C\CN(C)C,2209,15118
C=CC=C,CN(C)C1(C(N)=O)CNC1,2209,15119
C=CC=C,CN(C)C1=NC(C)(C)CN1,2209,15120
C=CC=C,CN(C)C1CCC(=O)CC1,2209,15121
C=CC=C,CN(C)C=C1C=CN=C1,2209,15122
C=CC=C,CN(C)CC1=CC=CC1,2209,15123
C=CC=C,CN(C)Cc1cc[nH]c1,2209,15125
C=CC=C,CN(C)Cc1nncn1C,2209,15126
C=CC=C,CN(C)N1CCOC1=O,2209,15127
C=CC=C,CN(C)N=C1CCCC1,2209,15128
C=CC=C,CN(C)c1cc(N)n[nH]1,2209,15129
C=CC=C,CN(C)c1ccc(F)nc1,2209,15130
C=CC=C,CN(C)c1ccccc1F,2209,15132
C=CC=C,CN(C)c1ccnc(N)n1,2209,15133
C=CC=C,CN(C)c1nc(=O)cn[nH]1,2209,15137
C=CC=C,CN(C)c1nc(N)nn1C,2209,15138
C=CC=C,CN(C)c1nnc(CN)[nH]1,2209,15143
C=CC=C,CN(C)c1noc(CO)n1,2209,15145
C=CC=C,CN(N=O)C(C)(C)C,2209,15148
C=CC=C,CN(O)C(=O)c1ccco1,2209,15149
C=CC=C,CN/C=C1/CCOC1=O,2209,15153
C=CC=C,CN1C(=O)C(=O)N=C1N,2209,15156
C=CC=C,CN1C(=O)CC(=O)NC1=O,2209,15158
C=CC=C,CN1C(=O)CC(N)CC1=O,2209,15159
C=CC=C,CN1C(=O)CC[C@@]1(C)C#N,2209,15160
C=CC=C,CN1C(=O)C[C@H]2NCC[C@H]21,2209,15161
C=CC=C,CN1C(=O)NC(=O)C1(C)C,2209,15162
C=CC=C,CN1C(=O)NC(=O)[C@@H]1C=O,2209,15163
C=CC=C,CN1C(=O)NC=C[C@H]1N,2209,15164
C=CC=C,CN1C(=O)OC(C)(C)C1=O,2209,15165
C=CC=C,CN1C(=O)O[C@H]2CNC[C@H]21,2209,15166
C=CC=C,CN1C=CC(=CN=O)C=C1,2209,15167
C=CC=C,CN1C=CC(N(C)C)=CC1,2209,15169
C=CC=C,CN1C=CC=C(C(N)=O)C1,2209,15170
C=CC=C,CN1C=CCC(=O)C1=O,2209,15172
C=CC=C,CN1C=CC[C@H](C=O)C1,2209,15174
C=CC=C,CN1CC(=O)CCCC1=O,2209,15175
C=CC=C,CN1CC2(CC2)CNC1=O,2209,15177
C=CC=C,CN1CC=C(N)NC1=O,2209,15178
C=CC=C,CN1CC=CC[C@@H]1C#N,2209,15179
C=CC=C,CN1CC=C[C@H](CO)C1,2209,15180
C=CC=C,CN1CCC(=O)C(C)(C)C1,2209,15181
C=CC=C,CN1CCC2=C(CNC2)C1,2209,15182
C=CC=C,CN1CCC=C(CO)C1,2209,15183
C=CC=C,CN1CCCC=C1C(=O)O,2209,15184
C=CC=C,CN1CCCC[C@H]1C(=N)N,2209,15185
C=CC=C,CN1CCC[C@H](C(N)=O)C1,2209,15186
C=CC=C,CN1CCN(C#N)CC1=O,2209,15187
C=CC=C,CN1CCN(CC=O)CC1,2209,15188
C=CC=C,CN1CCN[C@H](C(=O)O)C1,2209,15191
C=CC=C,CN1CCO[C@H](CO)C1=O,2209,15192
C=CC=C,CN1CCn2ccnc2C1,2209,15196
C=CC=C,CN1CNC(=O)NC1,2209,15197
C=CC=C,CN1COCN(C)C1=O,2209,15198
C=CC=C,CN1C[C@@H](CN)OCC1=O,2209,15199
C=CC=C,CN1C[C@@H]2CNC[C@@H]2C1=O,2209,15200
C=CC=C,CN1C[C@@H]2C[C@]2(C(=O)O)C1,2209,15201
C=CC=C,CN1Cc2cn[nH]c2C1,2209,15207
C=CC=C,CN1N=C[C@H]2C=CCC[C@H]21,2209,15209
C=CC=C,CN1N=NN2CC=CC=C12,2209,15210
C=CC=C,CN1NCc2cncnc21,2209,15211
C=CC=C,CN1[C@@H]2CC=C[C@H]1CC2,2209,15212
C=CC=C,CN1[C@@H]2CCC(=O)[C@H]1CC2,2209,15213
C=CC=C,CNC(=N)C1CC1,2209,15215
C=CC=C,CNC(=N)NCCC(C)C,2209,15216
C=CC=C,CNC(=O)/C=C/CN,2209,15217
C=CC=C,CNC(=O)C#CC(=O)NC,2209,15218
C=CC=C,CNC(=O)C(C)(C)NC,2209,15220
C=CC=C,CNC(=O)CNCC(F)F,2209,15221
C=CC=C,CNC(=O)COC1CNC1,2209,15222
C=CC=C,CNC(=O)C[C@H](N)C1CC1,2209,15223
C=CC=C,CNC(=O)N1CCNCC1,2209,15225
C=CC=C,CNC(=O)NC(=O)CC#N,2209,15226
C=CC=C,CNC(=O)NCCCOC,2209,15227
C=CC=C,CNC(=O)N[C@H]1CCNC1,2209,15228
C=CC=C,CNC(=O)OC1=NCCN1,2209,15229
C=CC=C,CNC(=O)O[C@H]1C=CCC1,2209,15230
C=CC=C,CNC(=O)[C@@H](N)CN(C)C,2209,15231
C=CC=C,CNC(=O)[C@@]1(O)CCNC1,2209,15232
C=CC=C,CNC(=O)[C@H]1CCCOC1,2209,15233
C=CC=C,CNC(=O)[C@H]1C[C@H]1C(=O)O,2209,15234
C=CC=C,CNC(=O)c1cn[nH]c1N,2209,15237
C=CC=C,CNC(=O)n1cncn1,2209,15242
C=CC=C,CNC(=O)n1nnnc1N,2209,15243
C=CC=C,CNC1(C(=O)O)CCCC1,2209,15244
C=CC=C,CNC1=CC(=O)N(C)C1=O,2209,15245
C=CC=C,CNC1=NC(=O)CC(=O)N1,2209,15246
C=CC=C,CNC=C(C(C)=O)C(C)=O,2209,15247
C=CC=C,CNCC(=O)N(C)CCO,2209,15249
C=CC=C,CNCC(=O)NCC1CC1,2209,15250
C=CC=C,CNCC1=NC(=O)N=N1,2209,15251
C=CC=C,CNCCC1=NCCN1C,2209,15252
C=CC=C,CNCCCCC(=O)NC,2209,15253
C=CC=C,CNCCNC(=O)C(C)C,2209,15255
C=CC=C,CNC[C@@H](C)/C(N)=N/O,2209,15260
C=CC=C,CNC[C@@H](C)N(C)C(C)=O,2209,15261
C=CC=C,CNC[C@H](C)c1nnn[nH]1,2209,15263
C=CC=C,CNC[C@H]1CCC(=O)O1,2209,15264
C=CC=C,CNC[C@]1(C)CC(C)=NO1,2209,15265
C=CC=C,CNCc1ccc(C)[nH]1,2209,15271
C=CC=C,CNCc1ccc(CO)o1,2209,15274
C=CC=C,CNCc1cn(C)nn1,2209,15279
C=CC=C,CNCc1cnc(C)nc1,2209,15280
C=CC=C,CNCc1nc(C)oc1C,2209,15285
C=CC=C,CNN=C(N)N,2209,15290
C=CC=C,CNNCc1ccccn1,2209,15291
C=CC=C,CNOC(=O)C(F)(F)F,2209,15292
C=CC=C,CN[C@@H](C)c1cnccn1,2209,15294
C=CC=C,CN[C@@H](C)c1nn[nH]n1,2209,15295
C=CC=C,CN[C@@H](CCCN)C(=O)O,2209,15296
C=CC=C,CN[C@@H]1CCCCNC1=O,2209,15297
C=CC=C,CN[C@H](C)C(N)=O,2209,15298
C=CC=C,CN[C@H](C)c1ccn(C)c1,2209,15299
C=CC=C,CN[C@H](C)c1nc(C)no1,2209,15301
C=CC=C,CNc1c(NC)c(=O)c1=O,2209,15304
C=CC=C,CNc1c(O)cccc1F,2209,15305
C=CC=C,CNc1cc(C)cc(F)c1,2209,15308
C=CC=C,CNc1cc(C)n(C)n1,2209,15310
C=CC=C,CNc1cc(C2CC2)n[nH]1,2209,15311
C=CC=C,CNc1cc(F)nc(F)n1,2209,15313
C=CC=C,CNc1cc(N)ccc1O,2209,15315
C=CC=C,CNc1ccc(OC)cc1,2209,15323
C=CC=C,CNc1cccc(C#N)n1,2209,15324
C=CC=C,CNc1cccc(CO)c1,2209,15326
C=CC=C,CNc1ccccc1C=O,2209,15329
C=CC=C,CNc1ccnn1C(C)C,2209,15332
C=CC=C,CNc1cn[nH]c(=O)c1,2209,15333
C=CC=C,CNc1cnc(CN)cn1,2209,15336
C=CC=C,CNc1cncc(OC)n1,2209,15337
C=CC=C,CNc1n[nH]c(=O)[nH]c1=O,2209,15339
C=CC=C,CNc1nc(C)ccc1N,2209,15341
C=CC=C,CNc1nc(C)nc(O)n1,2209,15342
C=CC=C,CNc1ncc(N)cn1,2209,15349
C=CC=C,CNc1nccc(C=O)n1,2209,15350
C=CC=C,CNc1ncccc1CN,2209,15351
C=CC=C,CNc1ncncc1F,2209,15353
C=CC=C,CNc1nnc(C)n1C,2209,15354
C=CC=C,CNc1nonc1C(=O)O,2209,15356
C=CC=C,CO/C=N/c1ccccc1,2209,15358
C=CC=C,CO/N=C(N)/C(N)=N/OC,2209,15360
C=CC=C,CO/N=C/[C@H]1C=NNC1=O,2209,15363
C=CC=C,CO/N=C/c1cccnc1,2209,15364
C=CC=C,CO/N=C1/CNC[C@H]1CN,2209,15365
C=CC=C,COC(=N)CC(=N)OC,2209,15366
C=CC=C,COC(=N)c1ccccn1,2209,15368
C=CC=C,COC(=O)/C=C(\N)C(C)C,2209,15369
C=CC=C,COC(=O)/C=C/[C@@H]1O[C@@H]1C,2209,15373
C=CC=C,COC(=O)C#C[C@@H](O)OC,2209,15376
C=CC=C,COC(=O)C(C)(C)CC#N,2209,15379
C=CC=C,COC(=O)C12CC1(CO)C2,2209,15380
C=CC=C,COC(=O)C1=C(N)CCC1,2209,15382
C=CC=C,COC(=O)C1=CCC=CC1,2209,15384
C=CC=C,COC(=O)C1=C[C@H](O)NN1,2209,15387
C=CC=C,COC(=O)C1CN(C#N)C1,2209,15390
C=CC=C,COC(=O)C=C1NCCN1,2209,15391
C=CC=C,COC(=O)CC1(O)COC1,2209,15392
C=CC=C,COC(=O)CCN(C)N=O,2209,15393
C=CC=C,COC(=O)CCN1C[C@H]1C,2209,15394
C=CC=C,COC(=O)COCC1CC1,2209,15395
C=CC=C,COC(=O)C[C@H](CN)OC,2209,15396
C=CC=C,COC(=O)Cc1nnco1,2209,15399
C=CC=C,COC(=O)Cn1cccc1,2209,15401
C=CC=C,COC(=O)N(C)CCCN,2209,15402
C=CC=C,COC(=O)N1C=CC=CC1,2209,15403
C=CC=C,COC(=O)N1CC(C)(N)C1,2209,15404
C=CC=C,COC(=O)N=NC(=O)OC,2209,15405
C=CC=C,COC(=O)NCC(C)=O,2209,15406
C=CC=C,COC(=O)[C@@H](C)C1CNC1,2209,15407
C=CC=C,COC(=O)[C@@H]1COCC1=O,2209,15408
C=CC=C,COC(=O)[C@@H]1[C@@H]2CCO[C@@H]21,2209,15409
C=CC=C,COC(=O)[C@@]1(C)CCCO1,2209,15410
C=CC=C,COC(=O)[C@H]1C=C[C@H](N)C1,2209,15411
C=CC=C,COC(=O)[C@H]1C[C@@H]1CCO,2209,15412
C=CC=C,COC(=O)c1cc(F)c[nH]1,2209,15416
C=CC=C,COC(=O)c1ccnnn1,2209,15423
C=CC=C,COC(=O)c1cnoc1,2209,15425
C=CC=C,COC(=O)c1ncnn1C,2209,15431
C=CC=C,COC(=O)n1nccc1C,2209,15436
C=CC=C,COC(CC#CC=O)OC,2209,15437
C=CC=C,COC(CNC(=N)N)OC,2209,15438
C=CC=C,COC(OC)(OC)C(N)=O,2209,15439
C=CC=C,COC(OC)/C(C)=N/O,2209,15440
C=CC=C,COC/C=C(\COC)OC,2209,15442
C=CC=C,COC/C=C/COC,2209,15443
C=CC=C,COC12CC(C(C)=O)(C1)C2,2209,15444
C=CC=C,COC1=C(C)CC=CC1,2209,15445
C=CC=C,COC1=C(C)O[C@@H](C)C1=O,2209,15446
C=CC=C,COC1=CC(=O)NCCC1,2209,15447
C=CC=C,COC1=CC(=O)O[C@@H]1CO,2209,15448
C=CC=C,COC1=CC=CC=CC1,2209,15449
C=CC=C,COC1=CC=CC=CC=C1,2209,15450
C=CC=C,COC1=CCOCC1,2209,15451
C=CC=C,COC1=C[C@@H](C)C=C(C)C1,2209,15452
C=CC=C,COC1=NC=CCC=CC1,2209,15453
C=CC=C,COC1=NC=NC=C(C)C1,2209,15454
C=CC=C,COC1=NO[C@H]2C=CO[C@@H]12,2209,15455
C=CC=C,COC1=N[C@H](C)CCCC1,2209,15456
C=CC=C,COC1C=CC=CC=C1,2209,15457
C=CC=C,COC1CC(=CC(=O)O)C1,2209,15458
C=CC=C,COC1CC(CC=O)C1,2209,15459
C=CC=C,COC1CN(C(=N)N)C1,2209,15460
C=CC=C,COC1NCC(C=O)CN1,2209,15461
C=CC=C,COC=CC(OC)OC,2209,15462
C=CC=C,COCC(=N)N1CCCC1,2209,15464
C=CC=C,COCC(=O)CC(=O)OC,2209,15465
C=CC=C,COCC(=O)N1CC(O)C1,2209,15466
C=CC=C,COCC(=O)NCC(C)C,2209,15467
C=CC=C,COCC/C=C\C1CC1,2209,15468
C=CC=C,COCC1(C=O)CC=CC1,2209,15469
C=CC=C,COCC1=NN(C)C(=O)C1,2209,15470
C=CC=C,COCCC(=O)C1CCC1,2209,15471
C=CC=C,COCCC[C@@H](C)C(=O)O,2209,15472
C=CC=C,COCCN1CCC(=O)C1,2209,15473
C=CC=C,COCCNCCC(=O)O,2209,15475
C=CC=C,COCCNc1ncn[nH]1,2209,15476
C=CC=C,COCCOCC(C)=O,2209,15477
C=CC=C,COCC[C@@H]1CCOC1=O,2209,15478
C=CC=C,COCCc1c[nH]nc1O,2209,15479
C=CC=C,COCCc1ncon1,2209,15482
C=CC=C,COCCc1nnnn1C,2209,15484
C=CC=C,COCCn1cnc(N)c1,2209,15486
C=CC=C,COCNC(=O)N(C)C,2209,15489
C=CC=C,COCOCCC=O,2209,15490
C=CC=C,COCO[C@H]1C[C@@H](C=O)C1,2209,15491
C=CC=C,COC[C@@H]1CCCN1C=O,2209,15492
C=CC=C,COC[C@H](C)n1cccc1,2209,15493
C=CC=C,COC[C@H]1C=CCCN1,2209,15495
C=CC=C,COC[C@H]1CNC(=O)O1,2209,15496
C=CC=C,COC[C@]1(O)C=CC(=O)O1,2209,15497
C=CC=C,COCc1cc(=O)[nH]cn1,2209,15498
C=CC=C,COCc1ccc(O)cc1,2209,15502
C=CC=C,COCc1cncnc1N,2209,15505
C=CC=C,COCc1nc(C)n(C)n1,2209,15507
C=CC=C,COCc1nc(C=O)c[nH]1,2209,15508
C=CC=C,COCc1nnc(CN)o1,2209,15511
C=CC=C,COCn1[nH]c(C)nc1=N,2209,15517
C=CC=C,COCn1[nH]cnc1=NN,2209,15518
C=CC=C,CON(C)C(=O)C1(C)CC1,2209,15521
C=CC=C,CON(C)C(=O)CCCO,2209,15523
C=CC=C,CON1C(=O)NC(=O)C1=O,2209,15524
C=CC=C,CON1CCN(N)C1=O,2209,15525
C=CC=C,CON=C1CC(C(=O)O)C1,2209,15526
C=CC=C,CON=CC(=O)O,2209,15527
C=CC=C,CO[C@@H]1CC(=O)CC[C@H]1C,2209,15530
C=CC=C,CO[C@@H]1CN(C=O)CCO1,2209,15531
C=CC=C,CO[C@@H]1[C@@H](C)C(=O)C1(C)C,2209,15532
C=CC=C,CO[C@@]1(C)CC(=O)C1(C)C,2209,15534
C=CC=C,CO[C@@]1(C=O)CC[C@H](C)C1,2209,15535
C=CC=C,CO[C@H](C(=O)O)C1CCC1,2209,15536
C=CC=C,CO[C@H](C)C[C@@H](C)C=O,2209,15537
C=CC=C,CO[C@H]1C=CCNC1,2209,15538
C=CC=C,CO[C@H]1C=C[C@@](C)(OC)O1,2209,15539
C=CC=C,CO[C@H]1C=NC=NC1=O,2209,15541
C=CC=C,CO[C@H]1CCCC[C@H]1C=O,2209,15542
C=CC=C,CO[C@H]1N=C(N)CC(=O)N1,2209,15543
C=CC=C,CO[C@H]1OCCCC1=O,2209,15544
C=CC=C,COc1[nH]ccc(=O)c1F,2209,15545
C=CC=C,COc1c(C)cccc1N,2209,15546
C=CC=C,COc1c(CO)cnn1C,2209,15549
C=CC=C,COc1c(N)c(=O)c1=O,2209,15551
C=CC=C,COc1c(O)[nH]cnc1=O,2209,15553
C=CC=C,COc1cc(C)ccc1O,2209,15557
C=CC=C,COc1cc(CN)[nH]n1,2209,15559
C=CC=C,COc1cc(F)cc(F)c1,2209,15562
C=CC=C,COc1cc([C@H](C)O)on1,2209,15570
C=CC=C,COc1ccc(C#N)nn1,2209,15573
C=CC=C,COc1ccc(N)c(F)n1,2209,15577
C=CC=C,COc1ccc(N)cc1F,2209,15578
C=CC=C,COc1cccc(=O)cc1,2209,15585
C=CC=C,COc1cccc(NN)c1,2209,15588
C=CC=C,COc1cccccc1=O,2209,15591
C=CC=C,COc1cccnc1CO,2209,15592
C=CC=C,COc1ccn(C)c(=O)n1,2209,15593
C=CC=C,COc1ccnc(N)c1C,2209,15596
C=CC=C,COc1ccnc(OC)c1,2209,15597
C=CC=C,COc1ccncc1C#N,2209,15598
C=CC=C,COc1ccoc1C(C)=O,2209,15599
C=CC=C,COc1cn[nH]c1C(=O)O,2209,15600
C=CC=C,COc1cnc(C2CC2)[nH]1,2209,15602
C=CC=C,COc1cnc(F)cc1C,2209,15604
C=CC=C,COc1cnc(N)[nH]c1=O,2209,15605
C=CC=C,COc1cnc(N)c(N)c1,2209,15608
C=CC=C,COc1cncnc1C=O,2209,15612
C=CC=C,COc1cnnc(CO)c1,2209,15613
C=CC=C,COc1nc(=O)[nH]cc1F,2209,15616
C=CC=C,COc1nc(C)cc(=O)[nH]1,2209,15618
C=CC=C,COc1nc(C)ccc1C,2209,15619
C=CC=C,COc1nc(C)nc(N)n1,2209,15620
C=CC=C,COc1ncc(F)c(O)n1,2209,15626
C=CC=C,COc1nccc(CN)n1,2209,15629
C=CC=C,COc1nccnc1NN,2209,15633
C=CC=C,COc1ncnnc1CN,2209,15637
C=CC=C,COc1nn(C)c(C)c1N,2209,15638
C=CC=C,COc1nn(C)cc1C=O,2209,15640
C=CC=C,COc1nnc(OC)n1N,2209,15642
C=CC=C,C[C@@H](C#N)CCC(=O)O,2209,15646
C=CC=C,C[C@@H](C(=O)O)N(C)N=O,2209,15648
C=CC=C,C[C@@H](C(=O)O)n1ccnn1,2209,15651
C=CC=C,C[C@@H](C=O)C(F)(F)F,2209,15654
C=CC=C,C[C@@H](C=O)C1CCOCC1,2209,15655
C=CC=C,C[C@@H](CCN)c1nc[nH]n1,2209,15656
C=CC=C,C[C@@H](CCN)n1ccnc1,2209,15657
C=CC=C,C[C@@H](CN)c1cnc[nH]1,2209,15658
C=CC=C,C[C@@H](N)CCc1cn[nH]c1,2209,15659
C=CC=C,C[C@@H](N)c1nc(=O)cc[nH]1,2209,15665
C=CC=C,C[C@@H](NN)c1ccc[nH]1,2209,15668
C=CC=C,C[C@@H](O)CCNC(=O)CN,2209,15669
C=CC=C,C[C@@H](O)c1cccc(F)c1,2209,15671
C=CC=C,C[C@@H](O)c1ccncc1F,2209,15672
C=CC=C,C[C@@H]1C(=O)C(=O)C=CN1C,2209,15675
C=CC=C,C[C@@H]1C(=O)C[C@@H]2CCC[C@@H]21,2209,15676
C=CC=C,C[C@@H]1C(=O)N(N)C(=O)N1C,2209,15677
C=CC=C,C[C@@H]1C(=O)c2ccccc21,2209,15678
C=CC=C,C[C@@H]1C=CCCC=CC1,2209,15679
C=CC=C,C[C@@H]1C=CC[C@@](C)(C#N)C1,2209,15680
C=CC=C,C[C@@H]1C=CO[C@@H](C)CO1,2209,15682
C=CC=C,C[C@@H]1C=C[C@H]2C[C@@H](O)[C@H]12,2209,15683
C=CC=C,C[C@@H]1C=C[C@H]2[C@@H](C1)C2(C)C,2209,15684
C=CC=C,C[C@@H]1C=NN(C)[C@H]1C,2209,15685
C=CC=C,C[C@@H]1CC(=O)C=C(N)C1,2209,15687
C=CC=C,C[C@@H]1CC(=O)CC(C)(C)C1,2209,15688
C=CC=C,C[C@@H]1CC(=O)[C@H](F)[C@H](C)C1,2209,15689
C=CC=C,C[C@@H]1CC(=O)c2ncnn21,2209,15690
C=CC=C,C[C@@H]1CC=C(O)CC1,2209,15691
C=CC=C,C[C@@H]1CCC(=O)[C@@H](C=O)C1,2209,15692
C=CC=C,C[C@@H]1CCC/C(=C\O)C1=O,2209,15693
C=CC=C,C[C@@H]1CCC2=C1N=CCN2,2209,15695
C=CC=C,C[C@@H]1CCC=CO1,2209,15696
C=CC=C,C[C@@H]1CCCCN(C)C1=O,2209,15697
C=CC=C,C[C@@H]1CCN(CC(=O)O)C1,2209,15699
C=CC=C,C[C@@H]1CCNc2ccnn21,2209,15700
C=CC=C,C[C@@H]1CC[C@@H](C)[C@H](C)C1=O,2209,15701
C=CC=C,C[C@@H]1CC[C@@]2(C)C=C[C@@H]12,2209,15702
C=CC=C,C[C@@H]1CC[C@H]1c1cc[nH]n1,2209,15703
C=CC=C,C[C@@H]1CCc2nccnc21,2209,15705
C=CC=C,C[C@@H]1CN(C)CC/C1=N\O,2209,15706
C=CC=C,C[C@@H]1CN(C=O)[C@@H](C)CN1,2209,15707
C=CC=C,C[C@@H]1CN2CC(=O)[C@H]1C2,2209,15708
C=CC=C,C[C@@H]1CNC(=O)C[C@H](C)O1,2209,15709
C=CC=C,C[C@@H]1CNC(=O)[C@@H](C)C1,2209,15710
C=CC=C,C[C@@H]1CNC(NN)=N1,2209,15711
C=CC=C,C[C@@H]1CNc2cccnc21,2209,15716
C=CC=C,C[C@@H]1C[C@@H](C)C(O)=CC1=O,2209,15718
C=CC=C,C[C@@H]1C[C@@H](CC(=O)O)CN1,2209,15719
C=CC=C,C[C@@H]1C[C@H](C(=O)O)CCO1,2209,15721
C=CC=C,C[C@@H]1C[C@H](CN)CC(=O)N1,2209,15722
C=CC=C,C[C@@H]1C[C@H]2CON=C2CO1,2209,15723
C=CC=C,C[C@@H]1Cc2ccccc2O1,2209,15726
C=CC=C,C[C@@H]1Cc2cnccc2N1,2209,15728
C=CC=C,C[C@@H]1N=C(CN)OC1=O,2209,15730
C=CC=C,C[C@@H]1NC(=O)C(=O)O[C@H]1C,2209,15731
C=CC=C,C[C@@H]1NCC(=O)N1O,2209,15732
C=CC=C,C[C@@H]1NCCc2[nH]cnc21,2209,15733
C=CC=C,C[C@@H]1NCCc2occc21,2209,15734
C=CC=C,C[C@@H]1N[C@@H](C)[C@@H](C)NC1=O,2209,15737
C=CC=C,C[C@@H]1OC/C(=C\NN)C1=O,2209,15738
C=CC=C,C[C@@H]1OCCNC1=O,2209,15739
C=CC=C,C[C@@](O)(CCO)CC(=O)O,2209,15740
C=CC=C,C[C@@]1(C(=O)O)C=CCCN1,2209,15741
C=CC=C,C[C@@]1(C(N)=O)C[C@@H](O)CN1,2209,15742
C=CC=C,C[C@@]1(CCN)CCNC1=O,2209,15743
C=CC=C,C[C@@]1(CN)C=CCCC1,2209,15744
C=CC=C,C[C@@]12C=C[C@@H](CC1=O)C2,2209,15747
C=CC=C,C[C@@]12C=C[C@]1(C)CCC2,2209,15748
C=CC=C,C[C@@]12CCCC(=O)[C@@H]1O2,2209,15749
C=CC=C,C[C@@]12CCC[C@@H]1OC(=O)C2,2209,15750
C=CC=C,C[C@@]12C[C@H](O)C=C[C@]1(C)C2,2209,15751
C=CC=C,C[C@@]12OCC[C@H]1CC(=O)O2,2209,15752
C=CC=C,C[C@H](C#N)n1cnc(N)c1,2209,15755
C=CC=C,C[C@H](CCO)n1cccn1,2209,15760
C=CC=C,C[C@H](COC=O)OC=O,2209,15763
C=CC=C,C[C@H](N)CN1C=N[C@@H](C)C1,2209,15765
C=CC=C,C[C@H](N)[C@@H](C)n1cncn1,2209,15767
C=CC=C,C[C@H](N)c1cocn1,2209,15770
C=CC=C,C[C@H](N)c1noc(O)n1,2209,15771
C=CC=C,C[C@H](NC1COC1)C(=O)O,2209,15772
C=CC=C,C[C@H](O)/C=C\[C@@H](C)O,2209,15773
C=CC=C,C[C@H](O)C1=CCC=C1,2209,15774
C=CC=C,C[C@H](O)CN1CCCC1=O,2209,15775
C=CC=C,C[C@H](O)[C@@H](O)[C@H](N)CC=O,2209,15777
C=CC=C,C[C@H](O)[C@H](N)/C(O)=N/O,2209,15778
C=CC=C,C[C@H](O)c1ncc(O)cn1,2209,15783
C=CC=C,C[C@H]1C(=O)CC(=O)C1=O,2209,15784
C=CC=C,C[C@H]1C(=O)N=C(N)N=C1O,2209,15785
C=CC=C,C[C@H]1C(C=O)[C@@H]1C,2209,15787
C=CC=C,C[C@H]1C=COC1,2209,15789
C=CC=C,C[C@H]1C=Cc2ccccc21,2209,15790
C=CC=C,C[C@H]1C=NC(=O)C(N)=C1N,2209,15791
C=CC=C,C[C@H]1CC(=NO)[C@@H](C)CN1,2209,15792
C=CC=C,C[C@H]1CC(=O)C(F)=C(O)C1,2209,15793
C=CC=C,C[C@H]1CC(=O)CC(=O)O1,2209,15794
C=CC=C,C[C@H]1CC(=O)CN(C)[C@H]1C,2209,15795
C=CC=C,C[C@H]1CC(=O)NCCN1,2209,15796
C=CC=C,C[C@H]1CCC[C@H](C)C1=NO,2209,15798
C=CC=C,C[C@H]1CCC[C@H](C)N1C=O,2209,15799
C=CC=C,C[C@H]1CCC[C@H](N)C(=O)N1,2209,15800
C=CC=C,C[C@H]1CN1C(=O)N(C)C,2209,15803
C=CC=C,C[C@H]1CN=C(N)O1,2209,15804
C=CC=C,C[C@H]1CNCc2c[nH]nc21,2209,15805
C=CC=C,C[C@H]1CNCc2nncn21,2209,15806
C=CC=C,C[C@H]1CNc2ncnn2C1,2209,15807
C=CC=C,C[C@H]1COCCN1C(=N)N,2209,15808
C=CC=C,C[C@H]1COC[C@H](C(N)=O)N1,2209,15809
C=CC=C,C[C@H]1C[C@@H](C#N)C(=O)O1,2209,15810
C=CC=C,C[C@H]1C[C@@H](O)c2nccn21,2209,15811
C=CC=C,C[C@H]1N=C1c1ccccc1,2209,15816
C=CC=C,C[C@H]1N=NNN1C,2209,15817
C=CC=C,C[C@H]1NC(=O)CC12CC2,2209,15818
C=CC=C,C[C@H]1NC(C)(C)COC1=O,2209,15819
C=CC=C,C[C@H]1NCCC[C@H]1C(=O)O,2209,15820
C=CC=C,C[C@H]1NCCn2cccc21,2209,15823
C=CC=C,C[C@H]1NNC(=O)NC1=O,2209,15824
C=CC=C,C[C@H]1O/C(=N/O)[C@@H](C)O1,2209,15826
C=CC=C,C[C@H]1OCCN[C@@H]1C(N)=O,2209,15828
C=CC=C,C[C@]1(CC(=O)O)CCCN1,2209,15829
C=CC=C,C[C@]1(CF)NC(=O)NC1=O,2209,15830
C=CC=C,C[C@]1(NO)CCCCC1=O,2209,15831
C=CC=C,C[C@]1(c2ccccc2)CN1,2209,15832
C=CC=C,C[C@]12CC=C[C@H](C1)C(=O)N2,2209,15834
C=CC=C,C[C@]12CCC(=O)N1CCN2,2209,15835
C=CC=C,C[C@]12CCC=C1C(=O)CC2,2209,15836
C=CC=C,C[C@]12CCCC1=CC(=O)C2,2209,15837
C=CC=C,C[C@]12CCC[C@H]1C(=O)N2,2209,15838
C=CC=C,Cc1[nH]c(C=O)c(C)c1C,2209,15839
C=CC=C,Cc1[nH]c(N)c(C#N)c1C,2209,15841
C=CC=C,Cc1[nH]c(N)nc(=O)c1N,2209,15842
C=CC=C,Cc1[nH]cnc1CC#N,2209,15844
C=CC=C,Cc1[nH]n(C)c(=N)c1C,2209,15845
C=CC=C,Cc1[nH]nc(O)c1CCO,2209,15850
C=CC=C,Cc1[nH]nc2c1CCCO2,2209,15852
C=CC=C,Cc1[nH]oc(=O)c1CCN,2209,15855
C=CC=C,Cc1c(C(=O)O)nnn1C,2209,15857
C=CC=C,Cc1c(C)c(=N)[nH][nH]c1=N,2209,15858
C=CC=C,Cc1c(C)n(C)ccc1=N,2209,15859
C=CC=C,Cc1c(F)cccc1C#N,2209,15864
C=CC=C,Cc1c(N)c(=O)n(C)n1C,2209,15867
C=CC=C,Cc1c(N)ccc(F)c1F,2209,15870
C=CC=C,Cc1c(N)cnn1C(F)F,2209,15872
C=CC=C,Cc1c(N)nc(=O)[nH]c1F,2209,15873
C=CC=C,Cc1c(N)noc1C(C)C,2209,15875
C=CC=C,Cc1c/c(=N\N)nc(N)[nH]1,2209,15881
C=CC=C,Cc1c[nH]c(C(C)(C)C)n1,2209,15882
C=CC=C,Cc1c[nH]c(C=O)c1C#N,2209,15883
C=CC=C,Cc1c[nH]c2c1CCCC2,2209,15885
C=CC=C,Cc1c[nH]c2ccccc12,2209,15886
C=CC=C,Cc1c[nH]c2ncncc12,2209,15890
C=CC=C,Cc1c[nH]cc1C(C)(C)O,2209,15892
C=CC=C,Cc1c[nH]nc1C,2209,15893
C=CC=C,Cc1cc(/C=N/N)oc1C,2209,15894
C=CC=C,Cc1cc(=O)cc(C)n1O,2209,15895
C=CC=C,Cc1cc(=O)n(C)c(=O)[nH]1,2209,15896
C=CC=C,Cc1cc(C(C)(C)N)on1,2209,15905
C=CC=C,Cc1cc(C(N)=O)n(N)c1,2209,15909
C=CC=C,Cc1cc(C)c(C=NO)[nH]1,2209,15915
C=CC=C,Cc1cc(C)c(F)c(C)n1,2209,15917
C=CC=C,Cc1cc(C)c(F)cc1C,2209,15918
C=CC=C,Cc1cc(C)c(N)c(N)c1,2209,15920
C=CC=C,Cc1cc(C)c2c(c1)CC2,2209,15922
C=CC=C,Cc1cc(C)n(C)c1C=O,2209,15927
C=CC=C,Cc1cc(C)n(CCN)c1,2209,15929
C=CC=C,Cc1cc(C)n(N)c(=O)n1,2209,15932
C=CC=C,Cc1cc(C)nc(CN)c1,2209,15933
C=CC=C,Cc1cc(C2CC2)ncn1,2209,15936
C=CC=C,Cc1cc(C=O)nc(C)n1,2209,15940
C=CC=C,Cc1cc(CNN)c(C)o1,2209,15949
C=CC=C,Cc1cc(C[C@H](C)O)[nH]n1,2209,15953
C=CC=C,Cc1cc(F)cc(C)c1O,2209,15957
C=CC=C,Cc1cc(N)c(N)nc1C,2209,15964
C=CC=C,Cc1cc(N)c[nH]c1=O,2209,15966
C=CC=C,Cc1cc(N)cc(C#N)c1,2209,15968
C=CC=C,Cc1cc(N)n(N)c(=O)c1,2209,15974
C=CC=C,Cc1cc(N)nn1C1CC1,2209,15975
C=CC=C,Cc1cc(N/C=N/O)on1,2209,15976
C=CC=C,Cc1cc(NC(N)=O)no1,2209,15978
C=CC=C,Cc1cc(O)c(F)c(F)c1,2209,15982
C=CC=C,Cc1cc(O)cc(C=O)c1,2209,15984
C=CC=C,Cc1cc(O)ccc1N=O,2209,15988
C=CC=C,Cc1cc(O)nnc1O,2209,15992
C=CC=C,Cc1cc([C@@H](C)N)ccn1,2209,15993
C=CC=C,Cc1cc2[nH]ccn2n1,2209,15996
C=CC=C,Cc1cc2c(o1)CCNC2,2209,15998
C=CC=C,Cc1cc2ccccn2c1,2209,15999
C=CC=C,Cc1cc2cn[nH]c2cn1,2209,16000
C=CC=C,Cc1cc2cnccc2[nH]1,2209,16001
C=CC=C,Cc1cc2n(n1)CCCN2,2209,16003
C=CC=C,Cc1cc2nccnc2[nH]1,2209,16007
C=CC=C,Cc1cc2ncncc2[nH]1,2209,16008
C=CC=C,Cc1cc[nH]c1CC(=O)O,2209,16011
C=CC=C,Cc1ccc(=O)n(C)n1,2209,16015
C=CC=C,Cc1ccc(C#N)cc1O,2209,16017
C=CC=C,Cc1ccc(C(=N)N)n1C,2209,16019
C=CC=C,Cc1ccc(C(=O)CO)o1,2209,16020
C=CC=C,Cc1ccc(C(C)C)cc1,2209,16022
C=CC=C,Cc1ccc(C(F)(F)F)o1,2209,16023
C=CC=C,Cc1ccc(C)c(F)c1F,2209,16029
C=CC=C,Cc1ccc(C)c(N)c1C,2209,16030
C=CC=C,Cc1ccc(C)c(NN)c1,2209,16031
C=CC=C,Cc1ccc(C=O)c(=O)[nH]1,2209,16036
C=CC=C,Cc1ccc(CN)c(C)n1,2209,16041
C=CC=C,Cc1ccc(CO)c(N)c1,2209,16043
C=CC=C,Cc1ccc(F)c(C=O)n1,2209,16047
C=CC=C,Cc1ccc(N(C)N)nn1,2209,16049
C=CC=C,Cc1ccc(N)cc1CN,2209,16052
C=CC=C,Cc1ccc(N)nc1C#N,2209,16053
C=CC=C,Cc1ccc(NC#N)cc1,2209,16054
C=CC=C,Cc1ccc(NN=O)nc1,2209,16056
C=CC=C,Cc1ccc(O)c(O)c1O,2209,16060
C=CC=C,Cc1ccc([C@@H]2CN2)cc1,2209,16062
C=CC=C,Cc1ccc([C@@H]2CO2)cn1,2209,16063
C=CC=C,Cc1ccc2[nH]ccc2n1,2209,16064
C=CC=C,Cc1ccc2c(c1)C(=O)C2,2209,16067
C=CC=C,Cc1ccc2c(n1)[C@@H](C)C2,2209,16072
C=CC=C,Cc1ccc2cc[nH]c2c1,2209,16074
C=CC=C,Cc1ccc2ccnn2c1,2209,16075
C=CC=C,Cc1ccc2cn[nH]c2n1,2209,16078
C=CC=C,Cc1ccc2n1CCNC2,2209,16080
C=CC=C,Cc1ccc2n[nH]nc2n1,2209,16081
C=CC=C,Cc1ccc2nnnn2n1,2209,16086
C=CC=C,Cc1cccc(C(F)F)n1,2209,16093
C=CC=C,Cc1cccc(C)c1NO,2209,16095
C=CC=C,Cc1cccc(CCF)c1,2209,16097
C=CC=C,Cc1cccc(O)c1C=O,2209,16102
C=CC=C,Cc1cccc2c1CC=C2,2209,16107
C=CC=C,Cc1cccc2c1NCC2,2209,16109
C=CC=C,Cc1cccc2cc[nH]c12,2209,16110
C=CC=C,Cc1cccc2cncn12,2209,16112
C=CC=C,Cc1cccc2nnnn12,2209,16115
C=CC=C,Cc1cccc2ocnc12,2209,16117
C=CC=C,Cc1ccccc1C1CC1,2209,16120
C=CC=C,Cc1ccccc1CC=O,2209,16121
C=CC=C,Cc1ccccc1NN=N,2209,16124
C=CC=C,Cc1cccn2cnnc12,2209,16127
C=CC=C,Cc1cccnc1[C@H](C)O,2209,16132
C=CC=C,Cc1ccn(CC(C)C)n1,2209,16135
C=CC=C,Cc1ccn(N)c1C#N,2209,16137
C=CC=C,Cc1ccn2ccnc2c1,2209,16138
C=CC=C,Cc1ccnc(F)c1CO,2209,16145
C=CC=C,Cc1ccnc(NC=O)c1,2209,16147
C=CC=C,Cc1ccnc2[nH]ncc12,2209,16149
C=CC=C,Cc1ccnc2c1CNC2,2209,16151
C=CC=C,Cc1ccnc2ccnn12,2209,16153
C=CC=C,Cc1ccncc1N(C)C,2209,16155
C=CC=C,Cc1ccnn1CCCO,2209,16159
C=CC=C,Cc1ccnnc1NN,2209,16161
C=CC=C,Cc1cn(C)c(NN)n1,2209,16166
C=CC=C,Cc1cn(C)nc1C(F)F,2209,16167
C=CC=C,Cc1cn2cccnc2n1,2209,16172
C=CC=C,Cc1cnc(=O)n(C)c1,2209,16174
C=CC=C,Cc1cnc(C(C)C)o1,2209,16177
C=CC=C,Cc1cnc(CO)c(C)c1,2209,16185
C=CC=C,Cc1cnc(N)c(O)c1F,2209,16190
C=CC=C,Cc1cnc(NN)c(N)c1,2209,16191
C=CC=C,Cc1cnc2n1CC[C@H]2O,2209,16195
C=CC=C,Cc1cnc2nn[nH]c2c1,2209,16196
C=CC=C,Cc1cnc2nonc2n1,2209,16197
C=CC=C,Cc1cncc(=O)[nH]1,2209,16198
C=CC=C,Cc1cncc(F)c1CN,2209,16202
C=CC=C,Cc1cncc(O)c1C,2209,16203
C=CC=C,Cc1cncc2[nH]ccc12,2209,16204
C=CC=C,Cc1cncc2cn[nH]c12,2209,16205
C=CC=C,Cc1cncn1C(C)(C)C,2209,16207
C=CC=C,Cc1cnn(C)c1CN,2209,16211
C=CC=C,Cc1cnnc(C#N)c1,2209,16215
C=CC=C,Cc1cnncc1C=O,2209,16217
C=CC=C,Cc1coc(C)c1[C@H](C)O,2209,16222
C=CC=C,Cc1cocc1C(=O)O,2209,16224
C=CC=C,Cc1cocc1CCCO,2209,16225
C=CC=C,Cc1n[nH]c(/N=C(/N)O)n1,2209,16226
C=CC=C,Cc1n[nH]c(=O)nc1NN,2209,16227
C=CC=C,Cc1n[nH]c(C)c1C(C)C,2209,16229
C=CC=C,Cc1n[nH]c(CC(C)C)n1,2209,16233
C=CC=C,Cc1n[nH]c2c1CNC2,2209,16237
C=CC=C,Cc1n[nH]nc1CCCN,2209,16242
C=CC=C,Cc1nc(C#N)c(NN)o1,2209,16246
C=CC=C,Cc1nc(C(=N)O)c(N)[nH]1,2209,16249
C=CC=C,Cc1nc(C(F)(F)F)n[nH]1,2209,16252
C=CC=C,Cc1nc(C)c(=O)[nH]c1C,2209,16254
C=CC=C,Cc1nc(C)c(F)c(N)n1,2209,16258
C=CC=C,Cc1nc(C)n(CCO)n1,2209,16262
C=CC=C,Cc1nc(C)n(O)c1C,2209,16263
C=CC=C,Cc1nc(C)nc(C)n1,2209,16264
C=CC=C,Cc1nc(CO)c(CO)[nH]1,2209,16273
C=CC=C,Cc1nc(CO)ccc1O,2209,16274
C=CC=C,Cc1nc(N)n(C(C)C)n1,2209,16280
C=CC=C,Cc1nc(N)nc(N)c1N,2209,16282
C=CC=C,Cc1nc(N)oc1C,2209,16284
C=CC=C,Cc1nc(O)c(C)c(=O)[nH]1,2209,16285
C=CC=C,Cc1nc([C@@H](C)C#N)c[nH]1,2209,16288
C=CC=C,Cc1nc([C@@H](C)N)c(C)[nH]1,2209,16289
C=CC=C,Cc1nc2c([nH]1)CNC2,2209,16292
C=CC=C,Cc1nc2c(o1)CCCC2,2209,16294
C=CC=C,Cc1nc2ccccc2o1,2209,16296
C=CC=C,Cc1nc2ccccn2n1,2209,16297
C=CC=C,Cc1nc2ccncc2[nH]1,2209,16298
C=CC=C,Cc1nc2n(c1C)CCC2,2209,16300
C=CC=C,Cc1nc2nonc2[nH]1,2209,16302
C=CC=C,Cc1ncc(C#N)c(C)n1,2209,16305
C=CC=C,Cc1ncc(CCN)o1,2209,16311
C=CC=C,Cc1ncc(N)n1CC#N,2209,16315
C=CC=C,Cc1ncc(N)nc1C,2209,16317
C=CC=C,Cc1ncc2c[nH]nc2n1,2209,16319
C=CC=C,Cc1nccc(CNO)n1,2209,16322
C=CC=C,Cc1nccc2c1N=NC2,2209,16325
C=CC=C,Cc1ncccc1C(N)=O,2209,16327
C=CC=C,Cc1ncn2ccccc12,2209,16336
C=CC=C,Cc1ncnc(O)c1C#N,2209,16340
C=CC=C,Cc1ncnc2[nH]ccc12,2209,16341
C=CC=C,Cc1nn(C)c(CO)c1F,2209,16345
C=CC=C,Cc1nn(C)c(N)c1C=O,2209,16347
C=CC=C,Cc1nn(C)c2cn[nH]c12,2209,16350
C=CC=C,Cc1nnc(=O)[nH]c1N,2209,16352
C=CC=C,Cc1nnc(C)c(C)c1C,2209,16353
C=CC=C,Cc1nnc(NN)nc1C,2209,16356
C=CC=C,Cc1nnc2cnccn12,2209,16359
C=CC=C,Cc1nnc2n1CCOC2,2209,16360
C=CC=C,Cc1nnccc1CO,2209,16361
C=CC=C,Cc1nncn1C1CC1,2209,16362
C=CC=C,Cc1noc(C)c1CON,2209,16367
C=CC=C,Cc1noc(C2(N)CC2)n1,2209,16369
C=CC=C,Cc1noc2cnccc12,2209,16374
C=CC=C,Cc1nonc1OCCN,2209,16377
C=CC=C,Cc1oc(=O)[nH]c1C(=O)O,2209,16378
C=CC=C,Cc1oc(=O)cc(O)c1C,2209,16379
C=CC=C,Cc1oc(=O)oc1CO,2209,16380
C=CC=C,Cc1occ(O)c(=O)c1O,2209,16382
C=CC=C,Cc1onc2ccccc12,2209,16385
C=CC=C,Cn1[nH]cc(CN)c1=N,2209,16391
C=CC=C,Cn1c(C(=O)O)c[nH]c1=O,2209,16393
C=CC=C,Cn1c(C=O)cccc1=O,2209,16394
C=CC=C,Cn1c(CCN)n[nH]c1=O,2209,16395
C=CC=C,Cn1c(N)cc(N)nc1=O,2209,16398
C=CC=C,Cn1c(N)nc(=N)nc1N,2209,16399
C=CC=C,Cn1c(N)nccc1=O,2209,16400
C=CC=C,Cn1c(N)nnc1C1CC1,2209,16401
C=CC=C,Cn1cc(C(=O)CN)cn1,2209,16406
C=CC=C,Cn1cc(CCC#N)cn1,2209,16413
C=CC=C,Cn1cc(F)c(=O)[nH]c1=O,2209,16415
C=CC=C,Cn1cc(F)cc(N)c1=O,2209,16416
C=CC=C,Cn1cc2c(n1)CCNC2,2209,16419
C=CC=C,Cn1cc2c(n1)CC[C@H]2N,2209,16420
C=CC=C,Cn1cc2ccccc2n1,2209,16422
C=CC=C,Cn1cc[nH]c(=O)c1=O,2209,16423
C=CC=C,Cn1ccc(=O)c(C#N)c1,2209,16424
C=CC=C,Cn1ccc(=[17O])n(C)c1=O,2209,16425
C=CC=C,Cn1ccc(C(=O)NO)n1,2209,16426
C=CC=C,Cn1ccc(C2(N)CC2)c1,2209,16427
C=CC=C,Cn1ccc(C2CCC2)n1,2209,16428
C=CC=C,Cn1ccc(CCCN)n1,2209,16430
C=CC=C,Cn1ccc2c1CNCC2,2209,16435
C=CC=C,Cn1ccc2ccccc21,2209,16436
C=CC=C,Cn1cccc1[C@@H](O)CN,2209,16440
C=CC=C,Cn1cnc(=O)c(N)c1N,2209,16446
C=CC=C,Cn1cnc2c1CCCC2,2209,16455
C=CC=C,Cn1cnc2cnccc21,2209,16457
C=CC=C,Cn1cncc1C1CNC1,2209,16460
C=CC=C,Cn1cncc1[C@H](N)CO,2209,16463
C=CC=C,Cn1nc(N)c2c1CNC2,2209,16470
C=CC=C,Cn1nc(O)n(C)c1=O,2209,16473
C=CC=C,Cn1nc2c(c1O)CCC2,2209,16475
C=CC=C,Cn1ncc(C#N)c1C=O,2209,16477
C=CC=C,Cn1ncc(CC(=O)O)n1,2209,16481
C=CC=C,Cn1ncc2c(N)n[nH]c21,2209,16483
C=CC=C,Cn1ncc2c1CCC2=O,2209,16484
C=CC=C,Cn1ncc2c1NCCC2,2209,16486
C=CC=C,Cn1ncc2cccnc21,2209,16487
C=CC=C,Cn1ncnc1NCCN,2209,16489
C=CC=C,Cn1nnc(N)c1C(F)F,2209,16492
C=CC=C,Cn1nnc([C@@H]2CO2)n1,2209,16493
C=CC=C,Cn1nnc2c1CNC=N2,2209,16495
C=CC=C,Cn1nncc1C(=O)CF,2209,16496
C=CC=C,Cn1nnnc1/C=N/O,2209,16498
C=CC=C,F/C(=C\C(F)F)C(F)(F)F,2209,16500
C=CC=C,FC(F)(F)/C=C/C(F)(F)F,2209,16501
C=CC=C,FC(F)(F)C1=CC=C=CN1,2209,16502
C=CC=C,FC(F)(F)C1=NCCN1,2209,16503
C=CC=C,FC(F)(F)[C@@H]1CCNC=N1,2209,16504
C=CC=C,FC(F)(F)c1cc[nH]c1,2209,16505
C=CC=C,FC(F)(F)c1cnc[nH]1,2209,16509
C=CC=C,FC(F)(F)c1nnco1,2209,16515
C=CC=C,FC(F)(F)n1cccn1,2209,16516
C=CC=C,FC(F)=C(F)C(F)=C(F)F,2209,16517
C=CC=C,FC(F)=C(F)C[C@@H]1CO1,2209,16518
C=CC=C,FC(F)=C(F)OC(F)(F)F,2209,16519
C=CC=C,FC(F)=C1CCNCC1,2209,16520
C=CC=C,FC(F)=CCC(F)(F)F,2209,16521
C=CC=C,FC(F)Oc1cc[nH]n1,2209,16524
C=CC=C,FC1=CCn2ccnc2O1,2209,16526
C=CC=C,FCCCc1nnn[nH]1,2209,16530
C=CC=C,FCc1c(F)cccc1F,2209,16531
C=CC=C,FCc1ccc(F)c(F)c1,2209,16533
C=CC=C,F[C@H]1CNc2ccccc21,2209,16535
C=CC=C,F[C@H]1COc2ccnn2C1,2209,16536
C=CC=C,Fc1cc(F)c(F)c(F)c1,2209,16539
C=CC=C,Fc1cc2ccccc2[nH]1,2209,16542
C=CC=C,Fc1ccc(C2CC2)cc1,2209,16543
C=CC=C,Fc1ccc2c(c1)C=CC2,2209,16545
C=CC=C,Fc1ccc2c(c1)OCC2,2209,16549
C=CC=C,Fc1ccc2ccoc2c1,2209,16551
C=CC=C,Fc1ccc2cn[nH]c2c1,2209,16552
C=CC=C,Fc1ccc2cncn2c1,2209,16553
C=CC=C,Fc1ccc2n[nH]cc2c1,2209,16554
C=CC=C,Fc1ccc2nccn2n1,2209,16555
C=CC=C,Fc1cccc2c1CCN2,2209,16559
C=CC=C,Fc1cccc2ncnn12,2209,16564
C=CC=C,Fc1cccc2nonc12,2209,16565
C=CC=C,Fc1cccc2occc12,2209,16566
C=CC=C,Fc1cccn2ccnc12,2209,16569
C=CC=C,Fc1ccn2ncnc2c1,2209,16571
C=CC=C,Fc1ccnc2cc[nH]c12,2209,16573
C=CC=C,Fc1cnc(F)c(F)c1F,2209,16574
C=CC=C,Fc1cnc2[nH]ncc2c1,2209,16575
C=CC=C,Fc1cnc2c(c1)CCO2,2209,16576
C=CC=C,Fc1cnc2c(c1)NCC2,2209,16577
C=CC=C,Fc1cnc2ncnn2c1,2209,16579
C=CC=C,Fc1cncc2[nH]ncc12,2209,16581
C=CC=C,Fc1n[nH]c2ccccc12,2209,16583
C=CC=C,Fc1nc(F)c(F)nc1F,2209,16585
C=CC=C,Fc1ncccc1C(F)F,2209,16589
C=CC=C,N#C/C(=N\O)c1ncon1,2209,16594
C=CC=C,N#C/C=N/N1CCOCC1,2209,16595
C=CC=C,N#C/N=C1\CCCCN1,2209,16597
C=CC=C,N#CC#CC1=CCCCC1,2209,16598
C=CC=C,N#CC#Cc1ccccc1,2209,16599
C=CC=C,N#CC(=O)C1CC1,2209,16600
C=CC=C,N#CC(C#N)N=O,2209,16602
C=CC=C,N#CC(F)(F)C(F)=C(F)F,2209,16603
C=CC=C,N#CC/C=C\CO,2209,16604
C=CC=C,N#CC1(C=O)CC1,2209,16605
C=CC=C,N#CC1(c2cocn2)CC1,2209,16606
C=CC=C,N#CC12CC(C(=O)O)(C1)C2,2209,16607
C=CC=C,N#CC12CC(CCC1=O)C2,2209,16608
C=CC=C,N#CC1=NN[C@H](C(F)F)C1,2209,16609
C=CC=C,N#CC1C(=O)CCCC1=O,2209,16610
C=CC=C,N#CC1C=CC=CC=C1,2209,16611
C=CC=C,N#CC1CC2(CC(=O)N2)C1,2209,16612
C=CC=C,N#CCC(=O)N=C(N)N,2209,16613
C=CC=C,N#CCC(=O)OC[C@H]1CO1,2209,16614
C=CC=C,N#CCC(=O)[C@@H]1C[C@@H]1F,2209,16615
C=CC=C,N#CCC(=O)c1ccoc1,2209,16617
C=CC=C,N#CCC1=CC=CO[C@@H]1O,2209,16618
C=CC=C,N#CCC1=CCCC1,2209,16619
C=CC=C,N#CCCCCCCC=O,2209,16620
C=CC=C,N#CCCCN1CC(=O)C1,2209,16621
C=CC=C,N#CCCNC=O,2209,16623
C=CC=C,N#CCCc1ccc[nH]1,2209,16624
C=CC=C,N#CCCn1ccc(N)n1,2209,16627
C=CC=C,N#CCN1C(=O)CCC1=O,2209,16629
C=CC=C,N#CCNC(=O)C(F)F,2209,16630
C=CC=C,N#CCNCc1ccco1,2209,16631
C=CC=C,N#CCOc1nnco1,2209,16633
C=CC=C,N#CC[C@H](O)CC(N)=O,2209,16635
C=CC=C,N#CCc1ccc(F)cn1,2209,16637
C=CC=C,N#CCc1ccccc1O,2209,16641
C=CC=C,N#CCc1ccnc(N)c1,2209,16642
C=CC=C,N#CCc1n[nH]c(=O)o1,2209,16645
C=CC=C,N#CN=C1NCOCN1,2209,16648
C=CC=C,N#CNC1=NCCCCC1,2209,16649
C=CC=C,N#CNc1ccccc1N,2209,16650
C=CC=C,N#C[C@@H]1CCCCC(=O)N1,2209,16654
C=CC=C,N#C[C@@]12CNC[C@@H]1CN=N2,2209,16655
C=CC=C,N#C[C@H](N)c1cccnc1,2209,16657
C=CC=C,N#C[C@H]1CNC(=O)N=C1O,2209,16659
C=CC=C,N#Cc1[nH]nc2c1CNC2,2209,16661
C=CC=C,N#Cc1c(N)nc[nH]c1=O,2209,16663
C=CC=C,N#Cc1c[nH]c(C(=O)O)c1,2209,16665
C=CC=C,N#Cc1c[nH]n2ccnc12,2209,16667
C=CC=C,N#Cc1c[nH]nc1C(F)F,2209,16668
C=CC=C,N#Cc1cc(C#N)[nH]n1,2209,16669
C=CC=C,N#Cc1cc(N)ccc1N,2209,16672
C=CC=C,N#Cc1cc(O)cc(F)c1,2209,16673
C=CC=C,N#Cc1cc[nH]c(=O)c1F,2209,16676
C=CC=C,N#Cc1ccc(=O)[nH]c1O,2209,16677
C=CC=C,N#Cc1ccc(C=O)cc1,2209,16680
C=CC=C,N#Cc1ccc(CN)o1,2209,16681
C=CC=C,N#Cc1ccc(CO)cn1,2209,16682
C=CC=C,N#Cc1ccc(F)c(O)n1,2209,16683
C=CC=C,N#Cc1cccc(ON)c1,2209,16688
C=CC=C,N#Cc1ccn(C(F)F)n1,2209,16693
C=CC=C,N#Cc1ccnn1CCF,2209,16699
C=CC=C,N#Cc1cnc(NN)nc1,2209,16704
C=CC=C,N#Cc1cncc(N)n1,2209,16707
C=CC=C,N#Cc1cnn(CCO)c1,2209,16709
C=CC=C,N#Cc1cnn2cc[nH]c12,2209,16710
C=CC=C,N#Cc1cnoc1C#N,2209,16711
C=CC=C,N#Cc1n[nH]c2c1CCC2,2209,16713
C=CC=C,N#Cc1nc(F)cnc1F,2209,16716
C=CC=C,N#Cc1nc(N)[nH]c1C#N,2209,16717
C=CC=C,N#Cc1ncc(C2CC2)[nH]1,2209,16719
C=CC=C,N#Cc1ncccc1O,2209,16722
C=CC=C,N#Cc1ncnc(N)c1N,2209,16726
C=CC=C,N#Cc1nnc2n1CCC2,2209,16727
C=CC=C,N#Cc1nonc1C#N,2209,16728
C=CC=C,N/C(=N\O)N1CCCCC1,2209,16731
C=CC=C,N/C(=N\O)NC1CCCC1,2209,16732
C=CC=C,N/C(=N\O)c1ccc[nH]1,2209,16733
C=CC=C,N/C(=N\O)c1nonc1N,2209,16735
C=CC=C,N/C(CC1(CO)CC1)=N\O,2209,16736
C=CC=C,N/C(CCNC1CC1)=N\O,2209,16737
C=CC=C,N/N=C(\N)c1ccncc1,2209,16741
C=CC=C,N/N=C/c1cccc(O)c1,2209,16743
C=CC=C,N/N=C1\CC(F)=CC(F)=N1,2209,16744
C=CC=C,N/N=C1\CCC/C(=N\N)C1,2209,16745
C=CC=C,N/N=C1\NCCN1CCO,2209,16746
C=CC=C,N1=NC(=C2N=NN=N2)N=N1,2209,16747
C=CC=C,N=C(CO)NO,2209,16748
C=CC=C,N=C(N)CC1CCCCC1,2209,16750
C=CC=C,N=C(N)CCC(F)(F)F,2209,16751
C=CC=C,N=C(N)CN1CCCCC1,2209,16753
C=CC=C,N=C(N)N/N=C/NC(N)=O,2209,16756
C=CC=C,N=C(N)NC1CCNCC1,2209,16757
C=CC=C,N=C(N)NCCCCCO,2209,16758
C=CC=C,N=C(N)NC[C@@H]1CCCO1,2209,16759
C=CC=C,N=C(N)NCc1cc[nH]n1,2209,16760
C=CC=C,N=C(N)NNC1=NCCC1,2209,16761
C=CC=C,N=C(N)[C@H]1CCC(F)(F)C1,2209,16764
C=CC=C,N=C(N)c1ccc(O)cc1,2209,16766
C=CC=C,N=C(N)c1cccc(F)n1,2209,16767
C=CC=C,N=C(N)n1ncnc1N,2209,16772
C=CC=C,N=C(NN)N(N)CC(=O)O,2209,16773
C=CC=C,N=C(NN)N1CCOCC1,2209,16774
C=CC=C,N=C(NO)c1cncnc1,2209,16778
C=CC=C,N=C(O)NC[C@H](F)C(=O)O,2209,16779
C=CC=C,N=C(O)Nc1nnn[nH]1,2209,16780
C=CC=C,N=C(O)[C@@H](N)CO,2209,16781
C=CC=C,N=C(O)[C@@H]1C[C@H](O)CN1,2209,16782
C=CC=C,N=C1CC=Cc2cccn21,2209,16784
C=CC=C,N=C1Cc2ccccc2N1,2209,16785
C=CC=C,N=C1NCCN1CC(=O)O,2209,16786
C=CC=C,N=C1NCc2ccccc21,2209,16787
C=CC=C,N=C1NNC(=O)C12CC2,2209,16789
C=CC=C,N=Cc1ccc(O)cc1O,2209,16790
C=CC=C,N=c1ccccn1N,2209,16791
C=CC=C,N=c1ccn(C2CNC2)[nH]1,2209,16792
C=CC=C,N=c1ncn2cc[nH]c2n1,2209,16793
C=CC=C,NC#CC(=O)C(F)(F)F,2209,16794
C=CC=C,NC(=O)/C=C(/N)C(N)=O,2209,16795
C=CC=C,NC(=O)/C=C/c1c[nH]cn1,2209,16797
C=CC=C,NC(=O)/C=C\[C@@H]1C[C@H]1N,2209,16800
C=CC=C,NC(=O)C#CC(N)=O,2209,16803
C=CC=C,NC(=O)C(=NO)C(N)=O,2209,16804
C=CC=C,NC(=O)C/C=C/CC(N)=O,2209,16808
C=CC=C,NC(=O)C1(N)CCCCC1,2209,16809
C=CC=C,NC(=O)C12CCC(CC1)N2,2209,16812
C=CC=C,NC(=O)C1=CCCCO1,2209,16814
C=CC=C,NC(=O)C1=NNC(=O)CC1,2209,16816
C=CC=C,NC(=O)C1=NO[C@@H](CO)C1,2209,16817
C=CC=C,NC(=O)C=C1CCCC1,2209,16818
C=CC=C,NC(=O)CCC(=O)C(=O)O,2209,16819
C=CC=C,NC(=O)CCNCC(N)=O,2209,16820
C=CC=C,NC(=O)CN1CC=CCC1,2209,16821
C=CC=C,NC(=O)Cc1ccncn1,2209,16822
C=CC=C,NC(=O)Cn1cnnn1,2209,16825
C=CC=C,NC(=O)N(CO)CO,2209,16826
C=CC=C,NC(=O)N1CCC(O)CC1,2209,16828
C=CC=C,NC(=O)N1CCCC1=O,2209,16829
C=CC=C,NC(=O)NCCCCN=O,2209,16832
C=CC=C,NC(=O)N[C@H](O)C(=O)O,2209,16833
C=CC=C,NC(=O)Nn1cnnc1,2209,16835
C=CC=C,NC(=O)OC1CCCC1,2209,16836
C=CC=C,NC(=O)OCCOC(N)=O,2209,16837
C=CC=C,NC(=O)[C@H](F)CC1CCC1,2209,16838
C=CC=C,NC(=O)[C@H]1CNC(=O)CN1,2209,16839
C=CC=C,NC(=O)[C@H]1CNCC12CC2,2209,16840
C=CC=C,NC(=O)[C@H]1CNCCOC1,2209,16841
C=CC=C,NC(=O)[C@H]1C[C@H](C(F)F)C1,2209,16842
C=CC=C,NC(=O)[C@]12C[C@H]1CCCN2,2209,16844
C=CC=C,NC(=O)c1ccc(O)cn1,2209,16847
C=CC=C,NC(=O)c1cncc(F)c1,2209,16854
C=CC=C,NC(=O)c1ncoc1N,2209,16858
C=CC=C,NC(=O)c1nn[nH]c1O,2209,16859
C=CC=C,NC(N)=C1C(=O)COC1=O,2209,16863
C=CC=C,NC(N)=C1C=CC(=O)C=C1,2209,16864
C=CC=C,NC(N)=NC[C@@H]1CCCN1,2209,16866
C=CC=C,NC(N)=NN=C1CCCC1,2209,16867
C=CC=C,NC(O)=C1N=CC=NC1=O,2209,16869
C=CC=C,NC/C(O)=N/CC(=O)O,2209,16870
C=CC=C,NC/C=C/CN=C(N)N,2209,16871
C=CC=C,NC/C=C/c1ccncc1,2209,16873
C=CC=C,NC/C=C\CCN,2209,16874
C=CC=C,NC1(C(F)(F)F)CC=CC1,2209,16875
C=CC=C,NC1(C2=NCCN2)CCC1,2209,16876
C=CC=C,NC1(c2ccco2)CC1,2209,16878
C=CC=C,NC1(c2ncon2)CCC1,2209,16884
C=CC=C,NC1(c2nnc[nH]2)CC1,2209,16886
C=CC=C,NC12CC(CC(=O)O)(C1)C2,2209,16888
C=CC=C,NC1=C2NC=CN2CC=C1,2209,16891
C=CC=C,NC1=CC(=O)C(N)=CC1=O,2209,16892
C=CC=C,NC1=CC=C[C@H]2NN=N[C@@H]12,2209,16893
C=CC=C,NC1=CCOC1=O,2209,16895
C=CC=C,NC1=NC=C2CCN=C2N1,2209,16896
C=CC=C,NC1=NCCN1C1CC1,2209,16897
C=CC=C,NC1=NNC(=O)C12CCC2,2209,16898
C=CC=C,NC1=NN[C@H]2C=CC=CN12,2209,16900
C=CC=C,NC1=NON/C1=C(\N)N=O,2209,16901
C=CC=C,NC1=N[C@@H](C(=O)O)NN1,2209,16902
C=CC=C,NC1=N[C@@H](C(F)(F)F)CO1,2209,16903
C=CC=C,NC1CC(n2cccn2)C1,2209,16904
C=CC=C,NC1CCC(=CF)CC1,2209,16905
C=CC=C,NC1CN(C(=O)C2CC2)C1,2209,16906
C=CC=C,NCC#Cc1cnccn1,2209,16909
C=CC=C,NCC(=O)N1CCC(=O)C1,2209,16910
C=CC=C,NCC(=O)Nc1cn[nH]c1,2209,16911
C=CC=C,NCC(=O)OC1COC1,2209,16912
C=CC=C,NCC(=O)ONCC(=O)O,2209,16913
C=CC=C,NCC/N=C(\O)C(F)(F)F,2209,16916
C=CC=C,NCC1(c2ccon2)CC1,2209,16917
C=CC=C,NCC1(n2cncn2)CC1,2209,16919
C=CC=C,NCC1=CNCC=C1,2209,16920
C=CC=C,NCC1=COCCO1,2209,16921
C=CC=C,NCC1=NO[C@H]2OCC[C@@H]12,2209,16922
C=CC=C,NCC1CC(=C2CCC2)C1,2209,16923
C=CC=C,NCCC(=O)CN,2209,16924
C=CC=C,NCCC1=CCCCCC1,2209,16925
C=CC=C,NCCCCCCC(N)=O,2209,16926
C=CC=C,NCCCNC(=O)/C=N/O,2209,16928
C=CC=C,NCCCOCC(=O)O,2209,16929
C=CC=C,NCCC[C@H]1C=NNC1=O,2209,16930
C=CC=C,NCCCc1cc(O)no1,2209,16931
C=CC=C,NCCCc1cnn[nH]1,2209,16933
C=CC=C,NCCCc1nc(=O)[nH][nH]1,2209,16934
C=CC=C,NCCCc1ncco1,2209,16935
C=CC=C,NCCCn1cc[nH]c1=O,2209,16937
C=CC=C,NCCN1CCOCC1=O,2209,16938
C=CC=C,NCCOc1ccccc1,2209,16942
C=CC=C,NCCc1cc(=O)[nH][nH]1,2209,16946
C=CC=C,NCCc1cncc(O)c1,2209,16952
C=CC=C,NCCc1nccc(O)n1,2209,16953
C=CC=C,NCCn1ncccc1=O,2209,16957
C=CC=C,NC[C@@H](C(N)=O)C(F)(F)F,2209,16958
C=CC=C,NC[C@@H]1C=CCC1,2209,16959
C=CC=C,NC[C@@H]1CC(C2CC2)=NO1,2209,16960
C=CC=C,NC[C@@H]1CC[C@H](C(N)=O)O1,2209,16961
C=CC=C,NC[C@@H]1COc2ccnn21,2209,16962
C=CC=C,NC[C@@H]1[C@@H](C(=O)O)C1(F)F,2209,16964
C=CC=C,NC[C@H]1CC(=O)N=C1O,2209,16966
C=CC=C,NC[C@H]1CNC(=O)C(=O)N1,2209,16967
C=CC=C,NCc1c[nH]c(=O)c(F)c1,2209,16970
C=CC=C,NCc1cc(F)ncc1F,2209,16974
C=CC=C,NCc1ccc(=O)[nH]n1,2209,16977
C=CC=C,NCc1ccc(F)cc1O,2209,16980
C=CC=C,NCc1ccc(N)c(N)c1,2209,16981
C=CC=C,NCc1ccn2c1CCC2,2209,16984
C=CC=C,NCc1cn[nH]c1C(F)F,2209,16988
C=CC=C,NCc1cnc(N)nc1N,2209,16990
C=CC=C,NCc1cncc(C=O)c1,2209,16991
C=CC=C,NCc1cncn1C1CC1,2209,16992
C=CC=C,NCc1cnn(CCF)c1,2209,16994
C=CC=C,NCc1n[nH]nc1C1CC1,2209,16996
C=CC=C,NCc1nc(=O)cc(O)[nH]1,2209,16997
C=CC=C,NCc1nc(C(N)=O)no1,2209,16999
C=CC=C,NCc1nc(CN)n(N)n1,2209,17000
C=CC=C,NCc1ncn[nH]1,2209,17005
C=CC=C,NCc1noc(C2CC2)n1,2209,17010
C=CC=C,NCc1occc(=O)c1O,2209,17011
C=CC=C,NN/C=N/C[C@H](N)C(=O)O,2209,17012
C=CC=C,NN1CCc2ccccc21,2209,17013
C=CC=C,NN=C1C[C@H]2CC[C@@H](C1)O2,2209,17014
C=CC=C,NNCc1ccc(F)cc1,2209,17016
C=CC=C,NNCc1ncccn1,2209,17019
C=CC=C,NNc1c[nH]ccc1=O,2209,17020
C=CC=C,NNc1cccc(F)c1F,2209,17027
C=CC=C,NNc1ccnc(NN)n1,2209,17031
C=CC=C,NNc1cncc(F)n1,2209,17032
C=CC=C,NNc1nc(N)[nH]c(=O)n1,2209,17033
C=CC=C,NNc1ncc(F)c(=O)[nH]1,2209,17035
C=CC=C,NOCCCc1ccco1,2209,17038
C=CC=C,NOCc1ccccc1F,2209,17039
C=CC=C,N[C@@H](C(=O)O)[C@@H]1CCNC1,2209,17040
C=CC=C,N[C@@H](C(=O)O)c1ccoc1,2209,17041
C=CC=C,N[C@@H](C1=NCCN1)C1CC1,2209,17042
C=CC=C,N[C@@H](CO)Cc1c[nH]cn1,2209,17043
C=CC=C,N[C@@H]1/C=C/[C@H](N)CCCC1,2209,17044
C=CC=C,N[C@@H]1C=CCO[C@@H]1C(=O)O,2209,17045
C=CC=C,N[C@@H]1C=C[C@@H](CO)C1,2209,17046
C=CC=C,N[C@@H]1CC(=O)NC(=O)N1,2209,17047
C=CC=C,N[C@@H]1CCC=CCC[C@H]1O,2209,17048
C=CC=C,N[C@@H]1CCC[C@@H]1CC(=O)O,2209,17049
C=CC=C,N[C@@H]1CCCn2ncnc21,2209,17052
C=CC=C,N[C@@H]1CC[C@@H]2C[C@H]1C(=O)N2,2209,17053
C=CC=C,N[C@@H]1CCc2ccncc21,2209,17055
C=CC=C,N[C@@H]1CCc2cnoc2C1,2209,17057
C=CC=C,N[C@@H]1CCc2nccn2C1,2209,17059
C=CC=C,N[C@@H]1COc2ncccc21,2209,17062
C=CC=C,N[C@@H]1C[C@@H]1c1ccccc1,2209,17063
C=CC=C,N[C@@H]1C[C@H]1c1c[nH]cn1,2209,17064
C=CC=C,N[C@@H]1Cc2c[nH]nc2C1,2209,17065
C=CC=C,N[C@@H]1[C@H]2CN(C(=O)O)C[C@@H]12,2209,17067
C=CC=C,N[C@@]12CC=C[C@@H](C1)OC2,2209,17068
C=CC=C,N[C@@]12CC[C@@H](CC1=O)C2,2209,17069
C=CC=C,N[C@H](C(=O)O)C1(O)CC1,2209,17070
C=CC=C,N[C@H](CCO)CC(=O)O,2209,17072
C=CC=C,N[C@H](CF)c1ccccc1,2209,17073
C=CC=C,N[C@H]1C(=O)OC[C@H]1CO,2209,17076
C=CC=C,N[C@H]1C(=O)O[C@H]2CCC[C@H]21,2209,17077
C=CC=C,N[C@H]1C=CC=C(C(=O)O)C1,2209,17078
C=CC=C,N[C@H]1C=NC(=O)NC1=O,2209,17079
C=CC=C,N[C@H]1CCCC(=O)NC1,2209,17081
C=CC=C,N[C@H]1CCN(CCF)C1=O,2209,17083
C=CC=C,N[C@H]1CCn2cnnc2C1,2209,17088
C=CC=C,N[C@H]1CON=C1O,2209,17089
C=CC=C,N[C@H]1C[C@@H]2C=CC[C@H](C1)C2,2209,17090
C=CC=C,N[C@H]1C[C@H](c2ccon2)C1,2209,17091
C=CC=C,N[C@H]1N=CN=C2N=NC=C21,2209,17093
C=CC=C,N[C@H]1N=Nc2ccccc21,2209,17094
C=CC=C,N[C@H]1NC(=O)NC=C1F,2209,17095
C=CC=C,N[C@]1(C(=O)O)CC[C@@H]2C[C@@H]21,2209,17096
C=CC=C,Nc1[nH][nH]c(=O)c1C(=O)O,2209,17097
C=CC=C,Nc1[nH]nc2c1COCC2,2209,17099
C=CC=C,Nc1[nH]nc2cccnc12,2209,17100
C=CC=C,Nc1[nH]nc2nnccc12,2209,17101
C=CC=C,Nc1c(F)ccnc1F,2209,17107
C=CC=C,Nc1c(O)[nH]c(=O)[nH]c1=O,2209,17108
C=CC=C,Nc1c[nH]c(=O)cn1,2209,17111
C=CC=C,Nc1c[nH]c2cnccc12,2209,17113
C=CC=C,Nc1c[nH]c2nccnc12,2209,17114
C=CC=C,Nc1c[nH]nc(O)c1=O,2209,17115
C=CC=C,Nc1cc(=O)c(N)c(N)[nH]1,2209,17117
C=CC=C,Nc1cc(=O)n2n1CCC2,2209,17118
C=CC=C,Nc1cc(C(=O)O)cnn1,2209,17119
C=CC=C,Nc1cc(CC2CC2)no1,2209,17126
C=CC=C,Nc1cc(CCCO)n[nH]1,2209,17127
C=CC=C,Nc1cc(CO)ncn1,2209,17131
C=CC=C,Nc1cc(F)c(F)cc1F,2209,17132
C=CC=C,Nc1cc(F)cnc1C=O,2209,17138
C=CC=C,Nc1cc(N)c(O)c(N)c1,2209,17142
C=CC=C,Nc1cc(O)cc(O)n1,2209,17144
C=CC=C,Nc1cc2n[nH]nc2cn1,2209,17150
C=CC=C,Nc1cc2ncccn2n1,2209,17151
C=CC=C,Nc1cc[nH]c(=O)c1N,2209,17153
C=CC=C,Nc1ccc(/C=N/O)cn1,2209,17154
C=CC=C,Nc1ccc(=O)[nH]c1N,2209,17155
C=CC=C,Nc1ccc(C(F)F)cc1,2209,17156
C=CC=C,Nc1ccc(C=O)c(N)c1,2209,17158
C=CC=C,Nc1ccc(CC=O)cc1,2209,17160
C=CC=C,Nc1ccc(CCO)nc1,2209,17161
C=CC=C,Nc1ccc(N=O)c(N)n1,2209,17164
C=CC=C,Nc1ccc(O)c(=O)cc1,2209,17165
C=CC=C,Nc1ccc2[nH]ncc2n1,2209,17169
C=CC=C,Nc1ccc2c(c1)COC2,2209,17171
C=CC=C,Nc1ccc2c(c1)N=NC2,2209,17172
C=CC=C,Nc1ccc2c(c1)OCO2,2209,17173
C=CC=C,Nc1ccc2c(n1)CCO2,2209,17175
C=CC=C,Nc1ccc2ccoc2n1,2209,17178
C=CC=C,Nc1ccc2nc[nH]c2n1,2209,17180
C=CC=C,Nc1ccc2ncnn2c1,2209,17181
C=CC=C,Nc1ccc2nncn2n1,2209,17183
C=CC=C,Nc1ccc2nonc2c1,2209,17184
C=CC=C,Nc1ccc2occc2c1,2209,17185
C=CC=C,Nc1cccc(F)c1C=O,2209,17188
C=CC=C,Nc1cccc2[nH]ncc12,2209,17191
C=CC=C,Nc1cccc2c1COC2,2209,17192
C=CC=C,Nc1cccc2ncoc12,2209,17196
C=CC=C,Nc1cccc2oncc12,2209,17197
C=CC=C,Nc1ccn2nccc2n1,2209,17202
C=CC=C,Nc1ccn2nnnc2c1,2209,17204
C=CC=C,Nc1ccnc(C2CC2)n1,2209,17205
C=CC=C,Nc1ccnc(N)c1N=O,2209,17207
C=CC=C,Nc1ccnc2c1CCO2,2209,17211
C=CC=C,Nc1ccnc2c[nH]nc12,2209,17212
C=CC=C,Nc1ccnc2nc[nH]c12,2209,17214
C=CC=C,Nc1ccnc2nccn12,2209,17215
C=CC=C,Nc1ccnc2occc12,2209,17216
C=CC=C,Nc1ccncc1CCF,2209,17219
C=CC=C,Nc1cn(CC(F)F)nn1,2209,17224
C=CC=C,Nc1cn[nH]c1C(F)(F)F,2209,17229
C=CC=C,Nc1cnc(C(F)F)cn1,2209,17231
C=CC=C,Nc1cnc2c(c1)CCN2,2209,17236
C=CC=C,Nc1cnc2cc[nH]c2c1,2209,17237
C=CC=C,Nc1cnc2cccnn12,2209,17239
C=CC=C,Nc1cnc2nccn2c1,2209,17244
C=CC=C,Nc1cncc(C2CC2)c1,2209,17245
C=CC=C,Nc1cncc2c1CCC2,2209,17248
C=CC=C,Nc1cncc2n[nH]cc12,2209,17249
C=CC=C,Nc1cncc2nc[nH]c12,2209,17250
C=CC=C,Nc1cnn2c1OCCC2,2209,17259
C=CC=C,Nc1cnn2ccccc12,2209,17261
C=CC=C,Nc1cnncc1N,2209,17265
C=CC=C,Nc1n[nH]c(=O)c(=O)n1N,2209,17267
C=CC=C,Nc1n[nH]c2[nH]ncc12,2209,17268
C=CC=C,Nc1n[nH]c2c1CCCN2,2209,17269
C=CC=C,Nc1n[nH]cc1C1CC1,2209,17274
C=CC=C,Nc1n[nH]ccc1=O,2209,17275
C=CC=C,Nc1n[nH]nc1NC=O,2209,17277
C=CC=C,Nc1nc(=O)[nH]cc1CO,2209,17278
C=CC=C,Nc1nc(CF)cc(=O)[nH]1,2209,17283
C=CC=C,Nc1nc(F)cc(F)c1N,2209,17284
C=CC=C,Nc1nc(NN=O)n[nH]1,2209,17289
C=CC=C,Nc1nc2[nH]nc(N)n2n1,2209,17290
C=CC=C,Nc1nc2c([nH]1)NON2,2209,17291
C=CC=C,Nc1nc2cnccc2o1,2209,17293
C=CC=C,Nc1nc2cnccn2n1,2209,17294
C=CC=C,Nc1nc2cncnc2[nH]1,2209,17295
C=CC=C,Nc1nc2n(n1)CCNC2,2209,17298
C=CC=C,Nc1nc2n(n1)[C@@H](N)N=N2,2209,17299
C=CC=C,Nc1nc2occ(O)c2o1,2209,17301
C=CC=C,Nc1ncc(C2CCC2)o1,2209,17304
C=CC=C,Nc1ncc(C=O)c(O)n1,2209,17305
C=CC=C,Nc1ncc2c(n1)CCC2,2209,17307
C=CC=C,Nc1ncc2cc[nH]c2n1,2209,17310
C=CC=C,Nc1ncc2ccccn12,2209,17311
C=CC=C,Nc1ncc2n1CCC2,2209,17312
C=CC=C,Nc1nccc2[nH]nnc12,2209,17317
C=CC=C,Nc1nccc2cn[nH]c12,2209,17321
C=CC=C,Nc1nccc2nncn12,2209,17325
C=CC=C,Nc1nccn1C1CCC1,2209,17326
C=CC=C,Nc1nccn2cncc12,2209,17327
C=CC=C,Nc1ncn(C2COC2)n1,2209,17330
C=CC=C,Nc1ncn(CC(=O)O)n1,2209,17331
C=CC=C,Nc1ncn2c1CCCC2,2209,17332
C=CC=C,Nc1ncnc2c1CCC2,2209,17337
C=CC=C,Nc1ncnc2ocnc12,2209,17344
C=CC=C,Nc1ncnn2ccnc12,2209,17347
C=CC=C,Nc1nnc(C2CNC2)o1,2209,17349
C=CC=C,Nc1nnc(N)c(N)c1N,2209,17351
C=CC=C,Nc1nnc(NCCO)[nH]1,2209,17353
C=CC=C,Nc1nnc2[nH]cnn12,2209,17354
C=CC=C,Nc1nnc2n(N)cnn12,2209,17356
C=CC=C,Nc1nnc2n1CCCN2,2209,17358
C=CC=C,Nc1nnc2ncccn12,2209,17359
C=CC=C,Nc1nncn1CC1CC1,2209,17362
C=CC=C,Nc1nnnc2[nH]cnc12,2209,17365
C=CC=C,Nc1nnnn1CCO,2209,17366
C=CC=C,Nc1noc2ccccc12,2209,17369
C=CC=C,Nc1noc2nccnc12,2209,17373
C=CC=C,Nc1nonc1C1CC1,2209,17376
C=CC=C,Nc1onc2c1CCCC2,2209,17377
C=CC=C,Nn1c(=O)cn[nH]c1=O,2209,17379
C=CC=C,Nn1c(CO)nnc1CO,2209,17380
C=CC=C,Nn1ccc(C(=O)O)c1,2209,17381
C=CC=C,Nn1cnc2ccccc21,2209,17382
C=CC=C,Nn1ncc2ccccc21,2209,17383
C=CC=C,O/C(=C(/O)[C@H]1CO1)[C@@H]1CO1,2209,17384
C=CC=C,O/C=C/CCO,2209,17385
C=CC=C,O/N=C(/O)c1ccccc1,2209,17386
C=CC=C,O/N=C/C=C/c1ccco1,2209,17387
C=CC=C,O/N=C/Nc1ncccn1,2209,17390
C=CC=C,O/N=C1/CCC/C(=N\O)N1,2209,17395
C=CC=C,O/N=C1/CCN(C2CC2)C1,2209,17396
C=CC=C,O/N=C1/CCn2cnnc21,2209,17398
C=CC=C,O/N=C1/NCCN/C1=N/O,2209,17399
C=CC=C,O/N=C1C(=N/O)\[C@H](O)[C@H]\1O,2209,17400
C=CC=C,O/N=C1\C=CC=C\C1=N/O,2209,17401
C=CC=C,O/N=C1\CCCNCC1,2209,17403
C=CC=C,O/N=C1\CNCC(NO)=N1,2209,17404
C=CC=C,O/N=C1\Cc2ccccc21,2209,17406
C=CC=C,O/N=N/c1cnccn1,2209,17409
C=CC=C,O=C(C(F)F)C(F)F,2209,17410
C=CC=C,O=C(CC1CC1)C1CC1,2209,17411
C=CC=C,O=C(CCC(=O)NO)NO,2209,17412
C=CC=C,O=C(CCCO)NCCO,2209,17413
C=CC=C,O=C(CCO)CCO,2209,17414
C=CC=C,O=C(CO)OCC(F)(F)F,2209,17415
C=CC=C,O=C(CO)[C@H](O)[C@@H](O)CO,2209,17416
C=CC=C,O=C(N1CCCC1)N1CC1,2209,17417
C=CC=C,O=C(NC1CC1)C(F)(F)F,2209,17418
C=CC=C,O=C(NO)C1CCCCC1,2209,17419
C=CC=C,O=C(NO)c1cc(=O)[nH]o1,2209,17420
C=CC=C,O=C(O)/C=C/NC1CC1,2209,17424
C=CC=C,O=C(O)/C=C/c1cc[nH]c1,2209,17426
C=CC=C,O=C(O)/C=C/c1cocn1,2209,17427
C=CC=C,O=C(O)/C=C1\CCC(=O)O1,2209,17431
C=CC=C,O=C(O)C(=CO)C(=O)O,2209,17434
C=CC=C,O=C(O)C(F)=C1CCCC1,2209,17442
C=CC=C,O=C(O)C/N=C1/CCCN1,2209,17443
C=CC=C,O=C(O)C12CC(CO1)C2,2209,17444
C=CC=C,O=C(O)C1=C(F)CNCC1,2209,17445
C=CC=C,O=C(O)C1=CNCCC1=O,2209,17448
C=CC=C,O=C(O)C1CN(CCF)C1,2209,17450
C=CC=C,O=C(O)CC(F)(F)C1CC1,2209,17452
C=CC=C,O=C(O)CC1=CCNC1=O,2209,17453
C=CC=C,O=C(O)CC1=COCC1,2209,17454
C=CC=C,O=C(O)CCC1(O)CCC1,2209,17455
C=CC=C,O=C(O)CCN1CCCO1,2209,17456
C=CC=C,O=C(O)CCOCC(F)F,2209,17457
C=CC=C,O=C(O)CC[C@@H]1CCOC1,2209,17458
C=CC=C,O=C(O)CCc1cnc[nH]1,2209,17462
C=CC=C,O=C(O)CNC(=O)CF,2209,17464
C=CC=C,O=C(O)CNCCCCO,2209,17465
C=CC=C,O=C(O)COC1CC=CC1,2209,17467
C=CC=C,O=C(O)C[C@H]1[C@@H]2COC[C@@H]21,2209,17468
C=CC=C,O=C(O)Cc1n[nH]c(=O)[nH]1,2209,17472
C=CC=C,O=C(O)Cc1nonc1O,2209,17473
C=CC=C,O=C(O)Cn1ncnn1,2209,17476
C=CC=C,O=C(O)N1C[C@H](O)CC1=O,2209,17478
C=CC=C,O=C(O)[C@@H]1C=CC=NC1=O,2209,17480
C=CC=C,O=C(O)[C@@H]1CC=CCCC1,2209,17481
C=CC=C,O=C(O)[C@@H]1CN=CNC1,2209,17482
C=CC=C,O=C(O)[C@@H]1CNC[C@@H]1CO,2209,17483
C=CC=C,O=C(O)[C@@H]1C[C@H]2C[C@H]2N1,2209,17484
C=CC=C,O=C(O)[C@@H]1NCCC1(F)F,2209,17485
C=CC=C,O=C(O)[C@@H]1[C@H]2CNC(=O)[C@H]21,2209,17487
C=CC=C,O=C(O)[C@@]12C=C[C@@H](CC1)C2,2209,17488
C=CC=C,O=C(O)[C@H]1CCN1C1CC1,2209,17492
C=CC=C,O=C(O)[C@H]1CNCCCO1,2209,17493
C=CC=C,O=C(O)[C@H]1C[C@@]12CCOC2,2209,17494
C=CC=C,O=C(O)c1ccc(CO)[nH]1,2209,17503
C=CC=C,O=C(O)c1ccncc1O,2209,17507
C=CC=C,O=C(O)c1coc(F)n1,2209,17512
C=CC=C,O=C(O)c1n[nH]c(O)n1,2209,17513
C=CC=C,O=C(c1nnc[nH]1)C1CC1,2209,17518
C=CC=C,O=C1C(F)=C(F)C1(F)F,2209,17521
C=CC=C,O=C1C(F)=C(O)CC[C@H]1F,2209,17522
C=CC=C,O=C1C(O)=Nc2ncnn21,2209,17523
C=CC=C,O=C1C/C(=N\O)NC(O)=N1,2209,17524
C=CC=C,O=C1C=C(C(F)(F)F)N=N1,2209,17526
C=CC=C,O=C1C=C(CO)CCO1,2209,17527
C=CC=C,O=C1C=C(O)C(=O)C=C1O,2209,17528
C=CC=C,O=C1C=C(O)C(=O)[C@@H]2O[C@H]12,2209,17529
C=CC=C,O=C1C=C2CCC(=O)N2C1,2209,17530
C=CC=C,O=C1C=C2CCCC[C@H]2C1,2209,17531
C=CC=C,O=C1C=C2NCCC=C2O1,2209,17532
C=CC=C,O=C1C=CC(=O)C(F)=C1,2209,17533
C=CC=C,O=C1C=CC(=O)N1C1CC1,2209,17534
C=CC=C,O=C1C=CC(=O)N1CO,2209,17535
C=CC=C,O=C1C=CC2(C=C1)CO2,2209,17536
C=CC=C,O=C1C=CC2(CCCC2)C1,2209,17537
C=CC=C,O=C1C=CC2C=CC1C=C2,2209,17538
C=CC=C,O=C1C=CC=CCC1=O,2209,17539
C=CC=C,O=C1C=CC=CCCCC1,2209,17540
C=CC=C,O=C1C=CC=C[C@@H]2C[C@H]12,2209,17541
C=CC=C,O=C1C=CCCC=CC1,2209,17542
C=CC=C,O=C1C=CCCCC=C1,2209,17543
C=CC=C,O=C1C=CCCNC(=O)N1,2209,17544
C=CC=C,O=C1C=CC[C@@H]2C[C@@H]2CC1,2209,17545
C=CC=C,O=C1C=C[C@@H](C2CC2)NN1,2209,17546
C=CC=C,O=C1C=C[C@@H]2CO[C@H]1O2,2209,17547
C=CC=C,O=C1C=Cc2ccccc21,2209,17549
C=CC=C,O=C1C=c2ccccc2=N1,2209,17550
C=CC=C,O=C1CC(=O)CC2(CC2)C1,2209,17552
C=CC=C,O=C1CC(=O)OCO1,2209,17553
C=CC=C,O=C1CC(C(F)(F)F)=NN1,2209,17554
C=CC=C,O=C1CC(CO)=NC=C1O,2209,17555
C=CC=C,O=C1CC(F)(C(=O)O)C1,2209,17556
C=CC=C,O=C1CC2=C(CC=C2)O1,2209,17558
C=CC=C,O=C1CC2=CCC[C@H]2O1,2209,17559
C=CC=C,O=C1CC2CCC(CC2)N1,2209,17560
C=CC=C,O=C1CC2CCN(CC2)C1,2209,17561
C=CC=C,O=C1CC=C(CCO)O1,2209,17562
C=CC=C,O=C1CC=C2C=CN=C2N1,2209,17563
C=CC=C,O=C1CC=C2CC[C@H]2CC1,2209,17564
C=CC=C,O=C1CCC(F)(F)CCN1,2209,17566
C=CC=C,O=C1CCC2(CC2)C(=O)C1,2209,17567
C=CC=C,O=C1CCC2(CCC2)OC1,2209,17568
C=CC=C,O=C1CCC2=C(CCC2)N1,2209,17569
C=CC=C,O=C1CCC2=C1COCO2,2209,17570
C=CC=C,O=C1CCCC(=O)C1(F)F,2209,17571
C=CC=C,O=C1CCCC(=O)NC1,2209,17572
C=CC=C,O=C1CCCC(O)CCC1,2209,17573
C=CC=C,O=C1CCCC=C[C@H]2C[C@@H]12,2209,17574
C=CC=C,O=C1CCCCC2(CC2)N1,2209,17577
C=CC=C,O=C1CCCCCC(=O)C1,2209,17578
C=CC=C,O=C1CCCCCC2=N[C@H]12,2209,17579
C=CC=C,O=C1CCCCCCCN1,2209,17580
C=CC=C,O=C1CCCCCCO1,2209,17581
C=CC=C,O=C1CCCCC[C@H]2C[C@H]12,2209,17582
C=CC=C,O=C1CCCCNCC1,2209,17584
C=CC=C,O=C1CCCC[C@@H]2C[C@@H]2C1,2209,17585
C=CC=C,O=C1CCCOCC1,2209,17586
C=CC=C,O=C1CCC[C@@H]1C(F)(F)F,2209,17587
C=CC=C,O=C1CCC[C@]12CCCO2,2209,17588
C=CC=C,O=C1CCCc2[nH]cnc21,2209,17589
C=CC=C,O=C1CCCc2c[nH]cc21,2209,17590
C=CC=C,O=C1CCCc2ccoc21,2209,17593
C=CC=C,O=C1CCCn2nccc21,2209,17598
C=CC=C,O=C1CCN2C(=O)CCN12,2209,17600
C=CC=C,O=C1CCN2NC=NC2=N1,2209,17601
C=CC=C,O=C1CCN=C2NCCN12,2209,17602
C=CC=C,O=C1CCNC(=O)CC1,2209,17603
C=CC=C,O=C1CCNC2(CC2)C1,2209,17604
C=CC=C,O=C1CCN[C@@H]2CCCN12,2209,17605
C=CC=C,O=C1CCOC2(CNC2)C1,2209,17606
C=CC=C,O=C1CCOCCC1(F)F,2209,17607
C=CC=C,O=C1CCOCCO1,2209,17608
C=CC=C,O=C1CCOC[C@H]1F,2209,17609
C=CC=C,O=C1CCON1,2209,17610
C=CC=C,O=C1CC[C@@H](CO)CCN1,2209,17611
C=CC=C,O=C1CC[C@@H]2CC(=O)[C@H]1C2,2209,17612
C=CC=C,O=C1CC[C@@H]2CC(F)(F)[C@@H]12,2209,17613
C=CC=C,O=C1CC[C@@H]2CC=CN12,2209,17614
C=CC=C,O=C1CC[C@@]12CCC21CC1,2209,17616
C=CC=C,O=C1CC[C@H]2C=CC=C12,2209,17617
C=CC=C,O=C1CC[C@H]2CCCN1C2,2209,17618
C=CC=C,O=C1CC[C@H]2COC[C@H]2C1,2209,17619
C=CC=C,O=C1CC[C@H]2[C@@H](C1)C2(F)F,2209,17621
C=CC=C,O=C1CCc2[nH]ncc21,2209,17623
C=CC=C,O=C1CCc2ncccc21,2209,17627
C=CC=C,O=C1CCn2cccc2C1,2209,17628
C=CC=C,O=C1CCn2ccnc21,2209,17629
C=CC=C,O=C1CCn2nnnc2N1,2209,17631
C=CC=C,O=C1CN1C1CCCCC1,2209,17632
C=CC=C,O=C1CN2C(=O)CC[C@H]2N1,2209,17633
C=CC=C,O=C1CN2C=CC=CC2=N1,2209,17634
C=CC=C,O=C1CN2CCC[C@H]1C2,2209,17635
C=CC=C,O=C1CN2CCC[C@H]2CN1,2209,17636
C=CC=C,O=C1CNC(=O)NC(=O)C1,2209,17637
C=CC=C,O=C1CNC(=O)[C@H](CO)N1,2209,17638
C=CC=C,O=C1CNC2(CN1)COC2,2209,17639
C=CC=C,O=C1CNC2=C(NON2)N1,2209,17640
C=CC=C,O=C1CNC2CC(C2)O1,2209,17641
C=CC=C,O=C1CNCC12CNC2,2209,17642
C=CC=C,O=C1CNCCCN1,2209,17643
C=CC=C,O=C1CNCCC[C@@H]1F,2209,17644
C=CC=C,O=C1CNCCNC1,2209,17645
C=CC=C,O=C1CNCN1CC1CC1,2209,17646
C=CC=C,O=C1CNC[C@H]2CCCN12,2209,17647
C=CC=C,O=C1CN[C@@H]2COC[C@@H]2N1,2209,17648
C=CC=C,O=C1CN[C@H]2CCC[C@H]2O1,2209,17650
C=CC=C,O=C1CNc2nonc2N1,2209,17651
C=CC=C,O=C1COC(=O)CN1,2209,17652
C=CC=C,O=C1COCCCN1,2209,17653
C=CC=C,O=C1COCCOC1,2209,17654
C=CC=C,O=C1COCC[C@H]1CO,2209,17655
C=CC=C,O=C1COCc2[nH]ccc21,2209,17656
C=CC=C,O=C1CO[C@@H]2C(=O)CO[C@H]12,2209,17657
C=CC=C,O=C1CO[C@H](C(=O)O)C1,2209,17658
C=CC=C,O=C1CO[C@H](C2CC2)CN1,2209,17659
C=CC=C,O=C1COc2ccccc21,2209,17660
C=CC=C,O=C1C[C@@H](C=C(F)F)CN1,2209,17663
C=CC=C,O=C1C[C@@H](CF)CO1,2209,17664
C=CC=C,O=C1C[C@@H]2C(=O)OC[C@@H]2O1,2209,17665
C=CC=C,O=C1C[C@@H]2C=C[C@@H]2N1,2209,17666
C=CC=C,O=C1C[C@@H]2CCO[C@H]2O1,2209,17667
C=CC=C,O=C1C[C@@H]2CO[C@H](C1)O2,2209,17668
C=CC=C,O=C1C[C@@H]2C[C@H](O)C[C@@H]2O1,2209,17669
C=CC=C,O=C1C[C@@H]2NCCC[C@@H]2N1,2209,17670
C=CC=C,O=C1C[C@@](O)(CF)CCO1,2209,17671
C=CC=C,O=C1C[C@H](O)C=C1CO,2209,17672
C=CC=C,O=C1C[C@H]2C=CC[C@@H]2O1,2209,17674
C=CC=C,O=C1C[C@H]2C=C[C@@H](C1)O2,2209,17675
C=CC=C,O=C1C[C@H]2CC=CC=C12,2209,17676
C=CC=C,O=C1C[C@H]2CCCCN2N1,2209,17677
C=CC=C,O=C1C[C@H]2CC[C@@H](CN1)N2,2209,17678
C=CC=C,O=C1C[C@H]2CNC[C@@H]2N1,2209,17682
C=CC=C,O=C1C[C@H]2CN[C@@H](C1)C2,2209,17683
C=CC=C,O=C1C[C@H]2C[C@@H](O)[C@@H](C1)N2,2209,17684
C=CC=C,O=C1C[C@H]2C[C@@H]3O[C@@H]3[C@@H]2C1,2209,17685
C=CC=C,O=C1C[C@H]2C[C@H](O)[C@@H](C1)O2,2209,17686
C=CC=C,O=C1Cc2ccccc2C1,2209,17689
C=CC=C,O=C1Cc2cccnc2N1,2209,17692
C=CC=C,O=C1N=C(O)C(=O)C(=O)N1,2209,17697
C=CC=C,O=C1N=C(O)N[C@@H](O)[C@H]1F,2209,17698
C=CC=C,O=C1N=C(O)[C@H]2CNC[C@H]12,2209,17699
C=CC=C,O=C1N=CC(F)=C[C@H]1F,2209,17700
C=CC=C,O=C1N=CC2(N=N2)C(=O)N1,2209,17701
C=CC=C,O=C1N=CC2=CC=NC2=N1,2209,17702
C=CC=C,O=C1N=CC=C2N=CN=C12,2209,17703
C=CC=C,O=C1N=CN=C2C=CO[C@@H]12,2209,17704
C=CC=C,O=C1N=CN=C2C=NN=C12,2209,17705
C=CC=C,O=C1N=CN=C2NN=C[C@H]12,2209,17706
C=CC=C,O=C1N=NC(C2CC2)=N1,2209,17707
C=CC=C,O=C1N=Nc2ccccc21,2209,17709
C=CC=C,O=C1NC(=O)C2=C1CCC2,2209,17711
C=CC=C,O=C1NC(=O)N2CCC[C@@H]12,2209,17712
C=CC=C,O=C1NC(=O)[C@@H]2CC[C@@H]2N1,2209,17713
C=CC=C,O=C1NC(=O)[C@H]2[C@H](CO)[C@@H]12,2209,17714
C=CC=C,O=C1NC=C2C(=O)NC=C12,2209,17715
C=CC=C,O=C1NC=N[C@H]2NC=N[C@H]12,2209,17717
C=CC=C,O=C1NCC2(CC2)O1,2209,17718
C=CC=C,O=C1NCC2=C1CC=CC2,2209,17719
C=CC=C,O=C1NCCCNC12CC2,2209,17720
C=CC=C,O=C1NCCN1C1CNC1,2209,17721
C=CC=C,O=C1NCCNCC1(F)F,2209,17722
C=CC=C,O=C1NCC[C@@H]1OC(F)F,2209,17723
C=CC=C,O=C1NCCc2cncn21,2209,17726
C=CC=C,O=C1NCCc2nc[nH]c21,2209,17727
C=CC=C,O=C1NCCc2oncc21,2209,17729
C=CC=C,O=C1NCCn2nncc21,2209,17731
C=CC=C,O=C1NCN2CCC1CC2,2209,17732
C=CC=C,O=C1NCN=C2N=CN=C12,2209,17733
C=CC=C,O=C1NC[C@@H](C(F)(F)F)N1,2209,17734
C=CC=C,O=C1NC[C@@H]2CCNC[C@@H]12,2209,17735
C=CC=C,O=C1NC[C@@H]2CCO[C@H]12,2209,17736
C=CC=C,O=C1NC[C@@H]2CNC[C@]12F,2209,17738
C=CC=C,O=C1NC[C@@H]2CN[C@H]1C2,2209,17739
C=CC=C,O=C1NC[C@]12CCCOC2,2209,17741
C=CC=C,O=C1NCc2cnccc21,2209,17742
C=CC=C,O=C1NCc2nccn21,2209,17743
C=CC=C,O=C1NCc2nccnc21,2209,17744
C=CC=C,O=C1NN=C2CCC[C@@H]12,2209,17745
C=CC=C,O=C1NNC(=O)NN1,2209,17746
C=CC=C,O=C1NNCCO1,2209,17747
C=CC=C,O=C1N[C@@H]2C=CC=C[C@H]12,2209,17749
C=CC=C,O=C1N[C@@H]2C=CCC[C@H]12,2209,17750
C=CC=C,O=C1N[C@@]2(CCNC2)CO1,2209,17753
C=CC=C,O=C1N[C@H](CO)C[C@H]2C[C@@H]12,2209,17754
C=CC=C,O=C1N[C@H]2C=C[C@@H]1C2,2209,17755
C=CC=C,O=C1N[C@H]2CNCC[C@H]2O1,2209,17756
C=CC=C,O=C1N[C@H]2C[C@H](O)C[C@@H]1C2,2209,17757
C=CC=C,O=C1N[C@H]2NCCN[C@H]2N1,2209,17758
C=CC=C,O=C1OCC2=C1CCNC2,2209,17760
C=CC=C,O=C1OCCC12CCCC2,2209,17761
C=CC=C,O=C1OCCC[C@H]1O,2209,17762
C=CC=C,O=C1OCC[C@H]2CCN[C@H]12,2209,17763
C=CC=C,O=C1OCN2CCNC[C@@H]12,2209,17764
C=CC=C,O=C1OC[C@@H]2CC=CC[C@H]12,2209,17765
C=CC=C,O=C1OC[C@@H]2[C@H](O)CCN12,2209,17767
C=CC=C,O=C1OCc2ccncc21,2209,17769
C=CC=C,O=C1OCc2nonc21,2209,17771
C=CC=C,O=C1O[C@@H]2C=CC=C[C@H]1C2,2209,17772
C=CC=C,O=C1O[C@@H]2C=CC[C@H]2[C@H]1O,2209,17773
C=CC=C,O=C1O[C@@H]2CCC[C@H]1O2,2209,17774
C=CC=C,O=C1O[C@H](CO)[C@@H](O)[C@H]1O,2209,17775
C=CC=C,O=C1O[C@H](F)[C@@H](F)O1,2209,17776
C=CC=C,O=C1O[C@H]2CCC[C@@H]1CC2,2209,17777
C=CC=C,O=C1O[C@H]2CONC[C@H]2O1,2209,17779
C=CC=C,O=C1[C@@H]2CCC[C@@H]2N1CO,2209,17781
C=CC=C,O=C1[C@@H]2CNC[C@H]1OC2,2209,17782
C=CC=C,O=C1[C@H]2CCC[C@H]1COC2,2209,17784
C=CC=C,O=C1[C@H]2CC[C@H]2[C@@H]2C[C@H]12,2209,17785
C=CC=C,O=C1[C@H]2C[C@H]3CO[C@@H]1[C@H]3C2,2209,17786
C=CC=C,O=CC#CC(F)(F)F,2209,17787
C=CC=C,O=CC(=O)/C=C\[C@H](O)CO,2209,17788
C=CC=C,O=CC(=O)c1cnccn1,2209,17791
C=CC=C,O=CC(C=O)C1CCCC1,2209,17792
C=CC=C,O=CC(C=O)c1ncc[nH]1,2209,17793
C=CC=C,O=CC(O)(O)C=O,2209,17794
C=CC=C,O=CC1(C(F)F)CCC1,2209,17795
C=CC=C,O=CC1(n2nccn2)CC1,2209,17796
C=CC=C,O=CC12C3C4C5C3C1C5C42,2209,17797
C=CC=C,O=CC12CCC(CC1)CC2,2209,17798
C=CC=C,O=CC1=NOC2(COC2)C1,2209,17800
C=CC=C,O=CC1=NO[C@H]2CCC[C@H]12,2209,17803
C=CC=C,O=CC1C2(CC2)C12CC2,2209,17804
C=CC=C,O=CC1CC(C(F)(F)F)C1,2209,17805
C=CC=C,O=CC1CC2(CCCC2)C1,2209,17806
C=CC=C,O=CCC(=O)CC=O,2209,17807
C=CC=C,O=CCCC(F)(F)F,2209,17808
C=CC=C,O=CCCC1OCCO1,2209,17809
C=CC=C,O=CCCCCC1CC1,2209,17810
C=CC=C,O=CCCOC1CCCC1,2209,17811
C=CC=C,O=CCC[C@H]1CC=CCC1,2209,17812
C=CC=C,O=CCCc1cnoc1,2209,17814
C=CC=C,O=CCCc1nc[nH]n1,2209,17815
C=CC=C,O=CC[C@H]1CCCC12CC2,2209,17816
C=CC=C,O=CN(CCO)CCO,2209,17819
C=CC=C,O=CN1CC(=O)NC(=O)C1,2209,17820
C=CC=C,O=CN1CCC(CO)CC1,2209,17821
C=CC=C,O=CN1CCCNCC1,2209,17822
C=CC=C,O=CNC(=O)/C=C\C(=O)O,2209,17824
C=CC=C,O=CNC(NC=O)NC=O,2209,17825
C=CC=C,O=CNC1=CCCCC1,2209,17826
C=CC=C,O=CNC1CC(F)(F)C1,2209,17827
C=CC=C,O=CNCc1cccnc1,2209,17829
C=CC=C,O=CNc1ccc(O)cc1,2209,17831
C=CC=C,O=COC1CCCCCC1,2209,17833
C=CC=C,O=COCC(F)(F)C(F)F,2209,17834
C=CC=C,O=COCCCF,2209,17835
C=CC=C,O=CON1C(=O)CCC1=O,2209,17836
C=CC=C,O=CO[C@@H]1C=CCOCC1,2209,17838
C=CC=C,O=C[C@@H](F)[C@H](O)[C@H](O)CO,2209,17840
C=CC=C,O=C[C@@H](O)[C@H](O)C=O,2209,17841
C=CC=C,O=C[C@@H]1CC[C@H](C=O)O1,2209,17843
C=CC=C,O=C[C@@H]1CC[C@H]2C[C@@H]1CO2,2209,17844
C=CC=C,O=C[C@@H]1C[C@H]1c1ccco1,2209,17845
C=CC=C,O=C[C@@H]1[C@H]2CCOC[C@@H]12,2209,17848
C=CC=C,O=C[C@H](O)/C(O)=C(\O)CO,2209,17850
C=CC=C,O=C[C@H](O)CN1CCCC1,2209,17851
C=CC=C,O=C[C@H]1CCN(C2CC2)C1,2209,17853
C=CC=C,O=C[C@H]1CN2CCC1CC2,2209,17854
C=CC=C,O=C[C@H]1Cc2ccccc21,2209,17855
C=CC=C,O=Cc1c(F)ncnc1F,2209,17856
C=CC=C,O=Cc1cc(=O)[nH]cc1F,2209,17859
C=CC=C,O=Cc1cc(C2CC2)no1,2209,17865
C=CC=C,O=Cc1ccc(F)nc1F,2209,17879
C=CC=C,O=Cc1ccc(O)c(F)c1,2209,17880
C=CC=C,O=Cc1ccc(O)nn1,2209,17881
C=CC=C,O=Cc1ccc2n1CCC2,2209,17882
C=CC=C,O=Cc1cccc(CF)n1,2209,17883
C=CC=C,O=Cc1ccn(CCF)n1,2209,17888
C=CC=C,O=Cc1ccnn1C1CC1,2209,17890
C=CC=C,O=Cc1cn(CCO)nn1,2209,17894
C=CC=C,O=Cc1cn2c(n1)CCC2,2209,17895
C=CC=C,O=Cc1cncc(F)c1O,2209,17896
C=CC=C,O=Cc1cnn(C(F)F)c1,2209,17898
C=CC=C,O=Cc1cnn2c1CCC2,2209,17899
C=CC=C,O=Cc1coc(C(=O)O)c1,2209,17900
C=CC=C,O=Cc1coc(C(F)F)n1,2209,17901
C=CC=C,O=Cc1cocc1CO,2209,17902
C=CC=C,O=Cc1nc(C2CC2)n[nH]1,2209,17905
C=CC=C,O=Cc1nc[nH]c1C(=O)O,2209,17907
C=CC=C,O=Cc1noc2c1CCC2,2209,17911
C=CC=C,O=Cc1occc1C1CC1,2209,17913
C=CC=C,O=N/C=C1/C=CC=CN1,2209,17915
C=CC=C,O=NC(=O)C1=CNC=CN1,2209,17916
C=CC=C,O=NC(F)(F)F,2209,17917
C=CC=C,O=NC1=C(NO)CCCC1,2209,17918
C=CC=C,O=NCNCCO,2209,17920
C=CC=C,O=NN(CCO)CC(=O)O,2209,17921
C=CC=C,O=NN1CCC(=O)NC1=O,2209,17923
C=CC=C,O=NN1CCC(F)(F)CC1,2209,17924
C=CC=C,O=NN1CCCCCC1=O,2209,17925
C=CC=C,O=NN1C[C@H]2CCC[C@H]2C1,2209,17926
C=CC=C,O=NNc1ccncc1,2209,17927
C=CC=C,O=NOCc1ccccc1,2209,17929
C=CC=C,O=Nc1c[nH]c(=O)[nH]c1=O,2209,17930
C=CC=C,O=Nc1ccc(N=O)cc1,2209,17931
C=CC=C,O=Nc1cccnc1N=O,2209,17932
C=CC=C,O=c1[nH]c(O)nnc1F,2209,17933
C=CC=C,O=c1[nH]c2c([nH]1)CNCC2,2209,17934
C=CC=C,O=c1[nH]c2c([nH]1)NON2,2209,17935
C=CC=C,O=c1[nH]c2ccccc2o1,2209,17936
C=CC=C,O=c1[nH]c2cccnc2[nH]1,2209,17937
C=CC=C,O=c1[nH]c2nonc2[nH]1,2209,17939
C=CC=C,O=c1[nH]ccc2[nH]cnc12,2209,17941
C=CC=C,O=c1[nH]ccc2c1OCC2,2209,17945
C=CC=C,O=c1[nH]cnc2c1CN=N2,2209,17954
C=CC=C,O=c1[nH]cnc2cn[nH]c12,2209,17956
C=CC=C,O=c1[nH]cnc2n[nH]nc12,2209,17957
C=CC=C,O=c1[nH]cnc2ncnn12,2209,17958
C=CC=C,O=c1[nH]cnn2cncc12,2209,17960
C=CC=C,O=c1[nH]nc(C2CC2)[nH]1,2209,17961
C=CC=C,O=c1[nH]nc2ccccn12,2209,17962
C=CC=C,O=c1[nH]nc2n1CCCC2,2209,17963
C=CC=C,O=c1[nH]ncn2cccc12,2209,17966
C=CC=C,O=c1[nH]oc(=O)[nH]1,2209,17968
C=CC=C,O=c1c(=O)c2ccccc12,2209,17970
C=CC=C,O=c1c(O)c(O)c(=O)c1=O,2209,17971
C=CC=C,O=c1c(O)c[nH]cc1F,2209,17972
C=CC=C,O=c1c2c(c1=O)NCCN2,2209,17973
C=CC=C,O=c1cc(CO)[nH]cc1O,2209,17974
C=CC=C,O=c1cc(CO)ccn1O,2209,17975
C=CC=C,O=c1cc(F)[nH]c(F)c1,2209,17976
C=CC=C,O=c1cc(NO)[nH]c(=O)[nH]1,2209,17977
C=CC=C,O=c1cc(O)oc(CO)c1,2209,17978
C=CC=C,O=c1cc2c(c[nH]1)CCN2,2209,17979
C=CC=C,O=c1cc2c(n[nH]1)CCC2,2209,17980
C=CC=C,O=c1cc2ccccn2[nH]1,2209,17981
C=CC=C,O=c1cc[nH]c(C(F)F)c1,2209,17982
C=CC=C,O=c1cc[nH]c2c1CCC2,2209,17983
C=CC=C,O=c1cc[nH]c2ccnn12,2209,17984
C=CC=C,O=c1cc[nH]c2ccoc12,2209,17985
C=CC=C,O=c1cc[nH]c2nccn12,2209,17986
C=CC=C,O=c1cc[nH]n2cccc12,2209,17987
C=CC=C,O=c1ccc(=O)n(CO)[nH]1,2209,17988
C=CC=C,O=c1ccc(CCO)c[nH]1,2209,17989
C=CC=C,O=c1ccc2[nH]ccc2[nH]1,2209,17990
C=CC=C,O=c1ccc2c([nH]1)NCC2,2209,17991
C=CC=C,O=c1ccc2cn[nH]c2[nH]1,2209,17992
C=CC=C,O=c1ccc2nccn2[nH]1,2209,17993
C=CC=C,O=c1cccc2n1CCN2,2209,17994
C=CC=C,O=c1ccccc(O)c1O,2209,17995
C=CC=C,O=c1ccccn1CCO,2209,17996
C=CC=C,O=c1ccn2[nH]ccc2n1,2209,17997
C=CC=C,O=c1ccnc2nc[nH]n12,2209,17998
C=CC=C,O=c1ccnc[nH]1,2209,17999
C=CC=C,O=c1nc(NF)cc[nH]1,2209,18000
C=CC=C,O=c1ncc2c([nH]1)CNC2,2209,18001
C=CC=C,O=c1nccc2[nH]ccn12,2209,18002
C=CC=C,O=c1ncn2nccc2[nH]1,2209,18003
C=CC=C,O=c1ncnc2cc[nH]n12,2209,18004
C=CC=C,O=c1nn[nH]c2nc[nH]c12,2209,18005
C=CC=C,OC/C(F)=C1/CCCNC1,2209,18007
C=CC=C,OC1(c2c[nH]nn2)CNC1,2209,18009
C=CC=C,OC1(c2ncc[nH]2)CCC1,2209,18013
C=CC=C,OC1=C(O)c2ccccc21,2209,18015
C=CC=C,OCC#Cc1cncnc1,2209,18018
C=CC=C,OCC(CO)=NO,2209,18020
C=CC=C,OCC1(CO)CC=CC1,2209,18021
C=CC=C,OCC1(CO)CCC=CO1,2209,18022
C=CC=C,OCC1=C(CO)CC=CC1,2209,18023
C=CC=C,OCC1=C(O)C[C@@H](O)O1,2209,18024
C=CC=C,OCC1=Cc2ccccc21,2209,18025
C=CC=C,OCC1CCC=CCC1,2209,18026
C=CC=C,OCC=C1CCCCCC1,2209,18027
C=CC=C,OCCC#Cc1cn[nH]c1,2209,18028
C=CC=C,OCCCC1=CCC=CC1,2209,18029
C=CC=C,OCCCCn1ccnc1,2209,18030
C=CC=C,OCCCc1ccnnc1,2209,18031
C=CC=C,OCCNc1ccccc1,2209,18036
C=CC=C,OCCNc1cnccn1,2209,18037
C=CC=C,OCCOc1ccccn1,2209,18039
C=CC=C,OCCc1nccnn1,2209,18043
C=CC=C,OCCn1ccnc1CO,2209,18044
C=CC=C,OC[C@@H](O)c1cn[nH]n1,2209,18046
C=CC=C,OC[C@@H]1CCc2ncnn21,2209,18047
C=CC=C,OC[C@H](O)Cn1cccc1,2209,18049
C=CC=C,OC[C@H]1NCc2[nH]ncc21,2209,18052
C=CC=C,OCc1[nH]nc2c1CCC2,2209,18054
C=CC=C,OCc1c[nH]c(C2CC2)n1,2209,18056
C=CC=C,OCc1cc(O)ccc1O,2209,18060
C=CC=C,OCc1cc2n(n1)CCO2,2209,18061
C=CC=C,OCc1ccccc1CF,2209,18066
C=CC=C,OCc1ccn(C2CC2)n1,2209,18069
C=CC=C,OCc1ccoc1C(F)F,2209,18071
C=CC=C,OCc1cnc2n1CCC2,2209,18074
C=CC=C,OCc1coc(CO)c1,2209,18077
C=CC=C,OCc1coc(CO)n1,2209,18078
C=CC=C,OCc1n[nH]c(CO)n1,2209,18079
C=CC=C,OCc1nc(F)ccc1F,2209,18080
C=CC=C,OCc1nnc(C2CC2)o1,2209,18084
C=CC=C,OCc1nnn2c1CCC2,2209,18085
C=CC=C,ON1Cc2ccccc2C1,2209,18088
C=CC=C,ON=C(C1CC1)C1CC1,2209,18089
C=CC=C,ON=C1CCCC[C@@H]1NO,2209,18090
C=CC=C,ON=C1COCO1,2209,18091
C=CC=C,ON=C[C@H]1CCCO1,2209,18092
C=CC=C,ON=Cc1ccccc1F,2209,18094
C=CC=C,O[C@@H](c1ncn[nH]1)C1CC1,2209,18095
C=CC=C,O[C@@H]1C(F)=CC=C[C@@H]1O,2209,18097
C=CC=C,O[C@@H]1C=C[C@H]2C[C@@H]2CCC1,2209,18099
C=CC=C,O[C@@H]1CC/C=C/CCC1,2209,18100
C=CC=C,O[C@@H]1CC=CCCOC1,2209,18101
C=CC=C,O[C@@H]1CCC1=C1CCC1,2209,18102
C=CC=C,O[C@@H]1CCCc2c[nH]nc21,2209,18103
C=CC=C,O[C@@H]1CCCn2cnnc21,2209,18105
C=CC=C,O[C@@H]1CCc2cccnc21,2209,18106
C=CC=C,O[C@@H]1CCc2nc[nH]c2C1,2209,18108
C=CC=C,O[C@@H]1Cc2cccc(F)c21,2209,18112
C=CC=C,O[C@@H]1[C@H](O)[C@@H](O)C=C[C@H]1O,2209,18114
C=CC=C,O[C@@]12C=C[C@H](CCCC1)O2,2209,18115
C=CC=C,O[C@H]1C/C=C\CCCCC1,2209,18117
C=CC=C,O[C@H]1C=CC=CCC=CC1,2209,18118
C=CC=C,O[C@H]1C=CCCCC[C@@H]1O,2209,18119
C=CC=C,O[C@H]1C=CN=CN1,2209,18120
C=CC=C,O[C@H]1C=C[C@@H]2C[C@@H]2[C@H]2C[C@H]21,2209,18121
C=CC=C,O[C@H]1C=C[C@H](F)C1,2209,18122
C=CC=C,O[C@H]1CCC2=CCC[C@H]21,2209,18124
C=CC=C,O[C@H]1CCC[C@]12C=CCO2,2209,18125
C=CC=C,O[C@H]1CC[C@H]1n1ccnc1,2209,18128
C=CC=C,O[C@H]1CNc2ccnn2C1,2209,18131
C=CC=C,O[C@H]1COc2cnccc21,2209,18133
C=CC=C,O[C@H]1COc2nccn2C1,2209,18134
C=CC=C,O[C@H]1C[C@H](n2cnnc2)C1,2209,18135
C=CC=C,O[C@]1(C(F)(F)F)CC=NO1,2209,18137
C=CC=C,Oc1[nH]cc2ncccc12,2209,18138
C=CC=C,Oc1cc(C(F)(F)F)no1,2209,18140
C=CC=C,Oc1cc(C(F)F)[nH]n1,2209,18141
C=CC=C,Oc1cc(C2CNC2)on1,2209,18143
C=CC=C,Oc1cc(F)c(O)c(F)c1,2209,18145
C=CC=C,Oc1cc(O)c(O)cc1O,2209,18147
C=CC=C,Oc1cc2c(cn1)NCC2,2209,18148
C=CC=C,Oc1cc2cc[nH]c2cn1,2209,18150
C=CC=C,Oc1cc2ccccc2o1,2209,18151
C=CC=C,Oc1cc2n(n1)CCCC2,2209,18152
C=CC=C,Oc1ccc(F)c(O)c1F,2209,18157
C=CC=C,Oc1ccc2c(c1)CNC2,2209,18164
C=CC=C,Oc1ccc2cnoc2c1,2209,18165
C=CC=C,Oc1ccc2nncn2c1,2209,18168
C=CC=C,Oc1ccc2ocnc2c1,2209,18169
C=CC=C,Oc1cccc2[nH]ccc12,2209,18171
C=CC=C,Oc1cccc2c1CNC2,2209,18174
C=CC=C,Oc1cccc2c1OCO2,2209,18176
C=CC=C,Oc1cccc2ccoc12,2209,18178
C=CC=C,Oc1cccc2n[nH]nc12,2209,18180
C=CC=C,Oc1ccccc1[C@@H]1CO1,2209,18185
C=CC=C,Oc1cccn2nnnc12,2209,18186
C=CC=C,Oc1ccn2nccc2c1,2209,18187
C=CC=C,Oc1ccn2ncnc2n1,2209,18188
C=CC=C,Oc1ccnc2[nH]cnc12,2209,18189
C=CC=C,Oc1ccnc2c1CCN2,2209,18190
C=CC=C,Oc1ccnn2cccc12,2209,18194
C=CC=C,Oc1cn2ccccc2n1,2209,18195
C=CC=C,Oc1cnc(CF)cc1O,2209,18197
C=CC=C,Oc1cnc2[nH]cnc2c1,2209,18200
C=CC=C,Oc1cnc2ccnn2c1,2209,18202
C=CC=C,Oc1cnc2cn[nH]c2n1,2209,18204
C=CC=C,Oc1cncc2cc[nH]c12,2209,18205
C=CC=C,Oc1cnn(CC2CC2)c1,2209,18208
C=CC=C,Oc1cnn2c1CNCC2,2209,18209
C=CC=C,Oc1cnnc2[nH]ccc12,2209,18210
C=CC=C,Oc1coc2ccccc12,2209,18212
C=CC=C,Oc1n[nH]c2ccncc12,2209,18215
C=CC=C,Oc1nc2cccnc2o1,2209,18220
C=CC=C,Oc1ncc(O)c(O)n1,2209,18221
C=CC=C,Oc1nccc2nccn12,2209,18223
C=CC=C,Oc1ncnc(CF)c1F,2209,18226
C=CC=C,Oc1ncnc2nncn12,2209,18227
C=CC=C,Oc1nnc2n1NCCC2,2209,18230
C=CC=C,Oc1nncc2c[nH]nc12,2209,18231
C=CC=C,Oc1nncc2ccnn12,2209,18232
C=CC=C,Oc1nncc2occc12,2209,18233
C=CC=C,Oc1nncn2nccc12,2209,18234
C=CC=C,Oc1nnnc2n[nH]cc12,2209,18235
C=CC=C,Oc1nnnn1C1CCC1,2209,18236
C=CC=C,Oc1noc2c1CCNC2,2209,18237
C=CC=C,On1nnc2cccnc21,2209,18239
C=CC=C,c1[nH]cc2c1OCCCO2,2209,18241
C=CC=C,c1[nH]nc2c1CNCCC2,2209,18244
C=CC=C,c1[nH]nc2c1NCCCC2,2209,18245
C=CC=C,c1c/c(=N/C2CC2)cn[nH]1,2209,18246
C=CC=C,c1c[nH]c([C@H]2CCOC2)n1,2209,18252
C=CC=C,c1cc(C2=NCCN2)co1,2209,18253
C=CC=C,c1cc(CNC2CC2)co1,2209,18256
C=CC=C,c1cc(C[C@@H]2CO2)ccn1,2209,18257
C=CC=C,c1cc2c([nH]1)CCCNC2,2209,18260
C=CC=C,c1cc2c(cn1)CCCO2,2209,18261
C=CC=C,c1cc2c(o1)CNCC2,2209,18265
C=CC=C,c1cc2cc[nH]c2nn1,2209,18266
C=CC=C,c1cc2cnccn2c1,2209,18269
C=CC=C,c1cc2cnncc2o1,2209,18270
C=CC=C,c1cc2n(n1)CCCNC2,2209,18273
C=CC=C,c1ccc(C2CNC2)nc1,2209,18278
C=CC=C,c1ccc(C[C@H]2CN2)cc1,2209,18280
C=CC=C,c1ccc2[nH]nnc2c1,2209,18283
C=CC=C,c1ccc2c(c1)CCOC2,2209,18286
C=CC=C,c1ccc2c(c1)CNCO2,2209,18287
C=CC=C,c1ccc2c(c1)NCCO2,2209,18291
C=CC=C,c1ccc2cnccc2c1,2209,18295
C=CC=C,c1ccc2nncnc2c1,2209,18298
C=CC=C,c1ccc2nocc2c1,2209,18299
C=CC=C,c1ccn(CC[C@H]2CO2)c1,2209,18302
C=CC=C,c1ccn2nncc2c1,2209,18304
C=CC=C,c1cn(CC2CNC2)nn1,2209,18307
C=CC=C,c1cn2c(n1)NCCCC2,2209,18311
C=CC=C,c1cnc2c(n1)NCCN2,2209,18327
C=CC=C,c1cnc2ccoc2c1,2209,18330
C=CC=C,c1cnc2n[nH]nc2n1,2209,18332
C=CC=C,c1cnc2ncncc2n1,2209,18335
C=CC=C,c1cnn(C2CNC2)n1,2209,18342
C=CC=C,c1cnn2nnnc2n1,2209,18344
C=CC=C,c1cnnc(NC2CC2)c1,2209,18345
C=CC=C,c1coc(C2=NCCC2)c1,2209,18347
C=CC=C,c1n[nH]c2c1CCCCC2,2209,18351
C=CC=C,c1n[nH]cc1C1CCCC1,2209,18355
C=CC=C,c1nc([C@H]2CCNC2)no1,2209,18361
C=CC=C,c1nc2cnncc2[nH]1,2209,18365
C=CC=C,c1ncc([C@@H]2CCCO2)[nH]1,2209,18367
C=CC=C,c1ncc2[nH]cnc2n1,2209,18369
C=CC=C,c1ncc2ncoc2n1,2209,18374
C=CC=C,c1ncn(C2CCCC2)n1,2209,18375
C=CC=C,c1ncn2c1CCNCC2,2209,18377
