Index,Smiles,Stable_conf_id,G/Hatree,E/Hatree
2209,C=CC=C,0,-155.9924904,-156.0515654
2790,CC(C)=C(C)C(C)C,0,-314.4152501,-314.6016891
5416,O=C1CCC=CCC1,0,-347.9724091,-348.0973201
5938,c1ncncn1,0,-280.4145073,-280.4527723
5941,c1nn[nH]n1,0,-258.3156381,-258.3371911
8614,CC(C)(C)C1C=CC=C1,0,-351.3186346,-351.4914356
8856,CC1(C)CCC=N1,0,-289.9821778,-290.1134348
9004,CC1=CC(C)=C(C)[C@@H]1C,0,-351.3346685,-351.5054805
11157,NNC1=CC(=O)OC1,0,-416.0193476,-416.0972156
11867,c1cn[nH]n1,0,-242.2763037,-242.3100377
11875,c1cnncn1,0,-280.3723693,-280.4094363
11887,c1nc[nH]n1,0,-242.2962277,-242.3300107
11932,C/C=C/C,0,-157.2056016,-157.2867656
11944,C1=CCCC=C1,0,-233.4102685,-233.5049295
11955,C1=C/CCCCCC/1,0,-313.1954325,-313.3691945
11959,C#CC1=CCCC1=O,0,-345.5410052,-345.6164402
11970,C#Cc1ccc[nH]1,0,-286.3560483,-286.4182973
11977,C#Cc1ccoc1C,0,-345.5342978,-345.6097458
11985,C/C(=C\N=O)NO,0,-377.8020025,-377.8695805
12002,C/C=C/C#CCCO,0,-347.9197784,-348.0363874
12013,C/C=C/CNCCO,0,-366.3960173,-366.5497703
12014,C/C=C/C[C@H](N)CO,0,-366.408685,-366.562736
12019,C/C=C/n1cccc1,0,-326.8862808,-326.9970718
12021,C/C=C\C(F)=C(F)F,0,-493.1197857,-493.1772947
12026,C/C=N/CC(F)(F)F,0,-510.4136927,-510.4833907
12034,C/N=C(\NN)N(C)C,0,-378.6020269,-378.7457189
12037,C1=CC2(C=C1)CC2,0,-271.4885454,-271.5867914
12039,C1=CC2CCC1CC2,0,-312.0212172,-312.1749132
12040,C1=CC=CC=CC=C1,0,-309.5954233,-309.6978963
12042,C1=CCC2(C1)CNC2,0,-328.0382053,-328.1763163
12046,C1=CCNC1,0,-211.3500919,-211.4288109
12048,C1=CCOCOC1,0,-345.7694752,-345.8677842
12051,C1=CC[C@H]2C[C@H]2C1,0,-272.695572,-272.818622
12052,C1=CNCC1,0,-211.3576419,-211.4367049
12053,C1=CNNC1,0,-227.37836,-227.445733
12055,C1=COCN1,0,-247.2820725,-247.3371905
12063,C1=C[C@H]2NC[C@@H]2C1,0,-288.6859705,-288.7982655
12067,C1=NCCCN1,0,-266.7331032,-266.8285722
12068,C1=NCCO1,0,-247.3077375,-247.3627605
12069,C1=NC[C@H]2CCC[C@@H]12,0,-328.0844863,-328.2249803
12070,C1=NNCC1,0,-227.3989359,-227.4663359
12071,C1CC1c1nn[nH]n1,0,-375.0073459,-375.0866529
12076,C1NCC2=C1CNC2,0,-344.1055134,-344.2325404
12085,C=C(C)C1=NCCO1,0,-364.0202151,-364.1307811
12095,C=C(C1CC1)C1CC1,1,-311.9608786,-312.1060076
12100,C=C(CNC)OCC,0,-366.3889427,-366.5430027
12113,C=C/C=C/CC(=O)O,0,-383.9230258,-384.0171818
12122,C=C/C=C\OC(C)=O,0,-383.9180227,-384.0119017
12123,C=C/C=N/N=C(/C)N,0,-360.1798236,-360.2871716
12124,C=C1C2C3C2C2C1C32,0,-309.5274933,-309.6316703
12125,C=C1C=CC(=O)O1,0,-343.4252632,-343.4755512
12130,C=C1CC(NC)C1,0,-289.930582,-290.059964
12132,C=C1CCCC(=O)O1,0,-383.9278358,-384.0284528
12134,C=C1CCCNC1=O,0,-364.0512894,-364.1656044
12137,C=C1CCN(C)CC1,0,-329.259252,-329.420096
12141,C=C1COC(=C)CO1,0,-383.8680292,-383.9679702
12142,C=C1COC[C@@H]1N,0,-325.8924662,-326.0010142
12148,C=C1OCCCCO1,0,-385.0835283,-385.2084993
12149,C=C=C1CCCCC1,0,-311.9991886,-312.1474626
12154,C=C=COC,0,-231.1977737,-231.2590487
12159,C=CC(=C)OC,0,-270.5288975,-270.6180175
12160,C=CC(=N)N,0,-227.4270611,-227.4903041
12183,C=CC1=CC=CC1,0,-271.5090217,-271.6055437
12186,C=CC1OCCO1,0,-345.7697507,-345.8653917
12200,C=CCC[C@@H](O)CN,0,-366.4013014,-366.5551614
12207,C=CCNCC#CC,1,-328.0173309,-328.1448579
12228,C=CNC=O,0,-247.3283526,-247.3798806
12232,C=COC=O,0,-267.2004336,-267.2390676
12235,C=CON=C(C)C,1,-325.8639273,-325.9643133
12237,C=C[C@@H](C)N1CCC1,0,-329.228956,-329.385367
12242,C=C[C@@H]1CC1(F)F,0,-393.831976,-393.900136
12250,C=C[C@H](O)[C@H]1CO1,0,-345.7476974,-345.8400814
12252,C=C[C@H]1CNC[C@H]1O,0,-365.197432,-365.332761
12256,C=Cc1ccn[nH]1,0,-303.6337713,-303.7080153
12263,C=Cc1nn[nH]n1,0,-335.7179839,-335.7691589
12267,C=Cn1ccnc1C,0,-342.9519583,-343.0519383
12269,C=Cn1cnnn1,0,-335.7039498,-335.7540388
12270,C=Cn1nnc(N)n1,0,-391.0821396,-391.1485536
12273,C=NC1C=CCC=C1,0,-326.8520086,-326.9645086
12275,C=NCC#N,0,-226.2149552,-226.2548302
12278,C=NN=C,0,-188.077807,-188.112717
12296,CC(=O)C=C1CNC1,0,-363.9925276,-364.1012026
12319,CC(C)=C1C=CC=C1,0,-310.8206318,-310.9432008
12324,CC(C)=CN(C)C,0,-291.1534577,-291.3022707
12325,CC(C)=CN1CCC1,0,-329.238303,-329.393342
12331,CC(C)C1C=CC=C1,0,-312.0143427,-312.1604767
12333,CC(C)OC=N,0,-287.8183712,-287.9194602
12342,CC(C)n1cnnc1,0,-360.197204,-360.308618
12354,CC/C=C/[C@H]1CO1,0,-309.8167625,-309.9321775
12355,CC/C=C1/CCNC1,0,-329.2639848,-329.4217178
12367,CC1(C)CN=CN1,0,-306.0406249,-306.1610849
12373,CC1(CO)C=CC=C1,0,-347.9491659,-348.0723709
12377,CC1=C(C)CONC1,0,-365.1578895,-365.2919125
12379,CC1=C(C)[C@@H](C)CC1,0,-313.2316602,-313.4002192
12380,CC1=C(O)C(=O)C=C1,0,-382.7101447,-382.7856487
12386,CC1=CC(=O)NON1,0,-415.942939,-416.018787
12390,CC1=CC=NC(=O)C1,0,-362.8422269,-362.9303099
12392,CC1=CCC=C(C)C1,0,-312.0280092,-312.1743132
12396,CC1=CCCO1,0,-270.5511153,-270.6429273
12397,CC1=CCNC(=O)O1,0,-400.0008431,-400.0885991
12399,CC1=CC[C@H](C)NC1,0,-329.2761872,-329.4356452
12406,CC1=NC(=O)CON1,0,-415.9893811,-416.0647071
12409,CC1=NCCN=C1C,0,-344.1374026,-344.2613656
12414,CC1=NOC(=O)[C@H]1C,0,-399.9583281,-400.0447301
12422,CC=C=C(C)CN,0,-289.9425145,-290.0683375
12423,CC=C=CCCO,0,-309.8227069,-309.9368819
12433,CCC/N=C(/C)NO,0,-382.4235698,-382.5649868
12434,CCC1=C(C)CCC1,1,-313.229076,-313.397826
12437,CCC1=CCC(C)=C1,0,-312.0248526,-312.1695676
12438,CCC1=NOCCO1,0,-401.1100171,-401.2210971
12443,CCCC/C(F)=C\F,0,-434.3576834,-434.4739574
12463,CCO/C=C/C(=N)N,0,-381.270734,-381.391029
12476,CC[C@@H]1COC(C)=N1,0,-365.2335413,-365.3670183
12515,CN(C)/C=C/N,0,-267.9016249,-268.0146549
12516,CN(C)/N=C/C=O,0,-341.9435969,-342.0351309
12524,CN(C)n1cccc1,0,-344.1036003,-344.2270863
12532,CN1C=NN(C)C=N1,0,-376.1928749,-376.2932539
12538,CN1CCC=CCC1,0,-329.253214,-329.413793
12539,CN1CCN(C)C1=N,0,-361.3982288,-361.5341368
12543,CNC(=N)CCOC,0,-382.4668647,-382.6099047
12550,CNC/C=C\CNC,0,-346.4927964,-346.6586804
12572,CNc1cnn[nH]1,0,-336.9251107,-336.9992067
12573,CNc1cnoc1C,0,-380.0447927,-380.1431617
12586,CO/C(C)=N/C1CC1,0,-365.1910475,-365.3216105
12588,CO/C=C(\F)CO,0,-406.9381297,-407.0170727
12593,CO/N=C/CC#N,0,-340.7229517,-340.7904757
12594,CO/N=C/NOC,0,-378.9886698,-379.0780238
12612,COC1=CCCN1,0,-325.896191,-326.005084
12613,COC=C1COC1,0,-345.7327457,-345.8266067
12616,COCOCC(=N)N,0,-418.4031854,-418.5227634
12636,COc1ccc(O)o1,0,-419.8322547,-419.9059947
12671,C[C@@H]1CC=CC[C@H]1N,0,-329.279195,-329.439451
12679,C[C@H](C(=N)N)C1CC1,0,-345.3234904,-345.4678174
12693,C[C@H]1C=C[C@H](C)N1,0,-289.9654541,-290.0963081
12695,C[C@H]1CC(N)=NN1C,0,-361.3773094,-361.5125674
12697,C[C@H]1CCNC(=N)C1,0,-345.3528757,-345.5024877
12700,C[C@]12CC=CC[C@H]1O2,0,-347.9418877,-348.0665897
12709,Cc1c(N)o[nH]c1=O,0,-416.0138344,-416.0893384
12712,Cc1c[nH]c(C)c1,0,-288.8031494,-288.9100844
12784,Cc1ccoc1,0,-269.362639,-269.432242
12799,Cc1cnc(C)n1C,0,-344.1681925,-344.2899315
12804,Cc1cnc(F)nc1,0,-402.9569676,-403.0213996
12818,Cc1cnnc(N)n1,0,-375.0707705,-375.1474235
12825,Cc1coc(C)n1,0,-324.7432889,-324.8268339
12830,Cc1coc(O)c1,0,-344.609198,-344.680913
12848,Cc1nc(C=O)no1,0,-414.8100226,-414.8612736
12861,Cc1ncc(O)[nH]1,0,-340.8017218,-340.8743088
12875,Cc1ncoc1C=O,0,-398.7850059,-398.8494639
12890,Cc1nnn(N)c1C,0,-376.2216857,-376.3194907
12913,Cc1onc(O)c1C,0,-399.9539324,-400.0398124
12950,Cn1cnc(C#N)n1,0,-373.8664557,-373.9213337
12961,Cn1cnn(C)c1=N,0,-376.2534669,-376.3505499
12981,Cn1ncnn1,0,-297.6211123,-297.6681513
12994,F/C=C/CF,0,-316.4458758,-316.4832708
12996,F/C=C\C(F)F,0,-415.7328787,-415.7611677
12997,FC(F)=C=C(F)F,0,-513.764156,-513.759321
12998,FC(F)=CC=C(F)F,0,-553.104193,-553.126977
13000,FC(F)c1cnco1,0,-483.9797985,-484.0202735
13004,FC1(F)C=CC1(F)F,0,-553.0933377,-553.1180417
13005,FC1=CCCNC1,0,-349.9403482,-350.0384302
13018,Fc1ccnc(F)c1,0,-446.8702643,-446.9131303
13032,N#CC(/C=N/O)=N\O,0,-430.7819925,-430.8192565
13033,N#CC(=N)C(=N)C#N,1,-372.6383784,-372.6666724
13053,N#CCn1nccn1,0,-373.84038,-373.895117
13056,N#C[C@@H]1CCCC1=N,0,-342.9504082,-343.0517842
13085,N#Cc1ncco1,0,-338.382222,-338.410284
13092,N#Cn1ccnc1,0,-318.4975467,-318.5376197
13096,N/N=C/C=N/N,0,-298.7888521,-298.8560701
13117,N=C1CCC(=N)N1,0,-320.9196252,-321.0058272
13119,N=C1NCNC(=O)N1,0,-412.2517337,-412.3321847
13120,N=C1NN=C(N)NN1,0,-408.3336014,-408.4139734
13122,N=c1ccn(O)cc1,0,-378.8335913,-378.9114003
13129,NC(=O)[C@@H]1C=CCN1,0,-380.1035233,-380.2040833
13140,NC(=O)n1cccc1,0,-378.9325004,-379.0115604
13141,NC(N)=NC=O,0,-318.7792146,-318.8361866
13144,NC1=C(N)CCCC1,0,-345.3480828,-345.4968158
13145,NC1=C(N)NCNC1,0,-377.4409205,-377.5686735
13148,NC1=CC=C(CO)C1,0,-364.016773,-364.127894
13149,NC1=CC=CCO1,0,-324.7122867,-324.7984587
13150,NC1=CC=NCN1,0,-320.8932824,-320.9807554
13152,NC1=CCNN1,0,-282.7476225,-282.8310145
13154,NC1=NC(=O)C=N1,0,-355.6635429,-355.7030679
13155,NC1=NC(=O)CN1,0,-356.8830668,-356.9467158
13160,NC1=NCCCO1,0,-341.9889885,-342.0880995
13161,NC1=NN=CNN1,0,-352.9556373,-353.0193683
13162,NC1=NNCC1,0,-282.7696028,-282.8527418
13165,NC1CC2(C1)N=N2,0,-320.8056798,-320.8891908
13167,NCC1=CCCOC1,0,-365.2008041,-365.3373101
13168,NCC1=NCCCN1,0,-361.3986415,-361.5352595
13171,NCCC1CC=CC1,0,-329.2683725,-329.4272235
13179,NCCc1ncno1,0,-396.118703,-396.207546
13182,NCCn1cnnc1,0,-376.2436436,-376.3451266
13184,NC[C@H]1C=CN=N1,0,-320.8478796,-320.9334036
13193,NCc1cnon1,0,-356.7695446,-356.8309596
13199,NN1CC(=O)N=N1,0,-372.8296292,-372.8787292
13200,NN=C(NN)NN,0,-371.3732104,-371.4698304
13211,NNc1nc(N)n[nH]1,0,-408.3577618,-408.4370978
13225,N[C@H]1N=CC=NC1=O,0,-394.9290483,-394.9956133
13226,N[C@H]1N=NNN1,0,-314.8285924,-314.8875684
13227,Nc1[nH]nc(O)c1N,0,-412.2035459,-412.2817639
13239,Nc1ccc(F)nn1,0,-418.9791803,-419.0340413
13308,Nc1nnnnn1,0,-367.7784842,-367.8027242
13309,Nc1noc(N)n1,0,-372.8980941,-372.9495531
13312,Nn1[nH]nnc1=O,0,-388.8737939,-388.9126579
13320,O/C=C/C1CC1,0,-270.521579,-270.611502
13324,O/N=C/c1cc[nH]n1,0,-394.8923636,-394.9580206
13331,O/N=N/O,0,-261.104783,-261.116081
13337,O=C(O)/N=N/C(=O)O,0,-487.9087855,-487.9337555
13346,O=C(O)C1=NOCC1,0,-435.8924125,-435.9552035
13352,O=C(O)[C@H]1CCC=N1,0,-399.9958985,-400.0843515
13363,O=C(O)n1nccn1,0,-430.8978156,-430.9415816
13364,O=C1C(=O)C(O)C1=O,0,-454.5562603,-454.5805173
13366,O=C1C=C(O)COC1,0,-419.8528722,-419.9302042
13368,O=C1C=CC(=O)N1,0,-359.5156069,-359.5548339
13374,O=C1C=CN=N1,0,-300.2279275,-300.2501055
13375,O=C1C=CNC(=O)C1,0,-398.817812,-398.883782
13376,O=C1C=COCC1,0,-344.6118572,-344.6866772
13378,O=C1C=C[C@H](O)OC1,0,-419.8479473,-419.9249943
13379,O=C1C=NC=NC1,0,-339.5706801,-339.6207371
13381,O=C1CC=COC1,0,-344.599466,-344.672151
13382,O=C1CC=NN1,0,-301.4815825,-301.5279755
13384,O=C1CCC1=O,0,-305.2927526,-305.3356547
13385,O=C1CCCC=C1O,0,-383.9327818,-384.0348158
13402,O=CC=O,0,-227.8884305,-227.8993475
13404,O=CCc1ccno1,0,-398.7403779,-398.8029799
13408,O=CN1C=COCC1,0,-399.9706388,-400.0611098
13442,O=c1[nH]nco1,0,-337.4336505,-337.4574925
13446,O=c1cc[nH]c(=O)o1,0,-434.7725435,-434.8159615
13457,O=c1ncnc(O)[nH]1,0,-430.9477394,-430.9926624
13459,O=c1occo1,0,-341.2571326,-341.2803346
13463,OC1=CN=NCC1,0,-340.7336008,-340.8075298
13464,OC1=NCCNC1,0,-341.9795236,-342.0789846
13471,OCC1=NN=CC1,0,-340.7450492,-340.8164032
13472,OCC1CC(=NO)C1,0,-401.0930133,-401.2005483
13473,OCCCCC=NO,0,-402.3104219,-402.4401189
13474,OCCN1CCC=N1,0,-381.2444293,-381.3689133
13486,OC[C@@H]1CC=C[C@@H]1O,0,-385.0927984,-385.2178024
13497,ON/C=C1\C=CC=N1,0,-378.8227115,-378.8996835
13501,ONC1=NCCOC1,0,-417.1573938,-417.2586148
13506,O[C@@H]1C=CNN1,0,-302.630803,-302.701539
13510,O[C@H]1C=CCOC1,0,-345.7828557,-345.8804937
13536,c1c[nH]cn1,0,-226.2491204,-226.2940934
13540,c1cc(C2CC2)on1,0,-362.7731258,-362.8630018
13544,c1cc[nH]c1,0,-210.1873886,-210.2436326
13546,c1ccn(C2CC2)c1,0,-326.8615613,-326.9745773
13547,c1ccncc1,0,-248.306634,-248.368306
13549,c1ccoc1,0,-230.0549328,-230.0988828
13554,c1cn[nH]c1,0,-226.2322325,-226.2773735
13558,c1cnnnc1,0,-280.3467564,-280.3829014
13559,c1cnoc1,0,-246.0816241,-246.1135781
13560,c1cnon1,0,-262.106902,-262.12668
13561,c1cocn1,0,-246.1176764,-246.1502484
13575,c1nnco1,0,-262.1559081,-262.1762961
13576,c1nnnn1C1CC1,0,-374.9927037,-375.0707417
13577,c1onc2c1CNC2,0,-378.829089,-378.910209
13578,C#C/C(C)=C/CO,0,-308.6062913,-308.6964533
13579,C#C/C=C(\C)C(C)(C)C,0,-351.281119,-351.449252
13580,C#C/C=C/C#C,0,-230.9236564,-230.9648674
13581,C#CC(=O)NC(C)C,0,-364.0053738,-364.1114408
13582,C#CC(C)(C)OC(C)=O,0,-423.1922697,-423.3118927
13583,C#CC(C)(C)n1cccc1,1,-404.2513813,-404.3916183
13584,C#CC1=CC(=NO)CCC1,0,-440.1568795,-440.2762335
13585,C#CC1CCC(C=O)CC1,0,-425.3406882,-425.4947292
13586,C#CCC(=C)C(=O)OCC,2,-461.2841203,-461.4087643
13587,C#CCCC1(CCN)N=N1,0,-437.4890913,-437.6266643
13588,C#CCCCC1=NCCO1,0,-441.3886186,-441.5288976
13589,C#CCCCC=C,0,-272.6634367,-272.7779917
13590,C#CCCCCCC(=O)O,0,-462.5057106,-462.6526056
13591,C#CCCNC(=O)C1CC1,0,-441.3918121,-441.5306161
13592,C#CCC[C@@H]1CCC(=O)C1,0,-425.3469386,-425.4989096
13594,C#CCCc1ccccc1,0,-387.0265458,-387.1579098
13595,C#CCCn1cncn1,0,-397.0623855,-397.1546395
13597,C#CCNC(=O)CNCC,0,-458.6576438,-458.8063748
13598,C#CCNC(=O)NC1CC1,0,-457.4467418,-457.5740678
13599,C#CCOCC1(CO)N=N1,0,-493.2917992,-493.3910372
13600,C#CCOCCOC(C)=O,1,-498.4140964,-498.5382214
13601,C#CCO[C@@H](CC)C(=O)O,1,-498.4248297,-498.5484157
13603,C#CCOc1ncccn1,0,-455.0635984,-455.1487624
13604,C#CC[C@H](N)C=O,1,-324.673147,-324.752663
13605,C#CC[C@H]1CCCNC1=O,0,-441.4223292,-441.5659812
13606,C#CCc1c[nH]c(N)n1,0,-397.0851139,-397.1767319
13608,C#CCn1c(=O)[nH][nH]c1=O,0,-508.2838738,-508.3561588
13609,C#CCn1cccc1,0,-325.6406014,-325.7280194
13611,C#CCn1ccnc1C=O,0,-455.0523405,-455.1353985
13614,C#C[C@@H](N)c1ccccn1,0,-419.1270959,-419.2362929
13615,C#C[C@@H](O)c1ccncc1,1,-439.0080736,-439.1030546
13616,C#C[C@@H]1C[C@]1(N)C(=O)OC,0,-477.3222229,-477.4375409
13619,C#C[C@](O)(C=C)CC,0,-347.9037462,-348.0210092
13620,C#C[C@]1(C)C=COCCO1,0,-461.2271114,-461.3571484
13621,C#C[C@]1(O)CCN(C)C1=O,0,-477.3537508,-477.4714918
13622,C#C[C@]1(O)C[C@@H](C(=O)O)C1,0,-497.2211002,-497.3265542
13626,C#Cc1c[nH]nc1C(=O)O,0,-491.0251706,-491.0865946
13627,C#Cc1cc(C#C)n(C)n1,0,-417.8649386,-417.9466166
13631,C#Cc1cc(N)ccn1,0,-379.8399505,-379.9224785
13635,C#Cc1ccc(=O)n(C)c1,0,-439.0330245,-439.1298735
13637,C#Cc1ccc(C=O)o1,0,-419.5788512,-419.6349942
13638,C#Cc1ccc(CO)cc1,0,-422.9656015,-423.0737635
13641,C#Cc1ccc(F)cc1F,0,-506.9758596,-507.0360176
13646,C#Cc1ccc2c(c1)CC2,0,-385.7962751,-385.9073831
13648,C#Cc1cccc(CN)c1,0,-403.0819302,-403.2024542
13649,C#Cc1cccc(CO)n1,0,-439.0204168,-439.1159958
13650,C#Cc1cccc(N)c1F,0,-463.0637501,-463.1486421
13652,C#Cc1ccccc1CC,0,-387.03306,-387.16535
13658,C#Cc1cnc(N)nc1,0,-395.9091393,-395.9800283
13659,C#Cc1cnc(OC)cn1,0,-455.0626435,-455.1473745
13660,C#Cc1cncc(C#N)c1,0,-416.7429918,-416.8061198
13664,C#Cc1cnn(C2CC2)c1,0,-419.0778782,-419.1861802
13668,C#Cc1ncc(C=O)cn1,0,-453.8726762,-453.9342372
13669,C#Cc1ncc(F)cc1C,0,-463.0551149,-463.1386279
13670,C#Cc1nccc(C)n1,0,-379.8335343,-379.9135843
13673,C/C(=C/C(C)C)C1(N)CC1,0,-407.8526688,-408.0609538
13674,C/C(=C/C(C)C)CC(C)C,0,-393.0278414,-393.2683314
13676,C/C(=C\C(=O)O)CC(=O)O,0,-534.4657436,-534.5677726
13677,C/C(=C\C1CC1)C(=O)O,0,-423.2200269,-423.3435979
13678,C/C(=C\CCC#N)CO,0,-403.3222985,-403.4562615
13679,C/C(=C\CN)C1CC1,1,-329.2403924,-329.3954824
13686,C/C(=N\O)c1nccn1C,0,-473.5276296,-473.6462826
13687,C/C(CCN(C)C)=N/O,1,-421.7212844,-421.8899104
13689,C/C(CCO)=N\N=C(N)N,0,-492.0021258,-492.1531508
13691,C/C(N)=C\C(=O)C(F)(F)F,0,-623.7899616,-623.8638536
13693,C/C=C(/C)CCC=C(C)C,0,-391.818348,-392.03606
13695,C/C=C(F)/C=N/C(C)(C)C,0,-467.8510301,-468.0207881
13696,C/C=C(\C)O/C(C)=C/C,1,-388.4484034,-388.6140004
13697,C/C=C(\CC)C(C)C,1,-314.416961,-314.60479
13700,C/C=C/C(=O)OCC(F)F,0,-583.6866996,-583.7873036
13702,C/C=C/C(F)(F)CO,0,-470.3130228,-470.4061828
13703,C/C=C/C/C=C/C(=O)OC,0,-462.519156,-462.66611
13705,C/C=C/C=C/C(=O)N(C)C,0,-442.637614,-442.796642
13706,C/C=C/C=C/C(CC)CC,0,-391.820897,-392.037937
13707,C/C=C/C=C\C(C)(C)C,0,-352.5121836,-352.7038566
13709,C/C=C/C=C\CCCCO,0,-427.7518076,-427.9458736
13710,C/C=C/C=C\COC(C)=O,0,-462.5265398,-462.6736038
13711,C/C=C/C=N/N(CC)CC,0,-423.8954741,-424.0897621
13712,C/C=C/C=N/NC(C)C,0,-384.6042516,-384.7729676
13713,C/C=C/C=N/n1cnnc1,0,-452.413426,-452.518667
13714,C/C=C/CN[C@@H](C)CC,0,-369.7623955,-369.9649435
13715,C/C=C/Cc1ccccc1,0,-388.2626605,-388.4172905
13716,C/C=C/[C@@H]1CCCNC1,0,-368.5719672,-368.7587292
13717,C/C=C/[C@H](N)C(C)C,0,-330.4704059,-330.6468569
13718,C/C=C/[C@H](O)[C@@H]1O[C@H]1C,0,-424.3669143,-424.5114043
13719,C/C=C/[C@H]1C=CC(=O)O1,0,-422.0248852,-422.1274072
13720,C/C=C/c1ccccc1O,0,-424.2093365,-424.3409195
13724,C/C=C1\N=C(C)OC1=O,0,-438.1109395,-438.2015865
13726,C/C=C\C(=O)CCCC#N,0,-441.4455641,-441.5825291
13729,C/C=C\C1(N)CC1,0,-289.9350654,-290.0636534
13730,C/C=C\C=C/C=N\O,0,-363.9663955,-364.0729785
13733,C/C=C\CCC/C=C/C,0,-352.5081182,-352.6978622
13734,C/C=C\N=C(\CCC)OC,1,-443.8087824,-443.9905934
13735,C/C=C\[C@@H](CCC)C(=O)O,0,-463.7415997,-463.9124097
13736,C/C=C\[C@@H]1OCC[C@H](C)O1,0,-463.6935483,-463.8695423
13740,C/C=N/C1CCCCC1,0,-368.5791797,-368.7651717
13741,C/C=N/Nc1ccccc1,0,-420.35802,-420.486904
13742,C/C=N\n1c(C)n[nH]c1=O,0,-489.6049005,-489.7118675
13744,C/N=C(\C#N)C(=O)C(=O)O,0,-528.1886672,-528.2428592
13745,C/N=C(\C)NC,0,-267.9292608,-268.0400718
13746,C/N=C(\N(C)O)C(C)(C)C,0,-461.0127651,-461.2080601
13747,C/N=C(\N)n1cccn1,0,-414.3681235,-414.4736815
13750,C/N=c1/ccccn1C,0,-382.2358578,-382.3633808
13751,C1=C(N2CCCC2)CCC1,0,-406.6794559,-406.8727249
13752,C1=C(c2cccnc2)CC1,0,-403.0871806,-403.2106376
13753,C1=CC2(CCOCC2)NC1,0,-442.605451,-442.77673
13754,C1=CC2=C(C1)CCCC2,0,-350.13437,-350.289985
13755,C1=CC2=C(C1)[C@@H]1C=C[C@H]2C1,0,-386.9799874,-387.1180624
13756,C1=CC2C3C=CC1C=CC23,0,-386.9901304,-387.1297054
13758,C1=CC=C=c2ccccc2=1,0,-384.5355795,-384.6240055
13759,C1=CCC2(CC1)OCCO2,0,-462.5016257,-462.6596027
13760,C1=CCC2(CCCC2)NC1,0,-406.6793704,-406.8742534
13762,C1=CCC[C@@H]2C[C@@H]2C=C1,0,-350.0855889,-350.2401969
13763,C1=CCC[C@H]2C[C@H]2CC1,0,-351.2877922,-351.4659972
13764,C1=CCN([C@@H]2CCNC2)C1,1,-422.7062269,-422.8881169
13765,C1=CC[C@@H]2C=CC[C@H](C1)N2,0,-405.4670888,-405.6402948
13766,C1=CC[C@H]2CCC[C@@H](C1)N2,0,-406.6746525,-406.8726455
13768,C1=CC[C@]2(CCNC2)OC1,0,-442.6065932,-442.7777612
13769,C1=CC[C@]23[C@@H]4CC[C@@]2(C1)[C@@H]43,0,-388.1709799,-388.3316519
13770,C1=CCc2[nH]ccc2C1,0,-365.0056089,-365.1266849
13772,C1=CN2C=NNC2=CN=C1,0,-451.2179761,-451.3054511
13773,C1=CN2CCNC[C@H]2N1,0,-399.4624862,-399.6081362
13774,C1=CNc2cnccc2N1,0,-435.2331229,-435.3362779
13775,C1=COCC1,0,-231.2382403,-231.3039473
13776,C1=C[C@@H](C2CCCC2)CC1,0,-390.6271958,-390.8310878
13777,C1=C[C@@H]2C=C[C@H](C=C1)C2,0,-348.9098992,-349.0441312
13778,C1=C[C@@H]2CCC[C@@H]2C=C1,0,-350.1262573,-350.2816913
13779,C1=C[C@@H]2CC[C@H]3C=CC1C23,0,-388.1881191,-388.3516951
13780,C1=C[C@@H]2C[C@H]1C[C@@H]2[C@@H]1CO1,0,-425.3157688,-425.4751168
13781,C1=C[C@@H]2O[C@@H]2/C=C/C=C/1,0,-384.7705359,-384.8769099
13786,C1=C[C@H](CC2CC2)NC1,0,-367.3377731,-367.5009001
13787,C1=C[C@H]2C=C[C@@H]3CC=C1[C@H]23,0,-386.9429332,-387.0820122
13789,C1=C[C@H]2COC[C@H]2NC1,0,-403.3015393,-403.4464293
13790,C1=C[C@H]2C[C@@H]1[C@H]1CNC[C@H]12,0,-405.4582467,-405.6347157
13793,C1=C[C@H]2O[C@@H]2CCC1,0,-347.8909915,-348.0175625
13794,C1=C[C@H]2O[C@H]2C=C[C@H]2C[C@@H]12,0,-424.0934749,-424.2281759
13796,C1=C\C/C=C\C/C=C\C/1,0,-350.091272,-350.243636
13797,C1=Cc2ccccc2CC1,0,-387.080232,-387.219096
13798,C1=Cc2ncccc2OC1,0,-439.0576746,-439.1601846
13799,C1=NCC2=CC=NC2=N1,0,-395.8847414,-395.9588664
13800,C1=NCCc2[nH]ccc21,0,-381.0605285,-381.1710635
13801,C1=NCCn2cccc21,0,-381.0587635,-381.1695895
13802,C1=NC[C@H]2CCCCCN12,0,-422.7438462,-422.9287712
13803,C1=NCc2ccccc21,0,-363.8279551,-363.9273461
13805,C1=NCc2ncncc21,0,-395.9290924,-396.0049164
13806,C1=NNc2nonc2N=C1,0,-503.1545936,-503.2078026
13807,C1=Nc2cccnc2C1,0,-379.8789734,-379.9661194
13809,C1CC2=C1CC1=C(CC1)C2,0,-388.1674986,-388.3262536
13811,C1CCC2=C(C1)CCNC2,0,-406.6906291,-406.8871881
13812,C1CCC2=NCN=C2C1,0,-382.2588921,-382.3920161
13813,C1CCN(c2nn[nH]n2)C1,0,-469.6914646,-469.8149896
13814,C1CCN2CCN=C2C1,0,-383.4519358,-383.6090648
13815,C1CC[C@@H]2CCCN=C2C1,0,-406.701448,-406.898122
13816,C1CC[C@@H]2NN=N[C@H]2C1,0,-399.4591039,-399.6048349
13818,C1CCc2nnnn2CC1,0,-453.6416319,-453.7796449
13819,C1CN(/N=N\N2CCC2)C1,0,-454.7269785,-454.8819915
13820,C1CN=C2NCCCN2C1,0,-438.8112157,-438.9850147
13822,C1CNCCC2(C1)N=N2,0,-399.4316498,-399.5730818
13823,C1CN[C@@H](C2=NCCN2)C1,0,-438.7984632,-438.9698322
13825,C1CNn2nnnc2N1,0,-446.4009668,-446.4877588
13828,C1Cc2n[nH]nc2CN1,0,-414.3461052,-414.4575332
13830,C1NCC1c1nnn[nH]1,0,-430.351504,-430.446409
13831,C1OCc2nonc2CO1,0,-529.2901453,-529.3791583
13835,C=C(C(F)(F)F)C(F)(F)F,0,-752.8951627,-752.9227057
13840,C=C(C)/C=C/CC(=C)C,0,-351.3068763,-351.4745713
13844,C=C(C)C#CC,0,-233.3788994,-233.4644364
13848,C=C(C)C(=O)OCCN,1,-440.4785866,-440.6130196
13851,C=C(C)C(=O)n1ccnc1,0,-456.313245,-456.421328
13852,C=C(C)C(C)(C)CN(C)C,1,-409.052266,-409.283377
13853,C=C(C)C1(O)CCCCC1,0,-427.7699602,-427.9730962
13856,C=C(C)CCC(CC)CC,2,-393.0204155,-393.2614185
13857,C=C(C)CCCC(C)(C)O,0,-428.9648223,-429.1829933
13858,C=C(C)CN1CCNCC1,1,-423.9093014,-424.1119214
13859,C=C(C)CNC(=O)NCC,0,-459.9150211,-460.0880561
13860,C=C(C)CNCCN,1,-346.5104447,-346.6770457
13861,C=C(C)COC[C@@]1(C)CO1,2,-463.6555589,-463.8265359
13862,C=C(C)C[C@@H](C)CC(C)C,1,-393.0238785,-393.2650055
13863,C=C(C)[C@@H](C)C(C)=O,0,-349.1730424,-349.3133314
13864,C=C(C)[C@H](O)CCCC,0,-389.6557967,-389.8472437
13865,C=C(C)[C@H]1C=C[C@H](C)CC1,0,-390.6232668,-390.8239068
13866,C=C(C)[C@]1(C)CC(=O)N1,0,-403.3327274,-403.4685104
13867,C=C(C)c1c(C)noc1N,0,-457.4691929,-457.5997349
13868,C=C(C)c1c[nH]ccc1=N,0,-420.3542661,-420.4874851
13870,C=C(C)c1cccc(N)c1,0,-404.3260722,-404.4706982
13872,C=C(C)c1ncncc1N,0,-436.4321342,-436.5540442
13874,C=C(CC(=O)NC)C(=O)O,0,-514.5715748,-514.6866418
13877,C=C(CC)[C@@H](C)CC,0,-314.4144731,-314.6027551
13878,C=C(CC)[C@H]1CCCCN1,0,-407.8732947,-408.0880657
13881,C=C(CCN=C=O)C(=O)O,0,-513.367835,-513.459823
13882,C=C(CN)C1CCOCC1,1,-443.8040813,-443.9946353
13884,C=C(CO)C1CCNCC1,1,-443.806672,-443.99766
13885,C=C(CO)CC(C)(C)C,0,-389.6537964,-389.8460574
13887,C=C(COCO)C(C)=O,0,-460.3353039,-460.4574949
13889,C=C(F)CCCCO,0,-410.3262934,-410.4551054
13892,C=C(NC(C)=O)C(=O)OC,0,-514.563167,-514.676198
13893,C=C(O)[C@@H](N)CCCCN,0,-461.0644486,-461.2634006
13894,C=C(O)[C@H]1CNCCN1,0,-420.5544406,-420.7082176
13895,C=C(OC)[C@H](N)C(=O)OC,0,-515.7057104,-515.8428734
13896,C=C(OC)c1nnn(C)n1,0,-489.5559441,-489.6623021
13898,C=C/C(C)=C/CC=C(C)C,0,-390.6090254,-390.8027504
13901,C=C/C=C/C=C/CCC,0,-351.3097766,-351.4780126
13904,C=C/C=C/[C@@H](C)C=C,0,-311.9948972,-312.1357282
13906,C=C/C=C\c1ccccc1,1,-387.0546009,-387.1883099
13908,C=C1C(=O)CC[C@H]1C(=O)O,0,-497.3018915,-497.4091055
13909,C=C1C(=O)OC=C1C(=O)O,0,-532.0511264,-532.1121234
13910,C=C1C(=O)[C@@H]2CCCO[C@H]12,0,-461.2833692,-461.4168002
13911,C=C1C(=O)[C@H]2CC[C@@H]1C2,0,-386.0746034,-386.2065684
13912,C=C1C(C)=C(C)C(C)=C1C,0,-389.438004,-389.612033
13914,C=C1C=C(C)CC(C)(C)C1,0,-390.6389098,-390.8399278
13915,C=C1C=CCCCCC=C1,0,-389.4017419,-389.5829849
13916,C=C1C=C[C@@H]2CC[C@@H]2CC1,0,-389.3965399,-389.5786309
13918,C=C1CCC2(CC1)COC2,0,-426.537926,-426.717922
13919,C=C1CCCCCCC1,0,-352.5149433,-352.7162123
13920,C=C1CCCCCC[C@H]1O,0,-427.755166,-427.958964
13921,C=C1CCC[C@@H](C)CC1,0,-352.5219792,-352.7212802
13922,C=C1CCC[C@H]2CCC[C@@H]12,0,-390.634895,-390.84209
13923,C=C1CCN2CCC[C@H]12,0,-367.3653569,-367.5318859
13924,C=C1CCOC(C)(C)C1,0,-388.4611699,-388.6358229
13925,C=C1CC[C@@]2(C(C)C)C[C@@H]12,0,-390.6073067,-390.8089957
13927,C=C1CN2CCC1CC2,0,-367.3633738,-367.5317638
13928,C=C1CNC2(CCC2)C1,0,-367.3469461,-367.5110791
13929,C=C1CN[C@H](C(=O)OC)C1,0,-478.5757353,-478.7170203
13930,C=C1C[C@@H](CO)N(C)C1=O,0,-478.592643,-478.734905
13931,C=C1C[C@@H](O)C(=C)C[C@H]1O,0,-462.4983855,-462.6533595
13933,C=C1C[C@H]1C[C@H](N)C(=O)O,1,-478.5525024,-478.6906624
13934,C=C1C[C@H]2CC[C@@H](C1)C2O,0,-426.5704808,-426.7538948
13935,C=C1OC(=O)O[C@]1(C)CC,0,-498.4900146,-498.6189066
13936,C=C1OC(C)=C(O)C1=O,0,-457.9620941,-458.0405031
13937,C=C1[C@H]2CC[C@H](C2)C1(C)C,0,-390.6236342,-390.8292642
13939,C=C=C(OC=C)C(C)C,1,-387.2095066,-387.3515406
13940,C=C=CCN,0,-211.3284617,-211.4020577
13941,C=C=CON1CCCCC1,0,-442.5272123,-442.6919283
13942,C=C=C[C@H](C)C(=O)OCC,0,-462.5028732,-462.6491222
13944,C=C=Cn1nnnc1N,0,-429.1492595,-429.2176415
13945,C=CC#CCCC,0,-272.6757564,-272.7889074
13946,C=CC#CCN1CCCC1,1,-405.4243526,-405.5871136
13952,C=CC(=O)N1CC(CO)C1,0,-478.5517842,-478.6914942
13956,C=CC(=O)NC(=N)NC#N,0,-488.4346,-488.516912
13962,C=CC(=O)NC[C@H](O)CO,0,-515.725109,-515.865807
13966,C=CC(=O)OCCN(C)C,0,-479.7577279,-479.9186409
13969,C=CC(=O)O[C@H]1CCCO1,0,-498.4658674,-498.5949164
13971,C=CC(C#N)(C=C)C=C,0,-364.9465925,-365.0568575
13972,C=CC(C)(C)CCCC,0,-353.7155305,-353.9303105
13973,C=CC(C)(C)NC(C)(C)C,0,-409.0600756,-409.2914706
13974,C=CC(F)(F)C(=O)C(=O)O,0,-618.4207393,-618.4736293
13975,C=CC(O)(C1CC1)C1CC1,0,-426.5024789,-426.6777069
13976,C=CC/C=C(/C)CC,0,-313.2036634,-313.3673614
13977,C=CC/C=C\C(C)(C)C,0,-352.4991999,-352.6906129
13978,C=CC/C=C\CCCC=C,0,-390.5904813,-390.7857243
13979,C=CC/N=C(/N)NCCO,0,-475.9268676,-476.0905936
13980,C=CC1(C=C)CCCCC1,0,-390.6105865,-390.8135095
13981,C=CC1(CC)OCCO1,0,-424.38456,-424.533011
13982,C=CC1(CO)CCNCC1,1,-443.7984964,-443.9910864
13983,C=CC1(O)CCC=CCC1,0,-426.5500657,-426.7290197
13984,C=CC1(OCCOC)CC1,0,-463.6373551,-463.8106611
13985,C=CC12CCN(CC1)CC2,0,-406.6629533,-406.8584243
13986,C=CC1=NC(C)(C)C(=O)O1,0,-477.4042264,-477.5221014
13987,C=CC1CCCCCCC1,0,-391.8098991,-392.0374441
13989,C=CCC#CCCCC,0,-351.275896,-351.441727
13990,C=CCC(C)(C)C(=O)CC,0,-427.7731551,-427.9675741
13991,C=CCC(CC=C)CC=O,1,-426.5484304,-426.7180594
13992,C=CCC(F)=C(F)F,0,-493.1121606,-493.1693266
13993,C=CCC(N)(CF)CC=C,0,-467.8313281,-468.0042471
13994,C=CCC(OCC)OCC,0,-464.8794829,-465.0733289
13995,C=CCC/C=C/CCC=C,0,-390.5930457,-390.7872317
13996,C=CCC1(C(=O)O)CNC1,0,-478.5573192,-478.6979162
13997,C=CCC1(C=O)CCCC1,0,-426.5662894,-426.7419754
13998,C=CCC1=CCC(=O)CC1,0,-425.3750928,-425.5281958
13999,C=CCCCCCC(C)=O,0,-427.7743055,-427.9653195
14000,C=CCCCC[C@@H]1CO1,0,-388.4164348,-388.5852598
14001,C=CCCCOC1CNC1,0,-443.757967,-443.944868
14002,C=CCCN1CC(O)C1,0,-404.4676845,-404.6266055
14003,C=CCCNC1CCCC1,0,-407.8613168,-408.0722398
14004,C=CCCNCC(F)(F)F,0,-589.0080923,-589.1316973
14005,C=CCCO[C@H](C)C(=O)O,0,-499.6603854,-499.8096744
14006,C=CCC[C@@H]1CC(=O)N1,0,-403.3248432,-403.4613582
14007,C=CCCc1ccc(C)o1,0,-425.3719611,-425.5230971
14009,C=CCCc1nnc(N)o1,0,-473.536809,-473.654414
14010,C=CCN(C)CCNCC,0,-425.0942213,-425.3126883
14011,C=CCN(CC#N)CC=C,1,-421.5049961,-421.6544151
14012,C=CCN(CC=C)N=O,0,-419.2923484,-419.4122824
14013,C=CCN1C(=O)CNC1=O,0,-493.4899523,-493.5973863
14014,C=CCN1C=CN(C=C)C1,0,-421.4916873,-421.6426203
14015,C=CCN1CCC=C1CN,0,-422.707084,-422.885646
14016,C=CCN1CCC[C@@H]1CN,0,-423.9138286,-424.1152176
14017,C=CCN1CCOCC1,0,-404.4857429,-404.6491539
14018,C=CCNC(=N)NC(=N)N,0,-470.9341788,-471.0744558
14019,C=CCNC(=O)/C=C\C,0,-403.3341761,-403.4667161
14020,C=CCNCC1CC(C)C1,1,-407.8374405,-408.0464715
14022,C=CCN[C@H](C)C(C)C,1,-369.7578953,-369.9617083
14023,C=CCN[C@H]1COC[C@@H]1O,0,-479.7272572,-479.8923812
14024,C=CCNc1ccccn1,1,-420.3686813,-420.5014653
14026,C=CCNc1nnnn1C,0,-469.6721346,-469.7899576
14028,C=CCOC(=O)NCCN,1,-495.8426984,-495.9924914
14029,C=CCOC(=O)OCCO,0,-535.6007303,-535.7268383
14030,C=CCOC(C)(C)CO,0,-425.5790005,-425.7467255
14031,C=CCOCC(=O)OCC,0,-499.6432649,-499.7914449
14032,C=CCOCC(F)(F)F,1,-569.5794502,-569.6638172
14033,C=CCOCC1(C#N)CC1,0,-441.3804059,-441.5204009
14034,C=CCOCCCCCC,1,-428.940762,-429.157113
14035,C=CCOC[C@@H](O)CNC,0,-480.9219739,-481.1055829
14036,C=CCOC[C@H]1CCNC1,1,-443.7871554,-443.9757944
14037,C=CCO[C@@H](C)CN,0,-366.3890939,-366.5425169
14038,C=CCO[C@@H]1CCC[C@H]1O,0,-463.6833027,-463.8584707
14039,C=CCOc1cnccn1,0,-456.2913861,-456.4000721
14040,C=CCOn1ccnc1,0,-418.1167054,-418.2188934
14041,C=CC[C@@H](C)/C=C(\C)CO,0,-427.7459183,-427.9390223
14042,C=CC[C@@H](N)CC(F)(F)F,0,-589.0186003,-589.1425073
14043,C=CC[C@@H](O)/C=C\C,0,-349.1389449,-349.2790809
14044,C=CC[C@@H](O)c1ccco1,0,-461.3002561,-461.4300221
14045,C=CC[C@@H]1CCCCC1=O,0,-426.5807913,-426.7592163
14046,C=CC[C@@H]1COCCO1,0,-424.3746276,-424.5253286
14047,C=CC[C@H]1CC=C[C@@H](C)N1,0,-406.6669157,-406.8566567
14048,C=CC[C@]1(N)CCOC1,0,-404.4984867,-404.6602937
14050,C=CCc1ccc(C)cc1,0,-388.2637324,-388.4163524
14053,C=CCc1ccccc1N,0,-404.3206563,-404.4662383
14055,C=CCc1occc1C=O,1,-460.1141838,-460.2196708
14056,C=CCn1cc(CN)nn1,0,-453.6264345,-453.7563145
14058,C=CCn1cccc1C#N,0,-419.1569682,-419.2654742
14061,C=CCn1cnc(C)c1,0,-382.2502181,-382.3763961
14062,C=CCn1cncc1CO,0,-457.4867856,-457.6182546
14064,C=CN1CCC2(CC2)C1=O,0,-441.4351001,-441.5797271
14066,C=COC(=O)CCN1CC1,2,-478.5357558,-478.6727588
14068,C=COC(F)(F)C(F)(F)F,0,-728.8415727,-728.8805707
14069,C=COCC(F)F,0,-430.9891995,-431.0569535
14070,C=COCCOCCO,0,-461.5024076,-461.6476726
14072,C=COc1cccc(C)c1,0,-424.1938374,-424.3232814
14073,C=C[C@@H](C)CCCC(C)C,0,-393.0195281,-393.2598391
14074,C=C[C@@H](C)[C@@H](C)CC,0,-314.4106571,-314.5983291
14075,C=C[C@@H](O)CN1C[C@@H]1CC,0,-443.7722959,-443.9569249
14077,C=C[C@@H]1CCCN1,0,-289.9563202,-290.0871602
14078,C=C[C@@H]1COC(=O)O1,0,-419.8633004,-419.9399184
14079,C=C[C@@H]1COC(C)(C)N1,0,-404.5043844,-404.6661784
14080,C=C[C@@H]1C[C@@H]1/C(=N\C)OC,0,-442.5815582,-442.7426942
14081,C=C[C@@]1(C)CC[C@@H](O)O1,0,-424.40094,-424.550385
14082,C=C[C@@]1(C=O)CCC(=O)N1,0,-477.3978812,-477.5157062
14083,C=C[C@@]1(O)C=C(C)CCC1,0,-426.5639908,-426.7411028
14084,C=C[C@H](CO)N(CC)CC,1,-444.9901175,-445.1975735
14085,C=C[C@H](N)C1CC1,0,-289.9334645,-290.0620505
14086,C=C[C@H](O)C#CC(C)(C)C,0,-426.5168327,-426.6841877
14088,C=C[C@]1(C)CCCC(=O)C1,0,-426.5827677,-426.7615617
14089,C=C[C@]1(O)CC2CC1C2,0,-387.2220572,-387.3752292
14091,C=Cc1c(F)ccnc1O,0,-500.2433653,-500.3293553
14096,C=Cc1cc(C=O)ccn1,0,-439.0618009,-439.1593579
14098,C=Cc1cc(F)ccc1F,0,-508.2104688,-508.2939798
14104,C=Cc1ccc(NC)nc1,0,-420.3758631,-420.5080051
14107,C=Cc1ccc2c(c1)C=C2,0,-385.7818069,-385.8925619
14113,C=Cc1cccc(OC)n1,0,-440.2553708,-440.3762838
14114,C=Cc1cccc2c1CC2,0,-387.0309831,-387.1661261
14118,C=Cc1cnc(N)cc1C,0,-420.3878131,-420.5205931
14121,C=Cc1cncc(C)n1,0,-381.0672193,-381.1714553
14122,C=Cc1cnn(CC)c1,1,-382.238579,-382.365204
14123,C=Cc1nc(N)nc(N)n1,0,-468.5952116,-468.6940036
14126,C=Cc1nccnc1N,0,-397.1291337,-397.2241427
14130,C=Cn1ccc(=O)[nH]c1=O,0,-492.2976055,-492.3833845
14132,C=Cn1cccc1CCO,0,-441.4281365,-441.5706165
14134,C=Cn1nccc1C(=O)O,0,-492.2570382,-492.3425602
14138,C=c1[nH]c(=O)c(=C)[nH]c1=O,0,-492.2860786,-492.3722806
14139,CC#CC(=O)CCCC,0,-387.2450883,-387.3857013
14140,CC#CCC=O,0,-269.3272995,-269.3876915
14141,CC#CCn1cc(C)cn1,0,-420.3105012,-420.4365782
14142,CC#Cc1cc(C)[nH]n1,0,-381.0218778,-381.1217218
14145,CC(/C=N\N)=N\N,0,-338.0977358,-338.1925878
14147,CC(=N/O)/C(=N\O)N1CC1,0,-510.5487168,-510.6642108
14155,CC(=O)/C=C(\C)OC(C)=O,0,-498.4934287,-498.6127957
14157,CC(=O)/C=C/C=C(C)C,0,-387.2805694,-387.4239384
14162,CC(=O)/C=N/NC(C)(C)C,0,-459.8767786,-460.0467366
14166,CC(=O)C/C(C)=N/C(C)C,0,-443.8419391,-444.0228371
14167,CC(=O)C1=C(C)OCC1,0,-423.2277396,-423.3518356
14169,CC(=O)C1=C(O)CNC1=O,0,-513.3552572,-513.4490282
14170,CC(=O)C1=CCN(C)CC1,0,-442.6276122,-442.7933452
14172,CC(=O)C1=NCCCC1,0,-403.3439461,-403.4826211
14174,CC(=O)CC(=O)OCCO,0,-535.6284279,-535.7522809
14175,CC(=O)CCC1CCCC1,1,-427.7918105,-427.9873125
14176,CC(=O)CCOCCCF,0,-524.8846283,-525.0429193
14177,CC(=O)CC[C@H](N)C(N)=O,0,-495.879486,-496.029301
14178,CC(=O)C[C@H]1CCC(=O)N1,1,-478.6265783,-478.7676403
14180,CC(=O)Cc1coc(C)c1,0,-461.3384766,-461.4649616
14184,CC(=O)Cn1nnc(C)n1,0,-489.5973794,-489.7009044
14185,CC(=O)N(O)C(C)=O,0,-437.109487,-437.192199
14186,CC(=O)N1CC(F)(CO)C1,0,-539.7478837,-539.8735947
14187,CC(=O)N1CCC(N)=N1,0,-435.4625098,-435.5765598
14188,CC(=O)N1CCCOCC1,0,-479.7796602,-479.9475482
14189,CC(=O)N1CCC[C@H]1C#N,0,-457.5223389,-457.6533019
14191,CC(=O)N1COCC1(C)C,0,-479.7892279,-479.9542229
14192,CC(=O)N1C[C@@H]2C[C@H]1CN2,0,-458.6995995,-458.8582175
14193,CC(=O)N1C[C@H](C)OC1=O,0,-514.5691843,-514.6870763
14194,CC(=O)N1[C@@H]2CC=CC[C@@H]21,0,-441.4214708,-441.5662788
14195,CC(=O)NC(C)(C)C#N,0,-419.4232581,-419.5445651
14196,CC(=O)NC12CC(C)(C1)C2,0,-442.5986811,-442.7616711
14198,CC(=O)NCCOCCO,0,-516.9189412,-517.0815162
14199,CC(=O)NCc1ccon1,0,-493.434144,-493.538404
14201,CC(=O)N[C@@H](C)OC(C)C,0,-481.0034071,-481.1847681
14202,CC(=O)N[C@H]1CCC[C@@H]1O,0,-479.8103655,-479.9757285
14203,CC(=O)N[C@H]1CONC1=O,0,-530.568155,-530.673019
14209,CC(=O)Nc1ncc[nH]1,0,-434.3062426,-434.3991306
14210,CC(=O)Nc1nnc(C)o1,0,-509.5185366,-509.6098016
14213,CC(=O)OC/C(C#N)=N/O,0,-529.3496682,-529.4268882
14214,CC(=O)OC1=CC(=O)CC1,0,-497.3014756,-497.4045296
14215,CC(=O)OC=C1C=CC=C1,0,-460.130033,-460.235457
14216,CC(=O)OCCC=C(F)F,0,-583.6775685,-583.7778185
14217,CC(=O)OCCC[C@H]1CO1,0,-499.6450375,-499.7932835
14219,CC(=O)ON1CCC=NC1,1,-494.5928575,-494.7219905
14220,CC(=O)ONC(=O)C(N)=O,0,-566.5464471,-566.6245471
14221,CC(=O)O[C@H]1CCC[C@@H]1C,0,-463.7503005,-463.9255425
14223,CC(=O)[C@@H]1CC=C(C)CC1,0,-426.592346,-426.768576
14224,CC(=O)[C@@H]1CCC(C)(C)O1,0,-463.728911,-463.903027
14225,CC(=O)[C@@H]1COC(=O)C1=O,0,-533.2343621,-533.3155091
14226,CC(=O)[C@@H]1C[C@H](F)CN1C,0,-503.8071211,-503.9589461
14227,CC(=O)[C@H](C#N)/C(N)=N/N,0,-489.6003122,-489.7037242
14228,CC(=O)[C@H]1CNC[C@@H](C)C1,0,-443.8417511,-444.0308061
14233,CC(=O)c1c[nH]c(C=O)c1,0,-476.2193087,-476.3144677
14240,CC(=O)c1ccc(C#N)[nH]1,0,-455.1344281,-455.2189471
14241,CC(=O)c1ccc(F)cc1,0,-484.2042341,-484.3006971
14243,CC(=O)c1ccc[nH]c1=O,0,-476.2384371,-476.3362661
14248,CC(=O)c1cnc(C)cn1,0,-456.3355859,-456.4420639
14253,CC(=O)c1n[nH]nc1C,0,-434.258722,-434.349934
14260,CC(=O)c1nnn[nH]1,0,-410.9829415,-411.0354655
14261,CC(=O)c1nocc1C#N,0,-491.0170624,-491.0762364
14262,CC(=O)n1ccc(=O)[nH]1,0,-454.1515546,-454.2318736
14265,CC(=O)n1oc(N)cc1=O,0,-529.3819689,-529.4633559
14266,CC(C)(/C=N\O)NO,0,-418.3141124,-418.4336274
14269,CC(C)(C#N)c1nnn[nH]1,0,-468.5000315,-468.5956605
14270,CC(C)(C)/N=N\C(C)(C)C,0,-425.1187572,-425.3347642
14271,CC(C)(C)C#C/C=C/CO,0,-426.5251448,-426.6936318
14272,CC(C)(C)C#CC/C=C/N,0,-406.6436688,-406.8240418
14273,CC(C)(C)C(=N)NC#N,1,-399.5062267,-399.6427297
14274,CC(C)(C)C(=O)C(C)(C)N,0,-445.0355929,-445.2434429
14277,CC(C)(C)C1=CC=CCC1,1,-390.6268947,-390.8287437
14279,CC(C)(C)C1=NCCC1,0,-368.5905885,-368.7752115
14280,CC(C)(C)NC(=N)N,0,-362.612888,-362.768992
14282,CC(C)(C)OC(=O)NCO,0,-516.9556211,-517.1171541
14283,CC(C)(C)OC(=O)[C@@H]1CO1,0,-499.6441971,-499.7933781
14284,CC(C)(C)OC1CC(=O)C1,0,-463.6967078,-463.8688058
14285,CC(C)(C)OC=O,0,-347.0285412,-347.1440312
14286,CC(C)(C)[C@@H](C#N)CC=O,0,-442.6421421,-442.8034241
14287,CC(C)(C)[C@@H]1C[C@H]1C=O,0,-388.4546913,-388.6241453
14288,CC(C)(C)[C@@]1(O)C=CCC1,1,-427.7684138,-427.9675068
14289,CC(C)(C)[C@H](N)C(=O)NO,0,-497.0017564,-497.1755594
14290,CC(C)(C)[C@H]1CC=CCC1,0,-391.8296529,-392.0551079
14291,CC(C)(C)c1cc(=O)c1=O,0,-461.3098405,-461.4371275
14297,CC(C)(C)c1nc[nH]n1,0,-399.51914,-399.658287
14298,CC(C)(C)c1nocc1N,0,-458.6592399,-458.8126389
14299,CC(C)(C)n1[nH]ccc1=N,0,-438.7777674,-438.9447454
14300,CC(C)(C)n1cc(N)cn1,0,-438.8060496,-438.9711066
14304,CC(C)(C)n1nccc1O,0,-458.6897153,-458.8435133
14306,CC(C)(C=O)C12CC(C1)C2,0,-426.5061967,-426.6821597
14307,CC(C)(C=O)N1CCCC1,0,-443.8180906,-444.0051086
14308,CC(C)(C=O)[C@H]1CCCO1,0,-463.7111608,-463.8864018
14309,CC(C)(CC=O)C1CC1,0,-388.4443609,-388.6141189
14310,CC(C)(CN)c1c[nH]cn1,0,-438.8229991,-438.9909171
14311,CC(C)(CN)c1ccco1,0,-442.6305569,-442.7963799
14315,CC(C)(CO)n1ccnc1,0,-458.7015616,-458.8556096
14319,CC(C)(N)c1c[nH]nn1,1,-415.5449051,-415.6728211
14324,CC(C)(O)c1ncccn1,0,-457.5275685,-457.6576935
14325,CC(C)(O)c1nnc(N)o1,0,-510.6934656,-510.8102986
14326,CC(C)/C=C/C(=O)C(C)C,0,-427.7816055,-427.9751425
14328,CC(C)/C=C/C=C\CO,0,-388.4494886,-388.6167426
14329,CC(C)/C=C1/COCC1=O,0,-462.5078736,-462.6589586
14330,CC(C)/C=N\N=C\C(C)C,0,-423.9140054,-424.1065924
14331,CC(C)/N=C(/N)NC(=N)N,0,-472.1465331,-472.3104091
14332,CC(C)/N=C/NC(C)C,0,-385.8455284,-386.0369924
14333,CC(C)/N=C1/CCCC1=O,0,-442.636995,-442.801391
14334,CC(C)=C(C)C(C)=C(C)C,0,-391.8244494,-392.0394034
14335,CC(C)=C(O)[C@H](O)CO,1,-461.5404813,-461.6850373
14340,CC(C)=C1CCC(=O)CC1,0,-426.5876956,-426.7620246
14341,CC(C)=C1NC(=O)NC1=O,0,-493.5152452,-493.6200282
14342,CC(C)=C1OC(=O)C1(C)C,0,-462.5247305,-462.6744225
14343,CC(C)=C=C(C)C,0,-273.896379,-274.032475
14344,CC(C)=C=CC(C)(C)C=O,0,-426.5491754,-426.7176714
14345,CC(C)=CC(=O)C=C(C)C,0,-426.5825521,-426.7502101
14347,CC(C)=CC(C)(C)C,0,-314.4166094,-314.6042504
14349,CC(C)=CCC(C)(C)C=O,0,-427.7733005,-427.9659775
14350,CC(C)=CCC[C@@H](C)C=O,1,-427.771146,-427.962425
14351,CC(C)=CCN(C)CCO,1,-444.9988009,-445.2048849
14352,CC(C)=CCNC(N)=O,0,-420.6200896,-420.7661196
14353,CC(C)=C[C@@H]1[C@@H](N)C1(C)C,0,-407.8565994,-408.0627434
14354,CC(C)=Cc1ccno1,0,-402.1017196,-402.2151336
14356,CC(C)=NCCN=C(C)C,1,-423.9359828,-424.1261258
14357,CC(C)=NOC(=O)N(C)C,1,-495.8120886,-495.9566816
14358,CC(C)=NOC[C@H]1CO1,0,-440.3814044,-440.5128124
14359,CC(C)C#C/C=C\C(C)C,0,-390.5930014,-390.7847114
14362,CC(C)C(=O)[C@@H]1CCCO1,0,-463.7179658,-463.8929348
14363,CC(C)C(=O)c1ncco1,1,-477.392152,-477.510134
14364,CC(C)C/C=N/N=C(N)N,0,-456.0588536,-456.2322096
14365,CC(C)C1=C(O)COC1=O,0,-498.4904746,-498.6205976
14366,CC(C)C1=C[C@H]2CCC[C@@H]12,0,-390.603446,-390.805755
14367,CC(C)C1=NC(C)(C)CO1,1,-443.8456259,-444.0310459
14368,CC(C)C1=NOC(=O)C1,0,-439.259519,-439.372384
14369,CC(C)C1OCC=CCO1,0,-463.6863075,-463.8638245
14370,CC(C)C=C=NN(C)C,1,-384.5740315,-384.7408865
14371,CC(C)CC(=O)CNC=O,1,-479.8112757,-479.9697547
14372,CC(C)CCC(=O)C(C)C,0,-428.9889657,-429.2058097
14373,CC(C)CCON=C(N)N,0,-477.1094741,-477.2940911
14374,CC(C)CON=O,0,-362.9834791,-363.0846831
14375,CC(C)C[C@@](C)(F)C(=O)O,1,-524.9275025,-525.0870845
14376,CC(C)C[C@H]1N[C@@H]1C=O,0,-404.497258,-404.655293
14377,CC(C)Cc1coc(N)n1,0,-458.711935,-458.865099
14379,CC(C)N(C)C=O,0,-327.1395544,-327.2661884
14381,CC(C)N1CCC(=O)C1=O,0,-478.6111903,-478.7508243
14382,CC(C)N1CCN=C1CN,0,-439.9968899,-440.1862719
14383,CC(C)N1CCNC(=O)C1,0,-459.9045714,-460.0834634
14384,CC(C)N1N=CCC1=O,0,-419.3955261,-419.5210541
14386,CC(C)Nc1cnn(C)c1,0,-438.7948439,-438.9592839
14388,CC(C)OC(=O)[C@H](C)O,0,-461.5838965,-461.7278595
14389,CC(C)OC1=CCCCC1,0,-427.7691349,-427.9703719
14390,CC(C)OCC/C(N)=N/O,1,-496.9909459,-497.1622999
14391,CC(C)O[C@H]1C=CCCC1,1,-427.760812,-427.9607811
14393,CC(C)Oc1ccncc1,0,-441.4581025,-441.6021215
14395,CC(C)Oc1nnc(N)[nH]1,1,-490.8091998,-490.9393778
14396,CC(C)[C@@H](N)C(=O)C1CC1,0,-443.8170809,-444.0031919
14398,CC(C)[C@@H](O)C(C)(C)C=O,0,-464.9138934,-465.1099554
14399,CC(C)[C@@H]1CCC(=O)OC1,0,-463.7381625,-463.9162565
14400,CC(C)[C@@H]1CCNC(N)=N1,1,-440.0212875,-440.2128505
14401,CC(C)[C@@H]1CNCCC1=O,0,-443.8366281,-444.0275121
14402,CC(C)[C@@H]1OC(N)=CC1=O,1,-478.605246,-478.747037
14403,CC(C)[C@H]1COCC(=O)N1,0,-479.7911587,-479.9579047
14406,CC(C)c1cc(C#N)on1,0,-456.2674937,-456.3737457
14411,CC(C)c1cccc(=O)[nH]1,0,-441.4864974,-441.6306554
14412,CC(C)c1ccccc1N,0,-405.5321056,-405.7011196
14415,CC(C)c1cn(C)cn1,0,-383.4640456,-383.6133536
14418,CC(C)c1coc(C=O)c1,0,-461.3269914,-461.4561744
14420,CC(C)c1n[nH]cc1C=O,1,-457.50617,-457.637593
14424,CC(C)c1nc(CO)no1,0,-494.6167716,-494.7442416
14426,CC(C)c1nc[nH]c1N,0,-399.5273382,-399.6652042
14429,CC(C)c1ocnc1CO,0,-478.5795425,-478.7213655
14431,CC(C)n1[nH]c(=O)cc1N,0,-474.7556858,-474.8991538
14435,CC(C)n1ccc(O)n1,1,-419.3940164,-419.5206944
14437,CC(C)n1ccnc1CN,0,-438.8220564,-438.9868124
14440,CC(C)n1cnnc1C=O,0,-473.5541717,-473.6738107
14442,CC(C)n1nncc1CO,0,-474.7282521,-474.8701301
14443,CC(F)(F)c1ccccc1,0,-509.435662,-509.543236
14446,CC/C(C)=C(/C)CC,1,-314.4181622,-314.6049862
14447,CC/C(C)=N/NC(=N)NN,0,-472.0732472,-472.2348442
14448,CC/C(C)=N/OCCC#N,0,-458.6487617,-458.7956417
14450,CC/C=C(\C)C=C(C)C,0,-352.5170951,-352.7071531
14451,CC/C=C(\CCC)C(=O)O,0,-463.744619,-463.917264
14453,CC/C=C/CC(=O)NCC,0,-443.8529346,-444.0354756
14454,CC/C=C/CC(C)C,0,-314.4179282,-314.6050172
14455,CC/C=C/CC/C=C\CO,0,-427.7433297,-427.9399337
14456,CC/C=C/CCCCC=O,1,-427.7653179,-427.9576679
14457,CC/C=C/N1CCCC1,0,-368.5693283,-368.7530793
14458,CC/C=C/[C@@H](O)[C@@H](N)CO,0,-480.9481531,-481.1317431
14459,CC/C=C1\C(=O)ON=C1C,0,-477.3627085,-477.4791145
14460,CC/C=N\NC,0,-267.8935014,-268.0049344
14461,CC/N=C(\N)C(=N)NCC,1,-456.0779706,-456.2530126
14462,CC/N=C/c1ccccc1,0,-404.3224952,-404.4668892
14464,CC/N=N/CCCN(C)C,2,-441.1384408,-441.3443398
14465,CC1(C#CC(=O)O)CC1,0,-421.9800807,-422.0796927
14466,CC1(C(=N)N)CC1,0,-306.0228521,-306.1411951
14467,CC1(C(N)=O)C=CCC=C1,0,-441.4603271,-441.6031501
14468,CC1(C)C(=O)C=CC1=O,0,-422.0418776,-422.1445186
14469,CC1(C)C(=O)N[C@@H]1C1CC1,0,-442.6208115,-442.7848655
14470,CC1(C)C(=O)[C@@H]2C=CC[C@H]21,0,-425.3163615,-425.4713895
14471,CC1(C)C(=O)[C@@H]2CCO[C@H]21,0,-462.455094,-462.609463
14472,CC1(C)C(C(=O)O)C1(C)C,0,-463.7341064,-463.9080284
14473,CC1(C)C(N)=NC(=N)N1O,0,-490.7847792,-490.9152172
14474,CC1(C)C/C(=N\O)C=CO1,0,-478.5352523,-478.6774913
14475,CC1(C)C=C(O)C=C(O)C1,0,-462.5198871,-462.6737881
14476,CC1(C)C=CC(=NO)C=C1,0,-441.3938258,-441.5365888
14477,CC1(C)C=CCC(C)(C)C1,0,-391.8334018,-392.0585298
14478,CC1(C)C=COC(=O)C1,0,-423.2338096,-423.3610366
14479,CC1(C)CC(=O)CC[C@@H]1O,0,-463.735744,-463.913467
14480,CC1(C)CC(=O)CNC1=O,0,-478.6215494,-478.7640104
14481,CC1(C)CC(CN)=NO1,0,-420.5441277,-420.6922017
14482,CC1(C)CC(N)=CC(=O)N1,0,-458.7366133,-458.8927633
14483,CC1(C)CC=CC(=O)CC1,0,-426.5827247,-426.7617947
14485,CC1(C)CCC(=O)[C@H]2O[C@H]21,0,-462.5040019,-462.6587409
14486,CC1(C)CCC/C(=N/O)C1,0,-443.8023483,-443.9924373
14488,CC1(C)CCCC/C1=N/N,0,-423.9171423,-424.1206863
14489,CC1(C)CCOC(=O)CC1,0,-463.7328639,-463.9115489
14490,CC1(C)CN=C(N)NC1,0,-400.7187834,-400.8836184
14492,CC1(C)CNC(=O)CCN1,0,-459.9127273,-460.0929033
14493,CC1(C)CNC(=O)[C@@H]1N,0,-420.6208965,-420.7725565
14495,CC1(C)COCC1=O,0,-385.111571,-385.23366
14496,CC1(C)C[C@@H]1/C(N)=N/O,0,-420.534133,-420.680895
14497,CC1(C)C[C@@](C)(N)C(=O)O1,0,-479.8099759,-479.9754429
14498,CC1(C)Cc2ccccc21,0,-388.2431908,-388.4011558
14499,CC1(C)Cn2nccc2O1,0,-457.4805878,-457.6145928
14500,CC1(C)NC(=O)C(C)(C)O1,0,-479.8169898,-479.9780328
14501,CC1(C)NC(=O)NC[C@@H]1O,0,-495.8774945,-496.0336865
14502,CC1(C)NC(=O)O[C@H]1CN,0,-495.8680797,-496.0234967
14503,CC1(C)OC(=N)C=C1N,0,-419.4074565,-419.5345945
14504,CC1(C)OCC=CCO1,0,-424.3877807,-424.5381347
14505,CC1(C)OCCC[C@H]1C=O,0,-463.7141931,-463.8914071
14506,CC1(C)OC[C@H](CC=O)O1,0,-499.6535837,-499.8042607
14507,CC1(C)[C@@H](C#N)[C@@H]1C=O,0,-402.1217366,-402.2343426
14508,CC1(C)[C@@H]2C=CC=C[C@H]1C2,0,-389.3988178,-389.5811438
14509,CC1(C2CCNCC2)N=N1,0,-438.7316305,-438.8986345
14510,CC1(C=O)C=CC(O)C=C1,0,-461.30797,-461.437426
14511,CC1(C=O)CCCCCC1,0,-427.7779034,-427.9803294
14512,CC1(CC(N)=O)OCCO1,0,-515.7401868,-515.8816388
14513,CC1(CCC=O)CC1,1,-349.1439336,-349.2870286
14514,CC1(CCCO)N=N1,1,-381.2165061,-381.3363911
14517,CC1(c2ccnnc2)CC1,0,-420.3160682,-420.4503602
14518,CC12CC(C=O)(CCO1)C2,0,-462.4874761,-462.6432811
14519,CC12CCC(CC1)C(=O)O2,0,-462.5576703,-462.7171853
14520,CC12CCN(CC1)CC2=O,0,-442.6351324,-442.8062914
14524,CC1=C(C)CC(C)=C(C)C1,0,-390.6394968,-390.8367168
14525,CC1=C(C)C[C@](C)(N)CC1,1,-407.8961232,-408.1087722
14526,CC1=C(C)N(C)CCC1,0,-368.5739931,-368.7594461
14527,CC1=C(C)[C@@](C)(O)[C@@]1(C)N,0,-443.8131193,-443.9974083
14528,CC1=C(C)[C@H](C)[C@@H](C)[C@@H]1C,0,-391.8409874,-392.0626684
14529,CC1=C(C)[C@H](O)OC1=O,0,-459.1945481,-459.2957241
14530,CC1=C(CCO)C(=O)N=N1,0,-493.3952336,-493.5003716
14531,CC1=C(O)C(=O)[C@@H](O)CO1,0,-534.4125461,-534.5191491
14532,CC1=C/C(=N\O)C[C@H](C)C1,0,-442.6031115,-442.7687655
14533,CC1=C/C(=N\O)NC1=O,0,-454.1270008,-454.2061348
14534,CC1=CC(=O)C(C)(C)NC1,0,-442.6447436,-442.8105636
14535,CC1=CC(=O)C=C(C)C1=O,0,-460.1510843,-460.2579473
14536,CC1=CC(=O)N(N)C(=O)C1,0,-493.4644532,-493.5722192
14537,CC1=CC(=O)OC(C)(C)O1,0,-498.4943565,-498.6236995
14538,CC1=CC(=O)[C@H]2CCC[C@H]12,0,-425.3760727,-425.5338177
14539,CC1=CC(C)(C)C(C)=C1C,0,-390.6395071,-390.8371871
14541,CC1=CC(C)(C)N=C(N)N1,0,-438.8283294,-438.9943764
14542,CC1=CC(C)(C)NC(C)=C1,0,-406.6982776,-406.8860136
14543,CC1=CC(C)(C)NCN1C,0,-423.9305649,-424.1323199
14544,CC1=CC(C)(C)OC(=O)C1,0,-462.5468215,-462.6985865
14546,CC1=CC(C)=NCCN1,0,-383.4438522,-383.5950552
14547,CC1=CC(C)=NNC(=N)N1,0,-453.654139,-453.786455
14548,CC1=CC=C(C(C)C)CC1,0,-390.6344494,-390.8348234
14550,CC1=CC=C[C@H](C)C(=O)N1,0,-441.4655543,-441.6097733
14551,CC1=CCC(C(=O)O)=CC1,0,-461.3543533,-461.4854033
14552,CC1=CCC(C)=NN1C,0,-383.4188986,-383.5683846
14553,CC1=CCC=C[C@@H]1C(=O)O,0,-461.3461857,-461.4764287
14554,CC1=CCCCC(C)=C1,0,-351.3244038,-351.4986678
14555,CC1=CCCC[C@@H]1[C@H](C)O,0,-427.7696848,-427.9711088
14556,CC1=CCC[C@@H](C#N)C1,0,-366.2008624,-366.3413854
14557,CC1=CCC[C@H](C)[C@@H]1C=O,0,-426.5811337,-426.7581917
14558,CC1=CCC[C@H]2C[C@@]12C,0,-351.3085804,-351.4850394
14559,CC1=CCN(CCN)CC1,1,-423.9242068,-424.1264008
14560,CC1=CCNCC1,0,-289.9685328,-290.1018268
14561,CC1=CC[C@@H](C(C)C)C=C1,2,-390.6280713,-390.8285163
14562,CC1=CC[C@@H]2CNC[C@@H]2C1,0,-406.6803773,-406.8755323
14564,CC1=CC[C@H]2C(=O)CC[C@@H]12,0,-425.3958476,-425.5530536
14565,CC1=CCc2ccccc21,0,-387.0824183,-387.2190393
14567,CC1=COC[C@H](C)C1=O,0,-423.2244588,-423.3519248
14568,CC1=CO[C@@](C)(CO)CC1,0,-463.709383,-463.88718
14569,CC1=C[C@@H](C)CC(=O)O1,0,-423.2404471,-423.3671911
14570,CC1=C[C@@H]2CC(=O)[C@@H]2C1,0,-386.0647481,-386.1927321
14572,CC1=C[C@H](C)C(C)=C1C,0,-351.3347791,-351.5056771
14573,CC1=C[C@H](C)CN(C)C1,0,-368.5683425,-368.7544335
14574,CC1=C[C@H](C)C[C@H](C=O)C1,0,-426.5833028,-426.7598148
14575,CC1=C[C@H](C)[C@@H](CO)CC1,0,-427.7722761,-427.9727001
14576,CC1=C[C@H]2CCC[C@@H](C1)N2,0,-406.6898435,-406.8864995
14577,CC1=C[C@H]2[C@@H]1CC[C@@H]2O,0,-387.2386097,-387.3902917
14578,CC1=NC(=O)CC(O)=C1,0,-438.100503,-438.190648
14579,CC1=NC(=O)[C@@H](C(N)=O)N1,0,-509.568147,-509.664135
14580,CC1=NC(=O)[C@H](C#N)C=C1,0,-455.1057851,-455.1894571
14581,CC1=NC(=O)[C@H](CO)C=N1,0,-493.4444302,-493.5515342
14582,CC1=NC(C)(C)C[C@@H](C)O1,0,-443.8482056,-444.0362716
14584,CC1=NC(N)=N[C@H](O)[C@@H]1C,0,-474.7722324,-474.9148064
14585,CC1=NCC[C@H](C(=O)O)N1,0,-494.6763094,-494.8081134
14588,CC1=NN(C(=N)N)C(=O)C1,0,-489.6348501,-489.7427461
14590,CC1=NN(C)C(=O)C1=NO,0,-509.4474396,-509.5412906
14591,CC1=NN(C=O)C(C)(C)C1,0,-458.6946611,-458.8460091
14592,CC1=NN=C(C)C1CCN,0,-438.7819227,-438.9471817
14593,CC1=NN=C(N)C1,0,-320.8842055,-320.9685305
14594,CC1=NNC(=O)N(N)C1,0,-451.487973,-451.592809
14595,CC1=NNC(=O)OC1(C)C,0,-494.6511307,-494.7821837
14596,CC1=NNC(=O)[C@@H]1CCO,0,-494.6397489,-494.7706009
14597,CC1=NOC(=O)C12CC2,0,-438.0410509,-438.1330249
14599,CC1=NO[C@@](C)(C(=O)O)O1,0,-550.4485856,-550.5403786
14600,CC1=N[C@@H]2CCC[C@@H]2N1C,0,-422.7579429,-422.9392189
14601,CC1=N[C@@](C)(CO)CO1,0,-440.4791079,-440.6165679
14602,CC1=N[C@@](C)(O)[C@@](C)(O)N1,0,-495.859835,-496.0120941
14603,CC1=N[C@H](C(C)C)C(=O)O1,2,-478.615194,-478.755949
14604,CC1=N[C@H](C)O[C@H]1C,0,-365.230303,-365.363063
14605,CC1=N[C@H]2CCC[C@@H]2O1,0,-403.3127001,-403.4555561
14606,CC1=Nc2ncccc2C1,0,-419.1931983,-419.3060533
14607,CC1C=CC(CO)C=C1,0,-387.257146,-387.407615
14608,CC1CC(CCC(N)=O)C1,1,-443.8456985,-444.0310565
14609,CC1CC(c2ccn[nH]2)C1,1,-421.5295341,-421.6862071
14611,CC=C(OCC)OCC,0,-425.5824751,-425.7492671
14612,CC=C1C[C@H]2CC[C@@H](C1)N2,0,-406.6826924,-406.8779594
14614,CC=C=COC(C)(C)OC,0,-463.6566985,-463.8255655
14616,CCC#CC(C)=O,0,-308.6385092,-308.7266312
14618,CCC(/C=N\O)CC,0,-366.3780483,-366.5307143
14620,CCC(=O)C#CC(F)(F)F,0,-606.4716235,-606.5314735
14622,CCC(=O)CNC(C)(C)C,0,-445.0344118,-445.2403688
14623,CCC(=O)N1CCCNC1,0,-459.9000536,-460.0784846
14624,CCC(=O)NC1CC(N)C1,0,-459.8912283,-460.0653363
14625,CCC(=O)NCCN(C)C,0,-461.0987333,-461.2935353
14626,CCC(=O)OC(CC)CC,0,-464.9469796,-465.1404066
14627,CCC(=O)O[C@@H]1CCNC1,0,-479.7907163,-479.9549503
14629,CCC(=O)c1ccn[nH]1,0,-418.2089264,-418.3129864
14633,CCC(C)(C)CC(C)=O,0,-389.6832519,-389.8747219
14634,CCC(CC)(CC)NC=O,0,-445.0510283,-445.2597073
14635,CCC(CC)=NN(C)C,0,-385.7959367,-385.9869297
14636,CCC(F)(F)c1ccc[nH]1,0,-526.670992,-526.788424
14637,CCC/C(C)=N/CCCO,0,-445.0205782,-445.2272592
14640,CCC/C=C(\CC)CO,0,-389.6543373,-389.8455203
14642,CCC/C=C\COC=O,1,-424.4140992,-424.5591842
14643,CCC/C=N/CCCC,0,-369.7755999,-369.9776609
14644,CCC1(N)CCC(=O)CC1,0,-443.8503893,-444.0411043
14645,CCC1=C(C)CNC1=O,0,-403.3707502,-403.5076402
14646,CCC1=C(CO)C(=O)OC1,0,-498.4834795,-498.6130945
14647,CCC1=C[C@H]2C(=O)C[C@H]2C1,0,-425.3671196,-425.5216456
14648,CCC1=NNC(N)=NN1,0,-431.583772,-431.701085
14650,CCCC#CC(=O)OCC,0,-462.4967175,-462.6431395
14651,CCCC(=N\O)/C(N)=N/O,0,-511.8163594,-511.9544814
14654,CCCC(=O)C1=CCCC1,1,-426.5866826,-426.7619366
14655,CCCC(=O)CCC(C)=O,0,-463.7443125,-463.9148275
14656,CCCC(=O)NC[C@H]1CO1,0,-479.7632741,-479.9255061
14657,CCCC(=O)OC[C@@H](C)F,0,-524.9180392,-525.0765742
14660,CCCC/C=C/OCC,0,-389.6458644,-389.8356594
14661,CCCC1=C(O)OC(=O)C1,0,-498.4841786,-498.6113186
14662,CCCC1=NNC(=O)[C@@H]1C,0,-458.7056918,-458.8579998
14663,CCCC1=NO[C@H](C#N)C1,1,-457.4459718,-457.5744658
14664,CCCCC/C=C/C(=O)O,0,-463.7439143,-463.9154073
14665,CCCCC1(C(C)=O)CC1,0,-427.7632507,-427.9594387
14666,CCCCC1=CCC=C1,0,-351.3220381,-351.4938451
14667,CCCCC1=CCCC1=O,0,-426.5945956,-426.7700796
14668,CCCCC1C=CC=C1,0,-351.3157545,-351.4879985
14669,CCCCCC#CC(=O)O,0,-462.5067336,-462.6532566
14670,CCCCCCC(=O)CC,0,-428.9874712,-429.2023792
14671,CCCCCCC/N=N/C,1,-425.1031187,-425.3196087
14672,CCCCCCCNC=O,0,-445.0520032,-445.2595222
14673,CCCCCN(N)C(=N)N,0,-457.238396,-457.436772
14674,CCCCCNC(=N)NN,1,-457.2351413,-457.4330943
14675,CCCCCOC(=O)CN,0,-480.9916082,-481.1746082
14676,CCCCC[C@@H](C)CC=O,0,-428.9758448,-429.1916508
14677,CCCCCc1ncc[nH]1,0,-422.7722154,-422.9481454
14678,CCCCCc1nn[nH]n1,0,-454.8403498,-454.9930658
14680,CCCCN(C)C=O,0,-366.4407784,-366.5943424
14681,CCCCNC(=O)OCC,1,-481.0083634,-481.1930704
14682,CCCCNC1=NCCN1,0,-440.0056892,-440.1963042
14683,CCCCNn1cnnc1,0,-454.8149285,-454.9685975
14685,CCCCOc1cn[nH]c1,0,-458.6693919,-458.8227089
14686,CCCC[C@@H](N)CCC=O,0,-445.0281919,-445.2349049
14687,CCCC[C@H]1COC(=O)N1,1,-479.8085703,-479.9740613
14689,CCCCc1cccnn1,0,-421.5435948,-421.6976308
14690,CCCCc1cnco1,0,-403.3383235,-403.4761735
14694,CCCCn1nnc(N)n1,0,-470.9035707,-471.0458357
14695,CCCN(C)CCC(=O)O,1,-480.9846273,-481.1690733
14696,CCCN1C(=O)CC[C@@H]1O,0,-479.811247,-479.976222
14697,CCCN1C=CN(C)C1,1,-384.6052246,-384.7777496
14698,CCCN1CCC[C@@H]1C=O,0,-443.8200224,-444.0077764
14699,CCCN1N=C(N)ON1,1,-452.6032403,-452.7289893
14700,CCCNC(=O)C(=O)NC,0,-495.893222,-496.043301
14701,CCCNC/C=C/CN,0,-385.8079277,-385.9997717
14702,CCCNCCN=O,0,-382.3915877,-382.5328687
14703,CCCNOCCC(C)=O,1,-480.9183588,-481.0976988
14705,CCCNc1ccnnc1,1,-437.5960368,-437.7399058
14706,CCCNc1nonc1N,1,-490.7453494,-490.8755404
14707,CCCOC(=O)OCCF,0,-560.8509714,-560.9877214
14708,CCCOCCC(=O)CO,1,-500.8463418,-501.0187338
14709,CCCOCc1cn[nH]n1,1,-474.7202935,-474.8617615
14711,CCCOc1nc(N)n[nH]1,0,-490.8176657,-490.9486597
14712,CCC[C@@H](C=O)CCOC,0,-464.8971939,-465.0909809
14713,CCC[C@@H](N)c1ncon1,0,-474.7237395,-474.8654225
14715,CCC[C@@H]1CC(=O)CCN1,0,-443.8405994,-444.0301114
14716,CCC[C@@H]1OC(=O)[C@H](C)O1,0,-499.6832281,-499.8347881
14717,CCC[C@H](C)C(=O)CC#N,0,-442.649228,-442.808808
14718,CCC[C@H]1OCC[C@H]1C=O,0,-463.7068967,-463.8817977
14719,CCC[C@](C)(O)/C(C)=N\O,0,-480.9277502,-481.1101992
14722,CCCc1cc(C=O)no1,0,-477.3534977,-477.4703247
14724,CCCc1cc(CO)n[nH]1,0,-458.6940313,-458.8461803
14726,CCCc1ccc(C=O)[nH]1,1,-441.4637073,-441.6052133
14729,CCCc1cccc(N)n1,0,-421.5976288,-421.7533628
14730,CCCc1ccoc1C#N,0,-440.2437532,-440.3625612
14732,CCCc1cnc(=O)[nH]c1,0,-457.533391,-457.66546
14737,CCCc1nc(OC)c[nH]1,0,-458.7008192,-458.8526892
14738,CCCc1nnc(O)o1,0,-455.3280348,-455.4303868
14740,CCCc1oncc1CO,0,-478.5430535,-478.6835845
14743,CCCn1ccc(=NN)[nH]1,0,-454.8006306,-454.9556796
14744,CCCn1ccc(C=O)c1,0,-441.4556492,-441.5976962
14749,CCCn1cncc1C=O,0,-457.5187596,-457.6508376
14750,CCCn1nc(C)cc1C,0,-422.7609747,-422.9364507
14753,CCCn1nccc1NN,0,-454.8244641,-454.9797611
14756,CCN(C)C(=O)NC(C)=O,0,-495.8858862,-496.0346712
14758,CCN(C)c1ccccc1,0,-405.5117563,-405.6800363
14760,CCN(CC(=O)O)C1CC1,1,-479.7620034,-479.9257214
14761,CCN(CC)C(C)(C)C=O,0,-445.0097732,-445.2158732
14762,CCN(CC)CC(N)=O,0,-421.8002729,-421.9709469
14763,CCN(CC)CCC=O,1,-405.7053261,-405.8855581
14764,CCN(CC)N(O)N=O,0,-473.6360969,-473.7679849
14765,CCN(CCC#N)C(C)=O,0,-458.7157665,-458.8660265
14768,CCN1C(=O)N[C@@H](C)C1=O,0,-494.7134035,-494.8431825
14769,CCN1C=CN(C)[C@@H]1C,1,-384.6123355,-384.7843135
14770,CCN1C=NNC(=O)[C@H]1C,0,-474.7530843,-474.8950613
14772,CCN1CCC(=O)[C@@H](C)C1,0,-443.8323634,-444.0220184
14773,CCN1CCNCCC1=O,0,-459.9008839,-460.0810619
14774,CCN1C[C@@H](O)CNC1=O,0,-495.8658921,-496.0216971
14775,CCN1C[C@](C)(CN)C1=O,0,-459.8950177,-460.0707097
14776,CCN1N=CC[C@H]1C,0,-345.3102433,-345.4562453
14777,CCN1OC[C@@H](N)C1=O,0,-456.4900309,-456.6158679
14778,CCN=C1NCCCCN1,0,-439.9979991,-440.1901791
14780,CCNC(=O)C(C)(C)CN,0,-461.1169457,-461.3146557
14781,CCNC(=O)C1(C#N)CC1,0,-457.506501,-457.635171
14782,CCNC(=O)N1CCCO1,0,-495.80648,-495.95944
14783,CCNC(=O)[C@@H](CC)CO,0,-480.9988923,-481.1835943
14784,CCNC(=O)c1cnco1,0,-493.4681683,-493.5753583
14786,CCNC1=CC(=O)CCC1,0,-442.6534981,-442.8205051
14787,CCNCCCC(=O)OC,0,-480.9789909,-481.1641799
14788,CCNCCn1cccn1,0,-438.791001,-438.957389
14790,CCNC[C@@H](O)C=O,0,-402.3522681,-402.4823141
14793,CCNCc1cccn1C,2,-422.7455576,-422.9230526
14796,CCNCc1nonc1C,0,-474.681891,-474.822047
14799,CCN[C@@H](CC)C(=O)OC,0,-480.9816252,-481.1655792
14800,CCN[C@H](C)c1cc[nH]c1,1,-422.749872,-422.92695
14801,CCN[C@H]1CC(=O)NC1=O,0,-494.686159,-494.816558
14805,CCNc1ccc(N)cc1,0,-421.5806275,-421.7369625
14810,CCNc1ccccc1O,0,-441.4669366,-441.6111966
14812,CCNc1cncc(C)c1,0,-421.5781623,-421.7325603
14817,CCNc1ncnc(N)n1,0,-469.7921035,-469.9141875
14819,CCNc1nn(C)cc1N,0,-454.8546559,-455.0076869
14821,CCO/C=C(\C)C(=O)CC,0,-463.7148672,-463.8848122
14825,CCO/C=N/C#N,0,-340.7754044,-340.8459594
14827,CCO/N=C(/CC)C(N)=O,0,-495.8126448,-495.9604698
14829,CCOC(=N)C(OC)OC,0,-516.8831881,-517.0430311
14830,CCOC(=N)C1CCCC1,0,-443.8343522,-444.0235632
14832,CCOC(=O)/C=C/C1CC1,0,-462.5088597,-462.6594197
14836,CCOC(=O)/N=C/N(C)C,0,-495.8556815,-496.0048395
14840,CCOC(=O)C/C(N)=N/O,0,-531.7676832,-531.8937942
14841,CCOC(=O)C1(F)CNC1,0,-539.7300574,-539.8565074
14844,CCOC(=O)CCCOC,0,-500.861529,-501.034508
14845,CCOC(=O)CN(C)C#N,0,-494.6372389,-494.7634179
14846,CCOC(=O)CNC1CC1,0,-479.7548409,-479.9169319
14847,CCOC(=O)N(CC)OC,1,-516.8747483,-517.0342033
14848,CCOC(=O)N1CC=CC1,0,-478.5961363,-478.7377913
14849,CCOC(=O)OCNC=O,1,-551.7059311,-551.8215591
14850,CCOC(=O)[C@H]1COC=N1,0,-514.5310805,-514.6490605
14851,CCOC(=O)c1cc[nH]n1,0,-493.4580781,-493.5662861
14856,CCOC(O)=C1N=NN=N1,0,-525.4931146,-525.5764486
14857,CCOC1=C(C)C(=O)CC1,1,-462.5342457,-462.6851097
14858,CCOC1=NC(=O)CC=N1,1,-493.4504506,-493.5575306
14859,CCOC1=NCCCCC1,0,-443.8257079,-444.0168379
14860,CCOC1=N[C@@H](C)[C@@H](C)N1,0,-459.8945998,-460.0722718
14861,CCOC=C=CCOCC,0,-463.641604,-463.811112
14862,CCOCC(=O)NOCC,0,-516.8575341,-517.0167361
14863,CCOCCC(=N)OCC,1,-480.9539712,-481.1389052
14864,CCOCCOCC=O,0,-461.5185888,-461.6633248
14865,CCOCN/C(N)=N\C#N,0,-490.811035,-490.939966
14866,CCOC[C@H](C)OC(C)=O,0,-500.8685067,-501.0393387
14868,CCOCc1ccnn1C,1,-458.6747222,-458.8279692
14872,CCON1CCC(=O)CC1,0,-479.7231565,-479.8884085
14873,CCON=C1CCCCC1,0,-443.7897194,-443.9787664
14874,CCO[C@@H](C)C(=O)C=O,0,-460.3375599,-460.4571069
14875,CCO[C@@H]1C=CCCO1,0,-424.3870436,-424.5374166
14876,CCO[C@@H]1NCCNC1=O,0,-495.8393722,-495.9950402
14877,CCO[C@@H]1OC=N[C@@H]1C,0,-440.4607158,-440.5980358
14878,CCO[C@@H]1[C@H](C)[C@H]1C(=O)O,0,-499.6556004,-499.8055534
14879,CCO[C@H]1CC(=O)[C@H]1OC,0,-499.6050241,-499.7547191
14880,CCO[C@H]1C[C@@H](C)C=CO1,0,-463.6973736,-463.8744956
14885,CCOc1cc(N)no1,0,-455.2945738,-455.3974038
14886,CCOc1cc(O)ccn1,0,-477.4095991,-477.5302341
14887,CCOc1cc[nH]c(=O)c1,0,-477.4146365,-477.5359735
14894,CCOc1ccccc1C,0,-425.4039941,-425.5592801
14898,CCOc1cnc(CC)[nH]1,0,-458.6993239,-458.8518929
14903,CCOc1n[nH]c(C)c1C,0,-458.6935686,-458.8440676
14905,CCOc1ncc(F)cn1,0,-517.4856211,-517.5821821
14909,CCOc1nnc(C)o1,0,-455.3188732,-455.4211592
14910,CCOc1ocnc1C#N,1,-492.2316504,-492.3160514
14911,CC[C@@H](C)CC(=N)N,0,-346.5512295,-346.7169405
14914,CC[C@@H](N)c1ccc(C)o1,0,-442.6374455,-442.8021325
14919,CC[C@@H]1/C(=N/N)CC[C@H]1C,0,-423.9245533,-424.1256473
14920,CC[C@@H]1C(OC)=N[C@@H]1CC,0,-443.798931,-443.984868
14921,CC[C@@H]1CC(=O)C=C(C)C1,0,-426.5988639,-426.7759899
14922,CC[C@@H]1CCC(=O)[C@@H](N)C1,0,-443.8479875,-444.0383845
14923,CC[C@@H]1CCNC(=O)N1,1,-420.6318849,-420.7843059
14925,CC[C@@H]1NC(=O)[C@H]1CC,0,-404.5421017,-404.7016447
14926,CC[C@@H]1N[C@@H]1OC=O,0,-401.1466648,-401.2550908
14927,CC[C@@H]1OC(=O)C(=O)[C@H]1C,1,-498.4882434,-498.6171304
14932,CC[C@@]1(CO)CNC(=O)C1,0,-479.8013582,-479.9672232
14933,CC[C@@]12C[C@@H]1CCCC2=O,0,-426.5739281,-426.7537201
14935,CC[C@H](C)/C=C/C(C)(C)O,0,-428.9668394,-429.1834394
14937,CC[C@H](C)NC(=O)CCN,0,-461.1185267,-461.3156407
14939,CC[C@H](C)c1n[nH]c(N)n1,0,-454.8882822,-455.0422412
14940,CC[C@H](C)n1ncc(N)n1,0,-454.8601414,-455.0141734
14942,CC[C@H](CO)ON=C(C)C,0,-480.9245408,-481.1062348
14945,CC[C@H](N)c1nnc[nH]1,0,-415.5612494,-415.6901714
14946,CC[C@H]1C(=O)OC(=O)N1C,0,-514.57997,-514.697996
14947,CC[C@H]1CC(=O)CCO1,0,-424.4207404,-424.5711904
14948,CC[C@H]1CC(=O)NN1C,0,-420.5762515,-420.7263295
14950,CC[C@H]1CCC[C@H](C=O)C1,0,-427.7861133,-427.9875763
14951,CC[C@H]1CNC(=O)CC1=O,0,-478.6207781,-478.7626591
14952,CC[C@H]1NCCCC1=O,0,-404.5338838,-404.6972578
14954,CC[C@H]1OC=CC(=O)C1=O,0,-497.2615203,-497.3683153
14955,CC[C@H]1OC=C[C@@H](O)[C@H]1O,0,-499.6436219,-499.7979529
14956,CC[C@](N)(COC)C(=O)O,0,-516.9289401,-517.0923501
14958,CC[C@]1(C)CN=C(C)C=N1,0,-422.7409519,-422.9184239
14959,CC[C@]1(C)COC=CC1=O,0,-462.5241578,-462.6791588
14960,CC[C@]1(C)C[C@@H]1C(=O)OC,0,-463.7182548,-463.8918668
14961,CCc1[nH]c(=O)[nH]c1C,0,-419.4417157,-419.5677017
14962,CCc1[nH]nc(CN)c1F,0,-498.774836,-498.903498
14963,CCc1[nH]ncc1CO,0,-419.3877574,-419.5153864
14965,CCc1c(C)nc[nH]c1=O,0,-457.5487696,-457.6806376
14970,CCc1c[nH]c(C#N)c1,0,-381.0747092,-381.1790692
14973,CCc1c[nH]cc1CC,0,-367.404903,-367.566422
14974,CCc1cc(C#N)ccn1,0,-419.1925009,-419.3019149
14980,CCc1cc(COC)on1,0,-478.5300271,-478.6694321
14981,CCc1cc(N)cc(F)c1,0,-465.5119941,-465.6428691
14983,CCc1cc(N)nc(C)n1,0,-437.6681464,-437.8102024
14984,CCc1cc(O)cc(=O)[nH]1,0,-477.4343039,-477.5546839
14986,CCc1cc(O)n(C)n1,0,-419.3898859,-419.5142669
14987,CCc1ccc(/C=N/O)o1,0,-477.3373423,-477.4545553
14989,CCc1ccc(CCN)[nH]1,0,-422.7657639,-422.9443049
14990,CCc1ccc(CN)n1C,0,-422.755511,-422.933978
14994,CCc1ccc(NN)cc1,0,-421.5524819,-421.7087079
14999,CCc1cccc(C=O)c1,0,-424.224506,-424.356198
15001,CCc1cccc(O)c1N,0,-441.477722,-441.622326
15007,CCc1cn(C)nc1CO,0,-458.6889542,-458.8404172
15008,CCc1cnc(C)cc1N,1,-421.5965532,-421.7517202
15013,CCc1cncc(CC)c1,1,-405.5283421,-405.6939791
15015,CCc1coc(N)c1C#N,0,-456.3137312,-456.4214902
15016,CCc1conc1C=O,0,-438.0453661,-438.1363811
15017,CCc1n[nH]c(=O)cc1C,0,-457.5180856,-457.6500496
15018,CCc1n[nH]c(C(F)F)n1,0,-558.7752477,-558.8688377
15021,CCc1nc(C)c(CN)o1,0,-458.7082668,-458.8604678
15025,CCc1nc(CCN)c[nH]1,0,-438.8295487,-438.9954097
15026,CCc1nc(CNC)no1,0,-474.7230627,-474.8634387
15029,CCc1ncc(C(=O)O)o1,1,-513.3662498,-513.4608958
15030,CCc1ncc(CN)cn1,0,-437.6355069,-437.7775279
15034,CCc1nccnc1C,0,-382.2767123,-382.4046373
15036,CCc1ncncc1O,0,-418.2188234,-418.3240224
15040,CCc1nnc(C=O)[nH]1,0,-434.2501777,-434.3408927
15043,CCc1nnc(N)nn1,0,-430.3875074,-430.4777884
15047,CCc1noc(N)c1CC,2,-458.6756112,-458.8272382
15052,CCn1c(C)ccc1C,0,-367.4060252,-367.5674232
15056,CCn1c(O)n[nH]c1=N,0,-451.5065592,-451.6107662
15058,CCn1cc(C#N)c(N)n1,0,-452.4853033,-452.5939233
15061,CCn1cc(C)nc1CO,0,-458.7110273,-458.8629523
15065,CCn1cc(N)ccc1=O,0,-457.5305001,-457.6633491
15067,CCn1ccc(=O)c(O)c1,0,-477.411773,-477.532889
15070,CCn1ccc(COC)n1,1,-458.6736291,-458.8257591
15073,CCn1cccc1C(C)=O,0,-441.4675482,-441.6100732
15076,CCn1ccnc1C(F)F,0,-542.7199817,-542.8270747
15077,CCn1cnc(=O)[nH]c1=O,0,-509.5719863,-509.6702183
15081,CCn1cnc(CO)n1,0,-435.4513963,-435.5664393
15083,CCn1cnnc1CCN,0,-454.8588453,-455.0140993
15086,CCn1nc(C)c(CN)n1,1,-454.8582838,-455.0102008
15090,CCn1ncc(CCO)n1,0,-474.7381345,-474.8804665
15092,CCn1ncc(O)cc1=O,0,-493.4528623,-493.5615123
15094,CCn1nccc1C1CC1,0,-421.5259656,-421.6813856
15096,CCn1ncnc1[C@H](C)N,1,-454.8738063,-455.0290333
15097,CCn1nnc(C)c1C=O,1,-473.5427524,-473.6601114
15101,CCn1nnnc1NN,0,-447.6109781,-447.7153601
15103,CN(C(=N)N)C(=O)C(=O)O,0,-546.6837665,-546.7759275
15104,CN(C(=O)CCN)C1CC1,0,-459.8723269,-460.0474389
15105,CN(C)/C=C/C(=O)C1CC1,0,-442.6077878,-442.7700328
15106,CN(C)/C=C1/CCCC1=O,0,-442.6307833,-442.7956683
15107,CN(C)/C=C1/N=COC1=O,0,-493.4486902,-493.5565022
15109,CN(C)/C=N/N=C/N(C)C,1,-456.0167775,-456.1881785
15110,CN(C)/C=N/c1ncn[nH]1,0,-469.7339855,-469.8532665
15112,CN(C)C(=N)C(=N)N(C)C,0,-456.0444667,-456.2191057
15113,CN(C)C(=NC#N)N(C)C,0,-454.8514955,-455.0025675
15114,CN(C)C(=O)C1CC(O)C1,0,-479.7655683,-479.9288633
15115,CN(C)C(=O)CC(F)(F)F,1,-624.9906131,-625.0900471
15118,CN(C)C/C=C\CN(C)C,1,-425.0876345,-425.3062315
15119,CN(C)C1(C(N)=O)CNC1,0,-475.9224248,-476.0887308
15120,CN(C)C1=NC(C)(C)CN1,0,-440.0047925,-440.1930555
15121,CN(C)C1CCC(=O)CC1,0,-443.8269891,-444.0169591
15122,CN(C)C=C1C=CN=C1,0,-382.2267869,-382.3543619
15123,CN(C)CC1=CC=CC1,0,-367.3562012,-367.5172542
15125,CN(C)Cc1cc[nH]c1,2,-383.436664,-383.587309
15126,CN(C)Cc1nncn1C,0,-454.8410816,-454.9953596
15127,CN(C)N1CCOC1=O,0,-456.5092886,-456.6366596
15128,CN(C)N=C1CCCC1,0,-384.6008527,-384.7737187
15129,CN(C)c1cc(N)n[nH]1,0,-415.5494193,-415.6761223
15130,CN(C)c1ccc(F)nc1,0,-481.5418735,-481.6619375
15132,CN(C)c1ccccc1F,0,-465.4813828,-465.6140148
15133,CN(C)c1ccnc(N)n1,0,-453.7106184,-453.8433354
15137,CN(C)c1nc(=O)cn[nH]1,0,-489.6101166,-489.7170636
15138,CN(C)c1nc(N)nn1C,0,-470.923351,-471.066553
15143,CN(C)c1nnc(CN)[nH]1,0,-470.9071452,-471.0487472
15145,CN(C)c1noc(CO)n1,0,-510.6586674,-510.7754454
15148,CN(N=O)C(C)(C)C,0,-382.4185185,-382.5597735
15149,CN(O)C(=O)c1ccco1,0,-513.2811876,-513.3754476
15153,CN/C=C1/CCOC1=O,0,-439.2950331,-439.4107131
15156,CN1C(=O)C(=O)N=C1N,0,-470.2458159,-470.3144099
15158,CN1C(=O)CC(=O)NC1=O,0,-529.4773994,-529.5601524
15159,CN1C(=O)CC(N)CC1=O,0,-494.6898578,-494.8222348
15160,CN1C(=O)CC[C@@]1(C)C#N,0,-457.5300873,-457.6613013
15161,CN1C(=O)C[C@H]2NCC[C@H]21,0,-458.7177994,-458.8767584
15162,CN1C(=O)NC(=O)C1(C)C,0,-494.7125023,-494.8426843
15163,CN1C(=O)NC(=O)[C@@H]1C=O,0,-529.4432633,-529.5263863
15164,CN1C(=O)NC=C[C@H]1N,0,-435.4784081,-435.5956781
15165,CN1C(=O)OC(C)(C)C1=O,0,-514.5946419,-514.7120479
15166,CN1C(=O)O[C@H]2CNC[C@H]21,0,-494.6607452,-494.7960682
15167,CN1C=CC(=CN=O)C=C1,0,-456.2380338,-456.3463588
15169,CN1C=CC(N(C)C)=CC1,0,-422.7128192,-422.8906962
15170,CN1C=CC=C(C(N)=O)C1,0,-457.5146072,-457.6462432
15172,CN1C=CCC(=O)C1=O,0,-438.0955429,-438.1857459
15174,CN1C=CC[C@H](C=O)C1,0,-403.3172781,-403.4561141
15175,CN1CC(=O)CCCC1=O,0,-478.6068062,-478.7502502
15177,CN1CC2(CC2)CNC1=O,0,-458.6985565,-458.8553025
15178,CN1CC=C(N)NC1=O,0,-435.4816955,-435.5981045
15179,CN1CC=CC[C@@H]1C#N,0,-382.2306762,-382.3599422
15180,CN1CC=C[C@H](CO)C1,0,-404.5038093,-404.6684583
15181,CN1CCC(=O)C(C)(C)C1,0,-443.8350828,-444.0247888
15182,CN1CCC2=C(CNC2)C1,0,-422.7174765,-422.9004575
15183,CN1CCC=C(CO)C1,0,-404.4985324,-404.6618034
15184,CN1CCCC=C1C(=O)O,0,-478.5932053,-478.7378483
15185,CN1CCCC[C@H]1C(=N)N,0,-440.0030486,-440.1968426
15186,CN1CCC[C@H](C(N)=O)C1,0,-459.9174102,-460.0989982
15187,CN1CCN(C#N)CC1=O,0,-473.5604441,-473.6814341
15188,CN1CCN(CC=O)CC1,0,-459.845792,-460.025314
15191,CN1CCN[C@H](C(=O)O)C1,0,-495.8368216,-495.9944956
15192,CN1CCO[C@H](CO)C1=O,0,-515.7215556,-515.8653286
15196,CN1CCn2ccnc2C1,0,-437.611207,-437.760265
15197,CN1CNC(=O)NC1,0,-397.3633247,-397.4781617
15198,CN1COCN(C)C1=O,0,-456.5396246,-456.6659266
15199,CN1C[C@@H](CN)OCC1=O,0,-495.8384516,-495.9937096
15200,CN1C[C@@H]2CNC[C@@H]2C1=O,0,-458.7127076,-458.8722316
15201,CN1C[C@@H]2C[C@]2(C(=O)O)C1,0,-478.5752124,-478.7196884
15207,CN1Cc2cn[nH]c2C1,0,-398.2736829,-398.3941179
15209,CN1N=C[C@H]2C=CCC[C@H]21,0,-421.5146845,-421.6740635
15210,CN1N=NN2CC=CC=C12,0,-452.4074887,-452.5172467
15211,CN1NCc2cncnc21,0,-452.4548912,-452.5689282
15212,CN1[C@@H]2CC=C[C@H]1CC2,0,-367.3670743,-367.5353533
15213,CN1[C@@H]2CCC(=O)[C@H]1CC2,0,-442.634597,-442.805898
15215,CNC(=N)C1CC1,0,-306.0144068,-306.1321448
15216,CNC(=N)NCCC(C)C,0,-441.2066146,-441.4157846
15217,CNC(=O)/C=C/CN,0,-381.2947993,-381.4136403
15218,CNC(=O)C#CC(=O)NC,0,-493.4370797,-493.5360367
15220,CNC(=O)C(C)(C)NC,0,-421.8043393,-421.9742583
15221,CNC(=O)CNCC(F)F,1,-581.0602997,-581.1852667
15222,CNC(=O)COC1CNC1,1,-495.801684,-495.954612
15223,CNC(=O)C[C@H](N)C1CC1,0,-459.8894429,-460.0646139
15225,CNC(=O)N1CCNCC1,0,-475.9620239,-476.1309079
15226,CNC(=O)NC(=O)CC#N,0,-509.5489983,-509.6394973
15227,CNC(=O)NCCCOC,0,-497.0430945,-497.2168595
15228,CNC(=O)N[C@H]1CCNC1,0,-475.9678685,-476.1357955
15229,CNC(=O)OC1=NCCN1,0,-510.7258251,-510.8444021
15230,CNC(=O)O[C@H]1C=CCC1,0,-478.6030909,-478.7427749
15231,CNC(=O)[C@@H](N)CN(C)C,1,-477.1504851,-477.3370351
15232,CNC(=O)[C@@]1(O)CCNC1,0,-495.8552646,-496.0105766
15233,CNC(=O)[C@H]1CCCOC1,0,-479.7933243,-479.9595463
15234,CNC(=O)[C@H]1C[C@H]1C(=O)O,0,-514.5554777,-514.6726127
15237,CNC(=O)c1cn[nH]c1N,0,-489.6485833,-489.7570143
15242,CNC(=O)n1cncn1,0,-450.3437876,-450.4255876
15243,CNC(=O)n1nnnc1N,0,-521.7353642,-521.8197952
15244,CNC1(C(=O)O)CCCC1,0,-479.7970414,-479.9641054
15245,CNC1=CC(=O)N(C)C1=O,0,-493.4953925,-493.6010985
15246,CNC1=NC(=O)CC(=O)N1,0,-509.559395,-509.655367
15247,CNC=C(C(C)=O)C(C)=O,0,-478.6076517,-478.7453857
15249,CNCC(=O)N(C)CCO,0,-497.0250075,-497.1983625
15250,CNCC(=O)NCC1CC1,1,-459.8778698,-460.0522768
15251,CNCC1=NC(=O)N=N1,0,-450.2562031,-450.3348711
15252,CNCCC1=NCCN1C,0,-439.9837591,-440.1725441
15253,CNCCCCC(=O)NC,0,-461.101395,-461.299429
15255,CNCCNC(=O)C(C)C,0,-461.1037,-461.299712
15260,CNC[C@@H](C)/C(N)=N/O,0,-437.7988676,-437.9580886
15261,CNC[C@@H](C)N(C)C(C)=O,0,-461.0902498,-461.2866718
15263,CNC[C@H](C)c1nnn[nH]1,0,-470.8851057,-471.0288807
15264,CNC[C@H]1CCC(=O)O1,0,-440.4870695,-440.6262225
15265,CNC[C@]1(C)CC(C)=NO1,1,-459.8375372,-460.0116982
15271,CNCc1ccc(C)[nH]1,1,-383.4523467,-383.6025747
15274,CNCc1ccc(CO)o1,0,-478.5563493,-478.6969323
15279,CNCc1cn(C)nn1,0,-415.5281014,-415.6539514
15280,CNCc1cnc(C)nc1,0,-437.6261771,-437.7681651
15285,CNCc1nc(C)oc1C,0,-458.7009366,-458.8526286
15290,CNN=C(N)N,0,-300.0294784,-300.1208434
15291,CNNCc1ccccn1,1,-437.5889311,-437.7337291
15292,CNOC(=O)C(F)(F)F,0,-621.5609775,-621.6085775
15294,CN[C@@H](C)c1cnccn1,0,-437.6168782,-437.7610142
15295,CN[C@@H](C)c1nn[nH]n1,0,-431.5804166,-431.6958536
15296,CN[C@@H](CCCN)C(=O)O,0,-497.0444787,-497.2176727
15297,CN[C@@H]1CCCCNC1=O,0,-459.9067924,-460.0879434
15298,CN[C@H](C)C(N)=O,0,-343.2030527,-343.3178357
15299,CN[C@H](C)c1ccn(C)c1,0,-422.7438416,-422.9197576
15301,CN[C@H](C)c1nc(C)no1,0,-474.7286182,-474.8689292
15304,CNc1c(NC)c(=O)c1=O,0,-493.4341228,-493.5381568
15305,CNc1c(O)cccc1F,0,-501.4361299,-501.5437599
15308,CNc1cc(C)cc(F)c1,0,-465.5036265,-465.6333855
15310,CNc1cc(C)n(C)n1,0,-399.5010018,-399.6382748
15311,CNc1cc(C2CC2)n[nH]1,0,-437.5760121,-437.7192711
15313,CNc1cc(F)nc(F)n1,0,-557.6109156,-557.6833656
15315,CNc1cc(N)ccc1O,0,-457.5251295,-457.6573225
15323,CNc1ccc(OC)cc1,0,-441.4455063,-441.5896633
15324,CNc1cccc(C#N)n1,0,-435.2493225,-435.3474845
15326,CNc1cccc(CO)c1,0,-441.4585223,-441.6025403
15329,CNc1ccccc1C=O,0,-440.2828493,-440.4051363
15332,CNc1ccnn1C(C)C,0,-438.8003283,-438.9655793
15333,CNc1cn[nH]c(=O)c1,0,-434.2612139,-434.3552399
15336,CNc1cnc(CN)cn1,0,-453.6851261,-453.8176501
15337,CNc1cncc(OC)n1,0,-473.5684142,-473.6887202
15339,CNc1n[nH]c(=O)[nH]c1=O,0,-525.6050991,-525.6907801
15341,CNc1nc(C)ccc1N,0,-437.6495995,-437.7940175
15342,CNc1nc(C)nc(O)n1,0,-489.6817288,-489.7878418
15349,CNc1ncc(N)cn1,0,-414.3967082,-414.5023402
15350,CNc1nccc(C=O)n1,0,-472.3931476,-472.4891876
15351,CNc1ncccc1CN,0,-437.6389565,-437.7857815
15353,CNc1ncncc1F,0,-458.3093436,-458.3906086
15354,CNc1nnc(C)n1C,0,-415.5593003,-415.6857033
15356,CNc1nonc1C(=O)O,0,-545.4015797,-545.4730037
15358,CO/C=N/c1ccccc1,0,-440.2598195,-440.3812775
15360,CO/N=C(N)/C(N)=N/OC,0,-527.8618986,-527.9864026
15363,CO/N=C/[C@H]1C=NNC1=O,0,-509.4289732,-509.5212482
15364,CO/N=C/c1cccnc1,0,-456.2636225,-456.3716255
15365,CO/N=C1/CNC[C@H]1CN,0,-475.8746467,-476.0408077
15366,COC(=N)CC(=N)OC,0,-456.5216832,-456.6448662
15368,COC(=N)c1ccccn1,0,-456.3232719,-456.4339959
15369,COC(=O)/C=C(\N)C(C)C,0,-479.8093851,-479.9701991
15373,COC(=O)/C=C/[C@@H]1O[C@@H]1C,0,-498.4381112,-498.5641712
15376,COC(=O)C#C[C@@H](O)OC,0,-534.3511951,-534.4500721
15379,COC(=O)C(C)(C)CC#N,0,-478.6060339,-478.7435919
15380,COC(=O)C12CC1(CO)C2,0,-498.4108405,-498.5401075
15382,COC(=O)C1=C(N)CCC1,0,-478.6142252,-478.7573932
15384,COC(=O)C1=CCC=CC1,0,-461.3335891,-461.4644911
15387,COC(=O)C1=C[C@H](O)NN1,0,-530.5510607,-530.6580087
15390,COC(=O)C1CN(C#N)C1,0,-493.4166341,-493.5216371
15391,COC(=O)C=C1NCCN1,0,-494.6618685,-494.7941505
15392,COC(=O)CC1(O)COC1,0,-535.5842179,-535.7115709
15393,COC(=O)CCN(C)N=O,0,-531.7282223,-531.8520073
15394,COC(=O)CCN1C[C@H]1C,0,-479.7489724,-479.9100394
15395,COC(=O)COCC1CC1,1,-499.6283276,-499.7781336
15396,COC(=O)C[C@H](CN)OC,0,-516.9115889,-517.0721609
15399,COC(=O)Cc1nnco1,1,-529.3833123,-529.4651413
15401,COC(=O)Cn1cccc1,0,-477.400231,-477.516499
15402,COC(=O)N(C)CCCN,0,-497.0466398,-497.2212538
15403,COC(=O)N1C=CC=CC1,0,-477.3939465,-477.5135505
15404,COC(=O)N1CC(C)(N)C1,0,-495.8324893,-495.9835453
15405,COC(=O)N=NC(=O)OC,0,-566.4965118,-566.5719288
15406,COC(=O)NCC(C)=O,0,-476.4594947,-476.5664767
15407,COC(=O)[C@@H](C)C1CNC1,0,-479.7553616,-479.9187576
15408,COC(=O)[C@@H]1COCC1=O,0,-534.4162479,-534.5211189
15409,COC(=O)[C@@H]1[C@@H]2CCO[C@@H]21,0,-498.4373366,-498.5686466
15410,COC(=O)[C@@]1(C)CCCO1,0,-499.669339,-499.821911
15411,COC(=O)[C@H]1C=C[C@H](N)C1,0,-478.58367,-478.724923
15412,COC(=O)[C@H]1C[C@@H]1CCO,1,-499.6507899,-499.8005999
15416,COC(=O)c1cc(F)c[nH]1,0,-537.3842202,-537.4676352
15423,COC(=O)c1ccnnn1,0,-508.2624583,-508.3344043
15425,COC(=O)c1cnoc1,0,-474.0022304,-474.0703634
15431,COC(=O)c1ncnn1C,0,-509.5152609,-509.6110439
15436,COC(=O)n1nccc1C,0,-493.4562559,-493.5638389
15437,COC(CC#CC=O)OC,0,-498.3868112,-498.5086062
15438,COC(CNC(=N)N)OC,1,-513.0706122,-513.2325772
15439,COC(OC)(OC)C(N)=O,0,-552.8533969,-552.9888309
15440,COC(OC)/C(C)=N/O,0,-477.5367089,-477.6683879
15442,COC/C=C(\COC)OC,0,-500.7892478,-500.9598868
15443,COC/C=C/COC,1,-386.2549668,-386.3949438
15444,COC12CC(C(C)=O)(C1)C2,0,-462.4448791,-462.5954851
15445,COC1=C(C)CC=CC1,0,-387.2505138,-387.3994548
15446,COC1=C(C)O[C@@H](C)C1=O,0,-498.4582634,-498.5858484
15447,COC1=CC(=O)NCCC1,0,-478.5863606,-478.7319166
15448,COC1=CC(=O)O[C@@H]1CO,0,-534.4111866,-534.5179006
15449,COC1=CC=CC=CC1,0,-386.050163,-386.179598
15450,COC1=CC=CC=CC=C1,0,-424.1319981,-424.2643491
15451,COC1=CCOCC1,0,-385.0785955,-385.2030155
15452,COC1=C[C@@H](C)C=C(C)C1,0,-426.5614688,-426.7381498
15453,COC1=NC=CCC=CC1,0,-441.4085997,-441.5533867
15454,COC1=NC=NC=C(C)C1,0,-457.4871674,-457.6195754
15455,COC1=NO[C@H]2C=CO[C@@H]12,0,-513.2395791,-513.3368411
15456,COC1=N[C@H](C)CCCC1,0,-443.8303538,-444.0214798
15457,COC1C=CC=CC=C1,0,-386.0397629,-386.1679569
15458,COC1CC(=CC(=O)O)C1,0,-498.4483604,-498.5757884
15459,COC1CC(CC=O)C1,0,-424.3747503,-424.5210343
15460,COC1CN(C(=N)N)C1,0,-436.6071581,-436.7449691
15461,COC1NCC(C=O)CN1,0,-495.8060702,-495.9604332
15462,COC=CC(OC)OC,0,-461.4972202,-461.6384522
15464,COCC(=N)N1CCCC1,0,-459.866945,-460.044788
15465,COCC(=O)CC(=O)OC,1,-535.6079754,-535.7313654
15466,COCC(=O)N1CC(O)C1,0,-515.6848504,-515.8235644
15467,COCC(=O)NCC(C)C,1,-480.9836425,-481.1675285
15468,COCC/C=C\C1CC1,1,-388.4113373,-388.5794223
15469,COCC1(C=O)CC=CC1,0,-462.489534,-462.641912
15470,COCC1=NN(C)C(=O)C1,0,-494.6200849,-494.7479419
15471,COCCC(=O)C1CCC1,1,-463.6824285,-463.8557875
15472,COCCC[C@@H](C)C(=O)O,1,-500.8727169,-501.0433439
15473,COCCN1CCC(=O)C1,0,-479.7451196,-479.9092656
15475,COCCNCCC(=O)O,0,-516.9157446,-517.0753556
15476,COCCNc1ncn[nH]1,1,-490.7943457,-490.9254597
15477,COCCOCC(C)=O,1,-461.5224644,-461.6651724
15478,COCC[C@@H]1CCOC1=O,0,-499.6624149,-499.8176859
15479,COCCc1c[nH]nc1O,2,-494.6171701,-494.7460481
15482,COCCc1ncon1,1,-455.2882281,-455.3910311
15484,COCCc1nnnn1C,0,-490.759862,-490.889262
15486,COCCn1cnc(N)c1,0,-474.7419845,-474.8836265
15489,COCNC(=O)N(C)C,0,-457.734961,-457.880463
15490,COCOCCC=O,0,-422.2211044,-422.3394884
15491,COCO[C@H]1C[C@@H](C=O)C1,0,-499.6100854,-499.7592664
15492,COC[C@@H]1CCCN1C=O,0,-479.77349,-479.938633
15493,COC[C@H](C)n1cccc1,1,-442.622131,-442.786377
15495,COC[C@H]1C=CCCN1,0,-404.4926074,-404.6556844
15496,COC[C@H]1CNC(=O)O1,1,-476.4275191,-476.5425611
15497,COC[C@]1(O)C=CC(=O)O1,0,-534.4040662,-534.5086642
15498,COCc1cc(=O)[nH]cn1,0,-493.4616231,-493.5707811
15502,COCc1ccc(O)cc1,0,-461.3354183,-461.4666283
15505,COCc1cncnc1N,0,-473.5758347,-473.6983537
15507,COCc1nc(C)n(C)n1,1,-474.745842,-474.884216
15508,COCc1nc(C=O)c[nH]1,0,-493.4453551,-493.5524571
15511,COCc1nnc(CN)o1,0,-510.6583861,-510.7752031
15517,COCn1[nH]c(C)nc1=N,0,-490.778527,-490.908056
15518,COCn1[nH]cnc1=NN,0,-506.7849931,-506.9047141
15521,CON(C)C(=O)C1(C)CC1,0,-479.6980654,-479.8586924
15523,CON(C)C(=O)CCCO,0,-516.8607205,-517.0208585
15524,CON1C(=O)NC(=O)C1=O,0,-565.3277801,-565.3861621
15525,CON1CCN(N)C1=O,0,-472.5144429,-472.6299039
15526,CON=C1CC(C(=O)O)C1,0,-514.4709874,-514.5844064
15527,CON=CC(=O)O,0,-397.7684845,-397.8244235
15530,CO[C@@H]1CC(=O)CC[C@H]1C,0,-463.7167946,-463.8938106
15531,CO[C@@H]1CN(C=O)CCO1,0,-515.711793,-515.854915
15532,CO[C@@H]1[C@@H](C)C(=O)C1(C)C,0,-463.6959016,-463.8680726
15534,CO[C@@]1(C)CC(=O)C1(C)C,0,-463.6940485,-463.8669755
15535,CO[C@@]1(C=O)CC[C@H](C)C1,0,-463.7049193,-463.8799543
15536,CO[C@H](C(=O)O)C1CCC1,1,-499.6463574,-499.7978854
15537,CO[C@H](C)C[C@@H](C)C=O,1,-425.5999916,-425.7663856
15538,CO[C@H]1C=CCNC1,0,-365.1891368,-365.3255598
15539,CO[C@H]1C=C[C@@](C)(OC)O1,0,-499.6246644,-499.7758854
15541,CO[C@H]1C=NC=NC1=O,0,-454.1065031,-454.1866051
15542,CO[C@H]1CCCC[C@H]1C=O,0,-463.7080628,-463.8856648
15543,CO[C@H]1N=C(N)CC(=O)N1,0,-510.72517,-510.844281
15544,CO[C@H]1OCCCC1=O,0,-460.34322,-460.470216
15545,COc1[nH]ccc(=O)c1F,0,-537.3583574,-537.4417624
15546,COc1c(C)cccc1N,0,-441.4614403,-441.6044883
15549,COc1c(CO)cnn1C,0,-494.6080463,-494.7376043
15551,COc1c(N)c(=O)c1=O,0,-474.0116286,-474.0759416
15553,COc1c(O)[nH]cnc1=O,0,-529.3959979,-529.4811159
15557,COc1cc(C)ccc1O,0,-461.3467521,-461.4769001
15559,COc1cc(CN)[nH]n1,0,-435.4288263,-435.5443483
15562,COc1cc(F)cc(F)c1,0,-545.3466763,-545.4304463
15570,COc1cc([C@H](C)O)on1,1,-514.4733597,-514.5900167
15573,COc1ccc(C#N)nn1,0,-471.1389067,-471.2129057
15577,COc1ccc(N)c(F)n1,0,-517.5006267,-517.5972727
15578,COc1ccc(N)cc1F,0,-501.4265875,-501.5346495
15585,COc1cccc(=O)cc1,0,-460.1151216,-460.2249946
15588,COc1cccc(NN)c1,0,-457.4773908,-457.6111758
15591,COc1cccccc1=O,0,-460.1126482,-460.2217202
15592,COc1cccnc1CO,0,-477.3899252,-477.5102672
15593,COc1ccn(C)c(=O)n1,0,-493.4747791,-493.5834911
15596,COc1ccnc(N)c1C,0,-457.5257001,-457.6584811
15597,COc1ccnc(OC)c1,0,-477.3904477,-477.5111227
15598,COc1ccncc1C#N,0,-455.1162936,-455.2033876
15599,COc1ccoc1C(C)=O,0,-497.2563915,-497.3617525
15600,COc1cn[nH]c1C(=O)O,0,-529.392635,-529.477707
15602,COc1cnc(C2CC2)[nH]1,0,-457.4697113,-457.6002723
15604,COc1cnc(F)cc1C,0,-501.4338111,-501.5414321
15605,COc1cnc(N)[nH]c1=O,0,-509.5319957,-509.6296147
15608,COc1cnc(N)c(N)c1,0,-473.576879,-473.699238
15612,COc1cncnc1C=O,0,-492.2407367,-492.3260267
15613,COc1cnnc(CO)c1,0,-493.4107732,-493.5177562
15616,COc1nc(=O)[nH]cc1F,0,-553.4404305,-553.5134745
15618,COc1nc(C)cc(=O)[nH]1,0,-493.4902771,-493.5987401
15619,COc1nc(C)ccc1C,0,-441.4726758,-441.6148508
15620,COc1nc(C)nc(N)n1,0,-489.6713158,-489.7789678
15626,COc1ncc(F)c(O)n1,0,-553.4388994,-553.5123264
15629,COc1nccc(CN)n1,0,-473.5728764,-473.6935784
15633,COc1nccnc1NN,0,-489.5987791,-489.7088321
15637,COc1ncnnc1CN,0,-489.5882986,-489.6966446
15638,COc1nn(C)c(C)c1N,0,-474.7371914,-474.8767284
15640,COc1nn(C)cc1C=O,0,-493.429141,-493.535643
15642,COc1nnc(OC)n1N,0,-526.6860662,-526.7925622
15646,C[C@@H](C#N)CCC(=O)O,0,-439.3183063,-439.4298813
15648,C[C@@H](C(=O)O)N(C)N=O,0,-492.4370421,-492.5347351
15651,C[C@@H](C(=O)O)n1ccnn1,0,-509.5023959,-509.5976189
15654,C[C@@H](C=O)C(F)(F)F,0,-530.3131069,-530.3700969
15655,C[C@@H](C=O)C1CCOCC1,0,-463.7068109,-463.8837859
15656,C[C@@H](CCN)c1nc[nH]n1,0,-454.8696064,-455.0255804
15657,C[C@@H](CCN)n1ccnc1,0,-438.8161764,-438.9834614
15658,C[C@@H](CN)c1cnc[nH]1,0,-399.5213289,-399.6632089
15659,C[C@@H](N)CCc1cn[nH]c1,0,-438.8036352,-438.9708272
15665,C[C@@H](N)c1nc(=O)cc[nH]1,0,-473.5896291,-473.7115131
15668,C[C@@H](NN)c1ccc[nH]1,1,-399.4780901,-399.6191971
15669,C[C@@H](O)CCNC(=O)CN,0,-497.0596044,-497.2357294
15671,C[C@@H](O)c1cccc(F)c1,0,-485.3853648,-485.5040388
15672,C[C@@H](O)c1ccncc1F,0,-501.4327425,-501.5413745
15675,C[C@@H]1C(=O)C(=O)C=CN1C,0,-477.3851576,-477.5034146
15676,C[C@@H]1C(=O)C[C@@H]2CCC[C@@H]21,0,-426.5977201,-426.7782451
15677,C[C@@H]1C(=O)N(N)C(=O)N1C,0,-510.7280713,-510.8460693
15678,C[C@@H]1C(=O)c2ccccc21,0,-422.9966366,-423.1080836
15679,C[C@@H]1C=CCCC=CC1,0,-351.3018463,-351.4775473
15680,C[C@@H]1C=CC[C@@](C)(C#N)C1,0,-405.5020624,-405.6694604
15682,C[C@@H]1C=CO[C@@H](C)CO1,0,-424.3839324,-424.5338134
15683,C[C@@H]1C=C[C@H]2C[C@@H](O)[C@H]12,0,-387.1969256,-387.3497626
15684,C[C@@H]1C=C[C@H]2[C@@H](C1)C2(C)C,0,-390.6087542,-390.8111382
15685,C[C@@H]1C=NN(C)[C@H]1C,0,-345.3118947,-345.4575457
15687,C[C@@H]1CC(=O)C=C(N)C1,0,-403.3625015,-403.5026995
15688,C[C@@H]1CC(=O)CC(C)(C)C1,0,-427.8005442,-428.0016762
15689,C[C@@H]1CC(=O)[C@H](F)[C@H](C)C1,0,-487.7703541,-487.9359521
15690,C[C@@H]1CC(=O)c2ncnn21,0,-472.3694882,-472.4695482
15691,C[C@@H]1CC=C(O)CC1,0,-349.1732929,-349.3212289
15692,C[C@@H]1CCC(=O)[C@@H](C=O)C1,0,-462.5384361,-462.6920311
15693,C[C@@H]1CCC/C(=C\O)C1=O,0,-462.532773,-462.687756
15695,C[C@@H]1CCC2=C1N=CCN2,0,-421.540764,-421.698962
15696,C[C@@H]1CCC=CO1,0,-309.8568861,-309.9778991
15697,C[C@@H]1CCCCN(C)C1=O,0,-443.8533531,-444.0446631
15699,C[C@@H]1CCN(CC(=O)O)C1,0,-479.7930996,-479.9587906
15700,C[C@@H]1CCNc2ccnn21,0,-437.6102407,-437.7594617
15701,C[C@@H]1CC[C@@H](C)[C@H](C)C1=O,0,-427.7995592,-428.0006752
15702,C[C@@H]1CC[C@@]2(C)C=C[C@@H]12,0,-351.296287,-351.472278
15703,C[C@@H]1CC[C@H]1c1cc[nH]n1,0,-421.5318951,-421.6884961
15705,C[C@@H]1CCc2nccnc21,0,-420.3830693,-420.5199803
15706,C[C@@H]1CN(C)CC/C1=N\O,0,-459.8333256,-460.0119906
15707,C[C@@H]1CN(C=O)[C@@H](C)CN1,0,-459.900417,-460.079768
15708,C[C@@H]1CN2CC(=O)[C@H]1C2,0,-403.3177641,-403.4612251
15709,C[C@@H]1CNC(=O)C[C@H](C)O1,0,-479.7987794,-479.9652804
15710,C[C@@H]1CNC(=O)[C@@H](C)C1,0,-404.5665979,-404.7303849
15711,C[C@@H]1CNC(NN)=N1,0,-377.4323959,-377.5580129
15716,C[C@@H]1CNc2cccnc21,0,-420.3840246,-420.5215456
15718,C[C@@H]1C[C@@H](C)C(O)=CC1=O,0,-462.5448341,-462.6997451
15719,C[C@@H]1C[C@@H](CC(=O)O)CN1,1,-479.8032988,-479.9679338
15721,C[C@@H]1C[C@H](C(=O)O)CCO1,0,-499.6921621,-499.8468341
15722,C[C@@H]1C[C@H](CN)CC(=O)N1,0,-459.9228639,-460.1022869
15723,C[C@@H]1C[C@H]2CON=C2CO1,0,-478.5153606,-478.6615846
15726,C[C@@H]1Cc2ccccc2O1,0,-424.2156868,-424.3517188
15728,C[C@@H]1Cc2cnccc2N1,0,-420.3875678,-420.5252978
15730,C[C@@H]1N=C(CN)OC1=O,0,-455.3582181,-455.4615241
15731,C[C@@H]1NC(=O)C(=O)O[C@H]1C,0,-514.5611662,-514.6802662
15732,C[C@@H]1NCC(=O)N1O,0,-417.1895392,-417.2889222
15733,C[C@@H]1NCCc2[nH]cnc21,0,-437.6257261,-437.7749111
15734,C[C@@H]1NCCc2occc21,0,-441.4319644,-441.5801604
15737,C[C@@H]1N[C@@H](C)[C@@H](C)NC1=O,0,-459.9170271,-460.0962331
15738,C[C@@H]1OC/C(=C\NN)C1=O,0,-494.5999422,-494.7291092
15739,C[C@@H]1OCCNC1=O,0,-401.1853605,-401.2986685
15740,C[C@@](O)(CCO)CC(=O)O,0,-536.8344086,-536.9850646
15741,C[C@@]1(C(=O)O)C=CCCN1,0,-478.5972346,-478.7414956
15742,C[C@@]1(C(N)=O)C[C@@H](O)CN1,0,-495.8641923,-496.0186163
15743,C[C@@]1(CCN)CCNC1=O,0,-459.9173118,-460.0974288
15744,C[C@@]1(CN)C=CCCC1,0,-368.5799591,-368.7677311
15747,C[C@@]12C=C[C@@H](CC1=O)C2,0,-386.0705197,-386.2009937
15748,C[C@@]12C=C[C@]1(C)CCC2,0,-351.2996018,-351.4753748
15749,C[C@@]12CCCC(=O)[C@@H]1O2,0,-423.2037574,-423.3322134
15750,C[C@@]12CCC[C@@H]1OC(=O)C2,0,-462.5569555,-462.7146785
15751,C[C@@]12C[C@H](O)C=C[C@]1(C)C2,0,-426.5490452,-426.7275502
15752,C[C@@]12OCC[C@H]1CC(=O)O2,0,-498.4591578,-498.5938688
15755,C[C@H](C#N)n1cnc(N)c1,0,-452.482139,-452.589825
15760,C[C@H](CCO)n1cccn1,0,-458.6882495,-458.8449325
15763,C[C@H](COC=O)OC=O,0,-496.3277187,-496.4276247
15765,C[C@H](N)CN1C=N[C@@H](C)C1,0,-439.9950998,-440.1842648
15767,C[C@H](N)[C@@H](C)n1cncn1,0,-454.8687269,-455.0247369
15770,C[C@H](N)c1cocn1,0,-380.0868444,-380.1877524
15771,C[C@H](N)c1noc(O)n1,0,-471.3723887,-471.4645017
15772,C[C@H](NC1COC1)C(=O)O,0,-515.7001263,-515.8397523
15773,C[C@H](O)/C=C\[C@@H](C)O,0,-386.2907615,-386.4336415
15774,C[C@H](O)C1=CCC=C1,0,-347.9563233,-348.0783423
15775,C[C@H](O)CN1CCCC1=O,0,-479.8059854,-479.9727074
15777,C[C@H](O)[C@@H](O)[C@H](N)CC=O,0,-516.9124354,-517.0767994
15778,C[C@H](O)[C@H](N)/C(O)=N/O,0,-493.6332885,-493.7561185
15783,C[C@H](O)c1ncc(O)cn1,1,-493.4618031,-493.5693851
15784,C[C@H]1C(=O)CC(=O)C1=O,0,-457.9801121,-458.0569261
15785,C[C@H]1C(=O)N=C(N)N=C1O,0,-509.5554661,-509.6518031
15787,C[C@H]1C(C=O)[C@@H]1C,0,-309.8476519,-309.9635849
15789,C[C@H]1C=COC1,0,-270.5434244,-270.6357484
15790,C[C@H]1C=Cc2ccccc21,0,-387.0764952,-387.2137192
15791,C[C@H]1C=NC(=O)C(N)=C1N,0,-473.5744445,-473.6955065
15792,C[C@H]1CC(=NO)[C@@H](C)CN1,0,-459.8459874,-460.0244514
15793,C[C@H]1CC(=O)C(F)=C(O)C1,0,-522.5138344,-522.6327334
15794,C[C@H]1CC(=O)CC(=O)O1,0,-459.1950974,-459.2979244
15795,C[C@H]1CC(=O)CN(C)[C@H]1C,0,-443.8303965,-444.0197615
15796,C[C@H]1CC(=O)NCCN1,0,-420.6054734,-420.7591474
15798,C[C@H]1CCC[C@H](C)C1=NO,0,-443.7986895,-443.9888665
15799,C[C@H]1CCC[C@H](C)N1C=O,0,-443.8533487,-444.0448637
15800,C[C@H]1CCC[C@H](N)C(=O)N1,0,-459.9140694,-460.0949074
15803,C[C@H]1CN1C(=O)N(C)C,1,-420.5740986,-420.7205716
15804,C[C@H]1CN=C(N)O1,0,-341.9958929,-342.0921969
15805,C[C@H]1CNCc2c[nH]nc21,0,-437.6050287,-437.7544237
15806,C[C@H]1CNCc2nncn21,0,-453.658203,-453.795676
15807,C[C@H]1CNc2ncnn2C1,0,-453.6805178,-453.8183748
15808,C[C@H]1COCCN1C(=N)N,0,-475.9349201,-476.1044401
15809,C[C@H]1COC[C@H](C(N)=O)N1,0,-495.8448651,-496.0006671
15810,C[C@H]1C[C@@H](C#N)C(=O)O1,0,-438.1029237,-438.1957927
15811,C[C@H]1C[C@@H](O)c2nccn21,0,-457.5095458,-457.6452108
15816,C[C@H]1N=C1c1ccccc1,0,-403.0852384,-403.2065164
15817,C[C@H]1N=NNN1C,0,-338.0698786,-338.1650896
15818,C[C@H]1NC(=O)CC12CC2,0,-403.340729,-403.481007
15819,C[C@H]1NC(C)(C)COC1=O,0,-479.789981,-479.956079
15820,C[C@H]1NCCC[C@H]1C(=O)O,0,-479.8077083,-479.9764573
15823,C[C@H]1NCCn2cccc21,0,-421.5554665,-421.7161755
15824,C[C@H]1NNC(=O)NC1=O,0,-471.4259376,-471.5200786
15826,C[C@H]1O/C(=N/O)[C@@H](C)O1,0,-476.3613006,-476.4736376
15828,C[C@H]1OCCN[C@@H]1C(N)=O,0,-495.8430346,-495.9992736
15829,C[C@]1(CC(=O)O)CCCN1,0,-479.8079443,-479.9761863
15830,C[C@]1(CF)NC(=O)NC1=O,0,-554.6851705,-554.7806955
15831,C[C@]1(NO)CCCCC1=O,0,-479.7353175,-479.9028805
15832,C[C@]1(c2ccccc2)CN1,1,-404.294679,-404.440423
15834,C[C@]12CC=C[C@H](C1)C(=O)N2,0,-441.4677208,-441.6159698
15835,C[C@]12CCC(=O)N1CCN2,0,-458.7180556,-458.8775746
15836,C[C@]12CCC=C1C(=O)CC2,0,-425.3857847,-425.5435627
15837,C[C@]12CCCC1=CC(=O)C2,0,-425.3950041,-425.5527311
15838,C[C@]12CCC[C@H]1C(=O)N2,0,-403.3516836,-403.4932296
15839,Cc1[nH]c(C=O)c(C)c1C,0,-441.4755199,-441.6141139
15841,Cc1[nH]c(N)c(C#N)c1C,0,-436.4498545,-436.5682165
15842,Cc1[nH]c(N)nc(=O)c1N,0,-489.6682149,-489.7778799
15844,Cc1[nH]cnc1CC#N,0,-397.1382104,-397.2305224
15845,Cc1[nH]n(C)c(=N)c1C,0,-399.4852276,-399.6225666
15850,Cc1[nH]nc(O)c1CCO,0,-494.6408088,-494.7703488
15852,Cc1[nH]nc2c1CCCO2,0,-457.4937356,-457.6289716
15855,Cc1[nH]oc(=O)c1CCN,0,-494.6137662,-494.7432642
15857,Cc1c(C(=O)O)nnn1C,0,-509.5179366,-509.6134926
15858,Cc1c(C)c(=N)[nH][nH]c1=N,0,-453.647541,-453.776044
15859,Cc1c(C)n(C)ccc1=N,0,-421.5617006,-421.7142046
15864,Cc1c(F)cccc1C#N,0,-463.1181973,-463.2032743
15867,Cc1c(N)c(=O)n(C)n1C,0,-474.7481759,-474.8895099
15870,Cc1c(N)ccc(F)c1F,0,-525.4785387,-525.5742987
15872,Cc1c(N)cnn1C(F)F,0,-558.7630278,-558.8569558
15873,Cc1c(N)nc(=O)[nH]c1F,0,-533.590934,-533.675887
15875,Cc1c(N)noc1C(C)C,0,-458.6775975,-458.8295355
15881,Cc1c/c(=N\N)nc(N)[nH]1,0,-469.7226096,-469.8441336
15882,Cc1c[nH]c(C(C)(C)C)n1,1,-422.7813213,-422.9571403
15883,Cc1c[nH]c(C=O)c1C#N,0,-455.1296648,-455.2137228
15885,Cc1c[nH]c2c1CCCC2,0,-405.5211241,-405.6921211
15886,Cc1c[nH]c2ccccc12,0,-403.1520239,-403.2773309
15890,Cc1c[nH]c2ncncc12,0,-435.2630488,-435.3656298
15892,Cc1c[nH]cc1C(C)(C)O,0,-442.6509052,-442.8158372
15893,Cc1c[nH]nc1C,0,-304.8498225,-304.9458525
15894,Cc1cc(/C=N/N)oc1C,0,-457.473425,-457.602102
15895,Cc1cc(=O)cc(C)n1O,0,-477.3562763,-477.4745993
15896,Cc1cc(=O)n(C)c(=O)[nH]1,0,-493.5190294,-493.6275964
15905,Cc1cc(C(C)(C)N)on1,1,-458.6704497,-458.8229017
15909,Cc1cc(C(N)=O)n(N)c1,0,-473.5721124,-473.6918324
15915,Cc1cc(C)c(C=NO)[nH]1,0,-457.478284,-457.605858
15917,Cc1cc(C)c(F)c(C)n1,0,-465.5153342,-465.6429322
15918,Cc1cc(C)c(F)cc1C,0,-449.4575556,-449.5987196
15920,Cc1cc(C)c(N)c(N)c1,0,-421.6007598,-421.7557898
15922,Cc1cc(C)c2c(c1)CC2,0,-388.2471995,-388.4013895
15927,Cc1cc(C)n(C)c1C=O,0,-441.4624513,-441.6030423
15929,Cc1cc(C)n(CCN)c1,0,-422.758683,-422.935557
15932,Cc1cc(C)n(N)c(=O)n1,0,-473.5754957,-473.6939537
15933,Cc1cc(C)nc(CN)c1,0,-421.5915334,-421.7436944
15936,Cc1cc(C2CC2)ncn1,0,-420.3657751,-420.4988071
15940,Cc1cc(C=O)nc(C)n1,0,-456.3416362,-456.4460922
15949,Cc1cc(CNN)c(C)o1,0,-458.6615073,-458.8145093
15953,Cc1cc(C[C@H](C)O)[nH]n1,0,-458.7014631,-458.8550481
15957,Cc1cc(F)cc(C)c1O,0,-485.3959611,-485.5140861
15964,Cc1cc(N)c(N)nc1C,0,-437.6621062,-437.8064362
15966,Cc1cc(N)c[nH]c1=O,0,-418.2369423,-418.3426833
15968,Cc1cc(N)cc(C#N)c1,0,-419.2069989,-419.3157139
15974,Cc1cc(N)n(N)c(=O)c1,0,-473.5801518,-473.7012598
15975,Cc1cc(N)nn1C1CC1,0,-437.5864858,-437.7298628
15976,Cc1cc(N/C=N/O)on1,0,-509.4220982,-509.5153462
15978,Cc1cc(NC(N)=O)no1,0,-509.5142322,-509.6094522
15982,Cc1cc(O)c(F)c(F)c1,0,-545.3605808,-545.4421278
15984,Cc1cc(O)cc(C=O)c1,0,-460.1696158,-460.2755328
15988,Cc1cc(O)ccc1N=O,0,-476.1524533,-476.2477863
15992,Cc1cc(O)nnc1O,0,-454.1511042,-454.2325132
15993,Cc1cc([C@@H](C)N)ccn1,1,-421.5846407,-421.7386197
15996,Cc1cc2[nH]ccn2n1,0,-397.1024998,-397.1976218
15998,Cc1cc2c(o1)CCNC2,0,-441.4360996,-441.5836176
15999,Cc1cc2ccccn2c1,0,-403.1318399,-403.2563269
16000,Cc1cc2cn[nH]c2cn1,0,-435.2409815,-435.3428735
16001,Cc1cc2cnccc2[nH]1,0,-419.2057932,-419.3196042
16003,Cc1cc2n(n1)CCCN2,0,-437.6131475,-437.7612735
16007,Cc1cc2nccnc2[nH]1,0,-435.259651,-435.361654
16008,Cc1cc2ncncc2[nH]1,0,-435.2593797,-435.3612857
16011,Cc1cc[nH]c1CC(=O)O,0,-477.4317496,-477.5499266
16015,Cc1ccc(=O)n(C)n1,0,-418.2078307,-418.3122147
16017,Cc1ccc(C#N)cc1O,0,-439.0872451,-439.1849751
16019,Cc1ccc(C(=N)N)n1C,0,-437.63419,-437.777808
16020,Cc1ccc(C(=O)CO)o1,0,-497.2796563,-497.3849933
16022,Cc1ccc(C(C)C)cc1,0,-389.4786279,-389.6550479
16023,Cc1ccc(C(F)(F)F)o1,0,-606.5220051,-606.5899891
16029,Cc1ccc(C)c(F)c1F,0,-509.4239881,-509.5292851
16030,Cc1ccc(C)c(N)c1C,0,-405.5404544,-405.7077374
16031,Cc1ccc(C)c(NN)c1,0,-421.5588139,-421.7132309
16036,Cc1ccc(C=O)c(=O)[nH]1,0,-476.2382825,-476.3355185
16041,Cc1ccc(CN)c(C)n1,0,-421.5864491,-421.7403321
16043,Cc1ccc(CO)c(N)c1,0,-441.4766478,-441.6205408
16047,Cc1ccc(F)c(C=O)n1,0,-500.2451241,-500.3272821
16049,Cc1ccc(N(C)N)nn1,0,-453.6275938,-453.7584618
16052,Cc1ccc(N)cc1CN,0,-421.5864545,-421.7424225
16053,Cc1ccc(N)nc1C#N,0,-435.2635491,-435.3608961
16054,Cc1ccc(NC#N)cc1,0,-419.1911719,-419.2984819
16056,Cc1ccc(NN=O)nc1,0,-472.3265024,-472.4227784
16060,Cc1ccc(O)c(O)c1O,0,-497.307571,-497.414205
16062,Cc1ccc([C@@H]2CN2)cc1,0,-404.2947088,-404.4390748
16063,Cc1ccc([C@@H]2CO2)cn1,0,-440.233061,-440.353149
16064,Cc1ccc2[nH]ccc2n1,0,-419.205291,-419.317625
16067,Cc1ccc2c(c1)C(=O)C2,0,-422.9988121,-423.1081141
16072,Cc1ccc2c(n1)[C@@H](C)C2,0,-404.2990748,-404.4438808
16074,Cc1ccc2cc[nH]c2c1,0,-403.1513353,-403.2759593
16075,Cc1ccc2ccnn2c1,0,-419.1789241,-419.2927751
16078,Cc1ccc2cn[nH]c2n1,0,-435.2499864,-435.3513384
16080,Cc1ccc2n1CCNC2,0,-421.5565313,-421.7168483
16081,Cc1ccc2n[nH]nc2n1,0,-451.2802072,-451.3709462
16086,Cc1ccc2nnnn2n1,0,-467.2857718,-467.3631578
16093,Cc1cccc(C(F)F)n1,0,-525.4865238,-525.5802098
16095,Cc1cccc(C)c1NO,0,-441.4175433,-441.5612943
16097,Cc1cccc(CCF)c1,0,-449.4515871,-449.5920711
16102,Cc1cccc(O)c1C=O,0,-460.1575271,-460.2661461
16107,Cc1cccc2c1CC=C2,0,-387.080737,-387.216712
16109,Cc1cccc2c1NCC2,0,-404.334576,-404.483223
16110,Cc1cccc2cc[nH]c12,0,-403.1523108,-403.2776528
16112,Cc1cccc2cncn12,0,-419.1926499,-419.3070069
16115,Cc1cccc2nnnn12,0,-451.2629905,-451.3530035
16117,Cc1cccc2ocnc12,0,-439.0862323,-439.1875203
16120,Cc1ccccc1C1CC1,0,-388.2479462,-388.4052282
16121,Cc1ccccc1CC=O,0,-424.2187322,-424.3504252
16124,Cc1ccccc1NN=N,0,-436.3896938,-436.5097938
16127,Cc1cccn2cnnc12,0,-435.2307233,-435.3324103
16132,Cc1cccnc1[C@H](C)O,0,-441.4708806,-441.6146186
16135,Cc1ccn(CC(C)C)n1,1,-422.7575076,-422.9331686
16137,Cc1ccn(N)c1C#N,0,-397.0997045,-397.1924105
16138,Cc1ccn2ccnc2c1,0,-419.1958126,-419.3093226
16145,Cc1ccnc(F)c1CO,0,-501.4437941,-501.5517291
16147,Cc1ccnc(NC=O)c1,0,-456.3611047,-456.4694417
16149,Cc1ccnc2[nH]ncc12,0,-435.248805,-435.351244
16151,Cc1ccnc2c1CNC2,0,-420.3785443,-420.5150573
16153,Cc1ccnc2ccnn12,0,-435.2355847,-435.3380817
16155,Cc1ccncc1N(C)C,0,-421.5616091,-421.7180671
16159,Cc1ccnn1CCCO,0,-458.6918439,-458.8467419
16161,Cc1ccnnc1NN,0,-414.330382,-414.43652
16166,Cc1cn(C)c(NN)n1,0,-415.5465056,-415.6738706
16167,Cc1cn(C)nc1C(F)F,0,-542.710124,-542.813149
16172,Cc1cn2cccnc2n1,0,-435.2482355,-435.3497235
16174,Cc1cnc(=O)n(C)c1,0,-418.2267348,-418.3312428
16177,Cc1cnc(C(C)C)o1,1,-403.3502609,-403.4871719
16185,Cc1cnc(CO)c(C)c1,0,-441.4728905,-441.6147195
16190,Cc1cnc(N)c(O)c1F,0,-517.5133273,-517.6093573
16191,Cc1cnc(NN)c(N)c1,0,-453.6759066,-453.8098506
16195,Cc1cnc2n1CC[C@H]2O,0,-457.5118268,-457.6464858
16196,Cc1cnc2nn[nH]c2c1,0,-451.276964,-451.366027
16197,Cc1cnc2nonc2n1,0,-487.1461184,-487.2107494
16198,Cc1cncc(=O)[nH]1,0,-378.924216,-379.002969
16202,Cc1cncc(F)c1CN,0,-481.549396,-481.670112
16203,Cc1cncc(O)c1C,0,-402.169197,-402.28492
16204,Cc1cncc2[nH]ccc12,0,-419.2028988,-419.3168388
16205,Cc1cncc2cn[nH]c12,0,-435.2422292,-435.3447102
16207,Cc1cncn1C(C)(C)C,0,-422.7654308,-422.9438668
16211,Cc1cnn(C)c1CN,0,-399.50138,-399.639561
16215,Cc1cnnc(C#N)c1,0,-395.9043334,-395.9719444
16217,Cc1cnncc1C=O,0,-416.9848286,-417.0661486
16222,Cc1coc(C)c1[C@H](C)O,0,-462.5209125,-462.6721975
16224,Cc1cocc1C(=O)O,0,-457.9975773,-458.0780953
16225,Cc1cocc1CCCO,1,-462.5125161,-462.6644851
16226,Cc1n[nH]c(/N=C(/N)O)n1,0,-505.7269013,-505.8247503
16227,Cc1n[nH]c(=O)nc1NN,0,-505.6657675,-505.7634235
16229,Cc1n[nH]c(C)c1C(C)C,1,-422.7640949,-422.9392679
16233,Cc1n[nH]c(CC(C)C)n1,0,-438.8329118,-438.9969448
16237,Cc1n[nH]c2c1CNC2,0,-398.2866967,-398.4061277
16242,Cc1n[nH]nc1CCCN,1,-454.8544527,-455.0087477
16246,Cc1nc(C#N)c(NN)o1,0,-488.3952307,-488.4797977
16249,Cc1nc(C(=N)O)c(N)[nH]1,0,-489.6631628,-489.7725318
16252,Cc1nc(C(F)(F)F)n[nH]1,0,-618.7634442,-618.8186992
16254,Cc1nc(C)c(=O)[nH]c1C,0,-457.5459987,-457.6747247
16258,Cc1nc(C)c(F)c(N)n1,0,-497.6399215,-497.7453075
16262,Cc1nc(C)n(CCO)n1,0,-474.768913,-474.910611
16263,Cc1nc(C)n(O)c1C,0,-419.3637525,-419.4864855
16264,Cc1nc(C)nc(C)n1,0,-398.3614073,-398.4728523
16273,Cc1nc(CO)c(CO)[nH]1,0,-494.6538233,-494.7845653
16274,Cc1nc(CO)ccc1O,0,-477.4131961,-477.5307721
16280,Cc1nc(N)n(C(C)C)n1,0,-454.8922843,-455.0452883
16282,Cc1nc(N)nc(N)c1N,0,-469.7939457,-469.9159177
16284,Cc1nc(N)oc1C,0,-380.1126386,-380.2120156
16285,Cc1nc(O)c(C)c(=O)[nH]1,0,-493.5116344,-493.6182884
16288,Cc1nc([C@@H](C)C#N)c[nH]1,0,-436.4464865,-436.5650035
16289,Cc1nc([C@@H](C)N)c(C)[nH]1,0,-438.8388669,-439.0029009
16292,Cc1nc2c([nH]1)CNC2,0,-398.3059381,-398.4238711
16294,Cc1nc2c(o1)CCCC2,0,-441.4631788,-441.6103718
16296,Cc1nc2ccccc2o1,0,-439.0924232,-439.1940232
16297,Cc1nc2ccccn2n1,0,-435.2515599,-435.3535779
16298,Cc1nc2ccncc2[nH]1,0,-435.269297,-435.37132
16300,Cc1nc2n(c1C)CCC2,0,-421.579079,-421.736054
16302,Cc1nc2nonc2[nH]1,0,-449.0400142,-449.0995882
16305,Cc1ncc(C#N)c(C)n1,0,-435.2600714,-435.3546904
16311,Cc1ncc(CCN)o1,0,-419.4000673,-419.5263753
16315,Cc1ncc(N)n1CC#N,0,-452.4857119,-452.5930769
16317,Cc1ncc(N)nc1C,0,-398.3491397,-398.4653057
16319,Cc1ncc2c[nH]nc2n1,0,-451.29088,-451.381448
16322,Cc1nccc(CNO)n1,0,-473.5297645,-473.6475785
16325,Cc1nccc2c1N=NC2,0,-435.2135867,-435.3133947
16327,Cc1ncccc1C(N)=O,0,-456.359309,-456.469329
16336,Cc1ncn2ccccc12,0,-419.192851,-419.30489
16340,Cc1ncnc(O)c1C#N,0,-471.2076885,-471.2816475
16341,Cc1ncnc2[nH]ccc12,0,-435.2684935,-435.3703225
16345,Cc1nn(C)c(CO)c1F,0,-518.6573114,-518.7737974
16347,Cc1nn(C)c(N)c1C=O,0,-473.5765216,-473.6954126
16350,Cc1nn(C)c2cn[nH]c12,0,-452.4449794,-452.5554304
16352,Cc1nnc(=O)[nH]c1N,0,-450.3123611,-450.3930581
16353,Cc1nnc(C)c(C)c1C,0,-421.562265,-421.713342
16356,Cc1nnc(NN)nc1C,0,-469.7003113,-469.8193703
16359,Cc1nnc2cnccn12,0,-451.2789966,-451.3688986
16360,Cc1nnc2n1CCOC2,0,-473.5425467,-473.6666207
16361,Cc1nnccc1CO,0,-418.1780138,-418.2821978
16362,Cc1nncn1C1CC1,0,-398.2771664,-398.3939054
16367,Cc1noc(C)c1CON,0,-494.5535129,-494.6807609
16369,Cc1noc(C2(N)CC2)n1,0,-473.5148931,-473.6345791
16374,Cc1noc2cnccc12,0,-455.094503,-455.183886
16377,Cc1nonc1OCCN,1,-510.6145923,-510.7318553
16378,Cc1oc(=O)[nH]c1C(=O)O,0,-549.3382857,-549.4102687
16379,Cc1oc(=O)cc(O)c1C,0,-497.3039335,-497.4099485
16380,Cc1oc(=O)oc1CO,0,-495.1162487,-495.1949767
16382,Cc1occ(O)c(=O)c1O,0,-533.2179076,-533.3001446
16385,Cc1onc2ccccc12,0,-439.0339475,-439.1341355
16391,Cn1[nH]cc(CN)c1=N,0,-415.5258274,-415.6547304
16393,Cn1c(C(=O)O)c[nH]c1=O,0,-529.4545597,-529.5395547
16394,Cn1c(C=O)cccc1=O,0,-476.2141356,-476.3115326
16395,Cn1c(CCN)n[nH]c1=O,0,-490.8329144,-490.9641694
16398,Cn1c(N)cc(N)nc1=O,0,-489.6739742,-489.7843642
16399,Cn1c(N)nc(=N)nc1N,0,-485.8167611,-485.9282671
16400,Cn1c(N)nccc1=O,0,-434.3029055,-434.3985795
16401,Cn1c(N)nnc1C1CC1,0,-453.6442927,-453.7763647
16406,Cn1cc(C(=O)CN)cn1,0,-473.5585017,-473.6764027
16413,Cn1cc(CCC#N)cn1,0,-436.4154705,-436.5343435
16415,Cn1cc(F)c(=O)[nH]c1=O,0,-553.4715601,-553.5443001
16416,Cn1cc(F)cc(N)c1=O,0,-517.5100881,-517.6066981
16419,Cn1cc2c(n1)CCNC2,0,-437.6008735,-437.7490765
16420,Cn1cc2c(n1)CC[C@H]2N,0,-437.5967462,-437.7434302
16422,Cn1cc2ccccc2n1,0,-419.1785036,-419.2917236
16423,Cn1cc[nH]c(=O)c1=O,0,-454.1783068,-454.2595708
16424,Cn1ccc(=O)c(C#N)c1,0,-455.1248944,-455.2106054
16425,Cn1ccc(=[17O])n(C)c1=O,0,-493.5041018,-493.6128548
16426,Cn1ccc(C(=O)NO)n1,0,-509.4678414,-509.5623844
16427,Cn1ccc(C2(N)CC2)c1,0,-421.5278194,-421.6832454
16428,Cn1ccc(C2CCC2)n1,1,-421.5271483,-421.6809823
16430,Cn1ccc(CCCN)n1,0,-438.8019591,-438.9682471
16435,Cn1ccc2c1CNCC2,0,-421.5520337,-421.7113867
16436,Cn1ccc2ccccc21,0,-403.1429178,-403.2681818
16440,Cn1cccc1[C@@H](O)CN,0,-458.6906763,-458.8456803
16446,Cn1cnc(=O)c(N)c1N,0,-489.6443159,-489.7550639
16455,Cn1cnc2c1CCCC2,0,-421.5765116,-421.7364116
16457,Cn1cnc2cnccc21,0,-435.2552224,-435.3578184
16460,Cn1cncc1C1CNC1,0,-437.5800517,-437.7270477
16463,Cn1cncc1[C@H](N)CO,0,-474.7524733,-474.8965883
16470,Cn1nc(N)c2c1CNC2,0,-453.6434069,-453.7776679
16473,Cn1nc(O)n(C)c1=O,0,-471.417723,-471.509012
16475,Cn1nc2c(c1O)CCC2,0,-457.4844889,-457.6180769
16477,Cn1ncc(C#N)c1C=O,0,-471.164207,-471.237672
16481,Cn1ncc(CC(=O)O)n1,1,-509.5160054,-509.6102144
16483,Cn1ncc2c(N)n[nH]c21,0,-468.5000839,-468.6003629
16484,Cn1ncc2c1CCC2=O,0,-456.3083473,-456.4185843
16486,Cn1ncc2c1NCCC2,0,-437.605161,-437.753408
16487,Cn1ncc2cccnc21,0,-435.2408019,-435.3432789
16489,Cn1ncnc1NCCN,0,-470.9197265,-471.0630025
16492,Cn1nnc(N)c1C(F)F,0,-574.8012803,-574.8834953
16493,Cn1nnc([C@@H]2CO2)n1,0,-450.2359644,-450.3164144
16495,Cn1nnc2c1CNC=N2,0,-468.5015218,-468.6017578
16496,Cn1nncc1C(=O)CF,0,-533.5109164,-533.5921974
16498,Cn1nnnc1/C=N/O,0,-466.2744024,-466.3421564
16500,F/C(=C\C(F)F)C(F)(F)F,0,-752.8810203,-752.9080243
16501,FC(F)(F)/C=C/C(F)(F)F,0,-752.901797,-752.928963
16502,FC(F)(F)C1=CC=C=CN1,0,-585.3679814,-585.4255714
16503,FC(F)(F)C1=NCCN1,0,-564.5782343,-564.6446843
16504,FC(F)(F)[C@@H]1CCNC=N1,0,-603.8931691,-603.9890021
16505,FC(F)(F)c1cc[nH]c1,0,-547.3486524,-547.4028684
16509,FC(F)(F)c1cnc[nH]1,0,-563.4048775,-563.4476645
16515,FC(F)(F)c1nnco1,0,-599.3003991,-599.3186881
16516,FC(F)(F)n1cccn1,0,-563.3778535,-563.4207855
16517,FC(F)=C(F)C(F)=C(F)F,0,-751.6209113,-751.6242693
16518,FC(F)=C(F)C[C@@H]1CO1,0,-568.3317976,-568.3932256
16519,FC(F)=C(F)OC(F)(F)F,0,-788.796856,-788.799896
16520,FC(F)=C1CCNCC1,0,-488.5206658,-488.6372048
16521,FC(F)=CCC(F)(F)F,0,-653.6123842,-653.6487192
16524,FC(F)Oc1cc[nH]n1,0,-539.3371984,-539.3914614
16526,FC1=CCn2ccnc2O1,0,-516.265174,-516.341841
16530,FCCCc1nnn[nH]1,0,-475.5063945,-475.5998075
16531,FCc1c(F)cccc1F,0,-569.3902726,-569.4616916
16533,FCc1ccc(F)c(F)c1,0,-569.3857169,-569.4560949
16535,F[C@H]1CNc2ccccc21,0,-464.3048954,-464.4180584
16536,F[C@H]1COc2ccnn2C1,0,-517.451599,-517.552453
16539,Fc1cc(F)c(F)c(F)c1,0,-629.3513098,-629.3866368
16542,Fc1cc2ccccc2[nH]1,0,-463.117151,-463.207083
16543,Fc1ccc(C2CC2)cc1,0,-448.2199611,-448.3418001
16545,Fc1ccc2c(c1)C=CC2,0,-447.0508379,-447.1519499
16549,Fc1ccc2c(c1)OCC2,0,-484.1839345,-484.2844005
16551,Fc1ccc2ccoc2c1,0,-482.9906534,-483.0686804
16552,Fc1ccc2cn[nH]c2c1,0,-479.1614254,-479.2402494
16553,Fc1ccc2cncn2c1,0,-479.1541429,-479.2324929
16554,Fc1ccc2n[nH]cc2c1,0,-479.1531419,-479.2322859
16555,Fc1ccc2nccn2n1,0,-495.197993,-495.264826
16559,Fc1cccc2c1CCN2,0,-464.3059159,-464.4193859
16564,Fc1cccc2ncnn12,0,-495.2080811,-495.2754031
16565,Fc1cccc2nonc12,0,-515.0160288,-515.0696768
16566,Fc1cccc2occc12,0,-482.9907533,-483.0689253
16569,Fc1cccn2ccnc12,0,-479.1592198,-479.2378228
16571,Fc1ccn2ncnc2c1,0,-495.2138615,-495.2811125
16573,Fc1ccnc2cc[nH]c12,0,-479.1720483,-479.2506893
16574,Fc1cnc(F)c(F)c1F,0,-645.3995207,-645.4233977
16575,Fc1cnc2[nH]ncc2c1,0,-495.2122829,-495.2795999
16576,Fc1cnc2c(c1)CCO2,0,-500.2352432,-500.3240382
16577,Fc1cnc2c(c1)NCC2,0,-480.3551027,-480.4566737
16579,Fc1cnc2ncnn2c1,0,-511.2539057,-511.3091837
16581,Fc1cncc2[nH]ncc12,0,-495.2056891,-495.2729881
16583,Fc1n[nH]c2ccccc12,0,-479.1584476,-479.2371116
16585,Fc1nc(F)c(F)nc1F,0,-661.4683515,-661.4806115
16589,Fc1ncccc1C(F)F,0,-585.4551779,-585.5155559
16594,N#C/C(=N\O)c1ncon1,0,-523.0711976,-523.1083996
16595,N#C/C=N/N1CCOCC1,0,-473.4952603,-473.6168553
16597,N#C/N=C1\CCCCN1,0,-398.3257498,-398.4448328
16598,N#CC#CC1=CCCCC1,0,-403.0654931,-403.1869071
16599,N#CC#Cc1ccccc1,0,-400.700192,-400.776208
16600,N#CC(=O)C1CC1,0,-323.5044618,-323.5636968
16602,N#CC(C#N)N=O,0,-354.3510126,-354.3592246
16603,N#CC(F)(F)C(F)=C(F)F,0,-706.5178266,-706.5222566
16604,N#CC/C=C\CO,0,-324.7070835,-324.7886905
16605,N#CC1(C=O)CC1,0,-323.5084958,-323.5678468
16606,N#CC1(c2cocn2)CC1,0,-455.0804153,-455.1668363
16607,N#CC12CC(C(=O)O)(C1)C2,0,-476.1448634,-476.2412034
16608,N#CC12CC(CCC1=O)C2,0,-440.2301573,-440.3530983
16609,N#CC1=NN[C@H](C(F)F)C1,0,-557.5398503,-557.6118273
16610,N#CC1C(=O)CCCC1=O,0,-476.20444,-476.30099
16611,N#CC1C=CC=CC=C1,0,-363.7802545,-363.8753845
16612,N#CC1CC2(CC(=O)N2)C1,0,-456.2860418,-456.3942058
16613,N#CCC(=O)N=C(N)N,0,-450.361496,-450.439486
16614,N#CCC(=O)OC[C@H]1CO1,0,-513.2993272,-513.3902852
16615,N#CCC(=O)[C@@H]1C[C@@H]1F,1,-462.0879407,-462.1635907
16617,N#CCC(=O)c1ccoc1,1,-474.9912092,-475.0636422
16618,N#CCC1=CC=CO[C@@H]1O,0,-476.1708569,-476.2669889
16619,N#CCC1=CCCC1,0,-326.8882779,-327.0003309
16620,N#CCCCCCCC=O,0,-442.6413882,-442.8038902
16621,N#CCCCN1CC(=O)C1,0,-457.4662007,-457.5942597
16623,N#CCCNC=O,0,-340.8099831,-340.8805751
16624,N#CCCc1ccc[nH]1,0,-381.0714204,-381.1770854
16627,N#CCCn1ccc(N)n1,0,-452.4746874,-452.5832594
16629,N#CCN1C(=O)CCC1=O,0,-492.2997669,-492.3831909
16630,N#CCNC(=O)C(F)F,0,-539.3613826,-539.4126426
16631,N#CCNCc1ccco1,1,-456.2809961,-456.3898181
16633,N#CCOc1nnco1,0,-468.9557743,-469.0010873
16635,N#CC[C@H](O)CC(N)=O,0,-455.3733502,-455.4751332
16637,N#CCc1ccc(F)cn1,0,-479.1621718,-479.2354588
16641,N#CCc1ccccc1O,0,-439.0800932,-439.1780272
16642,N#CCc1ccnc(N)c1,0,-435.2598807,-435.3580517
16645,N#CCc1n[nH]c(=O)o1,0,-469.0095286,-469.0549176
16648,N#CN=C1NCOCN1,0,-450.3101353,-450.3934583
16649,N#CNC1=NCCCCC1,0,-437.6096022,-437.7551082
16650,N#CNc1ccccc1N,0,-435.2445701,-435.3435341
16654,N#C[C@@H]1CCCCC(=O)N1,0,-457.5187412,-457.6526412
16655,N#C[C@@]12CNC[C@@H]1CN=N2,0,-452.4278509,-452.5403299
16657,N#C[C@H](N)c1cccnc1,0,-435.2347053,-435.3336693
16659,N#C[C@H]1CNC(=O)N=C1O,0,-508.334969,-508.409784
16661,N#Cc1[nH]nc2c1CNC2,0,-451.2522325,-451.3419915
16663,N#Cc1c(N)nc[nH]c1=O,0,-487.2845986,-487.3488986
16665,N#Cc1c[nH]c(C(=O)O)c1,0,-491.1035757,-491.1669467
16667,N#Cc1c[nH]n2ccnc12,0,-450.0476546,-450.1139836
16668,N#Cc1c[nH]nc1C(F)F,0,-556.3703478,-556.4188308
16669,N#Cc1cc(C#N)[nH]n1,0,-410.7714949,-410.8081329
16672,N#Cc1cc(N)ccc1N,0,-435.2634702,-435.3627522
16673,N#Cc1cc(O)cc(F)c1,0,-499.0540212,-499.1162682
16676,N#Cc1cc[nH]c(=O)c1F,0,-515.1079991,-515.1593031
16677,N#Cc1ccc(=O)[nH]c1O,0,-491.0976799,-491.1616079
16680,N#Cc1ccc(C=O)cc1,0,-437.8858175,-437.9612835
16681,N#Cc1ccc(CN)o1,0,-416.9912837,-417.0726857
16682,N#Cc1ccc(CO)cn1,0,-455.1205543,-455.2067763
16683,N#Cc1ccc(F)c(O)n1,0,-515.1086676,-515.1596556
16688,N#Cc1cccc(ON)c1,0,-455.0774244,-455.1637384
16693,N#Cc1ccn(C(F)F)n1,0,-556.3646111,-556.4127271
16699,N#Cc1ccnn1CCF,0,-496.383591,-496.46885
16704,N#Cc1cnc(NN)nc1,0,-467.3398756,-467.4153636
16707,N#Cc1cncc(N)n1,0,-411.9991334,-412.0594124
16709,N#Cc1cnn(CCO)c1,0,-472.3539742,-472.4520442
16710,N#Cc1cnn2cc[nH]c12,0,-450.0720181,-450.1388601
16711,N#Cc1cnoc1C#N,0,-430.6126314,-430.6357344
16713,N#Cc1n[nH]c2c1CCC2,0,-435.2129129,-435.3149319
16716,N#Cc1nc(F)cnc1F,0,-555.1796975,-555.2061495
16717,N#Cc1nc(N)[nH]c1C#N,0,-466.1632956,-466.2148976
16719,N#Cc1ncc(C2CC2)[nH]1,0,-435.2081869,-435.3063839
16722,N#Cc1ncccc1O,0,-415.8265231,-415.8868431
16726,N#Cc1ncnc(N)c1N,0,-467.3766616,-467.4538896
16727,N#Cc1nnc2n1CCC2,0,-451.2663774,-451.3561364
16728,N#Cc1nonc1C#N,0,-446.6269959,-446.6376939
16731,N/C(=N\O)N1CCCCC1,0,-475.9101047,-476.0787667
16732,N/C(=N\O)NC1CCCC1,0,-475.9138629,-476.0791989
16733,N/C(=N\O)c1ccc[nH]1,0,-434.2344591,-434.3277651
16735,N/C(=N\O)c1nonc1N,0,-541.5243691,-541.5967211
16736,N/C(CC1(CO)CC1)=N\O,0,-495.7708036,-495.9230646
16737,N/C(CCNC1CC1)=N\O,1,-475.8764809,-476.0418949
16741,N/N=C(\N)c1ccncc1,0,-452.4757632,-452.5881202
16743,N/N=C/c1cccc(O)c1,0,-456.3020991,-456.4119951
16744,N/N=C1\CC(F)=CC(F)=N1,0,-557.5331206,-557.6054936
16745,N/N=C1\CCC/C(=N\N)C1,0,-454.8108829,-454.9676159
16746,N/N=C1\NCCN1CCO,0,-491.9741292,-492.1308512
16747,N1=NC(=C2N=NN=N2)N=N1,0,-514.1251874,-514.1366054
16748,N=C(CO)NO,0,-339.7620375,-339.8278865
16750,N=C(N)CC1CCCCC1,0,-423.9661216,-424.1695596
16751,N=C(N)CCC(F)(F)F,0,-565.8040457,-565.8895327
16753,N=C(N)CN1CCCCC1,1,-440.0082367,-440.2014767
16756,N=C(N)N/N=C/NC(N)=O,0,-522.945286,-523.050647
16757,N=C(N)NC1CCNCC1,0,-456.0696059,-456.2515149
16758,N=C(N)NCCCCCO,0,-477.1490688,-477.3379948
16759,N=C(N)NC[C@@H]1CCCO1,0,-475.9505029,-476.1174379
16760,N=C(N)NCc1cc[nH]n1,0,-469.7366159,-469.8587479
16761,N=C(N)NNC1=NCCC1,0,-470.9085428,-471.0522088
16764,N=C(N)[C@H]1CCC(F)(F)C1,0,-543.9235597,-544.0539987
16766,N=C(N)c1ccc(O)cc1,0,-456.3408107,-456.4519047
16767,N=C(N)c1cccc(F)n1,0,-496.4374073,-496.5246143
16772,N=C(N)n1ncnc1N,0,-446.5153666,-446.5995616
16773,N=C(NN)N(N)CC(=O)O,0,-543.9804737,-544.1001487
16774,N=C(NN)N1CCOCC1,0,-491.9559263,-492.1145423
16778,N=C(NO)c1cncnc1,0,-488.3815941,-488.4686521
16779,N=C(O)NC[C@H](F)C(=O)O,1,-591.7927929,-591.8858379
16780,N=C(O)Nc1nnn[nH]1,0,-482.4039381,-482.4620531
16781,N=C(O)[C@@H](N)CO,0,-379.1303967,-379.2264137
16782,N=C(O)[C@@H]1C[C@H](O)CN1,0,-456.5265329,-456.6560819
16784,N=C1CC=Cc2cccn21,0,-419.1742316,-419.2876116
16785,N=C1Cc2ccccc2N1,0,-419.205149,-419.319062
16786,N=C1NCCN1CC(=O)O,0,-510.7334172,-510.8555922
16787,N=C1NCc2ccccc21,0,-419.2024413,-419.3174113
16789,N=C1NNC(=O)C12CC2,0,-434.226967,-434.32192
16790,N=Cc1ccc(O)cc1O,0,-476.2282308,-476.3277028
16791,N=c1ccccn1N,0,-358.9896747,-359.0818077
16792,N=c1ccn(C2CNC2)[nH]1,1,-453.5903506,-453.7253386
16793,N=c1ncn2cc[nH]c2n1,0,-467.3434136,-467.4220486
16794,NC#CC(=O)C(F)(F)F,0,-583.2298071,-583.2536481
16795,NC(=O)/C=C(/N)C(N)=O,0,-471.4624148,-471.5527918
16797,NC(=O)/C=C/c1c[nH]cn1,0,-472.402637,-472.499789
16800,NC(=O)/C=C\[C@@H]1C[C@H]1N,0,-419.3817303,-419.5064733
16803,NC(=O)C#CC(N)=O,0,-414.8439374,-414.8902874
16804,NC(=O)C(=NO)C(N)=O,0,-507.3572864,-507.4242284
16808,NC(=O)C/C=C/CC(N)=O,0,-494.6944484,-494.8210484
16809,NC(=O)C1(N)CCCCC1,0,-459.9334301,-460.1147461
16812,NC(=O)C12CCC(CC1)N2,0,-458.7201383,-458.8800363
16814,NC(=O)C1=CCCCO1,0,-439.2999939,-439.4165919
16816,NC(=O)C1=NNC(=O)CC1,0,-509.5402857,-509.6371197
16817,NC(=O)C1=NO[C@@H](CO)C1,0,-530.5614873,-530.6667873
16818,NC(=O)C=C1CCCC1,0,-403.3630855,-403.5022125
16819,NC(=O)CCC(=O)C(=O)O,0,-550.5309683,-550.6237223
16820,NC(=O)CCNCC(N)=O,1,-511.9472436,-512.0874766
16821,NC(=O)CN1CC=CCC1,0,-458.7032807,-458.8592587
16822,NC(=O)Cc1ccncn1,0,-472.4160607,-472.5150137
16825,NC(=O)Cn1cnnn1,0,-466.357456,-466.42652
16826,NC(=O)N(CO)CO,0,-454.4011548,-454.5002598
16828,NC(=O)N1CCC(O)CC1,0,-495.869719,-496.027073
16829,NC(=O)N1CCCC1=O,0,-455.3910608,-455.4963768
16832,NC(=O)NCCCCN=O,1,-511.8558249,-511.9936849
16833,NC(=O)N[C@H](O)C(=O)O,0,-528.4905586,-528.5695966
16835,NC(=O)Nn1cnnc1,0,-466.3595375,-466.4293335
16836,NC(=O)OC1CCCC1,0,-440.5166952,-440.6554752
16837,NC(=O)OCCOC(N)=O,2,-567.7938812,-567.8980672
16838,NC(=O)[C@H](F)CC1CCC1,1,-503.8184044,-503.9694674
16839,NC(=O)[C@H]1CNC(=O)CN1,0,-510.7461025,-510.8683145
16840,NC(=O)[C@H]1CNCC12CC2,0,-458.6878087,-458.8442077
16841,NC(=O)[C@H]1CNCCOC1,0,-495.8374301,-495.9948771
16842,NC(=O)[C@H]1C[C@H](C(F)F)C1,0,-563.8030003,-563.9181973
16844,NC(=O)[C@]12C[C@H]1CCCN2,0,-458.7024561,-458.8609751
16847,NC(=O)c1ccc(O)cn1,0,-492.3072182,-492.3936632
16854,NC(=O)c1cncc(F)c1,0,-516.3272594,-516.4017404
16858,NC(=O)c1ncoc1N,0,-470.2472809,-470.3168159
16859,NC(=O)c1nn[nH]c1O,0,-486.2541637,-486.3134767
16863,NC(N)=C1C(=O)COC1=O,0,-529.4585001,-529.5446431
16864,NC(N)=C1C=CC(=O)C=C1,0,-456.3295145,-456.4406345
16866,NC(N)=NC[C@@H]1CCCN1,1,-456.0663904,-456.2455464
16867,NC(N)=NN=C1CCCC1,0,-454.8666261,-455.0223231
16869,NC(O)=C1N=CC=NC1=O,0,-508.3130327,-508.3875487
16870,NC/C(O)=N/CC(=O)O,0,-492.5023736,-492.6032806
16871,NC/C=C/CN=C(N)N,0,-416.7502422,-416.8989442
16873,NC/C=C/c1ccncc1,0,-420.3661007,-420.4990967
16874,NC/C=C\CCN,0,-307.2109027,-307.3512007
16875,NC1(C(F)(F)F)CC=CC1,0,-587.8280645,-587.9337455
16876,NC1(C2=NCCN2)CCC1,1,-438.782272,-438.952396
16878,NC1(c2ccco2)CC1,0,-402.1023532,-402.2199112
16884,NC1(c2ncon2)CCC1,0,-473.5012604,-473.6229874
16886,NC1(c2nnc[nH]2)CC1,0,-414.3383237,-414.4442117
16888,NC12CC(CC(=O)O)(C1)C2,0,-478.5396423,-478.6820293
16891,NC1=C2NC=CN2CC=C1,0,-436.3904541,-436.5124221
16892,NC1=CC(=O)C(N)=CC1=O,0,-492.2927573,-492.3786413
16893,NC1=CC=C[C@H]2NN=N[C@@H]12,0,-452.4191745,-452.5303905
16895,NC1=CCOC1=O,0,-360.6926203,-360.7552883
16896,NC1=NC=C2CCN=C2N1,0,-452.5000454,-452.6141754
16897,NC1=NCCN1C1CC1,0,-399.479411,-399.621142
16898,NC1=NNC(=O)C12CCC2,0,-473.5430684,-473.6649764
16900,NC1=NN[C@H]2C=CC=CN12,0,-452.4344498,-452.5476908
16901,NC1=NON/C1=C(\N)N=O,0,-541.4576518,-541.5291128
16902,NC1=N[C@@H](C(=O)O)NN1,0,-487.4548207,-487.5376717
16903,NC1=N[C@@H](C(F)(F)F)CO1,0,-639.8460004,-639.9163004
16904,NC1CC(n2cccn2)C1,1,-437.5785277,-437.7249887
16905,NC1CCC(=CF)CC1,0,-428.5559771,-428.7083121
16906,NC1CN(C(=O)C2CC2)C1,0,-458.6589938,-458.8129578
16909,NCC#Cc1cnccn1,0,-435.1825041,-435.2780031
16910,NCC(=O)N1CCC(=O)C1,0,-494.6610474,-494.7904434
16911,NCC(=O)Nc1cn[nH]c1,0,-489.6317929,-489.7421079
16912,NCC(=O)OC1COC1,0,-476.3899029,-476.5019599
16913,NCC(=O)ONCC(=O)O,0,-567.705524,-567.809384
16916,NCC/N=C(\O)C(F)(F)F,0,-641.0262395,-641.1163985
16917,NCC1(c2ccon2)CC1,0,-457.4306613,-457.5638063
16919,NCC1(n2cncn2)CC1,0,-453.6383315,-453.7724435
16920,NCC1=CNCC=C1,0,-344.1218897,-344.2470207
16921,NCC1=COCCO1,0,-401.1337656,-401.2470626
16922,NCC1=NO[C@H]2OCC[C@@H]12,0,-494.5799114,-494.7139314
16923,NCC1CC(=C2CCC2)C1,0,-406.6249559,-406.8128449
16924,NCCC(=O)CN,0,-343.1787672,-343.2942202
16925,NCCC1=CCCCCC1,0,-407.8785124,-408.0939734
16926,NCCCCCCC(N)=O,0,-461.1171082,-461.3179482
16928,NCCCNC(=O)/C=N/O,1,-511.8633439,-512.0017789
16929,NCCCOCC(=O)O,0,-477.6195699,-477.7556089
16930,NCCC[C@H]1C=NNC1=O,1,-474.7438809,-474.8881319
16931,NCCCc1cc(O)no1,0,-494.6012055,-494.7320545
16933,NCCCc1cnn[nH]1,0,-415.5426271,-415.6729741
16934,NCCCc1nc(=O)[nH][nH]1,0,-490.8180461,-490.9522541
16935,NCCCc1ncco1,0,-419.3882447,-419.5162147
16937,NCCCn1cc[nH]c1=O,1,-474.7825704,-474.9278414
16938,NCCN1CCOCC1=O,1,-495.8347552,-495.9910152
16942,NCCOc1ccccc1,0,-441.4489802,-441.5941542
16946,NCCc1cc(=O)[nH][nH]1,0,-435.4464166,-435.5648716
16952,NCCc1cncc(O)c1,0,-457.5164995,-457.6494065
16953,NCCc1nccc(O)n1,0,-473.5911926,-473.7131376
16957,NCCn1ncccc1=O,0,-473.5557836,-473.6779566
16958,NC[C@@H](C(N)=O)C(F)(F)F,0,-641.0619086,-641.1535376
16959,NC[C@@H]1C=CCC1,0,-289.9663074,-290.0993834
16960,NC[C@@H]1CC(C2CC2)=NO1,0,-458.6143989,-458.7682949
16961,NC[C@@H]1CC[C@H](C(N)=O)O1,0,-495.857318,-496.012266
16962,NC[C@@H]1COc2ccnn21,0,-473.5228076,-473.6471846
16964,NC[C@@H]1[C@@H](C(=O)O)C1(F)F,0,-599.7237602,-599.8151632
16966,NC[C@H]1CC(=O)N=C1O,0,-455.3617645,-455.4666105
16967,NC[C@H]1CNC(=O)C(=O)N1,0,-510.7309063,-510.8532053
16970,NCc1c[nH]c(=O)c(F)c1,0,-517.4997547,-517.5970877
16974,NCc1cc(F)ncc1F,0,-541.5266417,-541.6114737
16977,NCc1ccc(=O)[nH]n1,0,-434.2588143,-434.3534153
16980,NCc1ccc(F)cc1O,0,-501.4497698,-501.5605788
16981,NCc1ccc(N)c(N)c1,0,-437.645512,-437.791459
16984,NCc1ccn2c1CCC2,0,-421.5558413,-421.7146463
16988,NCc1cn[nH]c1C(F)F,0,-558.7579432,-558.8531912
16990,NCc1cnc(N)nc1N,0,-469.786205,-469.911157
16991,NCc1cncc(C=O)c1,0,-456.3202493,-456.4293183
16992,NCc1cncn1C1CC1,0,-437.5876775,-437.7333335
16994,NCc1cnn(CCF)c1,0,-498.770793,-498.900622
16996,NCc1n[nH]nc1C1CC1,0,-453.6264563,-453.7583513
16997,NCc1nc(=O)cc(O)[nH]1,0,-509.5319447,-509.6281417
16999,NCc1nc(C(N)=O)no1,0,-525.5581939,-525.6408659
17000,NCc1nc(CN)n(N)n1,1,-486.9518721,-487.0845761
17005,NCc1ncn[nH]1,0,-336.9603476,-337.0352196
17010,NCc1noc(C2CC2)n1,0,-473.5072101,-473.6274211
17011,NCc1occc(=O)c1O,0,-513.3321968,-513.4297368
17012,NN/C=N/C[C@H](N)C(=O)O,0,-527.9435618,-528.0723568
17013,NN1CCc2ccccc21,0,-420.3540902,-420.4922152
17014,NN=C1C[C@H]2CC[C@@H](C1)O2,0,-458.6616581,-458.8219321
17016,NNCc1ccc(F)cc1,1,-481.5180865,-481.6393475
17019,NNCc1ncccn1,0,-414.3461023,-414.4536623
17020,NNc1c[nH]ccc1=O,0,-434.2440258,-434.3401298
17027,NNc1cccc(F)c1F,0,-541.4920539,-541.5775039
17031,NNc1ccnc(NN)n1,0,-485.7667053,-485.8782013
17032,NNc1cncc(F)n1,0,-474.3348811,-474.4057871
17033,NNc1nc(N)[nH]c(=O)n1,0,-521.7768129,-521.8632979
17035,NNc1ncc(F)c(=O)[nH]1,0,-549.5983299,-549.6735279
17038,NOCCCc1ccco1,1,-478.511269,-478.651811
17039,NOCc1ccccc1F,0,-501.3788429,-501.4864299
17040,N[C@@H](C(=O)O)[C@@H]1CCNC1,1,-495.849737,-496.005104
17041,N[C@@H](C(=O)O)c1ccoc1,0,-513.3427586,-513.4392396
17042,N[C@@H](C1=NCCN1)C1CC1,0,-438.7747796,-438.9427226
17043,N[C@@H](CO)Cc1c[nH]cn1,0,-474.763082,-474.909024
17044,N[C@@H]1/C=C/[C@H](N)CCCC1,0,-423.898734,-424.10248
17045,N[C@@H]1C=CCO[C@@H]1C(=O)O,0,-514.5212585,-514.6420935
17046,N[C@@H]1C=C[C@@H](CO)C1,0,-365.2082287,-365.3443237
17047,N[C@@H]1CC(=O)NC(=O)N1,0,-471.4641959,-471.5598069
17048,N[C@@H]1CCC=CCC[C@H]1O,0,-443.8121988,-444.0052898
17049,N[C@@H]1CCC[C@@H]1CC(=O)O,1,-479.8069925,-479.9740185
17052,N[C@@H]1CCCn2ncnc21,0,-453.6814009,-453.8202279
17053,N[C@@H]1CC[C@@H]2C[C@H]1C(=O)N2,0,-458.7249714,-458.8873554
17055,N[C@@H]1CCc2ccncc21,0,-420.3825116,-420.5205436
17057,N[C@@H]1CCc2cnoc2C1,0,-457.4685133,-457.6052753
17059,N[C@@H]1CCc2nccn2C1,0,-437.6297798,-437.7795188
17062,N[C@@H]1COc2ncccc21,0,-456.3178643,-456.4317703
17063,N[C@@H]1C[C@@H]1c1ccccc1,1,-404.296569,-404.44327
17064,N[C@@H]1C[C@H]1c1c[nH]cn1,0,-398.2929549,-398.4108369
17065,N[C@@H]1Cc2c[nH]nc2C1,0,-398.2966566,-398.4182536
17067,N[C@@H]1[C@H]2CN(C(=O)O)C[C@@H]12,0,-494.644785,-494.777748
17068,N[C@@]12CC=C[C@@H](C1)OC2,0,-403.3099559,-403.4544679
17069,N[C@@]12CC[C@@H](CC1=O)C2,0,-403.3433035,-403.4866305
17070,N[C@H](C(=O)O)C1(O)CC1,1,-476.4140399,-476.5280409
17072,N[C@H](CCO)CC(=O)O,0,-477.641297,-477.777809
17073,N[C@H](CF)c1ccccc1,0,-465.498365,-465.631933
17076,N[C@H]1C(=O)OC[C@H]1CO,0,-476.4303473,-476.5484243
17077,N[C@H]1C(=O)O[C@H]2CCC[C@H]21,0,-478.6050475,-478.7526435
17078,N[C@H]1C=CC=C(C(=O)O)C1,0,-477.403416,-477.524824
17079,N[C@H]1C=NC(=O)NC1=O,0,-470.2348993,-470.3054683
17081,N[C@H]1CCCC(=O)NC1,0,-420.6138385,-420.7676415
17083,N[C@H]1CCN(CCF)C1=O,0,-519.8902205,-520.0330235
17088,N[C@H]1CCn2cnnc2C1,0,-453.668329,-453.806153
17089,N[C@H]1CON=C1O,0,-377.8691724,-377.9421404
17090,N[C@H]1C[C@@H]2C=CC[C@H](C1)C2,0,-406.6923741,-406.8899511
17091,N[C@H]1C[C@H](c2ccon2)C1,0,-457.4330772,-457.5658982
17093,N[C@H]1N=CN=C2N=NC=C21,0,-467.2608059,-467.3380839
17094,N[C@H]1N=Nc2ccccc21,0,-435.2115734,-435.3141784
17095,N[C@H]1NC(=O)NC=C1F,0,-495.4511633,-495.5328223
17096,N[C@]1(C(=O)O)CC[C@@H]2C[C@@H]21,0,-478.5840088,-478.7289218
17097,Nc1[nH][nH]c(=O)c1C(=O)O,0,-545.4943821,-545.5706271
17099,Nc1[nH]nc2c1COCC2,0,-473.5421164,-473.6664834
17100,Nc1[nH]nc2cccnc12,0,-451.2910888,-451.3830818
17101,Nc1[nH]nc2nnccc12,0,-467.3016682,-467.3798662
17107,Nc1c(F)ccnc1F,0,-502.2351452,-502.2933132
17108,Nc1c(O)[nH]c(=O)[nH]c1=O,0,-545.5283154,-545.6042124
17111,Nc1c[nH]c(=O)cn1,0,-394.977498,-395.045191
17113,Nc1c[nH]c2cnccc12,0,-435.252535,-435.354952
17114,Nc1c[nH]c2nccnc12,0,-451.3086159,-451.3996689
17115,Nc1c[nH]nc(O)c1=O,0,-470.210156,-470.282158
17117,Nc1cc(=O)c(N)c(N)[nH]1,0,-489.6551347,-489.7658567
17118,Nc1cc(=O)n2n1CCC2,0,-473.5493333,-473.6743623
17119,Nc1cc(C(=O)O)cnn1,0,-508.3290878,-508.4036338
17126,Nc1cc(CC2CC2)no1,0,-457.4432703,-457.5740543
17127,Nc1cc(CCCO)n[nH]1,0,-474.7505503,-474.8937203
17131,Nc1cc(CO)ncn1,0,-434.290524,-434.384535
17132,Nc1cc(F)c(F)cc1F,0,-585.446126,-585.506124
17138,Nc1cc(F)cnc1C=O,0,-516.3160686,-516.3891416
17142,Nc1cc(N)c(O)c(N)c1,0,-473.5970827,-473.7184577
17144,Nc1cc(O)cc(O)n1,0,-454.1926622,-454.2757932
17150,Nc1cc2n[nH]nc2cn1,0,-467.3394759,-467.4201979
17151,Nc1cc2ncccn2n1,0,-451.2916999,-451.3833569
17153,Nc1cc[nH]c(=O)c1N,0,-434.3072052,-434.4035922
17154,Nc1ccc(/C=N/O)cn1,0,-472.3498902,-472.4477552
17155,Nc1ccc(=O)[nH]c1N,0,-434.298488,-434.394135
17156,Nc1ccc(C(F)F)cc1,0,-525.4887964,-525.5854674
17158,Nc1ccc(C=O)c(N)c1,0,-456.3579756,-456.4688726
17160,Nc1ccc(CC=O)cc1,0,-440.2784334,-440.3977714
17161,Nc1ccc(CCO)nc1,0,-457.5256131,-457.6592341
17164,Nc1ccc(N=O)c(N)n1,0,-488.4095705,-488.4949965
17165,Nc1ccc(O)c(=O)cc1,0,-476.1891849,-476.2873999
17169,Nc1ccc2[nH]ncc2n1,0,-451.3053818,-451.3971838
17171,Nc1ccc2c(c1)COC2,0,-440.2633882,-440.3875472
17172,Nc1ccc2c(c1)N=NC2,0,-435.2184693,-435.3202783
17173,Nc1ccc2c(c1)OCO2,0,-476.1945781,-476.2952621
17175,Nc1ccc2c(n1)CCO2,0,-456.3275418,-456.4409328
17178,Nc1ccc2ccoc2n1,0,-455.1422253,-455.2335143
17180,Nc1ccc2nc[nH]c2n1,0,-451.3355146,-451.4278066
17181,Nc1ccc2ncnn2c1,0,-451.2990771,-451.3908431
17183,Nc1ccc2nncn2n1,0,-467.322497,-467.401934
17184,Nc1ccc2nonc2c1,0,-471.1127018,-471.1909258
17185,Nc1ccc2occc2c1,0,-439.0761831,-439.1786851
17188,Nc1cccc(F)c1C=O,0,-500.265769,-500.350517
17191,Nc1cccc2[nH]ncc12,0,-435.2503092,-435.3539032
17192,Nc1cccc2c1COC2,0,-440.2648062,-440.3890732
17196,Nc1cccc2ncoc12,0,-455.1413248,-455.2325748
17197,Nc1cccc2oncc12,0,-455.1031121,-455.1937171
17202,Nc1ccn2nccc2n1,0,-451.2992914,-451.3910694
17204,Nc1ccn2nnnc2c1,0,-467.3183248,-467.3973378
17205,Nc1ccnc(C2CC2)n1,0,-436.4328816,-436.5562416
17207,Nc1ccnc(N)c1N=O,0,-488.408517,-488.49408
17211,Nc1ccnc2c1CCO2,0,-456.3315371,-456.4451051
17212,Nc1ccnc2c[nH]nc12,0,-451.2985221,-451.3910391
17214,Nc1ccnc2nc[nH]c12,0,-451.3222421,-451.4141801
17215,Nc1ccnc2nccn12,0,-451.3081009,-451.3996649
17216,Nc1ccnc2occc12,0,-455.1379477,-455.2292937
17219,Nc1ccncc1CCF,0,-481.562403,-481.685054
17224,Nc1cn(CC(F)F)nn1,0,-574.7997482,-574.8825012
17229,Nc1cn[nH]c1C(F)(F)F,0,-618.7456273,-618.8046333
17231,Nc1cnc(C(F)F)cn1,0,-557.5963188,-557.6686638
17236,Nc1cnc2c(c1)CCN2,0,-436.4450774,-436.5712804
17237,Nc1cnc2cc[nH]c2c1,0,-435.2573439,-435.3601359
17239,Nc1cnc2cccnn12,0,-451.282433,-451.373707
17244,Nc1cnc2nccn2c1,0,-451.2967747,-451.3876387
17245,Nc1cncc(C2CC2)c1,1,-420.3573211,-420.4920091
17248,Nc1cncc2c1CCC2,0,-420.3925382,-420.5302852
17249,Nc1cncc2n[nH]cc12,0,-451.2883129,-451.3805299
17250,Nc1cncc2nc[nH]c12,0,-451.3178313,-451.4097413
17259,Nc1cnn2c1OCCC2,0,-473.5334104,-473.6580844
17261,Nc1cnn2ccccc12,0,-435.2281868,-435.3308028
17265,Nc1cnncc1N,0,-375.0607241,-375.1410081
17267,Nc1n[nH]c(=O)c(=O)n1N,0,-541.6170146,-541.6921706
17268,Nc1n[nH]c2[nH]ncc12,0,-429.1987851,-429.2734331
17269,Nc1n[nH]c2c1CCCN2,0,-453.6704507,-453.8082647
17274,Nc1n[nH]cc1C1CC1,0,-398.2837164,-398.4013414
17275,Nc1n[nH]ccc1=O,0,-394.9636529,-395.0321049
17277,Nc1n[nH]nc1NC=O,0,-466.3779804,-466.4498974
17278,Nc1nc(=O)[nH]cc1CO,0,-509.5512226,-509.6506876
17283,Nc1nc(CF)cc(=O)[nH]1,0,-533.5852155,-533.6708155
17284,Nc1nc(F)cc(F)c1N,0,-557.609169,-557.683204
17289,Nc1nc(NN=O)n[nH]1,0,-482.3708322,-482.4276892
17290,Nc1nc2[nH]nc(N)n2n1,0,-500.6418471,-500.7194841
17291,Nc1nc2c([nH]1)NON2,0,-466.2369908,-466.3083138
17293,Nc1nc2cnccc2o1,0,-471.2016217,-471.2813227
17294,Nc1nc2cnccn2n1,0,-467.3573291,-467.4376811
17295,Nc1nc2cncnc2[nH]1,0,-467.3880153,-467.4686713
17298,Nc1nc2n(n1)CCNC2,0,-469.7351102,-469.8621252
17299,Nc1nc2n(n1)[C@@H](N)N=N2,0,-500.5967381,-500.6730141
17301,Nc1nc2occ(O)c2o1,0,-528.1563588,-528.2188648
17304,Nc1ncc(C2CCC2)o1,1,-457.4845285,-457.6182365
17305,Nc1ncc(C=O)c(O)n1,0,-508.3708345,-508.4465795
17307,Nc1ncc2c(n1)CCC2,0,-436.4641284,-436.5903544
17310,Nc1ncc2cc[nH]c2n1,0,-451.3349527,-451.4272017
17311,Nc1ncc2ccccn12,0,-435.2489009,-435.3519649
17312,Nc1ncc2n1CCC2,0,-398.3243362,-398.4457622
17317,Nc1nccc2[nH]nnc12,0,-467.3503672,-467.4301892
17321,Nc1nccc2cn[nH]c12,0,-451.3055671,-451.3977201
17325,Nc1nccc2nncn12,0,-467.3501064,-467.4298124
17326,Nc1nccn1C1CCC1,0,-437.6014925,-437.7474925
17327,Nc1nccn2cncc12,0,-451.3091814,-451.4009404
17330,Nc1ncn(C2COC2)n1,1,-489.5797528,-489.6903888
17331,Nc1ncn(CC(=O)O)n1,0,-525.5931765,-525.6775725
17332,Nc1ncn2c1CCCC2,0,-437.634689,-437.783887
17337,Nc1ncnc2c1CCC2,0,-436.4632649,-436.5895989
17344,Nc1ncnc2ocnc12,0,-487.2644405,-487.3324275
17347,Nc1ncnn2ccnc12,0,-467.3581709,-467.4369219
17349,Nc1nnc(C2CNC2)o1,0,-489.5667298,-489.6768688
17351,Nc1nnc(N)c(N)c1N,0,-485.8045246,-485.9170266
17353,Nc1nnc(NCCO)[nH]1,0,-506.8626669,-506.9834449
17354,Nc1nnc2[nH]cnn12,0,-445.2505146,-445.3126966
17356,Nc1nnc2n(N)cnn12,0,-500.5755603,-500.6531403
17358,Nc1nnc2n1CCCN2,0,-469.7275942,-469.8539392
17359,Nc1nnc2ncccn12,0,-467.3347995,-467.4139675
17362,Nc1nncn1CC1CC1,0,-453.6365958,-453.7699788
17365,Nc1nnnc2[nH]cnc12,0,-483.3843868,-483.4514768
17366,Nc1nnnn1CCO,0,-467.5320283,-467.6253263
17369,Nc1noc2ccccc12,0,-455.1055378,-455.1964188
17373,Nc1noc2nccnc12,0,-487.2035381,-487.2706171
17376,Nc1nonc1C1CC1,0,-434.1651368,-434.2577278
17377,Nc1onc2c1CCCC2,0,-457.4807456,-457.6170326
17379,Nn1c(=O)cn[nH]c1=O,0,-486.2553923,-486.3150543
17380,Nn1c(CO)nnc1CO,0,-526.7036902,-526.8123542
17381,Nn1ccc(C(=O)O)c1,0,-454.1482963,-454.2303573
17382,Nn1cnc2ccccc21,0,-435.2311688,-435.3350118
17383,Nn1ncc2ccccc21,0,-435.2135623,-435.3171743
17384,O/C(=C(/O)[C@H]1CO1)[C@@H]1CO1,0,-534.3143848,-534.4192938
17385,O/C=C/CCO,0,-307.6851204,-307.7737134
17386,O/N=C(/O)c1ccccc1,0,-476.1723656,-476.2702436
17387,O/N=C/C=C/c1ccco1,0,-476.130624,-476.225811
17390,O/N=C/Nc1ncccn1,0,-488.3918361,-488.4775551
17395,O/N=C1/CCC/C(=N\O)N1,0,-510.6262281,-510.7456351
17396,O/N=C1/CCN(C2CC2)C1,0,-458.6065655,-458.7608595
17398,O/N=C1/CCn2cnnc21,0,-488.3553456,-488.4422546
17399,O/N=C1/NCCN/C1=N/O,0,-526.6429883,-526.7513503
17400,O/N=C1C(=N/O)\[C@H](O)[C@H]\1O,0,-566.3851466,-566.4643356
17401,O/N=C1\C=CC=C\C1=N/O,0,-492.1443208,-492.2284958
17403,O/N=C1\CCCNCC1,0,-420.5339719,-420.6866849
17404,O/N=C1\CNCC(NO)=N1,0,-526.6480377,-526.7563587
17406,O/N=C1\Cc2ccccc21,0,-438.992231,-439.092157
17409,O/N=N/c1cnccn1,0,-449.0509902,-449.1102982
17410,O=C(C(F)F)C(F)F,0,-590.2605603,-590.2824233
17411,O=C(CC1CC1)C1CC1,1,-387.2316497,-387.3792307
17412,O=C(CCC(=O)NO)NO,0,-567.6637293,-567.7657163
17413,O=C(CCCO)NCCO,0,-516.9343468,-517.1012578
17414,O=C(CCO)CCO,0,-422.2548845,-422.3739985
17415,O=C(CO)OCC(F)(F)F,0,-680.81294,-680.876654
17416,O=C(CO)[C@H](O)[C@@H](O)CO,0,-572.734373,-572.860438
17417,O=C(N1CCCC1)N1CC1,0,-458.6796098,-458.8358668
17418,O=C(NC1CC1)C(F)(F)F,0,-623.7637001,-623.8411041
17419,O=C(NO)C1CCCCC1,0,-479.7569018,-479.9239738
17420,O=C(NO)c1cc(=O)[nH]o1,0,-565.2543945,-565.3133135
17424,O=C(O)/C=C/NC1CC1,0,-439.2751295,-439.3885635
17426,O=C(O)/C=C/c1cc[nH]c1,0,-476.2262932,-476.3233482
17427,O=C(O)/C=C/c1cocn1,0,-512.1551095,-512.2282735
17431,O=C(O)/C=C1\CCC(=O)O1,0,-533.2660122,-533.3488682
17434,O=C(O)C(=CO)C(=O)O,0,-531.1219881,-531.1781551
17442,O=C(O)C(F)=C1CCCC1,0,-522.5222244,-522.6405644
17443,O=C(O)C/N=C1/CCCN1,0,-494.6691612,-494.8019612
17444,O=C(O)C12CC(CO1)C2,0,-459.1393258,-459.2452498
17445,O=C(O)C1=C(F)CNCC1,0,-538.5706979,-538.6793909
17448,O=C(O)C1=CNCCC1=O,0,-513.3805157,-513.4800587
17450,O=C(O)C1CN(CCF)C1,1,-539.7396641,-539.8677511
17452,O=C(O)CC(F)(F)C1CC1,0,-583.6863899,-583.7886859
17453,O=C(O)CC1=CCNC1=O,1,-513.3863512,-513.4792782
17454,O=C(O)CC1=COCC1,0,-459.1741464,-459.2761554
17455,O=C(O)CCC1(O)CCC1,0,-499.672353,-499.824847
17456,O=C(O)CCN1CCCO1,0,-515.6815832,-515.8242582
17457,O=C(O)CCOCC(F)F,0,-620.8270572,-620.9295702
17458,O=C(O)CC[C@@H]1CCOC1,1,-499.6809206,-499.8331376
17462,O=C(O)CCc1cnc[nH]1,0,-493.4932851,-493.6024501
17464,O=C(O)CNC(=O)CF,0,-536.4475352,-536.5222342
17465,O=C(O)CNCCCCO,0,-516.9237975,-517.0908055
17467,O=C(O)COC1CC=CC1,1,-498.4664826,-498.5953546
17468,O=C(O)C[C@H]1[C@@H]2COC[C@@H]21,0,-498.4573266,-498.5885326
17472,O=C(O)Cc1n[nH]c(=O)[nH]1,0,-545.5028425,-545.5759085
17473,O=C(O)Cc1nonc1O,0,-565.2904513,-565.3491613
17476,O=C(O)Cn1ncnn1,0,-486.2430521,-486.2999131
17478,O=C(O)N1C[C@H](O)CC1=O,0,-550.5311632,-550.6280322
17480,O=C(O)[C@@H]1C=CC=NC1=O,0,-512.1562802,-512.2300612
17481,O=C(O)[C@@H]1CC=CCCC1,0,-462.5430003,-462.6990703
17482,O=C(O)[C@@H]1CN=CNC1,0,-455.3624377,-455.4687687
17483,O=C(O)[C@@H]1CNC[C@@H]1CO,0,-515.7342916,-515.8791546
17484,O=C(O)[C@@H]1C[C@H]2C[C@H]2N1,0,-439.2694464,-439.3874934
17485,O=C(O)[C@@H]1NCCC1(F)F,0,-599.7583404,-599.8531684
17487,O=C(O)[C@@H]1[C@H]2CNC(=O)[C@H]21,0,-513.3633246,-513.4615496
17488,O=C(O)[C@@]12C=C[C@@H](CC1)C2,0,-461.3360778,-461.4696458
17492,O=C(O)[C@H]1CCN1C1CC1,0,-478.544096,-478.687292
17493,O=C(O)[C@H]1CNCCCO1,0,-515.7201305,-515.8650265
17494,O=C(O)[C@H]1C[C@@]12CCOC2,0,-498.4585822,-498.5901442
17503,O=C(O)c1ccc(CO)[nH]1,0,-513.3721862,-513.4686212
17507,O=C(O)c1ccncc1O,0,-512.1913773,-512.2676893
17512,O=C(O)c1coc(F)n1,0,-534.0198626,-534.0534676
17513,O=C(O)c1n[nH]c(O)n1,0,-506.1738188,-506.2204138
17518,O=C(c1nnc[nH]1)C1CC1,1,-472.3430686,-472.4412766
17521,O=C1C(F)=C(F)C1(F)F,0,-627.1277497,-627.1324917
17522,O=C1C(F)=C(O)CC[C@H]1F,0,-582.4807077,-582.5643537
17523,O=C1C(O)=Nc2ncnn21,0,-523.1569915,-523.1992065
17524,O=C1C/C(=N\O)NC(O)=N1,0,-545.4426123,-545.5135083
17526,O=C1C=C(C(F)(F)F)N=N1,0,-637.3772128,-637.3979048
17527,O=C1C=C(CO)CCO1,0,-459.1687679,-459.2731959
17528,O=C1C=C(O)C(=O)C=C1O,0,-532.0470958,-532.1100978
17529,O=C1C=C(O)C(=O)[C@@H]2O[C@H]12,0,-531.9931077,-532.0553807
17530,O=C1C=C2CCC(=O)N2C1,0,-476.2305891,-476.3298301
17531,O=C1C=C2CCCC[C@H]2C1,0,-425.4059954,-425.5657264
17532,O=C1C=C2NCCC=C2O1,0,-476.208672,-476.310505
17533,O=C1C=CC(=O)C(F)=C1,0,-480.8016893,-480.8472103
17534,O=C1C=CC(=O)N1C1CC1,0,-476.1908049,-476.2885049
17535,O=C1C=CC(=O)N1CO,0,-474.0581087,-474.1275287
17536,O=C1C=CC2(C=C1)CO2,0,-420.7889362,-420.8713192
17537,O=C1C=CC2(CCCC2)C1,0,-425.3932682,-425.5506372
17538,O=C1C=CC2C=CC1C=C2,0,-422.9620079,-423.0755269
17539,O=C1C=CC=CCC1=O,0,-420.8137981,-420.8951041
17540,O=C1C=CC=CCCCC1,0,-425.3664064,-425.5243934
17541,O=C1C=CC=C[C@@H]2C[C@H]12,0,-384.8514642,-384.9590382
17542,O=C1C=CCCC=CC1,1,-386.0618273,-386.1916303
17543,O=C1C=CCCCC=C1,0,-386.0653456,-386.1959626
17544,O=C1C=CCCNC(=O)N1,0,-493.4801409,-493.5912509
17545,O=C1C=CC[C@@H]2C[C@@H]2CC1,0,-425.3481856,-425.5055256
17546,O=C1C=C[C@@H](C2CC2)NN1,0,-457.4504432,-457.5834772
17547,O=C1C=C[C@@H]2CO[C@H]1O2,0,-457.9390483,-458.0238823
17549,O=C1C=Cc2ccccc21,0,-421.8241473,-421.9150993
17550,O=C1C=c2ccccc2=N1,0,-437.846174,-437.924231
17552,O=C1CC(=O)CC2(CC2)C1,0,-461.322852,-461.453278
17553,O=C1CC(=O)OCO1,0,-455.8326449,-455.8867799
17554,O=C1CC(C(F)(F)F)=NN1,0,-638.6347891,-638.6796881
17555,O=C1CC(CO)=NC=C1O,0,-513.3308412,-513.4255012
17556,O=C1CC(F)(C(=O)O)C1,0,-519.1508949,-519.2147079
17558,O=C1CC2=C(CC=C2)O1,0,-420.8206909,-420.9038659
17559,O=C1CC2=CCC[C@H]2O1,0,-422.0323896,-422.1401146
17560,O=C1CC2CCC(CC2)N1,0,-442.6691703,-442.8426643
17561,O=C1CC2CCN(CC2)C1,0,-442.6281432,-442.8002392
17562,O=C1CC=C(CCO)O1,0,-459.1722377,-459.2752597
17563,O=C1CC=C2C=CN=C2N1,0,-455.1299379,-455.2196189
17564,O=C1CC=C2CC[C@H]2CC1,0,-425.3588876,-425.5159896
17566,O=C1CCC(F)(F)CCN1,0,-563.8257015,-563.9456205
17567,O=C1CCC2(CC2)C(=O)C1,0,-461.3268876,-461.4586536
17568,O=C1CCC2(CCC2)OC1,0,-462.4976762,-462.6542212
17569,O=C1CCC2=C(CCC2)N1,0,-441.4745436,-441.6222646
17570,O=C1CCC2=C1COCO2,0,-497.269446,-497.381335
17571,O=C1CCCC(=O)C1(F)F,0,-582.4843517,-582.5667657
17572,O=C1CCCC(=O)NC1,0,-439.3108311,-439.4281971
17573,O=C1CCCC(O)CCC1,0,-463.722451,-463.902637
17574,O=C1CCCC=C[C@H]2C[C@@H]12,0,-425.3532683,-425.5121633
17577,O=C1CCCCC2(CC2)N1,0,-442.6412094,-442.8113634
17578,O=C1CCCCCC(=O)C1,0,-462.5386805,-462.6952145
17579,O=C1CCCCCC2=N[C@H]12,0,-441.3984833,-441.5445883
17580,O=C1CCCCCCCN1,1,-443.8524115,-444.0466255
17581,O=C1CCCCCCO1,0,-424.4289827,-424.5831907
17582,O=C1CCCCC[C@H]2C[C@H]12,0,-426.5527127,-426.7347117
17584,O=C1CCCCNCC1,0,-404.5256626,-404.6914576
17585,O=C1CCCC[C@@H]2C[C@@H]2C1,0,-426.5612185,-426.7425715
17586,O=C1CCCOCC1,0,-385.1087448,-385.2328608
17587,O=C1CCC[C@@H]1C(F)(F)F,0,-607.7341958,-607.8268008
17588,O=C1CCC[C@]12CCCO2,0,-462.5259396,-462.6834866
17589,O=C1CCCc2[nH]cnc21,0,-456.3366301,-456.4506011
17590,O=C1CCCc2c[nH]cc21,0,-440.2779804,-440.4036734
17593,O=C1CCCc2ccoc21,0,-460.1444178,-460.2574858
17598,O=C1CCCn2nccc21,0,-456.3166547,-456.4308437
17600,O=C1CCN2C(=O)CCN12,0,-493.4531051,-493.5650171
17601,O=C1CCN2NC=NC2=N1,0,-488.4065321,-488.4965271
17602,O=C1CCN=C2NCCN12,0,-473.5908077,-473.7166527
17603,O=C1CCNC(=O)CC1,0,-439.3129899,-439.4300429
17604,O=C1CCNC2(CC2)C1,0,-403.3124953,-403.4540673
17605,O=C1CCN[C@@H]2CCCN12,0,-458.7180525,-458.8790405
17606,O=C1CCOC2(CNC2)C1,0,-478.5398688,-478.6841818
17607,O=C1CCOCCC1(F)F,0,-583.6654348,-583.7714618
17608,O=C1CCOCCO1,0,-421.0472502,-421.1494692
17609,O=C1CCOC[C@H]1F,0,-445.0791053,-445.1676703
17610,O=C1CCON1,0,-322.5223602,-322.5798062
17611,O=C1CC[C@@H](CO)CCN1,0,-479.7941712,-479.9623262
17612,O=C1CC[C@@H]2CC(=O)[C@H]1C2,0,-461.3502027,-461.4859047
17613,O=C1CC[C@@H]2CC(F)(F)[C@@H]12,0,-546.4912723,-546.5989713
17614,O=C1CC[C@@H]2CC=CN12,0,-402.1535557,-402.2738107
17616,O=C1CC[C@@]12CCC21CC1,0,-425.3161962,-425.4700162
17617,O=C1CC[C@H]2C=CC=C12,0,-384.8735251,-384.9813861
17618,O=C1CC[C@H]2CCCN1C2,0,-442.6538234,-442.8288754
17619,O=C1CC[C@H]2COC[C@H]2C1,0,-462.5226355,-462.6817565
17621,O=C1CC[C@H]2[C@@H](C1)C2(F)F,0,-546.5142473,-546.6216043
17623,O=C1CCc2[nH]ncc21,0,-417.0053435,-417.0909965
17627,O=C1CCc2ncccc21,0,-439.0926084,-439.1942244
17628,O=C1CCn2cccc2C1,0,-440.2638498,-440.3873768
17629,O=C1CCn2ccnc21,0,-417.0170436,-417.1022966
17631,O=C1CCn2nnnc2N1,0,-504.4674904,-504.5457734
17632,O=C1CN1C1CCCCC1,0,-442.6038201,-442.7719891
17633,O=C1CN2C(=O)CC[C@H]2N1,0,-493.4944574,-493.6069934
17634,O=C1CN2C=CC=CC2=N1,0,-455.1411298,-455.2319148
17635,O=C1CN2CCC[C@H]1C2,0,-403.3258983,-403.4712343
17636,O=C1CN2CCC[C@H]2CN1,0,-458.7076761,-458.8684061
17637,O=C1CNC(=O)NC(=O)C1,0,-529.4494662,-529.5356212
17638,O=C1CNC(=O)[C@H](CO)N1,0,-530.6291766,-530.7385556
17639,O=C1CNC2(CN1)COC2,0,-494.6147738,-494.7494088
17640,O=C1CNC2=C(NON2)N1,0,-525.442055,-525.529656
17641,O=C1CNC2CC(C2)O1,0,-439.2464774,-439.3664124
17642,O=C1CNCC12CNC2,0,-419.3472125,-419.4769285
17643,O=C1CNCCCN1,0,-381.2995382,-381.4261632
17644,O=C1CNCCC[C@@H]1F,0,-464.497679,-464.626788
17645,O=C1CNCCNC1,0,-381.2681472,-381.3937332
17646,O=C1CNCN1CC1CC1,1,-458.6774568,-458.8333918
17647,O=C1CNC[C@H]2CCCN12,0,-458.7127922,-458.8738342
17648,O=C1CN[C@@H]2COC[C@@H]2N1,0,-494.6396388,-494.7771118
17650,O=C1CN[C@H]2CCC[C@H]2O1,0,-478.5880281,-478.7368761
17651,O=C1CNc2nonc2N1,0,-524.3130411,-524.3786221
17652,O=C1COC(=O)CN1,0,-435.9522966,-436.0182236
17653,O=C1COCCCN1,0,-401.1775481,-401.2918011
17654,O=C1COCCOC1,0,-421.0281563,-421.1281503
17655,O=C1COCC[C@H]1CO,0,-460.3489687,-460.4772247
17656,O=C1COCc2[nH]ccc21,0,-476.1958181,-476.2970481
17657,O=C1CO[C@@H]2C(=O)CO[C@H]12,0,-533.1853139,-533.2697099
17658,O=C1CO[C@H](C(=O)O)C1,0,-495.1278049,-495.2066439
17659,O=C1CO[C@H](C2CC2)CN1,1,-478.5641709,-478.7092289
17660,O=C1COc2ccccc21,0,-458.9682751,-459.0583751
17663,O=C1C[C@@H](C=C(F)F)CN1,0,-562.60279,-562.696845
17664,O=C1C[C@@H](CF)CO1,0,-445.1081035,-445.1966216
17665,O=C1C[C@@H]2C(=O)OC[C@@H]2O1,0,-533.255302,-533.343342
17666,O=C1C[C@@H]2C=C[C@@H]2N1,0,-362.8194018,-362.9108548
17667,O=C1C[C@@H]2CCO[C@H]2O1,0,-459.1505386,-459.2584016
17668,O=C1C[C@@H]2CO[C@H](C1)O2,0,-459.1567405,-459.2643805
17669,O=C1C[C@@H]2C[C@H](O)C[C@@H]2O1,0,-498.4918913,-498.6268593
17670,O=C1C[C@@H]2NCCC[C@@H]2N1,0,-458.7182479,-458.8793499
17671,O=C1C[C@@](O)(CF)CCO1,0,-559.6522489,-559.7705349
17672,O=C1C[C@H](O)C=C1CO,0,-459.1611444,-459.2636714
17674,O=C1C[C@H]2C=CC[C@@H]2O1,0,-422.0106676,-422.1192386
17675,O=C1C[C@H]2C=C[C@@H](C1)O2,0,-422.0076462,-422.1157032
17676,O=C1C[C@H]2CC=CC=C12,0,-384.8499362,-384.9566472
17677,O=C1C[C@H]2CCCCN2N1,0,-458.6848291,-458.8456661
17678,O=C1C[C@H]2CC[C@@H](CN1)N2,0,-458.7129935,-458.8745805
17682,O=C1C[C@H]2CNC[C@@H]2N1,0,-419.3926025,-419.5257985
17683,O=C1C[C@H]2CN[C@@H](C1)C2,0,-403.33911,-403.483469
17684,O=C1C[C@H]2C[C@@H](O)[C@@H](C1)N2,0,-478.5802385,-478.7294155
17685,O=C1C[C@H]2C[C@@H]3O[C@@H]3[C@@H]2C1,0,-461.2918986,-461.4277536
17686,O=C1C[C@H]2C[C@H](O)[C@@H](C1)O2,0,-498.4677543,-498.6026583
17689,O=C1Cc2ccccc2C1,0,-423.036094,-423.148614
17692,O=C1Cc2cccnc2N1,0,-455.1702843,-455.2613553
17697,O=C1N=C(O)C(=O)C(=O)N1,0,-564.176438,-564.21485
17698,O=C1N=C(O)N[C@@H](O)[C@H]1F,0,-590.5892472,-590.6622852
17699,O=C1N=C(O)[C@H]2CNC[C@H]12,0,-493.4296865,-493.5425675
17700,O=C1N=CC(F)=C[C@H]1F,0,-522.0685581,-522.1123451
17701,O=C1N=CC2(N=N2)C(=O)N1,0,-523.1400529,-523.1788769
17702,O=C1N=CC2=CC=NC2=N1,0,-469.9404282,-469.9942092
17703,O=C1N=CC=C2N=CN=C12,0,-469.9396917,-469.9938037
17704,O=C1N=CN=C2C=CO[C@@H]12,0,-491.0317444,-491.0973324
17705,O=C1N=CN=C2C=NN=C12,0,-485.9513686,-485.9920426
17706,O=C1N=CN=C2NN=C[C@H]12,0,-487.2040973,-487.2700033
17707,O=C1N=NC(C2CC2)=N1,0,-432.9950637,-433.0641427
17709,O=C1N=Nc2ccccc21,0,-453.8994574,-453.9659424
17711,O=C1NC(=O)C2=C1CCC2,0,-476.2318734,-476.3316334
17712,O=C1NC(=O)N2CCC[C@@H]12,0,-493.5062941,-493.6198801
17713,O=C1NC(=O)[C@@H]2CC[C@@H]2N1,0,-493.4866939,-493.5990099
17714,O=C1NC(=O)[C@H]2[C@H](CO)[C@@H]12,0,-513.3511054,-513.4485114
17715,O=C1NC=C2C(=O)NC=C12,0,-491.0855069,-491.1512769
17717,O=C1NC=N[C@H]2NC=N[C@H]12,0,-488.4218955,-488.5132105
17718,O=C1NCC2(CC2)O1,0,-399.9739697,-400.0640857
17719,O=C1NCC2=C1CC=CC2,0,-440.2719508,-440.3949608
17720,O=C1NCCCNC12CC2,0,-458.6812687,-458.8403337
17721,O=C1NCCN1C1CNC1,0,-474.742421,-474.889604
17722,O=C1NCCNCC1(F)F,0,-579.8578206,-579.9668756
17723,O=C1NCC[C@@H]1OC(F)F,0,-599.7560861,-599.8506041
17726,O=C1NCCc2cncn21,0,-472.4071175,-472.5105305
17727,O=C1NCCc2nc[nH]c21,0,-472.4117911,-472.5153511
17729,O=C1NCCc2oncc21,0,-492.2399979,-492.3301699
17731,O=C1NCCn2nncc21,0,-488.4199592,-488.5112312
17732,O=C1NCN2CCC1CC2,0,-458.7054602,-458.8674552
17733,O=C1NCN=C2N=CN=C12,0,-487.2161289,-487.2823119
17734,O=C1NC[C@@H](C(F)(F)F)N1,0,-639.8720637,-639.9435917
17735,O=C1NC[C@@H]2CCNC[C@@H]12,0,-458.7147087,-458.8764907
17736,O=C1NC[C@@H]2CCO[C@H]12,0,-439.2919037,-439.4114037
17738,O=C1NC[C@@H]2CNC[C@]12F,0,-518.6895689,-518.8120239
17739,O=C1NC[C@@H]2CN[C@H]1C2,0,-419.4097964,-419.5440514
17741,O=C1NC[C@]12CCCOC2,0,-478.5755228,-478.7219328
17742,O=C1NCc2cnccc21,0,-455.1585652,-455.2497512
17743,O=C1NCc2nccn21,0,-433.0967681,-433.1699821
17744,O=C1NCc2nccnc21,0,-471.2027363,-471.2817673
17745,O=C1NN=C2CCC[C@@H]12,0,-418.1911516,-418.2991796
17746,O=C1NNC(=O)NN1,0,-448.1337335,-448.1902675
17747,O=C1NNCCO1,0,-377.9114014,-377.9871864
17749,O=C1N[C@@H]2C=CC=C[C@H]12,0,-400.9324551,-401.0278871
17750,O=C1N[C@@H]2C=CCC[C@H]12,0,-402.1379165,-402.2576095
17753,O=C1N[C@@]2(CCNC2)CO1,0,-494.6570694,-494.7927624
17754,O=C1N[C@H](CO)C[C@H]2C[C@@H]12,0,-478.5800055,-478.7263195
17755,O=C1N[C@H]2C=C[C@@H]1C2,0,-362.8261667,-362.9200247
17756,O=C1N[C@H]2CNCC[C@H]2O1,0,-494.664059,-494.802752
17757,O=C1N[C@H]2C[C@H](O)C[C@@H]1C2,0,-478.6095355,-478.7586565
17758,O=C1N[C@H]2NCCN[C@H]2N1,0,-490.8355566,-490.9749566
17760,O=C1OCC2=C1CCNC2,0,-477.3971757,-477.5221527
17761,O=C1OCCC12CCCC2,0,-462.5477551,-462.7065771
17762,O=C1OCCC[C@H]1O,0,-421.0711842,-421.1723332
17763,O=C1OCC[C@H]2CCN[C@H]12,0,-478.5799499,-478.7278689
17764,O=C1OCN2CCNC[C@@H]12,0,-494.6283581,-494.7659021
17765,O=C1OC[C@@H]2CC=CC[C@H]12,0,-461.3402159,-461.4762449
17767,O=C1OC[C@@H]2[C@H](O)CCN12,0,-514.5443369,-514.6681939
17769,O=C1OCc2ccncc21,0,-475.0334541,-475.1125441
17771,O=C1OCc2nonc21,0,-488.8052809,-488.8419759
17772,O=C1O[C@@H]2C=CC=C[C@H]1C2,0,-460.1317701,-460.2458831
17773,O=C1O[C@@H]2C=CC[C@H]2[C@H]1O,0,-497.2471637,-497.3587447
17774,O=C1O[C@@H]2CCC[C@H]1O2,0,-459.1793079,-459.2889979
17775,O=C1O[C@H](CO)[C@@H](O)[C@H]1O,0,-571.5582781,-571.6654271
17776,O=C1O[C@H](F)[C@@H](F)O1,0,-541.0334785,-541.0622085
17777,O=C1O[C@H]2CCC[C@@H]1CC2,0,-462.5474969,-462.7094529
17779,O=C1O[C@H]2CONC[C@H]2O1,0,-550.4228467,-550.5239777
17781,O=C1[C@@H]2CCC[C@@H]2N1CO,0,-478.5877614,-478.7328284
17782,O=C1[C@@H]2CNC[C@H]1OC2,0,-439.257117,-439.37842
17784,O=C1[C@H]2CCC[C@H]1COC2,0,-462.4347597,-462.5959137
17785,O=C1[C@H]2CC[C@H]2[C@@H]2C[C@H]12,0,-386.0426668,-386.1739288
17786,O=C1[C@H]2C[C@H]3CO[C@@H]1[C@H]3C2,0,-461.3168169,-461.4553659
17787,O=CC#CC(F)(F)F,0,-527.8498355,-527.8574275
17788,O=CC(=O)/C=C\[C@H](O)CO,1,-534.3846598,-534.4867598
17791,O=CC(=O)c1cnccn1,0,-491.0497342,-491.1108142
17792,O=CC(C=O)C1CCCC1,0,-462.5198553,-462.6699563
17793,O=CC(C=O)c1ncc[nH]1,0,-492.2566869,-492.3400919
17794,O=CC(O)(O)C=O,0,-417.6900406,-417.7332906
17795,O=CC1(C(F)F)CCC1,0,-508.4039667,-508.5040127
17796,O=CC1(n2nccn2)CC1,0,-472.3138244,-472.4092764
17797,O=CC12C3C4C5C3C1C5C42,0,-422.8116983,-422.9231133
17798,O=CC12CCC(CC1)CC2,0,-426.5866687,-426.7692457
17800,O=CC1=NOC2(COC2)C1,0,-513.2363265,-513.3306545
17803,O=CC1=NO[C@H]2CCC[C@H]12,0,-477.3084947,-477.4307597
17804,O=CC1C2(CC2)C12CC2,0,-385.9805359,-386.1054909
17805,O=CC1CC(C(F)(F)F)C1,0,-607.7001537,-607.7906027
17806,O=CC1CC2(CCCC2)C1,0,-426.5583887,-426.7359617
17807,O=CCC(=O)CC=O,0,-419.8637875,-419.9326205
17808,O=CCCC(F)(F)F,0,-530.3183414,-530.3755824
17809,O=CCCC1OCCO1,0,-460.3388813,-460.4655683
17810,O=CCCCCC1CC1,1,-388.4434398,-388.6121078
17811,O=CCCOC1CCCC1,0,-463.7030021,-463.8770091
17812,O=CCC[C@H]1CC=CCC1,0,-426.5735572,-426.7505722
17814,O=CCCc1cnoc1,0,-438.0410426,-438.1319416
17815,O=CCCc1nc[nH]n1,0,-434.2594653,-434.3510633
17816,O=CC[C@H]1CCCC12CC2,0,-426.5505086,-426.7284786
17819,O=CN(CCO)CCO,0,-477.6163722,-477.7560262
17820,O=CN1CC(=O)NC(=O)C1,0,-529.4490762,-529.5346352
17821,O=CN1CCC(CO)CC1,0,-479.78545,-479.952458
17822,O=CN1CCCNCC1,0,-420.5903456,-420.7440816
17824,O=CNC(=O)/C=C\C(=O)O,0,-549.3198251,-549.3881531
17825,O=CNC(NC=O)NC=O,1,-546.6979025,-546.7911775
17826,O=CNC1=CCCCC1,0,-403.3527793,-403.4936213
17827,O=CNC1CC(F)(F)C1,0,-524.4889311,-524.5773531
17829,O=CNCc1cccnc1,0,-456.3417186,-456.4521246
17831,O=CNc1ccc(O)cc1,0,-476.2358015,-476.3340595
17833,O=COC1CCCCCC1,0,-463.7295449,-463.9087899
17834,O=COCC(F)(F)C(F)F,0,-704.8308879,-704.8834639
17835,O=COCCCF,0,-406.9931017,-407.0736367
17836,O=CON1C(=O)CCC1=O,0,-549.2766587,-549.3471507
17838,O=CO[C@@H]1C=CCOCC1,0,-498.4469154,-498.5789144
17840,O=C[C@@H](F)[C@H](O)[C@H](O)CO,1,-596.7576577,-596.8716977
17841,O=C[C@@H](O)[C@H](O)C=O,0,-456.9867121,-457.0586741
17843,O=C[C@@H]1CC[C@H](C=O)O1,0,-459.1477277,-459.2479787
17844,O=C[C@@H]1CC[C@H]2C[C@@H]1CO2,0,-462.5146271,-462.6740571
17845,O=C[C@@H]1C[C@H]1c1ccco1,0,-460.10044,-460.208351
17848,O=C[C@@H]1[C@H]2CCOC[C@@H]12,0,-423.1836925,-423.3132315
17850,O=C[C@H](O)/C(O)=C(\O)CO,0,-571.5267808,-571.6300188
17851,O=C[C@H](O)CN1CCCC1,0,-479.7571199,-479.9217369
17853,O=C[C@H]1CCN(C2CC2)C1,0,-442.5895678,-442.7563208
17854,O=C[C@H]1CN2CCC1CC2,0,-442.620317,-442.791907
17855,O=C[C@H]1Cc2ccccc21,0,-422.9811625,-423.0920395
17856,O=Cc1c(F)ncnc1F,0,-576.2745124,-576.3121554
17859,O=Cc1cc(=O)[nH]cc1F,0,-536.1867778,-536.2482688
17865,O=Cc1cc(C2CC2)no1,0,-476.1241711,-476.2194851
17879,O=Cc1ccc(F)nc1F,0,-560.2294213,-560.2789123
17880,O=Cc1ccc(O)c(F)c1,0,-520.1381454,-520.2114584
17881,O=Cc1ccc(O)nn1,0,-452.9400822,-452.9987992
17882,O=Cc1ccc2n1CCC2,0,-440.2646469,-440.3891889
17883,O=Cc1cccc(CF)n1,0,-500.2459028,-500.3306808
17888,O=Cc1ccn(CCF)n1,0,-517.4698088,-517.5648428
17890,O=Cc1ccnn1C1CC1,0,-456.2688371,-456.3783211
17894,O=Cc1cn(CCO)nn1,0,-509.4727437,-509.5688357
17895,O=Cc1cn2c(n1)CCC2,0,-456.3212641,-456.4338481
17896,O=Cc1cncc(F)c1O,0,-536.1911544,-536.2542304
17898,O=Cc1cnn(C(F)F)c1,0,-577.449662,-577.508501
17899,O=Cc1cnn2c1CCC2,0,-456.3048644,-456.4174474
17900,O=Cc1coc(C(=O)O)c1,0,-532.0408576,-532.1014266
17901,O=Cc1coc(C(F)F)n1,0,-597.3336635,-597.3798935
17902,O=Cc1cocc1CO,0,-457.9582834,-458.0399864
17905,O=Cc1nc(C2CC2)n[nH]1,0,-472.3433715,-472.4412845
17907,O=Cc1nc[nH]c1C(=O)O,0,-528.2469673,-528.3109153
17911,O=Cc1noc2c1CCC2,0,-476.1433208,-476.2422028
17913,O=Cc1occc1C1CC1,0,-460.098969,-460.207422
17915,O=N/C=C1/C=CC=CN1,0,-416.9479383,-417.0313223
17916,O=NC(=O)C1=CNC=CN1,0,-508.2185975,-508.2904945
17917,O=NC(F)(F)F,0,-467.6717898,-467.6635778
17918,O=NC1=C(NO)CCCC1,0,-494.5259922,-494.6574952
17920,O=NCNCCO,0,-379.0275683,-379.1192463
17921,O=NN(CCO)CC(=O)O,0,-567.6762598,-567.7814098
17923,O=NN1CCC(=O)NC1=O,0,-545.4227892,-545.4952902
17924,O=NN1CCC(F)(F)CC1,0,-579.7975256,-579.9046296
17925,O=NN1CCCCCC1=O,0,-494.5800931,-494.7111041
17926,O=NN1C[C@H]2CCC[C@H]2C1,0,-458.6313769,-458.7901739
17927,O=NNc1ccncc1,0,-433.0093722,-433.0803962
17929,O=NOCc1ccccc1,0,-476.1284291,-476.2228411
17930,O=Nc1c[nH]c(=O)[nH]c1=O,0,-544.2383012,-544.2888522
17931,O=Nc1ccc(N=O)cc1,0,-490.9279605,-490.9885425
17932,O=Nc1cccnc1N=O,0,-506.9650205,-507.0119825
17933,O=c1[nH]c(O)nnc1F,0,-530.1777905,-530.2122765
17934,O=c1[nH]c2c([nH]1)CNCC2,0,-473.5887596,-473.7143686
17935,O=c1[nH]c2c([nH]1)NON2,0,-486.1384629,-486.1985639
17936,O=c1[nH]c2ccccc2o1,0,-475.0553786,-475.1346476
17937,O=c1[nH]c2cccnc2[nH]1,0,-471.2407244,-471.3208564
17939,O=c1[nH]c2nonc2[nH]1,0,-485.0099334,-485.0473664
17941,O=c1[nH]ccc2[nH]cnc12,0,-471.2199026,-471.3001496
17945,O=c1[nH]ccc2c1OCC2,0,-476.2130557,-476.3144457
17954,O=c1[nH]cnc2c1CN=N2,0,-487.2212322,-487.2879682
17956,O=c1[nH]cnc2cn[nH]c12,0,-487.2588184,-487.3278524
17957,O=c1[nH]cnc2n[nH]nc12,0,-503.2949331,-503.3524781
17958,O=c1[nH]cnc2ncnn12,0,-503.3155502,-503.3724232
17960,O=c1[nH]cnn2cncc12,0,-487.2421709,-487.3103129
17961,O=c1[nH]nc(C2CC2)[nH]1,0,-434.2549781,-434.3486631
17962,O=c1[nH]nc2ccccn12,0,-471.195112,-471.274982
17963,O=c1[nH]nc2n1CCCC2,0,-473.5910496,-473.7169246
17966,O=c1[nH]ncn2cccc12,0,-471.1808347,-471.2602497
17968,O=c1[nH]oc(=O)[nH]1,0,-412.6833704,-412.7107004
17970,O=c1c(=O)c2ccccc12,0,-457.7431374,-457.8083114
17971,O=c1c(O)c(O)c(=O)c1=O,0,-567.9691135,-568.0057855
17972,O=c1c(O)c[nH]cc1F,0,-498.0771357,-498.1359327
17973,O=c1c2c(c1=O)NCCN2,0,-492.2348847,-492.3229327
17974,O=c1cc(CO)[nH]cc1O,0,-513.3551391,-513.4534581
17975,O=c1cc(CO)ccn1O,0,-513.3055804,-513.4019614
17976,O=c1cc(F)[nH]c(F)c1,0,-522.1066488,-522.1515198
17977,O=c1cc(NO)[nH]c(=O)[nH]1,0,-545.4640117,-545.5387507
17978,O=c1cc(O)oc(CO)c1,0,-533.2159548,-533.2994708
17979,O=c1cc2c(c[nH]1)CCN2,0,-456.344312,-456.458945
17980,O=c1cc2c(n[nH]1)CCC2,0,-456.3201714,-456.4341074
17981,O=c1cc2ccccn2[nH]1,0,-455.1093816,-455.1998866
17982,O=c1cc[nH]c(C(F)F)c1,0,-561.4163834,-561.4894804
17983,O=c1cc[nH]c2c1CCC2,0,-440.2772342,-440.4028262
17984,O=c1cc[nH]c2ccnn12,0,-471.181054,-471.260361
17985,O=c1cc[nH]c2ccoc12,0,-475.0082359,-475.0871149
17986,O=c1cc[nH]c2nccn12,0,-471.2103674,-471.2902734
17987,O=c1cc[nH]n2cccc12,0,-455.0905444,-455.1807324
17988,O=c1ccc(=O)n(CO)[nH]1,0,-529.3857562,-529.4711042
17989,O=c1ccc(CCO)c[nH]1,0,-477.4166792,-477.5375572
17990,O=c1ccc2[nH]ccc2[nH]1,0,-455.1555034,-455.2468184
17991,O=c1ccc2c([nH]1)NCC2,0,-456.3387409,-456.4531929
17992,O=c1ccc2cn[nH]c2[nH]1,0,-471.1947355,-471.2744675
17993,O=c1ccc2nccn2[nH]1,0,-471.1661962,-471.2440762
17994,O=c1cccc2n1CCN2,0,-456.3402761,-456.4549551
17995,O=c1ccccc(O)c1O,0,-496.0940896,-496.1814416
17996,O=c1ccccn1CCO,0,-477.4124377,-477.5348927
17997,O=c1ccn2[nH]ccc2n1,0,-471.1507734,-471.2290934
17998,O=c1ccnc2nc[nH]n12,0,-487.237108,-487.304157
17999,O=c1ccnc[nH]1,0,-339.6263228,-339.6798108
18000,O=c1nc(NF)cc[nH]1,0,-494.200736,-494.259162
18001,O=c1ncc2c([nH]1)CNC2,0,-472.3785355,-472.4810425
18002,O=c1nccc2[nH]ccn12,0,-471.2023417,-471.2814677
18003,O=c1ncn2nccc2[nH]1,0,-487.2427262,-487.3102892
18004,O=c1ncnc2cc[nH]n12,0,-487.237607,-487.304511
18005,O=c1nn[nH]c2nc[nH]c12,0,-503.2627128,-503.3179978
18007,OC/C(F)=C1/CCCNC1,0,-503.7828071,-503.9372751
18009,OC1(c2c[nH]nn2)CNC1,0,-489.5531655,-489.6639505
18013,OC1(c2ncc[nH]2)CCC1,0,-457.4912134,-457.6242514
18015,OC1=C(O)c2ccccc21,0,-458.8795597,-458.9653537
18018,OCC#Cc1cncnc1,0,-455.0705606,-455.1541536
18020,OCC(CO)=NO,0,-398.9473397,-399.0282127
18021,OCC1(CO)CC=CC1,0,-424.3955525,-424.5470855
18022,OCC1(CO)CCC=CO1,0,-499.6366045,-499.7927245
18023,OCC1=C(CO)CC=CC1,0,-462.4964862,-462.6516412
18024,OCC1=C(O)C[C@@H](O)O1,0,-496.2782156,-496.3807196
18025,OCC1=Cc2ccccc21,0,-422.9285181,-423.0386531
18026,OCC1CCC=CCC1,0,-388.4560399,-388.6313869
18027,OCC=C1CCCCCC1,0,-427.7596746,-427.9621176
18028,OCCC#Cc1cn[nH]c1,0,-456.252221,-456.358669
18029,OCCCC1=CCC=CC1,0,-426.5619541,-426.7405141
18030,OCCCCn1ccnc1,0,-458.6951282,-458.8512652
18031,OCCCc1ccnnc1,1,-457.4762492,-457.6069242
18036,OCCNc1ccccc1,1,-441.4578493,-441.6028503
18037,OCCNc1cnccn1,0,-473.5683326,-473.6904806
18039,OCCOc1ccccn1,0,-477.399624,-477.521572
18043,OCCc1nccnn1,0,-434.229152,-434.322662
18044,OCCn1ccnc1CO,0,-494.6395797,-494.7730827
18046,OC[C@@H](O)c1cn[nH]n1,0,-471.3684222,-471.4623602
18047,OC[C@@H]1CCc2ncnn21,0,-473.556154,-473.681535
18049,OC[C@H](O)Cn1cccc1,0,-478.5735229,-478.7169979
18052,OC[C@H]1NCc2[nH]ncc21,0,-473.521797,-473.646092
18054,OCc1[nH]nc2c1CCC2,0,-457.485522,-457.620764
18056,OCc1c[nH]c(C2CC2)n1,0,-457.4867514,-457.6182534
18060,OCc1cc(O)ccc1O,0,-497.2950945,-497.4047405
18061,OCc1cc2n(n1)CCO2,0,-493.4064954,-493.5170634
18066,OCc1ccccc1CF,0,-485.3784669,-485.4988229
18069,OCc1ccn(C2CC2)n1,1,-457.4575488,-457.5884778
18071,OCc1ccoc1C(F)F,0,-582.4624325,-582.5440715
18074,OCc1cnc2n1CCC2,0,-457.5065961,-457.6423031
18077,OCc1coc(CO)c1,0,-459.1417067,-459.2437227
18078,OCc1coc(CO)n1,0,-475.210396,-475.30041
18079,OCc1n[nH]c(CO)n1,0,-471.3905561,-471.4824791
18080,OCc1nc(F)ccc1F,0,-561.4150902,-561.4862832
18084,OCc1nnc(C2CC2)o1,0,-493.3975108,-493.5034408
18085,OCc1nnn2c1CCC2,0,-473.5262416,-473.6491116
18088,ON1Cc2ccccc2C1,0,-440.2134502,-440.3378942
18089,ON=C(C1CC1)C1CC1,0,-403.2311849,-403.3680039
18090,ON=C1CCCC[C@@H]1NO,0,-495.7367398,-495.8926948
18091,ON=C1COCO1,0,-397.7373082,-397.7977572
18092,ON=C[C@H]1CCCO1,1,-401.1076934,-401.2176764
18094,ON=Cc1ccccc1F,0,-500.1922399,-500.2769049
18095,O[C@@H](c1ncn[nH]1)C1CC1,0,-473.5317186,-473.6524416
18097,O[C@@H]1C(F)=CC=C[C@@H]1O,0,-483.1717134,-483.2638004
18099,O[C@@H]1C=C[C@H]2C[C@@H]2CCC1,0,-426.524913,-426.705737
18100,O[C@@H]1CC/C=C/CCC1,0,-388.4276821,-388.6041911
18101,O[C@@H]1CC=CCCOC1,0,-424.3836985,-424.5369755
18102,O[C@@H]1CCC1=C1CCC1,0,-387.2094737,-387.3586507
18103,O[C@@H]1CCCc2c[nH]nc21,0,-457.5015423,-457.6385413
18105,O[C@@H]1CCCn2cnnc21,0,-473.5532446,-473.6784776
18106,O[C@@H]1CCc2cccnc21,0,-440.2721711,-440.3975291
18108,O[C@@H]1CCc2nc[nH]c2C1,0,-457.5205774,-457.6578914
18112,O[C@@H]1Cc2cccc(F)c21,0,-484.1495405,-484.2481485
18114,O[C@@H]1[C@H](O)[C@@H](O)C=C[C@H]1O,0,-535.5868413,-535.7174393
18115,O[C@@]12C=C[C@H](CCCC1)O2,0,-462.41757,-462.577258
18117,O[C@H]1C/C=C\CCCCC1,0,-427.7522733,-427.9565193
18118,O[C@H]1C=CC=CCC=CC1,0,-425.3355927,-425.4921737
18119,O[C@H]1C=CCCCC[C@@H]1O,1,-463.6958721,-463.8767311
18120,O[C@H]1C=CN=CN1,0,-340.7839206,-340.8595056
18121,O[C@H]1C=C[C@@H]2C[C@@H]2[C@H]2C[C@H]21,0,-425.3096205,-425.4683725
18122,O[C@H]1C=C[C@H](F)C1,0,-369.8296491,-369.9132681
18124,O[C@H]1CCC2=CCC[C@H]21,0,-387.2634798,-387.4178918
18125,O[C@H]1CCC[C@]12C=CCO2,0,-462.5026783,-462.6591323
18128,O[C@H]1CC[C@H]1n1ccnc1,1,-457.4762039,-457.6100829
18131,O[C@H]1CNc2ccnn2C1,0,-473.5454516,-473.6715496
18133,O[C@H]1COc2cnccc21,0,-476.1947128,-476.2956668
18134,O[C@H]1COc2nccn2C1,0,-493.4359131,-493.5490261
18135,O[C@H]1C[C@H](n2cnnc2)C1,1,-473.51329,-473.633578
18137,O[C@]1(C(F)(F)F)CC=NO1,0,-659.6692995,-659.7251405
18138,Oc1[nH]cc2ncccc12,0,-455.1226065,-455.2120065
18140,Oc1cc(C(F)(F)F)no1,0,-658.4813287,-658.5136507
18141,Oc1cc(C(F)F)[nH]n1,0,-539.345066,-539.400613
18143,Oc1cc(C2CNC2)on1,0,-493.3683126,-493.4780086
18145,Oc1cc(F)c(O)c(F)c1,0,-581.2963667,-581.3558817
18147,Oc1cc(O)c(O)cc1O,0,-533.2427036,-533.3252726
18148,Oc1cc2c(cn1)NCC2,0,-456.3335244,-456.4479514
18150,Oc1cc2cc[nH]c2cn1,0,-455.1513215,-455.2424535
18151,Oc1cc2ccccc2o1,0,-458.9624645,-459.0523155
18152,Oc1cc2n(n1)CCCC2,0,-457.5064715,-457.6437615
18157,Oc1ccc(F)c(O)c1F,0,-581.2967399,-581.3567309
18164,Oc1ccc2c(c1)CNC2,0,-440.2628352,-440.3884612
18165,Oc1ccc2cnoc2c1,0,-474.9831885,-475.0612745
18168,Oc1ccc2nncn2c1,0,-471.161874,-471.239875
18169,Oc1ccc2ocnc2c1,0,-475.021476,-475.100136
18171,Oc1cccc2[nH]ccc12,0,-439.0907616,-439.1928836
18174,Oc1cccc2c1CNC2,0,-440.2641967,-440.3899047
18176,Oc1cccc2c1OCO2,0,-496.0768189,-496.1652399
18178,Oc1cccc2ccoc12,0,-458.9586477,-459.0489287
18180,Oc1cccc2n[nH]nc12,0,-471.1677578,-471.2479948
18185,Oc1ccccc1[C@@H]1CO1,0,-460.1215991,-460.2334291
18186,Oc1cccn2nnnc12,0,-487.1985574,-487.2655874
18187,Oc1ccn2nccc2c1,0,-455.1178056,-455.2087086
18188,Oc1ccn2ncnc2n1,0,-487.2386086,-487.3063976
18189,Oc1ccnc2[nH]cnc12,0,-471.2148443,-471.2953063
18190,Oc1ccnc2c1CCN2,0,-456.3349921,-456.4492101
18194,Oc1ccnn2cccc12,0,-455.105581,-455.195854
18195,Oc1cn2ccccc2n1,0,-455.1400812,-455.2311952
18197,Oc1cnc(CF)cc1O,0,-537.3857428,-537.4693708
18200,Oc1cnc2[nH]cnc2c1,0,-471.2052166,-471.2846246
18202,Oc1cnc2ccnn2c1,0,-471.1612103,-471.2398653
18204,Oc1cnc2cn[nH]c2n1,0,-487.2411959,-487.3092959
18205,Oc1cncc2cc[nH]c12,0,-455.1406508,-455.2315348
18208,Oc1cnn(CC2CC2)c1,0,-457.4531775,-457.5843835
18209,Oc1cnn2c1CNCC2,0,-473.5348743,-473.6600673
18210,Oc1cnnc2[nH]ccc12,0,-471.1667543,-471.2456603
18212,Oc1coc2ccccc12,0,-458.952877,-459.04151
18215,Oc1n[nH]c2ccncc12,0,-471.1830329,-471.2622679
18220,Oc1nc2cccnc2o1,0,-491.085738,-491.153571
18221,Oc1ncc(O)c(O)n1,0,-490.1278036,-490.1870956
18223,Oc1nccc2nccn12,0,-471.202127,-471.28199
18226,Oc1ncnc(CF)c1F,0,-577.4702745,-577.5308955
18227,Oc1ncnc2nncn12,0,-503.2852145,-503.3410065
18230,Oc1nnc2n1NCCC2,0,-489.5734806,-489.6868286
18231,Oc1nncc2c[nH]nc12,0,-487.2014278,-487.2693528
18232,Oc1nncc2ccnn12,0,-487.1969315,-487.2641885
18233,Oc1nncc2occc12,0,-491.0393356,-491.1061276
18234,Oc1nncn2nccc12,0,-487.1913742,-487.2576822
18235,Oc1nnnc2n[nH]cc12,0,-503.2171623,-503.2716823
18236,Oc1nnnn1C1CCC1,0,-489.5531353,-489.6627683
18237,Oc1noc2c1CCNC2,0,-493.4018488,-493.5149748
18239,On1nnc2cccnc21,0,-487.154596,-487.219176
18241,c1[nH]cc2c1OCCCO2,0,-477.3565568,-477.4812518
18244,c1[nH]nc2c1CNCCC2,0,-437.6012588,-437.7519268
18245,c1[nH]nc2c1NCCCC2,0,-437.6063486,-437.7567376
18246,c1c/c(=N/C2CC2)cn[nH]1,0,-436.3568761,-436.4780231
18252,c1c[nH]c([C@H]2CCOC2)n1,0,-457.5021629,-457.6385789
18253,c1cc(C2=NCCN2)co1,0,-456.2916665,-456.4039085
18256,c1cc(CNC2CC2)co1,0,-441.3856603,-441.5290473
18257,c1cc(C[C@@H]2CO2)ccn1,0,-440.2254309,-440.3471889
18260,c1cc2c([nH]1)CCCNC2,0,-421.5549477,-421.7167577
18261,c1cc2c(cn1)CCCO2,0,-440.2668037,-440.3936677
18265,c1cc2c(o1)CNCC2,0,-402.1235912,-402.2454582
18266,c1cc2cc[nH]c2nn1,0,-395.9182553,-395.9942083
18269,c1cc2cnccn2c1,0,-379.8736182,-379.9614272
18270,c1cc2cnncc2o1,0,-415.7788523,-415.8421983
18273,c1cc2n(n1)CCCNC2,0,-437.6011983,-437.7520613
18278,c1ccc(C2CNC2)nc1,0,-420.343661,-420.479959
18280,c1ccc(C[C@H]2CN2)cc1,0,-404.2894875,-404.4367425
18283,c1ccc2[nH]nnc2c1,0,-395.9209098,-395.9971068
18286,c1ccc2c(c1)CCOC2,0,-424.2067476,-424.3450146
18287,c1ccc2c(c1)CNCO2,0,-440.2620568,-440.3893738
18291,c1ccc2c(c1)NCCO2,0,-440.2617427,-440.3884727
18295,c1ccc2cnccc2c1,0,-401.9586361,-402.0637001
18298,c1ccc2nncnc2c1,0,-434.0272675,-434.1077775
18299,c1ccc2nocc2c1,0,-399.7190648,-399.7943028
18302,c1ccn(CC[C@H]2CO2)c1,1,-441.401968,-441.545342
18304,c1ccn2nncc2c1,0,-395.9062492,-395.9822022
18307,c1cn(CC2CNC2)nn1,1,-453.6030535,-453.7367005
18311,c1cn2c(n1)NCCCC2,0,-437.6256136,-437.7764156
18327,c1cnc2c(n1)NCCN2,0,-452.5031077,-452.6190857
18330,c1cnc2ccoc2c1,0,-399.7630493,-399.8389693
18332,c1cnc2n[nH]nc2n1,0,-428.013037,-428.06681
18335,c1cnc2ncncc2n1,0,-450.1075103,-450.1769423
18342,c1cnn(C2CNC2)n1,0,-414.3088556,-414.4167556
18344,c1cnn2nnnc2n1,0,-444.0128254,-444.0525374
18345,c1cnnc(NC2CC2)c1,0,-436.3717797,-436.4934477
18347,c1coc(C2=NCCC2)c1,0,-440.238536,-440.361809
18351,c1n[nH]c2c1CCCCC2,0,-421.5617058,-421.7237738
18355,c1n[nH]cc1C1CCCC1,1,-421.5533563,-421.7103203
18361,c1nc([C@H]2CCNC2)no1,0,-473.5183448,-473.6419738
18365,c1nc2cnncc2[nH]1,0,-411.9722239,-412.0365359
18367,c1ncc([C@@H]2CCCO2)[nH]1,0,-457.5016859,-457.6370819
18369,c1ncc2[nH]cnc2n1,0,-412.0075944,-412.0727564
18374,c1ncc2ncoc2n1,0,-431.8794967,-431.9323027
18375,c1ncn(C2CCCC2)n1,1,-437.6165506,-437.7644256
18377,c1ncn2c1CCNCC2,0,-437.6108922,-437.7614142
