Index,Smiles,Stable_conf_id,G/Hatree,E/Hatree
2209,C=CC=C,0,-155.9924904,-156.0515654
3001,CC1=C(C)C(C)=C(C)C1,0,-351.3388468,-351.5087458
3998,COc1nccnn1,0,-394.9189723,-394.9854603
4076,Cc1ccnc(C)c1O,0,-402.1727166,-402.2885736
5215,Nc1cccccc1=O,0,-400.9607287,-401.0562207
5518,O=Cc1ccc(CO)[nH]1,0,-438.0934739,-438.1857059
5889,c1ccccc1,0,-232.25678,-232.330111
5941,c1nn[nH]n1,0,-258.3156381,-258.3371911
5944,c1nncnn1,0,-296.3863392,-296.4104252
8614,CC(C)(C)C1C=CC=C1,0,-351.3186346,-351.4914356
10030,Cc1nncnc1O,0,-394.9490693,-395.0154113
10214,N#CNc1ccccc1,0,-379.8828177,-379.9659597
11867,c1cn[nH]n1,0,-242.2763037,-242.3100377
11875,c1cnncn1,0,-280.3723693,-280.4094363
11887,c1nc[nH]n1,0,-242.2962277,-242.3300107
11946,C=C(C)C(=C)C,0,-234.6045102,-234.7172302
11970,C#Cc1ccc[nH]1,0,-286.3560483,-286.4182973
11975,C#Cc1ccn[nH]1,0,-302.3982207,-302.4493177
11977,C#Cc1ccoc1C,0,-345.5342978,-345.6097458
11980,C#Cc1cncn1C,0,-341.7165094,-341.7929884
11983,C#Cn1cccc1,0,-286.3334082,-286.3949632
11985,C/C(=C\N=O)NO,0,-377.8020025,-377.8695805
11994,C/C=C(C)/C=N\NC,0,-345.2938615,-345.4352495
12000,C/C=C(\O)C(=O)O,0,-381.7798894,-381.8482364
12006,C/C=C/C=C/C=N\O,0,-363.9711267,-364.0777977
12009,C/C=C/C=C\[C@H](C)O,0,-349.1498403,-349.2895533
12019,C/C=C/n1cccc1,0,-326.8862808,-326.9970718
12021,C/C=C\C(F)=C(F)F,0,-493.1197857,-493.1772947
12037,C1=CC2(C=C1)CC2,0,-271.4885454,-271.5867914
12040,C1=CC=CC=CC=C1,0,-309.5954233,-309.6978963
12041,C1=CC=CCC=C1,0,-271.5105025,-271.6099325
12071,C1CC1c1nn[nH]n1,0,-375.0073459,-375.0866529
12108,C=C(OC)C(=C)OC,0,-385.0622651,-385.1817441
12110,C=C/C=C(\C)CO,0,-309.842521,-309.957153
12113,C=C/C=C/CC(=O)O,0,-383.9230258,-384.0171818
12116,C=C/C=C/OC,0,-270.5281227,-270.6173727
12121,C=C/C=C\CCCC,1,-313.2068515,-313.3715695
12123,C=C/C=N/N=C(/C)N,0,-360.1798236,-360.2871716
12136,C=C1CCN(C)C1=O,0,-364.0478812,-364.1597092
12143,C=C1C[C@H](C)OC1=O,0,-383.932649,-384.032322
12147,C=C1NC(=O)NC1=O,0,-414.8975258,-414.9521298
12151,C=C=CC(C)=O,0,-269.3406208,-269.4037318
12158,C=CC(=C)CCCO,0,-349.1405694,-349.2842294
12160,C=CC(=N)N,0,-227.4270611,-227.4903041
12172,C=CC(=O)NOCC,0,-401.114626,-401.220785
12183,C=CC1=CC=CC1,0,-271.5090217,-271.6055437
12223,C=CCn1cccc1,0,-326.8780017,-326.9901677
12254,C=Cc1ccc(C)o1,0,-346.7716724,-346.8710944
12256,C=Cc1ccn[nH]1,0,-303.6337713,-303.7080153
12259,C=Cc1cnc[nH]1,0,-303.6517281,-303.7263061
12263,C=Cc1nn[nH]n1,0,-335.7179839,-335.7691589
12268,C=Cn1cncn1,0,-319.6892188,-319.7524608
12269,C=Cn1cnnn1,0,-335.7039498,-335.7540388
12271,C=Cn1nnnc1O,0,-410.9548492,-411.0081342
12278,C=NN=C,0,-188.077807,-188.112717
12279,C=Nc1ccccn1,0,-341.7619167,-341.8410267
12285,CC(=O)/C(C)=C/O,0,-345.815615,-345.906033
12290,CC(=O)C(=O)C1CC1,0,-383.9052529,-384.0007009
12293,CC(=O)C1=CC=N1,0,-323.4266506,-323.4829816
12297,CC(=O)C=C1COC1,0,-383.8752835,-383.9715015
12308,CC(=O)c1ncn[nH]1,0,-394.9694588,-395.0349908
12326,CC(C)=NC(=O)NO,0,-417.2030272,-417.2966282
12327,CC(C)=NN=C(C)C,0,-345.3245685,-345.4628545
12331,CC(C)C1C=CC=C1,0,-312.0143427,-312.1604767
12342,CC(C)n1cnnc1,0,-360.197204,-360.308618
12349,CC/C=C/C(=N)N,1,-306.0386798,-306.1551518
12373,CC1(CO)C=CC=C1,0,-347.9491659,-348.0723709
12390,CC1=CC=NC(=O)C1,0,-362.8422269,-362.9303099
12409,CC1=NCCN=C1C,0,-344.1374026,-344.2613656
12410,CC1=NN=C(C)C1,0,-304.8217631,-304.9160621
12418,CC1C=CC=CC=C1,0,-310.8157429,-310.9414079
12426,CCC(=O)/C(C)=C\N,0,-365.2490373,-365.3788373
12427,CCC(=O)/C=C(\C)O,0,-385.1268765,-385.2424635
12428,CCC(=O)C(=O)OC,0,-421.0740914,-421.1674494
12437,CCC1=CCC(C)=C1,0,-312.0248526,-312.1695676
12459,CCNc1ncc[nH]1,0,-360.2151223,-360.3279963
12485,CCc1cc(O)on1,0,-399.9454036,-400.0322986
12516,CN(C)/N=C/C=O,0,-341.9435969,-342.0351309
12522,CN(C)c1ncn[nH]1,0,-376.2556003,-376.3565843
12523,CN(C)c1nn[nH]n1,0,-392.2758858,-392.3647208
12524,CN(C)n1cccc1,0,-344.1036003,-344.2270863
12554,CNCc1ccn[nH]1,0,-360.1886394,-360.3025764
12559,CNCc1ncon1,0,-396.1044544,-396.1929324
12571,CNc1cnco1,0,-340.7770743,-340.8508143
12572,CNc1cnn[nH]1,0,-336.9251107,-336.9992067
12574,CNc1cocn1,0,-340.7776958,-340.8516288
12580,CNc1ncco1,0,-340.7849625,-340.8586605
12587,CO/C=C(/F)C(=O)O,0,-481.0229422,-481.0806172
12592,CO/N=C/C(=O)O,0,-397.7741591,-397.8301481
12610,COC1=CC=CCC1,0,-347.9498048,-348.0745398
12640,COc1ccco1,0,-344.5883922,-344.6595182
12645,COc1ccoc1,0,-344.5824977,-344.6557297
12646,COc1cnc(C)o1,0,-399.9635289,-400.0495909
12660,C[C@@H](N)c1nnco1,0,-396.1286863,-396.2171403
12680,C[C@H](N)c1cc[nH]n1,0,-360.2001652,-360.3127352
12681,C[C@H](N)c1ccno1,0,-380.0521047,-380.1521997
12691,C[C@H]1C=CC=CC1,0,-272.71476,-272.836122
12712,Cc1c[nH]c(C)c1,0,-288.8031494,-288.9100844
12747,Cc1ccc(C)[nH]1,0,-288.8042517,-288.9120397
12760,Cc1ccc[nH]1,0,-249.4962484,-249.5778554
12782,Cc1ccnnn1,0,-319.6613658,-319.7217648
12806,Cc1cnc(N)nn1,0,-375.0670605,-375.1443845
12822,Cc1cnoc1CO,0,-399.9345709,-400.0214079
12824,Cc1cnon1,0,-301.4193414,-301.4646774
12827,Cc1coc(C=O)n1,0,-398.7821304,-398.8463164
12830,Cc1coc(O)c1,0,-344.609198,-344.680913
12835,Cc1conc1CO,0,-399.9354908,-400.0217668
12848,Cc1nc(C=O)no1,0,-414.8100226,-414.8612736
12864,Cc1nccn1C#N,0,-357.8125714,-357.8781004
12873,Cc1ncoc1C,0,-324.7408088,-324.8246178
12879,Cc1nnc(C#N)o1,0,-393.7339126,-393.7752956
12881,Cc1nnc(C)nn1,0,-375.0183969,-375.0905779
12882,Cc1nnc(C=O)[nH]1,0,-394.9586634,-395.0236514
12885,Cc1nnc(N)n1N,0,-392.2927957,-392.3820957
12888,Cc1nncc(N)n1,0,-375.0692485,-375.1465835
12890,Cc1nnn(N)c1C,0,-376.2216857,-376.3194907
12905,Cc1nonc1O,0,-376.6669154,-376.7153294
12916,Cn1c(N)ccc1N,0,-360.2072586,-360.3182916
12918,Cn1cc(C#N)nn1,0,-373.8434583,-373.8973093
12934,Cn1cccc1,0,-249.485088,-249.566835
12939,Cn1ccccc1=N,0,-342.9579853,-343.0614313
12942,Cn1ccnc1,0,-265.5477329,-265.6180789
12946,Cn1ccnn1,0,-281.5720757,-281.6303537
12952,Cn1cnc(C=O)n1,0,-394.9499007,-395.0150997
12962,Cn1cnnc1,0,-281.5857468,-281.6435558
12976,Cn1nccc1NN,0,-376.2159703,-376.3172733
12981,Cn1ncnn1,0,-297.6211123,-297.6681513
12982,Cn1nnc(C#N)n1,0,-389.8856662,-389.9280722
12998,FC(F)=CC=C(F)F,0,-553.104193,-553.126977
13009,Fc1c[nH]cc1F,0,-408.7231982,-408.7603202
13013,Fc1cc[nH]n1,0,-325.5070963,-325.5428143
13020,Fc1ccncc1,0,-347.5855704,-347.6377764
13032,N#CC(/C=N/O)=N\O,0,-430.7819925,-430.8192565
13033,N#CC(=N)C(=N)C#N,1,-372.6383784,-372.6666724
13040,N#CCc1ccco1,0,-361.6318221,-361.6972361
13047,N#CCc1ncn[nH]1,0,-373.8746066,-373.9296466
13050,N#CCn1cccc1,0,-341.7488593,-341.8263943
13058,N#Cc1c[nH]c(N)c1,0,-357.8286963,-357.8954383
13060,N#Cc1cc[nH]c1,0,-302.4662727,-302.5187717
13069,N#Cc1ccoc1,0,-322.3291203,-322.3690023
13070,N#Cc1ccoc1N,0,-377.7013426,-377.7561786
13071,N#Cc1ccon1,0,-338.3476159,-338.3752009
13073,N#Cc1cn[nH]n1,0,-334.5451213,-334.5745673
13076,N#Cc1cnnnc1,0,-372.6129558,-372.6444228
13081,N#Cc1n[nH]c(N)n1,0,-389.9346187,-389.9789707
13084,N#Cc1nccn1O,0,-393.6995673,-393.7416673
13085,N#Cc1ncco1,0,-338.382222,-338.410284
13087,N#Cc1ncon1,0,-354.4078781,-354.4238621
13088,N#Cc1nnc[nH]1,0,-334.5527457,-334.5812677
13092,N#Cn1ccnc1,0,-318.4975467,-318.5376197
13096,N/N=C/C=N/N,0,-298.7888521,-298.8560701
13100,N=C(N)/N=N/C(=N)N,0,-408.3555816,-408.4305296
13110,N=C(N)c1cnn[nH]1,0,-391.1111215,-391.1786755
13112,N=C(N)n1cncn1,0,-391.1354346,-391.2036406
13113,N=C(NN)C(=N)NN,0,-409.5217106,-409.6218816
13123,NC(=N/O)/C(N)=N\O,0,-449.2577918,-449.3318068
13127,NC(=O)C1=NCCN1,0,-396.1798216,-396.2699416
13128,NC(=O)N=NC(N)=O,0,-448.1619474,-448.2110074
13135,NC(=O)c1cn[nH]n1,0,-411.0265,-411.081647
13140,NC(=O)n1cccc1,0,-378.9325004,-379.0115604
13141,NC(N)=NC=O,0,-318.7792146,-318.8361866
13148,NC1=CC=C(CO)C1,0,-364.016773,-364.127894
13149,NC1=CC=CCO1,0,-324.7122867,-324.7984587
13150,NC1=CC=NCN1,0,-320.8932824,-320.9807554
13153,NC1=CNCC=C1,0,-304.8184281,-304.9165331
13157,NC1=NC(N)=N1,0,-297.6258957,-297.6704687
13161,NC1=NN=CNN1,0,-352.9556373,-353.0193683
13184,NC[C@H]1C=CN=N1,0,-320.8478796,-320.9334036
13187,NCc1cc(F)n[nH]1,0,-420.1706261,-420.2488781
13204,NNc1cc(N)[nH]n1,0,-392.2824035,-392.3729155
13210,NNc1cncnc1,0,-375.0445702,-375.1253062
13211,NNc1nc(N)n[nH]1,0,-408.3577618,-408.4370978
13213,NNc1ncnn1N,0,-408.3191903,-408.3990353
13214,NNc1nncn1N,0,-408.300362,-408.379398
13221,N[C@@H]1N=CC=NC1=O,0,-394.9306361,-394.9966831
13229,Nc1[nH]nnc1O,0,-372.8780158,-372.9278378
13231,Nc1c[nH]cn1,0,-281.613632,-281.673365
13235,Nc1cc[nH]c(=O)c1,0,-378.9403943,-379.0205693
13237,Nc1cc[nH]c1,0,-265.5449313,-265.6154873
13239,Nc1ccc(F)nn1,0,-418.9791803,-419.0340413
13246,Nc1ccccc1,0,-287.6219799,-287.7103389
13251,Nc1ccco1,0,-285.4201583,-285.4786313
13270,Nc1cncc(=O)[nH]1,0,-394.9813914,-395.0493114
13280,Nc1cnoc1,0,-301.4386961,-301.4854511
13286,Nc1ncc(CO)[nH]1,0,-396.1637172,-396.2532542
13299,Nc1ncncc1O,0,-394.9850333,-395.0530173
13300,Nc1ncncn1,0,-335.8050162,-335.8578562
13302,Nc1nnc(O)nn1,0,-427.0245949,-427.0671389
13304,Nc1nncnn1,0,-351.7711146,-351.8101906
13306,Nc1nnn[nH]1,0,-313.6814783,-313.7174893
13308,Nc1nnnnn1,0,-367.7784842,-367.8027242
13313,Nn1cccc1,0,-265.5105548,-265.5818448
13315,Nn1cccn1,0,-281.5618192,-281.6220282
13319,Nn1cnnc1,0,-297.6085316,-297.6565426
13322,O/N=C/c1c[nH]cn1,0,-394.9099571,-394.9754091
13324,O/N=C/c1cc[nH]n1,0,-394.8923636,-394.9580206
13325,O/N=C/c1ccoc1,0,-398.7218152,-398.7867272
13333,O=C(NO)C(=O)NO,0,-489.0517004,-489.0992014
13337,O=C(O)/N=N/C(=O)O,0,-487.9087855,-487.9337555
13341,O=C(O)C1=CCC=C1,0,-382.7388001,-382.8156161
13345,O=C(O)C1=NC=NC1,0,-414.8493564,-414.9029214
13346,O=C(O)C1=NOCC1,0,-435.8924125,-435.9552035
13347,O=C(O)C1C=CC=C1,0,-382.7301879,-382.8059409
13358,O=C(O)c1cnon1,0,-450.7317529,-450.7614989
13361,O=C(O)c1nn[nH]n1,0,-446.9379576,-446.9692646
13363,O=C(O)n1nccn1,0,-430.8978156,-430.9415816
13364,O=C1C(=O)C(O)C1=O,0,-454.5562603,-454.5805173
13392,O=C1NCCNC1=O,0,-416.0725383,-416.1519583
13397,O=C1OCCOC1=O,0,-455.8143141,-455.8683721
13400,O=CC(=O)CO,0,-342.4416589,-342.4817039
13402,O=CC=O,0,-227.8884305,-227.8993475
13405,O=CCc1ccon1,0,-398.7401511,-398.8028471
13410,O=CNc1ncn[nH]1,0,-411.0371954,-411.0939184
13425,O=Cc1cn[nH]n1,0,-355.6305412,-355.6704742
13427,O=Cc1cnco1,0,-359.4726729,-359.5114189
13429,O=Cc1cocn1,0,-359.4728561,-359.5115651
13430,O=Cc1nc[nH]n1,0,-355.6466056,-355.6863536
13432,O=Cc1nccnn1,0,-393.7205058,-393.7631778
13437,O=Nn1ccnc1,0,-355.5728557,-355.6112247
13438,O=c1[nH]cc[nH]c1=O,0,-414.8795069,-414.9356199
13458,O=c1occcc1O,0,-418.6825105,-418.7378265
13463,OC1=CN=NCC1,0,-340.7336008,-340.8075298
13471,OCC1=NN=CC1,0,-340.7450492,-340.8164032
13496,OCc1nnc(O)[nH]1,0,-432.0856131,-432.1488911
13517,Oc1ccc(O)o1,0,-380.5445863,-380.5918663
13525,Oc1ccnc(O)c1,0,-398.8172864,-398.8851454
13526,Oc1ccoc1O,0,-380.5372776,-380.5858966
13536,c1c[nH]cn1,0,-226.2491204,-226.2940934
13537,c1cc(C2CC2)co1,0,-346.7397343,-346.8410823
13541,c1cc2[nH]ccn2n1,0,-357.7919805,-357.8620935
13544,c1cc[nH]c1,0,-210.1873886,-210.2436326
13548,c1ccnnc1,0,-264.3235654,-264.3725784
13549,c1ccoc1,0,-230.0549328,-230.0988828
13552,c1cn2c(n1)NCC2,0,-359.0045313,-359.0990953
13553,c1cn2cc[nH]c2n1,0,-357.8116294,-357.8819664
13554,c1cn[nH]c1,0,-226.2322325,-226.2773735
13555,c1cnccn1,0,-264.3529102,-264.4026502
13556,c1cncnc1,0,-264.3592689,-264.4092329
13559,c1cnoc1,0,-246.0816241,-246.1135781
13560,c1cnon1,0,-262.106902,-262.12668
13561,c1cocn1,0,-246.1176764,-246.1502484
13563,c1n[nH]c2c1COC2,0,-378.855989,-378.937006
13568,c1nc2c([nH]1)CNC2,0,-358.9935257,-359.0867627
13569,c1nc2c([nH]1)NON2,0,-410.8696034,-410.9255064
13570,c1nc2n(n1)CCC2,0,-359.0083192,-359.1030502
13572,c1nn[nH]c1C1CC1,0,-358.9575978,-359.0477908
13575,c1nnco1,0,-262.1559081,-262.1762961
13576,c1nnnn1C1CC1,0,-374.9927037,-375.0707417
13577,c1onc2c1CNC2,0,-378.829089,-378.910209
13583,C#CC(C)(C)n1cccc1,1,-404.2513813,-404.3916183
13586,C#CCC(=C)C(=O)OCC,2,-461.2841203,-461.4087643
13593,C#CCCc1c[nH]cn1,0,-381.0219865,-381.1249895
13595,C#CCCn1cncn1,0,-397.0623855,-397.1546395
13596,C#CCNC(=O)C=C(C)C,0,-441.4077594,-441.5424004
13602,C#CCOc1cnn(C)c1,0,-456.2156698,-456.3207408
13603,C#CCOc1ncccn1,0,-455.0635984,-455.1487624
13606,C#CCc1c[nH]c(N)n1,0,-397.0851139,-397.1767319
13607,C#CCc1ccc(F)cc1,0,-447.0011169,-447.0949489
13610,C#CCn1ccccc1=O,0,-439.0235852,-439.1203772
13611,C#CCn1ccnc1C=O,0,-455.0523405,-455.1353985
13612,C#CCn1nc(C)nc1C,0,-436.3781543,-436.4944213
13613,C#CCn1nnc(N)n1,0,-429.1439136,-429.2121346
13617,C#C[C@H](N)c1ccccn1,0,-419.127096,-419.236293
13618,C#C[C@H](O)c1cccnc1,1,-439.0066485,-439.1030115
13623,C#Cc1c(C)nn(C)c1C,0,-420.3244971,-420.4509531
13624,C#Cc1c(C)noc1C,0,-400.8752609,-400.9642229
13625,C#Cc1c(F)cccc1F,0,-506.974117,-507.034265
13626,C#Cc1c[nH]nc1C(=O)O,0,-491.0251706,-491.0865946
13627,C#Cc1cc(C#C)n(C)n1,0,-417.8649386,-417.9466166
13628,C#Cc1cc(C)ccc1N,0,-403.0991192,-403.2180242
13629,C#Cc1cc(F)cnc1N,0,-479.1243536,-479.1975946
13630,C#Cc1cc(N)ccc1O,0,-439.0355733,-439.1325673
13632,C#Cc1cc(N)cnc1C,0,-419.1477725,-419.2555925
13633,C#Cc1cc(O)cc(O)c1,0,-458.9158851,-459.0002461
13634,C#Cc1ccc(=O)[nH]c1,0,-399.7341735,-399.8050265
13636,C#Cc1ccc(C#N)cc1,0,-400.6967598,-400.7717308
13639,C#Cc1ccc(CO)nc1,0,-439.0222122,-439.1175922
13640,C#Cc1ccc(F)cc1C,0,-447.009752,-447.105086
13642,C#Cc1ccc(F)cn1,0,-423.7455121,-423.8033061
13643,C#Cc1ccc(N)c(F)c1,0,-463.0665287,-463.1513837
13644,C#Cc1ccc(NC)nn1,0,-435.156841,-435.252393
13645,C#Cc1ccc(O)c(O)c1,0,-458.9178524,-459.0021404
13646,C#Cc1ccc2c(c1)CC2,0,-385.7962751,-385.9073831
13647,C#Cc1cccc(C)c1C,0,-387.0366944,-387.1678084
13648,C#Cc1cccc(CN)c1,0,-403.0819302,-403.2024542
13649,C#Cc1cccc(CO)n1,0,-439.0204168,-439.1159958
13651,C#Cc1cccc(O)c1O,0,-458.9211459,-459.0061009
13653,C#Cc1ccccc1CN,0,-403.0826028,-403.2045048
13654,C#Cc1cccnc1F,0,-423.7555906,-423.8136676
13655,C#Cc1ccnc(C)c1,0,-363.7831094,-363.8753484
13656,C#Cc1ccnc(N)n1,0,-395.9059553,-395.9768533
13657,C#Cc1ccncc1F,0,-423.7453578,-423.8033158
13658,C#Cc1cnc(N)nc1,0,-395.9091393,-395.9800283
13659,C#Cc1cnc(OC)cn1,0,-455.0626435,-455.1473745
13661,C#Cc1cncc(C)n1,0,-379.8284728,-379.9086348
13662,C#Cc1cncc(OC)c1,0,-439.0043347,-439.1011217
13663,C#Cc1cnn(C(C)C)c1,1,-420.3122374,-420.4420414
13665,C#Cc1cnn(CC)c1C,0,-420.3171252,-420.4465812
13666,C#Cc1nc(C)cc(C)n1,0,-419.1468875,-419.2517405
13667,C#Cc1ncc(C)cc1N,0,-419.148515,-419.255485
13668,C#Cc1ncc(C=O)cn1,0,-453.8726762,-453.9342372
13671,C#Cc1ncccc1OC,0,-439.0018504,-439.0985594
13672,C#Cc1nccnc1N,0,-395.8960011,-395.9666811
13675,C/C(=C/CC(=O)O)C(=O)O,0,-534.4626817,-534.5678667
13676,C/C(=C\C(=O)O)CC(=O)O,0,-534.4657436,-534.5677726
13677,C/C(=C\C1CC1)C(=O)O,0,-423.2200269,-423.3435979
13680,C/C(=N/O)c1cnccn1,1,-472.3270615,-472.4226145
13681,C/C(=N\N=C(N)N)C(=O)O,0,-526.7833776,-526.8875716
13682,C/C(=N\O)C(=O)C(C)(C)C,0,-479.7420953,-479.9016193
13683,C/C(=N\O)c1cc[nH]c1,1,-418.165983,-418.267663
13684,C/C(=N\O)c1ccc(C)o1,0,-477.3456151,-477.4616081
13685,C/C(=N\O)c1ccnn1C,0,-473.5099369,-473.6276329
13688,C/C(CCO)=N/N=C(N)N,0,-492.0029006,-492.1547346
13690,C/C(N)=C/C(=O)OC(C)C,0,-479.8185438,-479.9791188
13692,C/C(O)=N/c1ncn[nH]1,0,-450.3428624,-450.4256454
13694,C/C=C(C)/C=C/C=C(C)C,0,-390.6236742,-390.8174182
13695,C/C=C(F)/C=N/C(C)(C)C,0,-467.8510301,-468.0207881
13698,C/C=C(\F)c1ccccc1,0,-448.2428472,-448.3621952
13699,C/C=C/C(=O)NC(C)C,0,-404.5548789,-404.7112009
13701,C/C=C/C(=O)[C@@H](C)CC,0,-388.4773239,-388.6448019
13703,C/C=C/C/C=C/C(=O)OC,0,-462.519156,-462.66611
13704,C/C=C/C=C(\C)C(=O)O,0,-423.2433529,-423.3650049
13705,C/C=C/C=C/C(=O)N(C)C,0,-442.637614,-442.796642
13707,C/C=C/C=C\C(C)(C)C,0,-352.5121836,-352.7038566
13708,C/C=C/C=C\C=C(C)C,0,-351.3169209,-351.4842539
13711,C/C=C/C=N/N(CC)CC,0,-423.8954741,-424.0897621
13712,C/C=C/C=N/NC(C)C,0,-384.6042516,-384.7729676
13713,C/C=C/C=N/n1cnnc1,0,-452.413426,-452.518667
13721,C/C=C/c1nccn1C,0,-382.2579986,-382.3841956
13722,C/C=C1\C(=O)[C@H]2CC[C@@H]1C2,0,-425.3824246,-425.5406766
13725,C/C=C\C(=N/CCC)OC,0,-443.8094986,-443.9921576
13726,C/C=C\C(=O)CCCC#N,0,-441.4455641,-441.5825291
13727,C/C=C\C(=O)N(CC)CC,0,-443.8412604,-444.0252964
13728,C/C=C\C(=O)OCCC#N,1,-477.3952436,-477.5097136
13731,C/C=C\C=C/CCCCC,0,-391.815889,-392.032903
13732,C/C=C\C=C\C=C/C(=O)O,0,-461.3375674,-461.4640374
13734,C/C=C\N=C(\CCC)OC,1,-443.8087824,-443.9905934
13737,C/C=C\c1ccc(O)cc1,0,-424.2063789,-424.3385299
13738,C/C=C\c1ccccc1O,0,-424.2083621,-424.3413391
13739,C/C=C\n1ccccc1=O,0,-440.2618147,-440.3829717
13743,C/N=C(/N)c1ccncc1,1,-436.4360356,-436.5570286
13744,C/N=C(\C#N)C(=O)C(=O)O,0,-528.1886672,-528.2428592
13747,C/N=C(\N)n1cccn1,0,-414.3681235,-414.4736815
13748,C/N=C/c1cccc(O)c1,0,-440.2646769,-440.3854359
13749,C/N=N/Nc1ccccc1,0,-436.3932254,-436.5135584
13752,C1=C(c2cccnc2)CC1,0,-403.0871806,-403.2106376
13754,C1=CC2=C(C1)CCCC2,0,-350.13437,-350.289985
13755,C1=CC2=C(C1)[C@@H]1C=C[C@H]2C1,0,-386.9799874,-387.1180624
13757,C1=CC2C=CC(C=C1)C=C2,0,-387.0016893,-387.1401683
13758,C1=CC=C=c2ccccc2=1,0,-384.5355795,-384.6240055
13761,C1=CCCCC/C=C/1,0,-311.9810938,-312.1309048
13762,C1=CCC[C@@H]2C[C@@H]2C=C1,0,-350.0855889,-350.2401969
13770,C1=CCc2[nH]ccc2C1,0,-365.0056089,-365.1266849
13771,C1=CCc2ccccc2C1,0,-387.0763886,-387.2135826
13772,C1=CN2C=NNC2=CN=C1,0,-451.2179761,-451.3054511
13777,C1=C[C@@H]2C=C[C@H](C=C1)C2,0,-348.9098992,-349.0441312
13778,C1=C[C@@H]2CCC[C@@H]2C=C1,0,-350.1262573,-350.2816913
13782,C1=C[C@@H]2O[C@@H]2C=C/C=C/1,0,-384.7674341,-384.8728641
13788,C1=C[C@H]2CCC[C@H](C=C1)C2,0,-389.3744484,-389.5614334
13799,C1=NCC2=CC=NC2=N1,0,-395.8847414,-395.9588664
13800,C1=NCCc2[nH]ccc21,0,-381.0605285,-381.1710635
13801,C1=NCCn2cccc21,0,-381.0587635,-381.1695895
13803,C1=NCc2ccccc21,0,-363.8279551,-363.9273461
13804,C1=NCc2ccccc2N1,0,-419.1956609,-419.3112219
13805,C1=NCc2ncncc21,0,-395.9290924,-396.0049164
13808,C1CC1Cc1nnn[nH]1,0,-414.306851,-414.41208
13810,C1CCC(c2nnn[nH]2)C1,0,-453.6398993,-453.7744273
13812,C1CCC2=NCN=C2C1,0,-382.2588921,-382.3920161
13813,C1CCN(c2nn[nH]n2)C1,0,-469.6914646,-469.8149896
13817,C1CCc2n[nH]nc2C1,0,-398.3062568,-398.4290078
13821,C1CNC(C2=NCCN2)=N1,0,-453.6691188,-453.8057338
13824,C1CNc2nonc2N1,0,-450.236942,-450.323203
13825,C1CNn2nnnc2N1,0,-446.4009668,-446.4877588
13826,C1COC(C2=NCCO2)=N1,0,-493.4191677,-493.5285477
13829,C1Cc2nnnn2CCN1,0,-469.6879028,-469.8144058
13831,C1OCc2nonc2CO1,0,-529.2901453,-529.3791583
13833,C=C(/C=N/CCCC)OC,0,-443.7965172,-443.9792912
13834,C=C(C(=O)OC)[C@@H](C)O,0,-460.363395,-460.486085
13836,C=C(C(N)=O)[C@@H](N)C(=O)O,0,-530.6291018,-530.7347768
13837,C=C(C)/C=C(\C)CC(=C)C,0,-390.6091901,-390.8031461
13838,C=C(C)/C=C/C(=C)CC,0,-351.3109411,-351.4804841
13839,C=C(C)/C=C/C=C/CCC,0,-390.6164906,-390.8114026
13841,C=C(C)/C=C/OC(C)=O,0,-423.2250411,-423.3453981
13842,C=C(C)/C=C\CC(=C)C,0,-351.3009178,-351.4680188
13843,C=C(C)/C=N\O,1,-286.5614446,-286.6385686
13845,C=C(C)C(=O)N(CC)CC,1,-443.84025,-444.023264
13846,C=C(C)C(=O)NCOC,0,-440.4733294,-440.6070004
13847,C=C(C)C(=O)OCCCF,1,-523.7035336,-523.8403976
13849,C=C(C)C(=O)OC[C@H]1CO1,0,-498.4305022,-498.5568972
13850,C=C(C)C(=O)O[C@H](C)CC,0,-463.7370044,-463.9083494
13854,C=C(C)C1=CC[C@H](C)CC1,0,-390.630431,-390.832496
13855,C=C(C)CC/C=C/C(=O)O,2,-462.5350477,-462.6828987
13867,C=C(C)c1c(C)noc1N,0,-457.4691929,-457.5997349
13868,C=C(C)c1c[nH]ccc1=N,0,-420.3542661,-420.4874851
13869,C=C(C)c1ccc(O)cc1,0,-424.2075544,-424.3397414
13870,C=C(C)c1cccc(N)c1,0,-404.3260722,-404.4706982
13871,C=C(C)c1ccccc1F,0,-448.2382256,-448.3580126
13872,C=C(C)c1ncncc1N,0,-436.4321342,-436.5540442
13873,C=C(C)n1nnc(N)n1,0,-430.3912447,-430.4839667
13875,C=C(CC(=O)OC)C(=O)O,0,-534.4461088,-534.5481038
13876,C=C(CC(C)C)C(C)=O,0,-388.4769069,-388.6447859
13879,C=C(CC1CC1)C(=O)OC,0,-462.4986661,-462.6492711
13880,C=C(CCN(C)C)C(=O)O,1,-479.7744666,-479.9355216
13881,C=C(CCN=C=O)C(=O)O,0,-513.367835,-513.459823
13883,C=C(CN)c1ccccc1,0,-404.3131842,-404.4591592
13886,C=C(CO)c1ccncc1,0,-440.2462389,-440.3676409
13888,C=C(F)C(=O)OC(C)(C)C,0,-523.7047509,-523.8405299
13890,C=C(F)Cn1ccc(N)n1,0,-497.571602,-497.678102
13891,C=C(NC(C)=O)C(=O)O,0,-475.2714628,-475.3580358
13896,C=C(OC)c1nnn(C)n1,0,-489.5559441,-489.6623021
13897,C=C/C(C)=C/CC(=C)C,0,-351.3048963,-351.4728053
13899,C=C/C=C(/CCC)C(=O)O,0,-462.535921,-462.685952
13900,C=C/C=C/C1CCCCC1,0,-390.6243505,-390.8263365
13902,C=C/C=C/CC=C,0,-272.6910672,-272.8057272
13903,C=C/C=C/CCC(=O)OC,0,-462.520444,-462.667951
13905,C=C/C=C\C(CC)CC,0,-352.5116702,-352.7028112
13906,C=C/C=C\c1ccccc1,1,-387.0546009,-387.1883099
13907,C=C1C(=O)C2CCN1CC2,0,-441.4213097,-441.5696497
13908,C=C1C(=O)CC[C@H]1C(=O)O,0,-497.3018915,-497.4091055
13909,C=C1C(=O)OC=C1C(=O)O,0,-532.0511264,-532.1121234
13910,C=C1C(=O)[C@@H]2CCCO[C@H]12,0,-461.2833692,-461.4168002
13917,C=C1CC(C)(C)NC1=O,0,-403.3621931,-403.5008571
13926,C=C1CCc2ccccc21,0,-387.0754019,-387.2123979
13932,C=C1C[C@H](CO)N(C)C1=O,0,-478.5926428,-478.7349048
13938,C=C=C(CCCC)C(=O)O,0,-462.5170091,-462.6650051
13943,C=C=Cc1ccccc1,0,-347.7340281,-347.8394881
13944,C=C=Cn1nnnc1N,0,-429.1492595,-429.2176415
13947,C=CC(=C)CCC=C(C)C,0,-390.6057112,-390.8015332
13948,C=CC(=O)C=C,0,-269.3463048,-269.4116858
13949,C=CC(=O)CCCCC,0,-388.4696749,-388.6365199
13950,C=CC(=O)COC(C)=O,0,-459.1751376,-459.2723076
13951,C=CC(=O)N(C)CC(=O)O,0,-514.5525945,-514.6688575
13952,C=CC(=O)N1CC(CO)C1,0,-478.5517842,-478.6914942
13953,C=CC(=O)N1CCC[C@@H]1C,0,-442.6471086,-442.8135746
13954,C=CC(=O)N1CCNCC1,0,-458.6866193,-458.8432393
13955,C=CC(=O)N1CCOC1=O,0,-513.3455411,-513.4411221
13956,C=CC(=O)NC(=N)NC#N,0,-488.4346,-488.516912
13957,C=CC(=O)NC(=O)NC,0,-455.3867956,-455.4865996
13958,C=CC(=O)NC1CCCC1,0,-442.6511039,-442.8157899
13959,C=CC(=O)NCC1CCC1,2,-442.621618,-442.78511
13960,C=CC(=O)NCCCOC,0,-479.7687624,-479.9299514
13961,C=CC(=O)NC[C@@H](O)CO,0,-515.7274265,-515.8675405
13963,C=CC(=O)N[C@@H](O)C(=O)O,0,-550.5091621,-550.6024941
13964,C=CC(=O)OCC(F)(F)F,0,-643.6654229,-643.7302999
13965,C=CC(=O)OCCCCO,0,-499.661768,-499.813811
13967,C=CC(=O)OCCNCC,0,-479.7695562,-479.9305372
13968,C=CC(=O)O[C@@H](C)CO,0,-460.3638502,-460.4866812
13969,C=CC(=O)O[C@H]1CCCO1,0,-498.4658674,-498.5949164
13970,C=CC(=O)[C@@H](C)C(=O)OC,0,-498.4764066,-498.6002216
13974,C=CC(F)(F)C(=O)C(=O)O,0,-618.4207393,-618.4736293
13986,C=CC1=NC(C)(C)C(=O)O1,0,-477.4042264,-477.5221014
13988,C=CC=C1CCCCC1,0,-351.3162695,-351.4908915
14007,C=CCCc1ccc(C)o1,0,-425.3719611,-425.5230971
14008,C=CCCc1cccnc1,0,-404.3084073,-404.4522713
14009,C=CCCc1nnc(N)o1,0,-473.536809,-473.654414
14019,C=CCNC(=O)/C=C\C,0,-403.3341761,-403.4667161
14021,C=CCNCc1ccco1,0,-441.4009967,-441.5435777
14025,C=CCNc1ccncc1,0,-420.3628562,-420.4961132
14026,C=CCNc1nnnn1C,0,-469.6721346,-469.7899576
14027,C=CCOC(=O)/C(C)=C\C,0,-462.5176984,-462.6643684
14039,C=CCOc1cnccn1,0,-456.2913861,-456.4000721
14040,C=CCOn1ccnc1,0,-418.1167054,-418.2188934
14049,C=CCc1cc(C)ccn1,0,-404.3190918,-404.4593788
14051,C=CCc1ccc(C)nc1,0,-404.3169304,-404.4584464
14052,C=CCc1cccc(F)c1,0,-448.2339897,-448.3531787
14053,C=CCc1ccccc1N,0,-404.3206563,-404.4662383
14054,C=CCc1cnccc1C,1,-404.3134862,-404.4575502
14055,C=CCc1occc1C=O,1,-460.1141838,-460.2196708
14057,C=CCn1ccc(CN)n1,0,-437.5869285,-437.7287355
14059,C=CCn1cccc1C=O,0,-440.2424317,-440.3619487
14060,C=CCn1ccnc1CO,0,-457.4883365,-457.6195025
14063,C=CCn1nncc1CO,0,-473.5095136,-473.6285426
14065,C=COC(=O)/C=C\C,0,-383.9118441,-384.0062951
14067,C=COC(=O)c1ccco1,1,-496.0677721,-496.1509951
14071,C=COc1ccc(N)cc1,0,-440.2492518,-440.3690778
14072,C=COc1cccc(C)c1,0,-424.1938374,-424.3232814
14076,C=C[C@@H](O)c1ccncc1,0,-440.243231,-440.363441
14090,C=Cc1c(C)cccc1C,0,-388.2630749,-388.4188799
14091,C=Cc1c(F)ccnc1O,0,-500.2433653,-500.3293553
14092,C=Cc1c[nH]c(=O)cc1C,0,-440.2743995,-440.3954725
14093,C=Cc1c[nH]c(=O)nc1N,0,-472.4025406,-472.5012386
14094,C=Cc1cc(=O)[nH]c(=O)[nH]1,0,-492.3113173,-492.3970793
14095,C=Cc1cc(C)ccc1C,0,-388.269062,-388.422465
14097,C=Cc1cc(F)cc(F)c1,0,-508.2119492,-508.2952542
14098,C=Cc1cc(F)ccc1F,0,-508.2104688,-508.2939798
14099,C=Cc1cc(N)ccn1,0,-381.0778833,-381.1845593
14100,C=Cc1ccc(=O)[nH]c1C,0,-440.2782673,-440.3978363
14101,C=Cc1ccc(C)c(F)c1,0,-448.2430199,-448.3615609
14102,C=Cc1ccc(CN)cc1,0,-404.3154182,-404.4591762
14103,C=Cc1ccc(N)nc1C,0,-420.3899734,-420.5222514
14104,C=Cc1ccc(NC)nc1,0,-420.3758631,-420.5080051
14105,C=Cc1ccc(O)c(O)c1,0,-460.1510236,-460.2587396
14106,C=Cc1ccc(OC)cn1,0,-440.2406284,-440.3613664
14107,C=Cc1ccc2c(c1)C=C2,0,-385.7818069,-385.8925619
14108,C=Cc1ccc2c(c1)CC2,0,-387.0294287,-387.1636757
14109,C=Cc1ccc[nH]c1=O,0,-400.9698508,-401.0633958
14110,C=Cc1cccc(C#N)n1,0,-417.9794061,-418.0663891
14111,C=Cc1cccc(C=O)c1,0,-423.0125902,-423.1213442
14112,C=Cc1cccc(F)c1F,0,-508.2053493,-508.2885703
14114,C=Cc1cccc2c1CC2,0,-387.0309831,-387.1661261
14115,C=Cc1ccccc1CO,0,-424.1963205,-424.3295315
14116,C=Cc1ccccc1OC,0,-424.1882181,-424.3205961
14117,C=Cc1cnc(C)cn1,0,-381.0670587,-381.1713297
14118,C=Cc1cnc(N)cc1C,0,-420.3878131,-420.5205931
14119,C=Cc1cnc(N)nc1,0,-397.142137,-397.236482
14120,C=Cc1cncc(C)c1,0,-365.0152532,-365.1302322
14122,C=Cc1cnn(CC)c1,1,-382.238579,-382.365204
14123,C=Cc1nc(N)nc(N)n1,0,-468.5952116,-468.6940036
14124,C=Cc1ncccc1C=O,0,-439.0599372,-439.1580272
14125,C=Cc1ncccn1,0,-341.7623482,-341.8420072
14126,C=Cc1nccnc1N,0,-397.1291337,-397.2241427
14127,C=Cc1occc(=O)c1O,0,-496.0735869,-496.1592169
14128,C=Cn1cc(C(=O)O)cn1,0,-492.2605482,-492.3457302
14129,C=Cn1cc(C=O)c(C)n1,0,-456.2951484,-456.4020004
14131,C=Cn1ccc(C)c1C,0,-366.1954446,-366.3311486
14132,C=Cn1cccc1CCO,0,-441.4281365,-441.5706165
14133,C=Cn1ccnc1C=O,0,-416.9989972,-417.0802762
14135,C=Cn1nccc1C=O,0,-416.9816079,-417.0632329
14136,C=Cn1nncc1C(=O)O,0,-508.2921872,-508.3651642
14137,C=Nc1ccc(C)cc1,0,-365.0138526,-365.1293606
14138,C=c1[nH]c(=O)c(=C)[nH]c1=O,0,-492.2860786,-492.3722806
14141,CC#CCn1cc(C)cn1,0,-420.3105012,-420.4365782
14142,CC#Cc1cc(C)[nH]n1,0,-381.0218778,-381.1217218
14144,CC(/C=N/N)=N/N,0,-338.0966417,-338.1907427
14146,CC(=N)Nc1cc[nH]n1,0,-414.3745204,-414.4789544
14147,CC(=N/O)/C(=N\O)N1CC1,0,-510.5487168,-510.6642108
14148,CC(=NN)c1ccccc1,0,-420.3602532,-420.4937222
14149,CC(=O)/C(=N\O)C(C)C,2,-440.4336277,-440.5648577
14150,CC(=O)/C(CN(C)C)=N/O,0,-495.7786383,-495.9276243
14151,CC(=O)/C=C(/C)NC1CC1,0,-442.6286539,-442.7892779
14152,CC(=O)/C=C(/C)NCCO,1,-479.7908683,-479.9510983
14153,CC(=O)/C=C(/C)OC(C)=O,0,-498.492458,-498.615086
14154,CC(=O)/C=C(\C)C(C)C,0,-388.4816852,-388.6478532
14156,CC(=O)/C=C(\O)C(F)(F)F,0,-643.6753262,-643.7395742
14158,CC(=O)/C=C/CCCCO,0,-463.7138147,-463.8835437
14159,CC(=O)/C=C/c1ccc[nH]1,1,-440.2644529,-440.3827079
14160,CC(=O)/C=C\CC(C)C,0,-388.4755271,-388.6429391
14161,CC(=O)/C=C\NC(C)(C)C,0,-443.857454,-444.037901
14162,CC(=O)/C=N/NC(C)(C)C,0,-459.8767786,-460.0467366
14163,CC(=O)/C=N\CC(=O)O,0,-475.2354239,-475.3222349
14164,CC(=O)C(=O)N(C)C,0,-401.1910707,-401.2960007
14165,CC(=O)C(=O)OCC(C)C,0,-499.6856654,-499.8319484
14168,CC(=O)C1=C(N)OCCC1,0,-478.6047477,-478.7488337
14169,CC(=O)C1=C(O)CNC1=O,0,-513.3552572,-513.4490282
14170,CC(=O)C1=CCN(C)CC1,0,-442.6276122,-442.7933452
14171,CC(=O)C1=CNC(=O)CC1,1,-477.4284874,-477.5482514
14173,CC(=O)CC(=O)C(C)=O,0,-459.1832872,-459.2777852
14179,CC(=O)Cc1cncnc1,0,-456.329645,-456.436803
14181,CC(=O)Cc1nnc(C)o1,0,-493.4480852,-493.5505072
14182,CC(=O)Cn1ccnc1,0,-418.2105119,-418.3128859
14183,CC(=O)Cn1ncnn1,0,-450.283187,-450.361906
14200,CC(=O)NCc1nc[nH]n1,0,-489.6506968,-489.7552888
14204,CC(=O)Nc1c[nH]cn1,0,-434.3016825,-434.3941675
14205,CC(=O)Nc1cc(N)no1,0,-509.5008917,-509.5951287
14206,CC(=O)Nc1ccco1,0,-438.1029988,-438.1934038
14207,CC(=O)Nc1cnoc1,0,-454.1245682,-454.2034862
14208,CC(=O)Nc1nc(C)n[nH]1,0,-489.6663358,-489.7722118
14211,CC(=O)Nc1nnn(C)n1,0,-505.666517,-505.759209
14212,CC(=O)Nc1noc(C)n1,0,-509.5107457,-509.6012867
14218,CC(=O)OCc1ccoc1,1,-497.2823771,-497.3881251
14220,CC(=O)ONC(=O)C(N)=O,0,-566.5464471,-566.6245471
14222,CC(=O)Oc1ccccn1,0,-476.2335744,-476.3291944
14229,CC(=O)[C@H]1COC(=O)C1=O,0,-533.2343614,-533.3155094
14231,CC(=O)c1[nH]c(=O)[nH]c1C,0,-493.5041588,-493.6104958
14232,CC(=O)c1c[nH]c(=O)cn1,0,-492.2860982,-492.3713992
14234,CC(=O)c1c[nH]cc1CO,0,-477.4083424,-477.5282434
14235,CC(=O)c1c[nH]n(C)c1=N,0,-473.536425,-473.654622
14236,CC(=O)c1cc(C)c(C)o1,0,-461.3476146,-461.4739806
14237,CC(=O)c1cc(C)n(C)n1,0,-457.5167577,-457.6446117
14238,CC(=O)c1cc(C)ncn1,0,-456.3427486,-456.4492196
14239,CC(=O)c1cc(C=O)c[nH]1,0,-476.2262322,-476.3212992
14241,CC(=O)c1ccc(F)cc1,0,-484.2042341,-484.3006971
14242,CC(=O)c1ccc(O)cn1,0,-476.225259,-476.321728
14244,CC(=O)c1cccc(N)n1,0,-456.3532735,-456.4623055
14245,CC(=O)c1ccccc1N,0,-440.2985618,-440.4202228
14246,CC(=O)c1ccnnc1,0,-416.9898063,-417.0709463
14247,CC(=O)c1ccon1,0,-398.7508563,-398.8142973
14249,CC(=O)c1cnc(C)n1C,0,-457.5353837,-457.6642817
14250,CC(=O)c1cnc(N)nc1,0,-472.4138674,-472.5109404
14251,CC(=O)c1cncc(O)c1,0,-476.2207441,-476.3174741
14252,CC(=O)c1cnccc1F,0,-500.2495037,-500.3342997
14253,CC(=O)c1n[nH]nc1C,0,-434.258722,-434.349934
14254,CC(=O)c1nc(C)c(C)o1,0,-477.4116585,-477.5265355
14255,CC(=O)c1nc(CO)c[nH]1,0,-493.4737712,-493.5794012
14256,CC(=O)c1ncc(F)cn1,0,-516.2961823,-516.3679103
14257,CC(=O)c1nccc(C)n1,0,-456.3371617,-456.4429677
14258,CC(=O)c1nccnc1N,0,-472.4084539,-472.5059099
14259,CC(=O)c1nncn1C,0,-434.2598055,-434.3506385
14261,CC(=O)c1nocc1C#N,0,-491.0170624,-491.0762364
14263,CC(=O)n1ccc(C#N)n1,0,-471.1789516,-471.2519056
14264,CC(=O)n1ccc(N)c1,0,-418.2215253,-418.3256123
14267,CC(C)(C#N)/N=N\C(N)=O,0,-489.6008621,-489.7024101
14268,CC(C)(C#N)c1c[nH]cn1,0,-436.4387615,-436.5589205
14269,CC(C)(C#N)c1nnn[nH]1,0,-468.5000315,-468.5956605
14275,CC(C)(C)C(=O)C=O,0,-385.1145144,-385.2321184
14276,CC(C)(C)C1=CC=CC1,0,-351.3230332,-351.4954802
14278,CC(C)(C)C1=CCC=C1,0,-351.323579,-351.49623
14281,CC(C)(C)NC(=O)/C=N/O,0,-495.8084448,-495.9569218
14292,CC(C)(C)c1ccn[nH]1,1,-383.4520998,-383.6020958
14293,CC(C)(C)c1ccno1,0,-403.3056824,-403.4434604
14294,CC(C)(C)c1cn[nH]c1,1,-383.4496124,-383.5992644
14295,CC(C)(C)c1coc(N)n1,0,-458.7124639,-458.8662199
14296,CC(C)(C)c1n[nH]c(N)n1,1,-454.8888433,-455.0430513
14298,CC(C)(C)c1nocc1N,0,-458.6592399,-458.8126389
14301,CC(C)(C)n1ccc(N)n1,1,-438.814776,-438.980779
14302,CC(C)(C)n1ccnc1N,0,-438.8261316,-438.9932686
14303,CC(C)(C)n1cncn1,0,-399.5151126,-399.6548756
14304,CC(C)(C)n1nccc1O,0,-458.6897153,-458.8435133
14305,CC(C)(C)n1nnnc1N,0,-470.8989202,-471.0414492
14312,CC(C)(CN)n1ccnc1,1,-438.8165343,-438.9837723
14313,CC(C)(CO)C(=O)C(=O)O,0,-535.6282454,-535.7541144
14314,CC(C)(CO)n1cccn1,0,-458.6906422,-458.8461642
14316,CC(C)(F)c1cc(N)n[nH]1,0,-498.7988207,-498.9279647
14317,CC(C)(F)c1cc(N)on1,0,-518.6533024,-518.7690974
14318,CC(C)(F)c1ccc(N)o1,0,-502.6193167,-502.7472997
14319,CC(C)(N)c1c[nH]nn1,1,-415.5449051,-415.6728211
14320,CC(C)(N)c1ccccn1,1,-421.5810998,-421.7377608
14321,CC(C)(N)c1cccnc1,0,-421.5774104,-421.7332934
14322,CC(C)(O)c1cc[nH]n1,0,-419.3948426,-419.5209436
14323,CC(C)(O)c1ccncc1,1,-441.465168,-441.608708
14325,CC(C)(O)c1nnc(N)o1,0,-510.6934656,-510.8102986
14326,CC(C)/C=C/C(=O)C(C)C,0,-427.7816055,-427.9751425
14327,CC(C)/C=C/C=C/CO,0,-388.4502681,-388.6177351
14329,CC(C)/C=C1/COCC1=O,0,-462.5078736,-462.6589586
14330,CC(C)/C=N\N=C\C(C)C,0,-423.9140054,-424.1065924
14333,CC(C)/N=C1/CCCC1=O,0,-442.636995,-442.801391
14334,CC(C)=C(C)C(C)=C(C)C,0,-391.8244494,-392.0394034
14336,CC(C)=C/C=C(\C)C(N)=O,0,-442.6621969,-442.8223559
14337,CC(C)=C/C=C/C(C)(C)C,1,-391.8250846,-392.0423316
14338,CC(C)=C/C=N/C(C)(C)C,0,-407.8788891,-408.0835051
14339,CC(C)=C1CC(=O)NC1=O,0,-477.4449089,-477.5628629
14341,CC(C)=C1NC(=O)NC1=O,0,-493.5152452,-493.6200282
14346,CC(C)=CC(=O)OCCF,0,-523.7073167,-523.8427987
14348,CC(C)=CC(C)=C(C)C,0,-352.5201458,-352.7104848
14354,CC(C)=Cc1ccno1,0,-402.1017196,-402.2151336
14355,CC(C)=Cc1cnn(C)c1,0,-421.5458978,-421.6982578
14360,CC(C)C(=O)C(=O)C(C)C,0,-463.7357153,-463.9056353
14361,CC(C)C(=O)C1=CCCC1,0,-426.5869654,-426.7628574
14364,CC(C)C/C=N/N=C(N)N,0,-456.0588536,-456.2322096
14377,CC(C)Cc1coc(N)n1,0,-458.711935,-458.865099
14378,CC(C)Cn1ccnc1N,1,-438.8285633,-438.9952583
14380,CC(C)N(O)C(=O)C(=O)O,0,-551.6595262,-551.7731522
14385,CC(C)Nc1ccncc1,0,-421.5813078,-421.7376968
14386,CC(C)Nc1cnn(C)c1,0,-438.7948439,-438.9592839
14387,CC(C)Nc1nccn1C,0,-438.8198087,-438.9850267
14392,CC(C)Oc1cc(N)n[nH]1,0,-474.7459988,-474.8875958
14393,CC(C)Oc1ccncc1,0,-441.4581025,-441.6021215
14394,CC(C)Oc1cn[nH]c1,0,-419.3721191,-419.4987971
14395,CC(C)Oc1nnc(N)[nH]1,1,-490.8091998,-490.9393778
14397,CC(C)[C@@H](N)c1nnc[nH]1,0,-454.8646659,-455.0206449
14404,CC(C)c1c(N)n[nH]c1N,0,-454.8728271,-455.0270371
14405,CC(C)c1c[nH]c(C#N)c1,0,-420.3786623,-420.5096663
14407,CC(C)c1cc(C=O)on1,0,-477.3533047,-477.4700297
14408,CC(C)c1cc(CO)no1,0,-478.5469983,-478.6866083
14409,CC(C)c1cc(N)nn1C,0,-438.8127244,-438.9782804
14410,CC(C)c1ccc(N)cn1,0,-421.5882122,-421.7436662
14411,CC(C)c1cccc(=O)[nH]1,0,-441.4864974,-441.6306554
14413,CC(C)c1ccn(C)n1,1,-383.4523796,-383.5980156
14414,CC(C)c1ccnnc1N,0,-437.6124374,-437.7573334
14416,CC(C)c1cnc(C=O)[nH]1,0,-457.528278,-457.658709
14417,CC(C)c1cnoc1N,0,-419.36488,-419.490803
14419,CC(C)c1conc1C=O,0,-477.3489196,-477.4672386
14421,CC(C)c1n[nH]cc1CN,0,-438.8059453,-438.9724033
14422,CC(C)c1nc(C=O)c[nH]1,1,-457.5281793,-457.6574233
14423,CC(C)c1nc(CN)co1,1,-458.7010776,-458.8541266
14425,CC(C)c1nc(O)no1,0,-455.3213096,-455.4228686
14426,CC(C)c1nc[nH]c1N,0,-399.5273382,-399.6652042
14427,CC(C)c1ncccc1O,0,-441.4694881,-441.6118561
14428,CC(C)c1nonc1N,0,-435.3928242,-435.5075352
14430,CC(C)c1oncc1CO,0,-478.5441005,-478.6838315
14432,CC(C)n1cc(CN)nn1,0,-454.8464555,-454.9992395
14433,CC(C)n1cc(N)c(N)n1,1,-454.8689756,-455.0215216
14434,CC(C)n1ccc(CN)c1,1,-422.7553939,-422.9315679
14436,CC(C)n1cccc1C=O,0,-441.4542704,-441.5968034
14438,CC(C)n1cnc(C=O)c1,0,-457.5200335,-457.6502665
14439,CC(C)n1cncc1CO,0,-458.7039903,-458.8582323
14440,CC(C)n1cnnc1C=O,0,-473.5541717,-473.6738107
14441,CC(C)n1ncnc1CN,0,-454.8742309,-455.0280859
14443,CC(F)(F)c1ccccc1,0,-509.435662,-509.543236
14444,CC(F)(F)c1nc[nH]n1,1,-519.4727477,-519.5397217
14445,CC/C(=N/N(C)C)C(=O)O,0,-495.8138452,-495.9631972
14449,CC/C=C(\C)C(=O)OCC,0,-463.7364157,-463.9070007
14450,CC/C=C(\C)C=C(C)C,0,-352.5170951,-352.7071531
14452,CC/C=C/C(=O)N(C)OC,0,-479.7209688,-479.8790258
14459,CC/C=C1\C(=O)ON=C1C,0,-477.3627085,-477.4791145
14461,CC/N=C(\N)C(=N)NCC,1,-456.0779706,-456.2530126
14463,CC/N=C\c1ccccc1,0,-404.312757,-404.457425
14475,CC1(C)C=C(O)C=C(O)C1,0,-462.5198871,-462.6737881
14484,CC1(C)CCC(=O)C(=O)C1,0,-462.5370443,-462.6904203
14487,CC1(C)CCC=C1C(=O)O,0,-462.5545295,-462.7086185
14491,CC1(C)CNC(=O)C1=O,0,-439.308835,-439.423829
14494,CC1(C)COC(=O)C1=O,0,-459.181262,-459.283791
14499,CC1(C)Cn2nccc2O1,0,-457.4805878,-457.6145928
14508,CC1(C)[C@@H]2C=CC=C[C@H]1C2,0,-389.3988178,-389.5811438
14515,CC1(c2cc(N)on2)CC1,1,-457.4466492,-457.5781102
14516,CC1(c2cc[nH]n2)CC1,0,-382.2257836,-382.3549326
14517,CC1(c2ccnnc2)CC1,0,-420.3160682,-420.4503602
14521,CC1=C(C(=O)O)CCC1=O,0,-497.3183429,-497.4240899
14522,CC1=C(C(=O)O)OCCO1,0,-534.4138246,-534.5208726
14523,CC1=C(C)C(C)C(C)=C1C,0,-390.6429029,-390.8397859
14539,CC1=CC(C)(C)C(C)=C1C,0,-390.6395071,-390.8371871
14540,CC1=CC(C)(C)CC(C)=C1,0,-390.6385863,-390.8383673
14542,CC1=CC(C)(C)NC(C)=C1,0,-406.6982776,-406.8860136
14545,CC1=CC(C)=C(C)[C@H]1C,0,-351.3346685,-351.5054805
14546,CC1=CC(C)=NCCN1,0,-383.4438522,-383.5950552
14547,CC1=CC(C)=NNC(=N)N1,0,-453.654139,-453.786455
14548,CC1=CC=C(C(C)C)CC1,0,-390.6344494,-390.8348234
14549,CC1=CC=CC=C(C)CC1,0,-389.4183426,-389.5974706
14550,CC1=CC=C[C@H](C)C(=O)N1,0,-441.4655543,-441.6097733
14551,CC1=CCC(C(=O)O)=CC1,0,-461.3543533,-461.4854033
14554,CC1=CCCCC(C)=C1,0,-351.3244038,-351.4986678
14561,CC1=CC[C@@H](C(C)C)C=C1,2,-390.6280713,-390.8285163
14565,CC1=CCc2ccccc21,0,-387.0824183,-387.2190393
14566,CC1=CCn2nncc21,0,-397.0803825,-397.1765895
14572,CC1=C[C@H](C)C(C)=C1C,0,-351.3347791,-351.5056771
14583,CC1=NC(N)=N[C@@H](O)[C@H]1C,0,-474.7722324,-474.9148064
14586,CC1=NCCc2[nH]ccc21,0,-420.3732024,-420.5096204
14587,CC1=NCCn2cccc21,0,-420.3710622,-420.5077132
14589,CC1=NN(C)C(=O)/C1=N\O,0,-509.4534606,-509.5482766
14592,CC1=NN=C(C)C1CCN,0,-438.7819227,-438.9471817
14598,CC1=NOC(=O)C1=C(C)C,0,-477.3672725,-477.4832435
14609,CC1CC(c2ccn[nH]2)C1,1,-421.5295341,-421.6862071
14610,CC1C[C@H]2C=CC=C[C@@H]2C1,0,-389.4240878,-389.6062728
14613,CC=C=CC(=O)OCC,0,-423.2027663,-423.3235843
14615,CC=CC=CCOC(C)=O,0,-462.5281764,-462.6748274
14617,CCC(/C=C\C(C)=O)CC,0,-427.7784446,-427.9722566
14619,CCC(=N/O)/C(C)=N\O,0,-456.4389851,-456.5596431
14621,CCC(=O)C1=NCCCC1,0,-442.6465194,-442.8118424
14628,CCC(=O)c1cc(N)on1,0,-493.4242981,-493.5294871
14630,CCC(=O)c1cn[nH]c1N,0,-473.5787865,-473.6989715
14631,CCC(=O)c1nc(C)c[nH]1,0,-457.5393625,-457.6691615
14632,CCC(=O)c1ncnn1C,0,-473.5729797,-473.6912147
14636,CCC(F)(F)c1ccc[nH]1,0,-526.670992,-526.788424
14638,CCC/C(N)=C/C(=O)OC,0,-479.8087584,-479.9700474
14639,CCC/C=C(\CC)C(C)=O,0,-427.7791596,-427.9735346
14641,CCC/C=C\C(N)=O,1,-365.2501512,-365.3804102
14649,CCC=C(C(=O)O)C(=O)O,0,-534.4625468,-534.5656168
14652,CCCC(=O)C(=O)CCC,0,-463.7346781,-463.9031711
14653,CCCC(=O)C1=CC=CC1,0,-425.3848689,-425.5364329
14658,CCCC(=O)c1ncco1,0,-477.3918549,-477.5089149
14659,CCCC(=O)n1ccnc1,1,-457.5256922,-457.6562802
14666,CCCCC1=CCC=C1,0,-351.3220381,-351.4938451
14668,CCCCC1C=CC=C1,0,-351.3157545,-351.4879985
14678,CCCCCc1nn[nH]n1,0,-454.8403498,-454.9930658
14679,CCCCCc1nnco1,0,-458.682933,-458.834888
14683,CCCCNn1cnnc1,0,-454.8149285,-454.9685975
14684,CCCCOC(=O)C(N)=O,0,-515.7656579,-515.9027669
14685,CCCCOc1cn[nH]c1,0,-458.6693919,-458.8227089
14688,CCCCc1cc(N)n[nH]1,1,-438.8163292,-438.9813182
14691,CCCCc1nc(O)c[nH]1,1,-458.7187099,-458.8709529
14692,CCCCn1cc(C)nn1,0,-438.7949344,-438.9578644
14693,CCCCn1nccc1O,0,-458.6880503,-458.8410353
14700,CCCNC(=O)C(=O)NC,0,-495.893222,-496.043301
14704,CCCNc1ccn(C)n1,0,-438.8000296,-438.9645316
14705,CCCNc1ccnnc1,1,-437.5960368,-437.7399058
14706,CCCNc1nonc1N,1,-490.7453494,-490.8755404
14709,CCCOCc1cn[nH]n1,1,-474.7202935,-474.8617615
14710,CCCOc1cc(C)n[nH]1,0,-458.6838268,-458.8363378
14711,CCCOc1nc(N)n[nH]1,0,-490.8176657,-490.9486597
14714,CCC[C@@H](N)c1nn[nH]n1,0,-470.8919264,-471.0339044
14720,CCCc1[nH]cnc1C=O,0,-457.5255702,-457.6570762
14721,CCCc1c[nH]nc1N,0,-399.5106617,-399.6499897
14723,CCCc1cc(CN)no1,0,-458.6626295,-458.8149705
14725,CCCc1ccc(C#N)[nH]1,0,-420.3803984,-420.5116394
14727,CCCc1ccc(N)cc1,1,-405.5344858,-405.7012058
14728,CCCc1ccc(O)cn1,0,-441.4677602,-441.6106612
14729,CCCc1cccc(N)n1,0,-421.5976288,-421.7533628
14730,CCCc1ccoc1C#N,0,-440.2437532,-440.3625612
14731,CCCc1cn[nH]c(=O)c1,1,-457.5125615,-457.6445065
14732,CCCc1cnc(=O)[nH]c1,0,-457.533391,-457.66546
14733,CCCc1n[nH]c(N)c1N,0,-454.8687952,-455.0229802
14734,CCCc1n[nH]cc1C=O,0,-457.5055959,-457.6365099
14735,CCCc1nc(C#N)co1,0,-456.3092765,-456.4160895
14736,CCCc1nc(N)no1,0,-435.4432435,-435.5566185
14737,CCCc1nc(OC)c[nH]1,0,-458.7008192,-458.8526892
14738,CCCc1nnc(O)o1,0,-455.3280348,-455.4303868
14739,CCCc1noc(C=O)n1,0,-493.414489,-493.519616
14741,CCCn1cc(CN)cn1,1,-438.8009082,-438.9663932
14742,CCCn1cc(N)c(C)n1,1,-438.8096613,-438.9736703
14744,CCCn1ccc(C=O)c1,0,-441.4556492,-441.5976962
14745,CCCn1ccc(C=O)n1,1,-457.5011731,-457.6315481
14746,CCCn1cccc1C#N,0,-420.3737283,-420.5057933
14747,CCCn1ccnc1CN,0,-438.8186417,-438.9850297
14748,CCCn1cnc(CN)c1,0,-438.8189562,-438.9848542
14749,CCCn1cncc1C=O,0,-457.5187596,-457.6508376
14751,CCCn1nc(N)nc1N,1,-470.9474616,-471.0914036
14752,CCCn1nccc1CN,1,-438.8026583,-438.9701263
14754,CCCn1ncnc1CO,1,-474.7539229,-474.8969509
14755,CCCn1nnnc1NN,0,-486.9145937,-487.0456057
14757,CCN(C)Cc1ccco1,0,-442.6106922,-442.7756182
14759,CCN(C)c1ccccn1,0,-421.5738023,-421.7297123
14766,CCN(N)c1ccccc1,0,-421.5420667,-421.6996507
14767,CCN/C=C/C(=O)OC,1,-440.4861817,-440.6206047
14771,CCN1CCC(=O)C1=O,0,-439.305317,-439.418971
14779,CCNC(=O)C(=O)OCC,0,-515.7623355,-515.8994155
14784,CCNC(=O)c1cnco1,0,-493.4681683,-493.5753583
14785,CCNC(=O)n1cccn1,0,-473.5874999,-473.7075859
14789,CCNCCn1ccnc1,0,-438.8051839,-438.9713849
14791,CCNCc1ccc(C)[nH]1,0,-422.7571497,-422.9338067
14792,CCNCc1ccc(C)o1,1,-442.6265257,-442.7908897
14793,CCNCc1cccn1C,2,-422.7455576,-422.9230526
14794,CCNCc1ccncc1,0,-421.5632525,-421.7189305
14795,CCNCc1cn(C)nn1,0,-454.8299403,-454.9830623
14796,CCNCc1nonc1C,0,-474.681891,-474.822047
14797,CCNCc1occc1C,1,-442.62512,-442.788906
14798,CCN[C@@H](C)c1cc[nH]c1,1,-422.7498695,-422.9269505
14802,CCNc1cc(N)ccn1,0,-437.6498353,-437.7949253
14803,CCNc1ccc(C)cc1,0,-405.5274744,-405.6928274
14804,CCNc1ccc(C)nn1,0,-437.6079819,-437.7504179
14806,CCNc1ccc(O)nc1,1,-457.5265741,-457.6594081
14807,CCNc1cccc(F)c1,0,-465.4994401,-465.6315611
14808,CCNc1cccc(F)n1,0,-481.5685175,-481.6888935
14809,CCNc1ccccc1F,0,-465.4983505,-465.6306605
14811,CCNc1cccnc1C,0,-421.5798731,-421.7360611
14813,CCNc1cnccc1N,0,-437.6361491,-437.7826561
14814,CCNc1ncc(F)cn1,0,-497.614155,-497.721629
14815,CCNc1nccc(C)n1,0,-437.6559002,-437.7976732
14816,CCNc1nccnc1N,0,-453.7024948,-453.8369468
14818,CCNc1ncncc1N,0,-453.7024973,-453.8368383
14820,CCO/C(N)=C/C(=O)O,0,-476.4544735,-476.5672375
14822,CCO/C=C(\C)C(=O)OC,0,-499.6656914,-499.8123254
14823,CCO/C=C/C(=O)C(F)F,0,-583.6600338,-583.7584688
14824,CCO/C=C1/CCCC1=O,1,-462.5122894,-462.6653414
14826,CCO/C=N/C(=O)OCC,1,-515.736734,-515.873999
14827,CCO/N=C(/CC)C(N)=O,0,-495.8126448,-495.9604698
14828,CCOC(=N)C(=O)OCC,1,-515.7326683,-515.8700053
14831,CCOC(=O)/C=C(\C)CC,1,-463.7377266,-463.9087106
14833,CCOC(=O)/C=C/CCO,0,-499.6683216,-499.8168486
14834,CCOC(=O)/C=C/N1CC1,0,-478.5489511,-478.6882731
14835,CCOC(=O)/C=N/NC,0,-456.5114246,-456.6339776
14837,CCOC(=O)C(=O)CC=O,0,-534.4226858,-534.5224658
14838,CCOC(=O)C(C#N)=NO,0,-529.3423219,-529.4226719
14839,CCOC(=O)C(C)=C1CC1,1,-462.496425,-462.645103
14842,CCOC(=O)C1=NCCO1,0,-514.5256989,-514.6426149
14843,CCOC(=O)C=C1CNC1,0,-478.5514233,-478.6915243
14852,CCOC(=O)c1cnoc1,1,-513.3092957,-513.4042727
14853,CCOC(=O)c1ncc[nH]1,0,-493.4785932,-493.5870822
14854,CCOC(=O)n1cccc1,1,-477.4151171,-477.5342261
14855,CCOC(=O)n1ccnn1,0,-509.4896219,-509.5851969
14867,CCOCc1ccccc1,0,-425.3934384,-425.5489044
14869,CCOCc1nc[nH]c1C,0,-458.6978188,-458.8508748
14870,CCOCc1nnc(N)o1,0,-510.6721979,-510.7887249
14871,CCOCn1cnc(N)c1,0,-474.7491667,-474.8921377
14874,CCO[C@@H](C)C(=O)C=O,0,-460.3375599,-460.4571069
14881,CCOc1c[nH]c(C)n1,0,-419.4037076,-419.5275606
14882,CCOc1cc(C)nn1C,0,-458.6827768,-458.8340868
14883,CCOc1cc(CO)on1,1,-514.4719533,-514.5886873
14884,CCOc1cc(N)ncn1,0,-473.5955757,-473.7172087
14885,CCOc1cc(N)no1,0,-455.2945738,-455.3974038
14888,CCOc1cc[nH]c(=O)n1,0,-493.4833297,-493.5928277
14889,CCOc1ccc(C)cn1,0,-441.4672696,-441.6102276
14890,CCOc1ccc(C=O)o1,0,-497.2586565,-497.3645015
14891,CCOc1ccc(F)cc1,0,-485.3732638,-485.4929898
14892,CCOc1ccc[nH]c1=O,0,-477.4072801,-477.5277011
14893,CCOc1cccc(O)c1,0,-461.343719,-461.475664
14895,CCOc1ccccc1N,0,-441.4621932,-441.6066552
14896,CCOc1cccnc1F,0,-501.4273788,-501.5352738
14897,CCOc1ccnc(F)c1,0,-501.4362121,-501.5447871
14898,CCOc1cnc(CC)[nH]1,0,-458.6993239,-458.8518929
14899,CCOc1cnc(N)nc1,0,-473.5764192,-473.6975132
14900,CCOc1cncc(C)c1,0,-441.4546228,-441.5966728
14901,CCOc1cncc(C)n1,1,-457.5175411,-457.6485961
14902,CCOc1cnccc1C,1,-441.4548744,-441.5984454
14903,CCOc1n[nH]c(C)c1C,0,-458.6935686,-458.8440676
14904,CCOc1nc(C)n[nH]1,1,-435.4569133,-435.5719263
14906,CCOc1nccc(N)n1,0,-473.5954811,-473.7171071
14907,CCOc1nccnc1C,0,-457.5179403,-457.6494793
14908,CCOc1nn(C)cc1N,0,-474.7325747,-474.8730497
14909,CCOc1nnc(C)o1,0,-455.3188732,-455.4211592
14910,CCOc1ocnc1C#N,1,-492.2316504,-492.3160514
14912,CC[C@@H](C)c1n[nH]c(N)n1,0,-454.8882822,-455.0422412
14913,CC[C@@H](N)Cc1nnn[nH]1,0,-470.8966498,-471.0406278
14915,CC[C@@H](N)c1ccnn1C,1,-438.8023593,-438.9696033
14916,CC[C@@H](N)c1cocn1,0,-419.3900669,-419.5174899
14917,CC[C@@H](N)c1ncc(C)[nH]1,0,-438.8316883,-438.9982633
14918,CC[C@@H](O)c1ccc(C)o1,0,-462.5239841,-462.6751121
14928,CC[C@@H]1O[C@H](C)C(=O)C1=O,0,-498.4573811,-498.5842861
14929,CC[C@@](C)(O)c1ccco1,0,-462.5186451,-462.6711141
14930,CC[C@@]1(C)C=C(C(=O)O)C1,0,-462.5164463,-462.6676783
14931,CC[C@@]1(C)CN=C(C)C=N1,1,-422.7411929,-422.9185829
14936,CC[C@H](C)NC(=O)C(N)=O,0,-495.9029843,-496.0528763
14938,CC[C@H](C)c1cc(N)on1,0,-458.6733674,-458.8258424
14940,CC[C@H](C)n1ncc(N)n1,0,-454.8601414,-455.0141734
14941,CC[C@H](CN)c1c[nH]cn1,1,-438.8205235,-438.9883755
14943,CC[C@H](N)c1n[nH]c(C)n1,1,-454.8848056,-455.0365796
14944,CC[C@H](N)c1nc(C)no1,0,-474.7375916,-474.8780926
14949,CC[C@H]1CCC(=O)C(=O)C1,0,-462.5346401,-462.6877431
14953,CC[C@H]1OC(=O)C(=O)[C@H]1C,0,-498.4867393,-498.6161293
14957,CC[C@]1(C)C=NN=C1C,0,-383.4209888,-383.5695738
14962,CCc1[nH]nc(CN)c1F,0,-498.774836,-498.903498
14963,CCc1[nH]ncc1CO,0,-419.3877574,-419.5153864
14964,CCc1c(C)c[nH]c1C,0,-367.4123081,-367.5719991
14966,CCc1c(F)cccc1F,0,-509.4238025,-509.5306175
14967,CCc1c(N)cccc1O,0,-441.4777283,-441.6221843
14968,CCc1c(N)cnn1C,1,-399.5024883,-399.6395493
14969,CCc1c(O)nc[nH]c1=O,0,-493.4988903,-493.6083823
14971,CCc1c[nH]c(C(=O)O)c1,0,-477.437853,-477.55717
14972,CCc1c[nH]c(C=O)n1,0,-418.2241212,-418.3279962
14973,CCc1c[nH]cc1CC,0,-367.404903,-367.566422
14975,CCc1cc(C#N)n(C)c1,0,-420.3743145,-420.5041375
14976,CCc1cc(C(=O)O)no1,0,-513.324525,-513.418834
14977,CCc1cc(C)[nH]c1C#N,0,-420.3873822,-420.5168792
14978,CCc1cc(CC)[nH]n1,0,-383.4570387,-383.6056417
14979,CCc1cc(CC)n(C)n1,1,-422.756547,-422.93185
14981,CCc1cc(N)cc(F)c1,0,-465.5119941,-465.6428691
14982,CCc1cc(N)ccc1N,0,-421.5919995,-421.7487025
14984,CCc1cc(O)cc(=O)[nH]1,0,-477.4343039,-477.5546839
14985,CCc1cc(O)cc(O)c1,0,-461.3613732,-461.4919252
14987,CCc1ccc(/C=N/O)o1,0,-477.3373423,-477.4545553
14988,CCc1ccc(C(C)=O)o1,0,-461.3437057,-461.4719017
14991,CCc1ccc(CNC)[nH]1,1,-422.7545837,-422.9315377
14992,CCc1ccc(CO)n1C,0,-442.6408159,-442.8064819
14993,CCc1ccc(N)c(N)c1,0,-421.5960319,-421.7523639
14995,CCc1ccc(O)c(C)c1,0,-425.4211633,-425.5748183
14996,CCc1ccc(O)cc1O,0,-461.3598928,-461.4914688
14997,CCc1ccc(OC)cc1,0,-425.4001159,-425.5547229
14998,CCc1cccc(C)c1C,0,-389.4772335,-389.6556465
15000,CCc1cccc(NC)c1,1,-405.5253025,-405.6921225
15002,CCc1cccnc1NN,0,-437.6131253,-437.7590363
15003,CCc1cccnn1,0,-342.9383226,-343.0389646
15004,CCc1ccnc(C#N)c1,0,-419.1902686,-419.2994426
15005,CCc1ccnn1C(C)C,0,-422.7558167,-422.9331277
15006,CCc1ccoc1C=O,0,-422.0255968,-422.1291808
15007,CCc1cn(C)nc1CO,0,-458.6889542,-458.8404172
15008,CCc1cnc(C)cc1N,1,-421.5965532,-421.7517202
15009,CCc1cnc(C=O)o1,0,-438.0869785,-438.1780745
15010,CCc1cnc(CC)cn1,1,-421.581221,-421.735099
15011,CCc1cnc(CN)nc1,0,-437.6364049,-437.7788299
15012,CCc1cnc(N)[nH]c1=O,0,-473.6163722,-473.7382632
15013,CCc1cncc(CC)c1,1,-405.5283421,-405.6939791
15014,CCc1cnccc1C#N,0,-419.1905051,-419.3007891
15015,CCc1coc(N)c1C#N,0,-456.3137312,-456.4214902
15018,CCc1n[nH]c(C(F)F)n1,0,-558.7752477,-558.8688377
15019,CCc1nc(C#N)c(N)o1,0,-472.3773942,-472.4729002
15020,CCc1nc(C)c(C)o1,0,-403.3569119,-403.4929109
15022,CCc1nc(C)cnc1C,0,-421.5882771,-421.7412371
15023,CCc1nc(C)nc(N)n1,0,-453.7369514,-453.8661264
15024,CCc1nc(C=O)c(C)[nH]1,0,-457.535315,-457.664657
15025,CCc1nc(CCN)c[nH]1,0,-438.8295487,-438.9954097
15027,CCc1nc(N)ncc1C,0,-437.6631198,-437.8068968
15028,CCc1ncc(C#N)cn1,0,-435.2473593,-435.3440413
15031,CCc1nccc(C)c1N,0,-421.591769,-421.748078
15032,CCc1nccc(CN)n1,0,-437.6399157,-437.7825567
15033,CCc1nccn1CC#N,0,-436.4232392,-436.5428112
15035,CCc1ncncc1F,0,-442.2482139,-442.3412019
15037,CCc1nn(C)c(N)c1N,0,-454.8667416,-455.0201746
15038,CCc1nn[nH]c1C(=O)O,0,-509.5155481,-509.6118561
15039,CCc1nnc(C(=O)O)[nH]1,0,-509.5357813,-509.6316353
15041,CCc1nnc(CNC)o1,1,-474.7325833,-474.8733383
15042,CCc1nnc(N)n1C,0,-415.5680065,-415.6953725
15044,CCc1nnc(NN)n1N,0,-486.9155939,-487.0485389
15045,CCc1noc(C)c1C#N,0,-456.2859204,-456.3918624
15046,CCc1noc(CC#N)n1,0,-472.3400577,-472.4339527
15047,CCc1noc(N)c1CC,2,-458.6756112,-458.8272382
15048,CCc1nonc1C=O,0,-454.0732518,-454.1524488
15049,CCc1ocnc1C(=O)O,1,-513.3662373,-513.4619573
15050,CCc1onc(C)c1CO,0,-478.5518368,-478.6914958
15051,CCc1oncc1C=O,0,-438.0535486,-438.1448476
15053,CCn1c(C)ccc1C=O,0,-441.4590455,-441.6012435
15054,CCn1c(C)cnc1NN,0,-454.8506157,-455.0054097
15055,CCn1c(CN)cnc1C,0,-438.8258058,-438.9924228
15057,CCn1c(O)nnc1CN,1,-490.8079994,-490.9396654
15058,CCn1cc(C#N)c(N)n1,0,-452.4853033,-452.5939233
15059,CCn1cc(C(=O)O)nn1,1,-509.5107712,-509.6063782
15060,CCn1cc(C)cc1N,0,-383.4587425,-383.6070495
15061,CCn1cc(C)nc1CO,0,-458.7110273,-458.8629523
15062,CCn1cc(C=O)cc1C,0,-441.4608056,-441.6025456
15063,CCn1cc(CC#N)cn1,1,-436.415899,-436.53424
15064,CCn1cc(CN)c(C)n1,0,-438.8077653,-438.9722623
15065,CCn1cc(N)ccc1=O,0,-457.5305001,-457.6633491
15066,CCn1cc[nH]c(=O)c1=O,0,-493.4836233,-493.5926573
15068,CCn1ccc(C(F)F)n1,0,-542.7082141,-542.8123261
15069,CCn1ccc(CC#N)n1,0,-436.4187081,-436.5369691
15071,CCn1ccc([C@H](C)N)c1,0,-422.7556873,-422.9320513
15072,CCn1cccc(O)c1=O,0,-477.42702,-477.548704
15074,CCn1cccc1CCN,2,-422.7541446,-422.9334346
15075,CCn1cccnc1=N,0,-398.3198521,-398.4384381
15076,CCn1ccnc1C(F)F,0,-542.7199817,-542.8270747
15078,CCn1cnc(C(C)=O)c1,0,-457.528804,-457.657969
15079,CCn1cnc(C)c1C=O,1,-457.5223681,-457.6519961
15080,CCn1cnc(CNC)c1,1,-438.8092447,-438.9742857
15081,CCn1cnc(CO)n1,0,-435.4513963,-435.5664393
15082,CCn1cncc1C(=O)O,0,-493.4897399,-493.5991039
15084,CCn1cnnc1CNC,1,-454.8500184,-455.0046684
15085,CCn1nc(C)c(C)c1N,0,-438.8183258,-438.9814638
15087,CCn1nc(C)c(CO)n1,0,-474.741481,-474.880944
15088,CCn1nc(C)cc1NN,1,-454.8316097,-454.9853457
15089,CCn1nc(N)cc1CO,0,-474.7490451,-474.8917611
15090,CCn1ncc(CCO)n1,0,-474.7381345,-474.8804665
15091,CCn1ncc(N=O)c1N,0,-489.553397,-489.660747
15092,CCn1ncc(O)cc1=O,0,-493.4528623,-493.5615123
15093,CCn1nccc(N)c1=O,0,-473.5803962,-473.7017602
15094,CCn1nccc1C1CC1,0,-421.5259656,-421.6813856
15095,CCn1nccc1CC#N,0,-436.4140879,-436.5345049
15096,CCn1ncnc1[C@H](C)N,1,-454.8738063,-455.0290333
15098,CCn1nnc(C)c1CO,0,-474.7339865,-474.8737825
15099,CCn1nnc(CN)n1,0,-431.5913982,-431.7061082
15100,CCn1nncc1C=O,0,-434.233674,-434.326487
15102,CN(C#N)c1ccccc1,0,-419.1774593,-419.2877113
15103,CN(C(=N)N)C(=O)C(=O)O,0,-546.6837665,-546.7759275
15105,CN(C)/C=C/C(=O)C1CC1,0,-442.6077878,-442.7700328
15108,CN(C)/C=C1\CCOC1=O,0,-478.5838672,-478.7260672
15109,CN(C)/C=N/N=C/N(C)C,1,-456.0167775,-456.1881785
15111,CN(C)/N=C\c1ccco1,0,-457.4377356,-457.5677376
15112,CN(C)C(=N)C(=N)N(C)C,0,-456.0444667,-456.2191057
15116,CN(C)C(=O)N=C(N)N,0,-452.7571468,-452.8820698
15117,CN(C)C(=O)c1ccno1,0,-493.4149705,-493.5204345
15123,CN(C)CC1=CC=CC1,0,-367.3562012,-367.5172542
15124,CN(C)CCc1ncc[nH]1,0,-438.8102042,-438.9778672
15125,CN(C)Cc1cc[nH]c1,2,-383.436664,-383.587309
15130,CN(C)c1ccc(F)nc1,0,-481.5418735,-481.6619375
15131,CN(C)c1cccc(F)n1,0,-481.5572628,-481.6766748
15134,CN(C)c1ccncc1N,0,-437.6229861,-437.7694211
15135,CN(C)c1ccncn1,0,-398.3285683,-398.4456733
15136,CN(C)c1cncnc1,0,-398.3111052,-398.4287212
15139,CN(C)c1ncc(O)cn1,0,-473.5717228,-473.6904658
15140,CN(C)c1ncccc1N,0,-437.6293417,-437.7754997
15141,CN(C)c1ncnc(N)n1,0,-469.7810753,-469.9021013
15142,CN(C)c1ncnn1C,0,-415.5529866,-415.6810026
15143,CN(C)c1nnc(CN)[nH]1,0,-470.9071452,-471.0487472
15144,CN(C)c1nnc(N)o1,0,-451.4889464,-451.5924014
15146,CN(N)c1ccc(F)cc1,0,-481.5142104,-481.6352014
15147,CN(N)c1cnccn1,0,-414.3466314,-414.4524024
15150,CN(O)c1ncccn1,0,-434.2237083,-434.3172663
15151,CN/C(C)=C/C(=O)OC,0,-440.4919532,-440.6242412
15152,CN/C=C/C(=O)C(F)(F)F,0,-623.7764162,-623.8517252
15154,CN/N=C\c1cccnc1,0,-436.3895338,-436.5122008
15155,CN1C(=O)C(=O)N(C)C1=O,0,-529.463351,-529.545739
15156,CN1C(=O)C(=O)N=C1N,0,-470.2458159,-470.3144099
15157,CN1C(=O)C/C(=N/O)C1=O,0,-529.3882241,-529.4716531
15168,CN1C=CC(CN)=CN1,0,-399.4419187,-399.5808977
15169,CN1C=CC(N(C)C)=CC1,0,-422.7128192,-422.8906962
15171,CN1C=CC=C/C1=C\N=O,0,-456.2378918,-456.3477138
15172,CN1C=CCC(=O)C1=O,0,-438.0955429,-438.1857459
15173,CN1C=CCC(C(N)=O)=C1,0,-457.5167974,-457.6485004
15176,CN1CC(C(=O)O)=CO1,0,-475.177428,-475.268376
15184,CN1CCCC=C1C(=O)O,0,-478.5932053,-478.7378483
15189,CN1CCN(N)C(=O)C1=O,0,-510.6986277,-510.8187917
15190,CN1CCNC(=O)C1=O,0,-455.3705101,-455.4758651
15193,CN1CCc2[nH]ccc2C1,0,-421.5495522,-421.7102262
15194,CN1CCc2n[nH]cc2C1,0,-437.5947545,-437.7442085
15195,CN1CCc2nc[nH]c2C1,0,-437.6122732,-437.7616092
15196,CN1CCn2ccnc2C1,0,-437.611207,-437.760265
15202,CN1C[C@H](C#N)C(=O)C1=O,0,-492.2620836,-492.3457366
15206,CN1Cc2ccccc2C1,0,-404.3155428,-404.4641298
15207,CN1Cc2cn[nH]c2C1,0,-398.2736829,-398.3941179
15208,CN1N=C(C(=O)O)CC1=O,0,-529.4146961,-529.4974761
15210,CN1N=NN2CC=CC=C12,0,-452.4074887,-452.5172467
15211,CN1NCc2cncnc21,0,-452.4548912,-452.5689282
15217,CNC(=O)/C=C/CN,0,-381.2947993,-381.4136403
15219,CNC(=O)C(=O)NC(C)C,0,-495.8969243,-496.0462803
15224,CNC(=O)N/C=C/C(=O)O,0,-530.641413,-530.745147
15235,CNC(=O)c1ccn(C)n1,0,-473.5824332,-473.7001542
15236,CNC(=O)c1ccoc1C,0,-477.4121339,-477.5290279
15238,CNC(=O)c1coc(N)n1,0,-509.5291468,-509.6240528
15239,CNC(=O)c1ncccn1,0,-472.4011889,-472.4988909
15240,CNC(=O)c1nn[nH]c1N,0,-505.6899271,-505.7871011
15241,CNC(=O)n1cnc(N)n1,0,-505.7014683,-505.7982473
15243,CNC(=O)n1nnnc1N,0,-521.7353642,-521.8197952
15247,CNC=C(C(C)=O)C(C)=O,0,-478.6076517,-478.7453857
15248,CNC=C1C(=O)CCC1=O,0,-477.4238836,-477.5429846
15254,CNCCCc1ccco1,0,-442.6164985,-442.7830085
15256,CNCCc1nc(N)n[nH]1,0,-470.9328837,-471.0780237
15257,CNCCc1ncccn1,0,-437.6207261,-437.7651661
15258,CNCCc1noc(C)n1,0,-474.7263602,-474.8663362
15259,CNCCn1ccnc1C,1,-438.8112292,-438.9773802
15262,CNC[C@@H](C)c1nnn[nH]1,1,-470.8848174,-471.0286194
15266,CNCc1c(C)noc1C,0,-458.6586845,-458.8107325
15267,CNCc1c[nH]c(C)n1,0,-399.5173523,-399.6552923
15268,CNCc1cc(C#N)on1,0,-472.3036151,-472.3990121
15269,CNCc1cc(C)n(C)n1,0,-438.7982617,-438.9611677
15270,CNCc1ccc(=O)[nH]c1,0,-457.5214115,-457.6543555
15272,CNCc1ccc(C)cn1,0,-421.5718492,-421.7261442
15273,CNCc1ccc(C)n1C,0,-422.7477407,-422.9251817
15275,CNCc1ccccc1O,0,-441.465704,-441.612156
15276,CNCc1ccnc(C)c1,0,-421.5714803,-421.7258533
15277,CNCc1ccncc1C,1,-421.5675618,-421.7237608
15278,CNCc1cn(C)nc1C,0,-438.7961311,-438.9595991
15281,CNCc1cnc(N)nc1,1,-453.6954314,-453.8288534
15282,CNCc1cncc(F)c1,1,-481.5354835,-481.6555625
15283,CNCc1n[nH]c(O)n1,1,-451.5064254,-451.6108164
15284,CNCc1nc(C)c(C)[nH]1,0,-438.8272182,-438.9918922
15286,CNCc1nc(CN)no1,0,-490.771794,-490.901878
15287,CNCc1ncccc1F,0,-481.5394193,-481.6594853
15288,CNCc1ncnn1C,0,-415.5556693,-415.6841743
15289,CNN=C(/C=N\O)/C=N/O,0,-526.6093837,-526.7117957
15293,CN[C@@H](C)c1ccoc1,0,-403.3141348,-403.4523498
15294,CN[C@@H](C)c1cnccn1,0,-437.6168782,-437.7610142
15299,CN[C@H](C)c1ccn(C)c1,0,-422.7438416,-422.9197576
15300,CN[C@H](C)c1ccon1,0,-419.3449857,-419.4714997
15302,CNc1c(C)cccc1F,0,-465.4953558,-465.6267898
15303,CNc1c(C)n[nH]c1C,0,-399.502593,-399.639377
15306,CNc1cc(C#N)n(C)n1,0,-452.466996,-452.574347
15307,CNc1cc(C(C)C)n[nH]1,0,-438.8045384,-438.9692074
15308,CNc1cc(C)cc(F)c1,0,-465.5036265,-465.6333855
15309,CNc1cc(C)ccc1C,0,-405.5301113,-405.6958443
15312,CNc1cc(CO)ccn1,0,-457.5196443,-457.6516433
15314,CNc1cc(F)nc(N)n1,0,-513.7055592,-513.8025352
15316,CNc1cc(OC)ncn1,0,-473.584701,-473.704859
15317,CNc1ccc(C)c(C)c1,0,-405.5280543,-405.6947633
15318,CNc1ccc(CN)cc1,0,-421.5739883,-421.7302273
15319,CNc1ccc(F)cc1N,0,-481.5568627,-481.6786237
15320,CNc1ccc(N)nc1,0,-398.3352263,-398.4536953
15321,CNc1ccc(N=O)cc1,0,-456.2615241,-456.3697361
15322,CNc1ccc(O)cc1C,0,-441.4655821,-441.6094291
15325,CNc1cccc(C)c1C,0,-405.5262944,-405.6938734
15327,CNc1cccc(NC)n1,0,-437.6447163,-437.7889163
15328,CNc1ccccc1C#N,0,-419.1969164,-419.3070864
15329,CNc1ccccc1C=O,0,-440.2828493,-440.4051363
15330,CNc1cccccc1=O,0,-440.2565563,-440.3792853
15331,CNc1cccnc1N,0,-398.3396274,-398.4594334
15334,CNc1cn[nH]c(=O)c1N,0,-489.6310671,-489.7422711
15335,CNc1cn[nH]c(=O)n1,0,-450.3256256,-450.4075056
15336,CNc1cnc(CN)cn1,0,-453.6851261,-453.8176501
15338,CNc1cnccc1OC,0,-457.5017551,-457.6346711
15340,CNc1nc(C(C)C)no1,0,-474.7402258,-474.8808998
15341,CNc1nc(C)ccc1N,0,-437.6495995,-437.7940175
15342,CNc1nc(C)nc(O)n1,0,-489.6817288,-489.7878418
15343,CNc1nc(F)cc(=O)[nH]1,0,-533.5870677,-533.6718787
15344,CNc1nc(F)ccc1F,0,-541.5381927,-541.6219667
15345,CNc1nc(N)nc(N)n1,0,-485.8726965,-485.9830485
15346,CNc1nc(N)nn1C,0,-431.6314963,-431.7474183
15347,CNc1nc[nH]c(=O)c1N,0,-489.6643571,-489.7749391
15348,CNc1ncc(C)cn1,0,-398.3457331,-398.4608051
15350,CNc1nccc(C=O)n1,0,-472.3931476,-472.4891876
15352,CNc1nccnc1C,0,-398.3343324,-398.4513744
15354,CNc1nnc(C)n1C,0,-415.5593003,-415.6857033
15355,CNc1nnccc1C#N,0,-451.2689632,-451.3539542
15356,CNc1nonc1C(=O)O,0,-545.4015797,-545.4730037
15357,CO/C=C/C(C)=O,0,-345.7995924,-345.8891414
15359,CO/N=C(/C)C(N)=O,0,-417.2033946,-417.2971396
15361,CO/N=C(\C#N)C(=N)N,0,-450.2526174,-450.3289274
15362,CO/N=C/C1=CCCNC1,0,-458.6213597,-458.7754117
15367,COC(=N)c1ccccc1,0,-440.2664786,-440.3886226
15370,COC(=O)/C=C(\N)C1CC1,0,-478.5746396,-478.7144256
15371,COC(=O)/C=C/C(F)(F)F,0,-643.6670981,-643.7315701
15372,COC(=O)/C=C/C=C=O,0,-457.9686199,-458.0439629
15373,COC(=O)/C=C/[C@@H]1O[C@@H]1C,0,-498.4381112,-498.5641712
15374,COC(=O)/C=C/[C@H](O)CO,0,-535.6026051,-535.7281061
15375,COC(=O)/C=C1\CCCO1,0,-498.4765557,-498.6068347
15377,COC(=O)C(=N)C(F)(F)F,0,-659.7152704,-659.7690524
15378,COC(=O)C(=O)N(C)OC,0,-551.6153161,-551.7268921
15381,COC(=O)C1=C(CO)CC1,0,-498.4425395,-498.5707945
15383,COC(=O)C1=CC(C)(C)C1,0,-462.503096,-462.653286
15385,COC(=O)C1=CCNCC1,0,-478.5831629,-478.7269719
15386,COC(=O)C1=COCCC1,0,-498.4748656,-498.6065146
15387,COC(=O)C1=C[C@H](O)NN1,0,-530.5510607,-530.6580087
15388,COC(=O)C1=NC[C@@H](C)O1,0,-514.528912,-514.645336
15389,COC(=O)C1=NNC(=O)C1,0,-529.4007951,-529.4833711
15391,COC(=O)C=C1NCCN1,0,-494.6618685,-494.7941505
15397,COC(=O)Cc1ccco1,0,-497.279958,-497.384588
15398,COC(=O)Cc1cn[nH]c1,0,-493.4548119,-493.5615799
15399,COC(=O)Cc1nnco1,1,-529.3833123,-529.4651413
15400,COC(=O)Cc1nnn[nH]1,0,-525.5432926,-525.6264166
15401,COC(=O)Cn1cccc1,0,-477.400231,-477.516499
15403,COC(=O)N1C=CC=CC1,0,-477.3939465,-477.5135505
15405,COC(=O)N=NC(=O)OC,0,-566.4965118,-566.5719288
15413,COC(=O)c1[nH]ccc1C,0,-477.4238108,-477.5416088
15414,COC(=O)c1c[nH]oc1=O,0,-549.2537375,-549.3248435
15415,COC(=O)c1cc(C)[nH]n1,0,-493.4621324,-493.5685154
15417,COC(=O)c1cc(N)c[nH]1,0,-493.4742528,-493.5819018
15418,COC(=O)c1cc(O)no1,0,-549.2470793,-549.3180573
15419,COC(=O)c1ccc(N)o1,0,-513.3454185,-513.4405015
15420,COC(=O)c1cccnn1,0,-492.2403169,-492.3252719
15421,COC(=O)c1ccn(C)c1,0,-477.4114251,-477.5295441
15422,COC(=O)c1ccnn1N,0,-509.4807289,-509.5775659
15424,COC(=O)c1cnnnc1,0,-508.2647271,-508.3368131
15426,COC(=O)c1cocc1C,0,-497.2856611,-497.3920851
15427,COC(=O)c1cocn1,0,-474.0362495,-474.1049165
15428,COC(=O)c1n[nH]c(=O)[nH]1,0,-545.4821065,-545.5549455
15429,COC(=O)c1nc[nH]c1C,0,-493.481575,-493.588665
15430,COC(=O)c1ncn(C)n1,0,-509.512379,-509.607343
15432,COC(=O)c1nnc(C)o1,0,-529.3847807,-529.4664797
15433,COC(=O)c1nnnn1C,0,-525.5306668,-525.6136878
15434,COC(=O)c1occc1F,0,-557.2426847,-557.3135197
15435,COC(=O)n1ccc(C)n1,0,-493.4574076,-493.5639036
15441,COC(OC)c1ncc[nH]1,0,-494.624474,-494.753926
15449,COC1=CC=CC=CC1,0,-386.050163,-386.179598
15450,COC1=CC=CC=CC=C1,0,-424.1319981,-424.2643491
15453,COC1=NC=CCC=CC1,0,-441.4085997,-441.5533867
15454,COC1=NC=NC=C(C)C1,0,-457.4871674,-457.6195754
15457,COC1C=CC=CC=C1,0,-386.0397629,-386.1679569
15458,COC1CC(=CC(=O)O)C1,0,-498.4483604,-498.5757884
15463,COC=Nc1ccccc1,0,-440.2519244,-440.3714584
15474,COCCNC(=O)C(=O)O,0,-551.6950693,-551.8114103
15476,COCCNc1ncn[nH]1,1,-490.7943457,-490.9254597
15479,COCCc1c[nH]nc1O,2,-494.6171701,-494.7460481
15480,COCCc1cc(N)on1,0,-494.589989,-494.719475
15481,COCCc1cnn(C)c1,0,-458.668272,-458.819528
15483,COCCc1nnn(C)n1,1,-490.7606183,-490.8900173
15485,COCCn1cccc1,2,-403.3161716,-403.4536306
15487,COCCn1cncc1N,0,-474.7422481,-474.8856071
15488,COCCn1nnnc1N,0,-506.8217915,-506.9414005
15493,COC[C@H](C)n1cccc1,1,-442.622131,-442.786377
15494,COC[C@H](N)c1ccco1,1,-478.5484997,-478.6900757
15499,COCc1cc(C=O)no1,0,-513.2684376,-513.3617216
15500,COCc1cc(CO)n[nH]1,0,-494.6120602,-494.7413882
15501,COCc1cc(N)n(C)n1,0,-474.7302241,-474.8709241
15503,COCc1cccc(C)n1,0,-441.452843,-441.59471
15504,COCc1cnccn1,0,-418.1872218,-418.2923478
15506,COCc1n[nH]c(CN)n1,2,-490.796436,-490.927303
15507,COCc1nc(C)n(C)n1,1,-474.745842,-474.884216
15509,COCc1ncc(N)cn1,0,-473.5578809,-473.6772599
15510,COCc1nccc(=O)[nH]1,0,-493.4649691,-493.5743711
15512,COCc1nnc(CO)o1,0,-530.5397469,-530.6434289
15513,COCc1noc(N)c1C,0,-494.5943919,-494.7228539
15514,COCc1noc(O)n1,0,-491.2357996,-491.3142826
15515,COCc1nocc1C=O,0,-513.2697565,-513.3637715
15516,COCc1ocnc1CN,1,-494.614012,-494.7436
15519,COCn1cc(C=O)nn1,0,-509.4595026,-509.5539456
15520,COCn1cnc(N)n1,0,-451.4996078,-451.6041198
15522,CON(C)C(=O)C1=CCC1,0,-478.48182,-478.619767
15524,CON1C(=O)NC(=O)C1=O,0,-565.3277801,-565.3861621
15528,CONC(=O)C(=O)OC,0,-512.3214298,-512.4073488
15529,CO[C@@H](C)c1nnnn1C,0,-490.7599515,-490.8893695
15540,CO[C@H]1C=NC(N)=NC1=O,0,-509.5022622,-509.5983202
15547,COc1c(C)cccc1O,0,-461.3432817,-461.4745257
15548,COc1c(C=O)cnn1C,0,-493.4231195,-493.5282105
15550,COc1c(F)cncc1F,0,-561.3831547,-561.4540737
15552,COc1c(N)cccc1F,0,-501.4297912,-501.5377872
15554,COc1cc(C)c(F)cn1,0,-501.4373614,-501.5444454
15555,COc1cc(C)cc(C)n1,0,-441.4741723,-441.6152173
15556,COc1cc(C)ccc1C,0,-425.406454,-425.559574
15558,COc1cc(C)oc(=O)c1,0,-497.2872591,-497.3944761
15560,COc1cc(CN)cnn1,0,-473.5303231,-473.6502121
15561,COc1cc(CO)n(C)n1,0,-494.6133898,-494.7432178
15562,COc1cc(F)cc(F)c1,0,-545.3466763,-545.4304463
15563,COc1cc(F)ccc1F,0,-545.3408864,-545.4246444
15564,COc1cc(F)cnc1F,0,-561.3957556,-561.4679716
15565,COc1cc(N)cc(=O)[nH]1,0,-493.479111,-493.588678
15566,COc1cc(N)cc(O)c1,0,-477.4033164,-477.5237894
15567,COc1cc(N)nc(N)n1,0,-489.671078,-489.781512
15568,COc1cc(N)ncc1N,0,-473.5792216,-473.7009606
15569,COc1cc(OC)[nH]n1,0,-455.3015116,-455.4041746
15570,COc1cc([C@H](C)O)on1,1,-514.4733597,-514.5900167
15571,COc1cc[nH]c1C=O,0,-438.0831623,-438.1756993
15572,COc1ccc(C#N)cn1,0,-455.1281489,-455.2150289
15574,COc1ccc(C(=O)O)o1,0,-533.224514,-533.307607
15575,COc1ccc(F)nc1N,0,-517.5008373,-517.5979443
15576,COc1ccc(N)c(C)c1,0,-441.4598651,-441.6038001
15577,COc1ccc(N)c(F)n1,0,-517.5006267,-517.5972727
15579,COc1ccc(N)cc1N,0,-457.518685,-457.65162
15580,COc1ccc(NN)nn1,0,-489.5632628,-489.6725518
15581,COc1ccc(O)c(C)n1,0,-477.4067347,-477.5254807
15582,COc1ccc(O)c(F)c1,0,-521.3120227,-521.4079337
15583,COc1ccc(O)cc1F,0,-521.3078051,-521.4033811
15584,COc1ccc2c(c1)CC2,0,-424.1627817,-424.2974497
15585,COc1cccc(=O)cc1,0,-460.1151216,-460.2249946
15586,COc1cccc(C)c1N,0,-441.4633891,-441.6077131
15587,COc1cccc(CN)n1,0,-457.5163545,-457.6490505
15588,COc1cccc(NN)c1,0,-457.4773908,-457.6111758
15589,COc1cccc(O)c1O,0,-497.2872876,-497.3953776
15590,COc1ccccc1CN,0,-441.4501356,-441.5957286
15591,COc1cccccc1=O,0,-460.1126482,-460.2217202
15593,COc1ccn(C)c(=O)n1,0,-493.4747791,-493.5834911
15594,COc1ccnc(C)c1C,0,-441.4607436,-441.6030736
15595,COc1ccnc(C=O)n1,0,-492.26055,-492.34579
15597,COc1ccnc(OC)c1,0,-477.3904477,-477.5111227
15601,COc1cnc(C)nc1C,0,-457.5167452,-457.6463912
15602,COc1cnc(C2CC2)[nH]1,0,-457.4697113,-457.6002723
15603,COc1cnc(CO)nc1,0,-493.4419094,-493.5493134
15606,COc1cnc(N)c(C)n1,0,-473.5810026,-473.7011226
15607,COc1cnc(N)c(F)c1,0,-517.4877978,-517.5846798
15609,COc1cnc[nH]c1=O,0,-454.1558704,-454.2379494
15610,COc1cncc(F)n1,0,-478.1825376,-478.2522606
15611,COc1cncc(N)c1C,0,-457.5130543,-457.6453513
15612,COc1cncnc1C=O,0,-492.2407367,-492.3260267
15613,COc1cnnc(CO)c1,0,-493.4107732,-493.5177562
15614,COc1cnncc1OC,0,-493.3903465,-493.4985825
15615,COc1n[nH]c(N)c1C#N,0,-488.4122739,-488.4972889
15617,COc1nc(C(C)=O)co1,0,-513.329953,-513.423655
15618,COc1nc(C)cc(=O)[nH]1,0,-493.4902771,-493.5987401
15619,COc1nc(C)ccc1C,0,-441.4726758,-441.6148508
15621,COc1nc(N)cc(F)n1,0,-533.5753051,-533.6609091
15622,COc1nc(N)nc(N)n1,0,-505.7427656,-505.8416896
15623,COc1nc(O)cc(O)n1,0,-529.4341654,-529.5205704
15624,COc1nc[nH]c(=O)n1,0,-470.2370035,-470.3083585
15625,COc1ncc(CN)cn1,0,-473.5667283,-473.6874773
15626,COc1ncc(F)c(O)n1,0,-553.4388994,-553.5123264
15627,COc1ncc(N)c(C)n1,0,-473.5810596,-473.7012256
15628,COc1ncc(O)cc1C,0,-477.4050032,-477.5244182
15630,COc1nccc(CO)n1,0,-493.4582706,-493.5656516
15631,COc1nccc(F)c1N,0,-517.4974268,-517.5944058
15632,COc1nccnc1CO,0,-493.4492584,-493.5574974
15634,COc1ncnc(N)c1C,0,-473.5965114,-473.7174854
15635,COc1ncnc(OC)n1,0,-509.5182395,-509.6159715
15636,COc1ncncc1CO,0,-493.453518,-493.563128
15637,COc1ncnnc1CN,0,-489.5882986,-489.6966446
15638,COc1nn(C)c(C)c1N,0,-474.7371914,-474.8767284
15639,COc1nn(C)cc1C#N,0,-472.3460794,-472.4418254
15641,COc1nnc(CN)o1,0,-471.3617155,-471.4532805
15642,COc1nnc(OC)n1N,0,-526.6860662,-526.7925622
15643,COc1nnccc1CO,0,-493.4147757,-493.5235017
15644,COc1noc(C)c1C,0,-439.2416724,-439.3539204
15645,COc1oncc1C(=O)O,0,-549.2517573,-549.3231723
15647,C[C@@H](C#N)n1cc(N)nn1,0,-468.5056912,-468.6013772
15649,C[C@@H](C(=O)O)c1ccn[nH]1,0,-493.4728099,-493.5813189
15650,C[C@@H](C(=O)O)n1cccc1,0,-477.4157508,-477.5340058
15652,C[C@@H](C(=O)O)n1cnnn1,0,-525.5448264,-525.6280644
15653,C[C@@H](C1=CC=CC1)N(C)C,0,-406.6584126,-406.8464566
15656,C[C@@H](CCN)c1nc[nH]n1,0,-454.8696064,-455.0255804
15660,C[C@@H](N)Cc1ccccc1,0,-405.5268683,-405.6952453
15661,C[C@@H](N)c1cccc(F)c1,1,-465.5016321,-465.6325601
15662,C[C@@H](N)c1ccccc1N,0,-421.5899391,-421.7491461
15663,C[C@@H](N)c1cnn(C)n1,0,-415.5483051,-415.6739821
15664,C[C@@H](N)c1n[nH]c(O)n1,0,-451.5188437,-451.6235327
15666,C[C@@H](N)c1ncccn1,0,-398.3311734,-398.4488614
15667,C[C@@H](N)c1nn(C)cc1O,0,-474.7462416,-474.8896746
15668,C[C@@H](NN)c1ccc[nH]1,1,-399.4780901,-399.6191971
15670,C[C@@H](O)c1cc(O)n[nH]1,0,-455.3346063,-455.4382873
15673,C[C@@H](O)c1cncnc1,0,-418.2089929,-418.3137749
15674,C[C@@H](O)c1ncc(F)cn1,0,-517.4905197,-517.5861177
15675,C[C@@H]1C(=O)C(=O)C=CN1C,0,-477.3851576,-477.5034146
15678,C[C@@H]1C(=O)c2ccccc21,0,-422.9966366,-423.1080836
15681,C[C@@H]1C=CN=NC1=O,0,-378.8406353,-378.9166153
15686,C[C@@H]1CC(=O)C(=O)[C@H]1C,0,-423.2328597,-423.3578957
15690,C[C@@H]1CC(=O)c2ncnn21,0,-472.3694882,-472.4695482
15693,C[C@@H]1CCC/C(=C\O)C1=O,0,-462.532773,-462.687756
15694,C[C@@H]1CCC/C1=C\C(=O)O,0,-462.5554063,-462.7095963
15695,C[C@@H]1CCC2=C1N=CCN2,0,-421.540764,-421.698962
15698,C[C@@H]1CCCc2nccn21,0,-421.5794632,-421.7402602
15700,C[C@@H]1CCNc2ccnn21,0,-437.6102407,-437.7594617
15705,C[C@@H]1CCc2nccnc21,0,-420.3830693,-420.5199803
15712,C[C@@H]1CNCc2c[nH]nc21,0,-437.6050288,-437.7544238
15713,C[C@@H]1CNCc2ccnn21,0,-437.6046557,-437.7541967
15714,C[C@@H]1CNCc2nncn21,0,-453.6586542,-453.7960512
15715,C[C@@H]1CNc2ccccc21,0,-404.3316696,-404.4810106
15716,C[C@@H]1CNc2cccnc21,0,-420.3840246,-420.5215456
15717,C[C@@H]1COc2ccnn21,0,-418.1692856,-418.2772396
15720,C[C@@H]1C[C@@H]1c1ccncc1,0,-404.2982635,-404.4440615
15724,C[C@@H]1Cc2[nH]ccc2C=N1,0,-420.3666296,-420.5038026
15725,C[C@@H]1Cc2[nH]ccc2CN1,0,-421.5598805,-421.7207755
15726,C[C@@H]1Cc2ccccc2O1,0,-424.2156868,-424.3517188
15727,C[C@@H]1Cc2cccnc2N1,0,-420.3927509,-420.5304769
15728,C[C@@H]1Cc2cnccc2N1,0,-420.3875678,-420.5252978
15729,C[C@@H]1Cn2nccc2CN1,0,-437.6022532,-437.7520062
15731,C[C@@H]1NC(=O)C(=O)O[C@H]1C,0,-514.5611662,-514.6802662
15733,C[C@@H]1NCCc2[nH]cnc21,0,-437.6257261,-437.7749111
15735,C[C@@H]1NCCn2cnnc21,0,-453.6574163,-453.7948863
15736,C[C@@H]1NCc2ccccc21,0,-404.3245126,-404.4733356
15746,C[C@@]1(O)Cc2ccccc21,0,-424.1825033,-424.3166393
15753,C[C@H](C#N)Cn1cccn1,1,-436.4133117,-436.5332307
15754,C[C@H](C#N)c1ccncc1,0,-419.1869753,-419.2967773
15756,C[C@H](C(=O)O)c1ccco1,1,-497.2950506,-497.4012386
15757,C[C@H](C1=CCC=C1)N(C)C,0,-406.6586109,-406.8465459
15758,C[C@H](C=O)c1ccccc1,0,-424.2170112,-424.3485252
15759,C[C@H](CCN)n1cccn1,1,-438.8010263,-438.9673303
15761,C[C@H](CCO)n1ccnc1,0,-458.6992453,-458.8534763
15762,C[C@H](CN)c1ncon1,0,-435.4202683,-435.5357613
15764,C[C@H](F)c1ccc(F)cc1,0,-509.4242789,-509.5312889
15766,C[C@H](N)Cc1nncn1C,2,-454.8610688,-455.0136398
15767,C[C@H](N)[C@@H](C)n1cncn1,0,-454.8687269,-455.0247369
15768,C[C@H](N)c1ccc(O)cc1,1,-441.4685536,-441.6119436
15769,C[C@H](N)c1ccnnc1,1,-398.2919505,-398.4093265
15776,C[C@H](O)Cn1cncn1,1,-435.4516773,-435.5687183
15779,C[C@H](O)c1ccc(=O)[nH]c1,1,-477.4183514,-477.5382044
15780,C[C@H](O)c1ccc(N)cc1,1,-441.4712587,-441.6151567
15781,C[C@H](O)c1cccc(O)c1,0,-461.353794,-461.484218
15782,C[C@H](O)c1ccccc1O,0,-461.359084,-461.493063
15784,C[C@H]1C(=O)CC(=O)C1=O,0,-457.9801121,-458.0569261
15786,C[C@H]1C(=O)NN=C1C(=O)O,0,-529.4172462,-529.5009912
15788,C[C@H]1C=C(C(=O)O)CC1,0,-423.2492261,-423.3761721
15797,C[C@H]1CCCC=C1C(=O)O,0,-462.5578866,-462.7140546
15801,C[C@H]1CCc2[nH]cnc2C1,0,-421.5831343,-421.7435893
15802,C[C@H]1CCc2c(N)n[nH]c21,0,-437.6090325,-437.7563585
15807,C[C@H]1CNc2ncnn2C1,0,-453.6805178,-453.8183748
15811,C[C@H]1C[C@@H](O)c2nccn21,0,-457.5095458,-457.6452108
15812,C[C@H]1C[C@@H]1c1nnc(N)o1,0,-473.5281628,-473.6470108
15813,C[C@H]1C[C@H](C)C(=O)C1=O,0,-423.2308607,-423.3562247
15814,C[C@H]1C[C@H]1c1n[nH]c(N)n1,1,-453.6609553,-453.7941973
15815,C[C@H]1Cn2ccnc2CN1,0,-437.6209777,-437.7701117
15816,C[C@H]1N=C1c1ccccc1,0,-403.0852384,-403.2065164
15821,C[C@H]1NCCc2[nH]ccc21,0,-421.5620587,-421.7225597
15822,C[C@H]1NCCc2occc21,0,-441.4308582,-441.5791932
15823,C[C@H]1NCCn2cccc21,0,-421.5554665,-421.7161755
15825,C[C@H]1N[C@H]1c1ccccc1,0,-404.2932141,-404.4389581
15827,C[C@H]1OC/C(=C\NN)C1=O,0,-494.599301,-494.7292
15836,C[C@]12CCC=C1C(=O)CC2,0,-425.3857847,-425.5435627
15839,Cc1[nH]c(C=O)c(C)c1C,0,-441.4755199,-441.6141139
15840,Cc1[nH]c(C=O)cc1C#N,0,-455.1419119,-455.2265109
15841,Cc1[nH]c(N)c(C#N)c1C,0,-436.4498545,-436.5682165
15843,Cc1[nH]ccc1C#N,0,-341.7779724,-341.8559214
15846,Cc1[nH]nc(C(C)C)c1C,0,-422.7651166,-422.9397526
15847,Cc1[nH]nc(C(N)=O)c1N,0,-489.6591522,-489.7668652
15848,Cc1[nH]nc(CO)c1F,0,-479.3561568,-479.4455468
15849,Cc1[nH]nc(O)c1C#N,0,-433.0700486,-433.1383566
15850,Cc1[nH]nc(O)c1CCO,0,-494.6408088,-494.7703488
15851,Cc1[nH]nc2c1CCCN2,0,-437.6184815,-437.7660555
15852,Cc1[nH]nc2c1CCCO2,0,-457.4937356,-457.6289716
15853,Cc1[nH]ncc1C(C)C,0,-383.4573984,-383.6042764
15854,Cc1[nH]ncc1CCCN,0,-438.8066933,-438.9724583
15856,Cc1c(C(=O)O)[nH][nH]c1=O,0,-529.4155763,-529.4993453
15860,Cc1c(C=O)nnn1C,0,-434.2424437,-434.3334837
15861,Cc1c(CO)ccnc1F,0,-501.4428405,-501.5503765
15862,Cc1c(CO)ncn1C,0,-419.4037734,-419.5296404
15863,Cc1c(F)ccc(F)c1F,0,-569.3918403,-569.4617433
15865,Cc1c(F)cccc1CN,0,-465.4997495,-465.6319915
15866,Cc1c(F)ncnc1F,0,-502.2405542,-502.2968852
15868,Cc1c(N)cc(C#N)n1C,0,-436.432243,-436.55078
15869,Cc1c(N)cc(F)cc1F,0,-525.4862172,-525.5821062
15871,Cc1c(N)ccc(N)c1C,0,-421.5936545,-421.7493295
15872,Cc1c(N)cnn1C(F)F,0,-558.7630278,-558.8569558
15873,Cc1c(N)nc(=O)[nH]c1F,0,-533.590934,-533.675887
15874,Cc1c(N)nc(F)nc1F,0,-557.6227028,-557.6957268
15875,Cc1c(N)noc1C(C)C,0,-458.6775975,-458.8295355
15876,Cc1c(O)ccc(=O)n1O,0,-513.3132082,-513.4080612
15877,Cc1c(O)cccc1NN,0,-457.4966378,-457.6299878
15878,Cc1c(O)cncc1F,0,-462.1384297,-462.2189227
15879,Cc1c(O)nc(N)[nH]c1=O,0,-509.5750534,-509.6718824
15880,Cc1c([C@@H](C)O)cnn1C,0,-458.6936076,-458.8458236
15882,Cc1c[nH]c(C(C)(C)C)n1,1,-422.7813213,-422.9571403
15883,Cc1c[nH]c(C=O)c1C#N,0,-455.1296648,-455.2137228
15884,Cc1c[nH]c(N)c1C(N)=O,0,-473.6131578,-473.7346148
15885,Cc1c[nH]c2c1CCCC2,0,-405.5211241,-405.6921211
15887,Cc1c[nH]c2ccncc12,0,-419.2031092,-419.3170292
15888,Cc1c[nH]c2ncccc12,0,-419.2092059,-419.3232859
15889,Cc1c[nH]c2nccnc12,0,-435.2569787,-435.3589217
15891,Cc1c[nH]cc(C=O)c1=O,0,-476.2223069,-476.3199759
15892,Cc1c[nH]cc1C(C)(C)O,0,-442.6509052,-442.8158372
15893,Cc1c[nH]nc1C,0,-304.8498225,-304.9458525
15894,Cc1cc(/C=N/N)oc1C,0,-457.473425,-457.602102
15897,Cc1cc(C#N)c(C)o1,0,-400.9568409,-401.0479799
15898,Cc1cc(C#N)ccc1F,0,-463.1183838,-463.2037258
15899,Cc1cc(C#N)nc(C)n1,0,-435.2561698,-435.3499628
15900,Cc1cc(C#N)ncc1N,0,-435.2552582,-435.3538952
15901,Cc1cc(C(=O)O)c(C)[nH]1,0,-477.4443171,-477.5622711
15902,Cc1cc(C(=O)O)cn1C,0,-477.4325603,-477.5512403
15903,Cc1cc(C(=O)O)cnn1,0,-492.2654945,-492.3496775
15904,Cc1cc(C(C)(C)C)n[nH]1,0,-422.7625772,-422.9376482
15906,Cc1cc(C(F)(F)F)co1,0,-606.5248989,-606.5927339
15907,Cc1cc(C(F)F)on1,0,-523.2555176,-523.3207876
15908,Cc1cc(C(N)=O)co1,0,-438.1140524,-438.2056974
15910,Cc1cc(C)[nH]c(=O)n1,0,-418.2474056,-418.3510516
15911,Cc1cc(C)c(/C=N/O)[nH]1,0,-457.473279,-457.601057
15912,Cc1cc(C)c(=O)[nH]n1,0,-418.2193555,-418.3240645
15913,Cc1cc(C)c(C)c(N)n1,0,-421.6072398,-421.7615648
15914,Cc1cc(C)c(C)cc1C,0,-389.4844962,-389.6614892
15916,Cc1cc(C)c(F)c(C)c1,0,-449.4600954,-449.5991684
15917,Cc1cc(C)c(F)c(C)n1,0,-465.5153342,-465.6429322
15919,Cc1cc(C)c(N)c(=O)[nH]1,0,-457.5579943,-457.6903733
15920,Cc1cc(C)c(N)c(N)c1,0,-421.6007598,-421.7557898
15921,Cc1cc(C)c(O)cn1,0,-402.1732556,-402.2874996
15922,Cc1cc(C)c2c(c1)CC2,0,-388.2471995,-388.4013895
15923,Cc1cc(C)cc(C=O)c1,0,-424.2317023,-424.3597793
15924,Cc1cc(C)cc(NN)c1,0,-421.5605988,-421.7131748
15925,Cc1cc(C)n(C(F)F)n1,0,-542.7184249,-542.8206129
15926,Cc1cc(C)n(C)c(=O)n1,0,-457.5427832,-457.6726072
15928,Cc1cc(C)n(CC=O)n1,0,-457.5013172,-457.6282042
15930,Cc1cc(C)n(CCO)c1,0,-442.6436577,-442.8081667
15931,Cc1cc(C)n(N)c(=O)c1,0,-457.5170406,-457.6485066
15934,Cc1cc(C)nc(CN)n1,0,-437.6514455,-437.7916215
15935,Cc1cc(C2CC2)ccn1,0,-404.3051633,-404.4496143
15937,Cc1cc(C=O)c(C)o1,0,-422.0372461,-422.1389731
15938,Cc1cc(C=O)cnc1F,0,-500.2556397,-500.3398437
15939,Cc1cc(C=O)n(C)n1,0,-418.1983699,-418.3000399
15941,Cc1cc(C=O)nnc1C,0,-456.3011583,-456.4081123
15942,Cc1cc(CC#N)n(C)n1,0,-436.4192761,-436.5370111
15943,Cc1cc(CC(=O)O)n[nH]1,0,-493.4798157,-493.5866327
15944,Cc1cc(CCN)no1,0,-419.3626255,-419.4885765
15945,Cc1cc(CN(C)C)on1,1,-458.6465683,-458.7986353
15946,Cc1cc(CN)c(C)n1C,1,-422.760197,-422.935389
15947,Cc1cc(CN)c(O)nn1,0,-473.5561687,-473.6763577
15948,Cc1cc(CN)cc(=O)[nH]1,0,-457.5412193,-457.6739963
15950,Cc1cc(CO)c(C)o1,0,-423.2204408,-423.3451488
15951,Cc1cc(CO)c[nH]c1=O,0,-477.4207134,-477.5410534
15952,Cc1cc(CO)cc(C)n1,0,-441.4732177,-441.6132727
15953,Cc1cc(C[C@H](C)O)[nH]n1,0,-458.7014631,-458.8550481
15954,Cc1cc(F)[nH]c(=O)c1,0,-462.1562194,-462.2370774
15955,Cc1cc(F)c(C)cc1O,0,-485.3968453,-485.5143603
15956,Cc1cc(F)c(N)cc1N,0,-481.5702677,-481.6906877
15957,Cc1cc(F)cc(C)c1O,0,-485.3959611,-485.5140861
15958,Cc1cc(F)cc(CO)c1,0,-485.3894762,-485.5044852
15959,Cc1cc(F)cnc1NN,0,-497.5861178,-497.6953558
15960,Cc1cc(N(C)C)no1,0,-419.3521784,-419.4772194
15961,Cc1cc(N)c(=O)[nH]c1C,0,-457.5561013,-457.6857673
15962,Cc1cc(N)c(C)nc1O,0,-457.547893,-457.67935
15963,Cc1cc(N)c(C)nn1,0,-398.3166853,-398.4320733
15965,Cc1cc(N)c(O)cc1C,0,-441.4814188,-441.6242048
15967,Cc1cc(N)cc(=O)n1C,0,-457.5454761,-457.6781611
15968,Cc1cc(N)cc(C#N)c1,0,-419.2069989,-419.3157139
15969,Cc1cc(N)cc(C)c1C,0,-405.5401596,-405.7060976
15970,Cc1cc(N)cc(C=O)n1,0,-456.3459641,-456.4538561
15971,Cc1cc(N)ccc1N=O,0,-456.2741746,-456.3819516
15972,Cc1cc(N)cn(C)c1=O,0,-457.5356706,-457.6660996
15973,Cc1cc(N)cnc1N,0,-398.3505271,-398.4685801
15975,Cc1cc(N)nn1C1CC1,0,-437.5864858,-437.7298628
15976,Cc1cc(N/C=N/O)on1,0,-509.4220982,-509.5153462
15977,Cc1cc(NC(=N)N)n[nH]1,0,-469.7506639,-469.8695989
15978,Cc1cc(NC(N)=O)no1,0,-509.5142322,-509.6094522
15979,Cc1cc(NN)ncn1,0,-414.3732573,-414.4792653
15980,Cc1cc(O)c(C#N)n1C,0,-456.3176876,-456.4230966
15981,Cc1cc(O)c(C)c(=O)[nH]1,0,-477.4408451,-477.5602201
15982,Cc1cc(O)c(F)c(F)c1,0,-545.3605808,-545.4421278
15983,Cc1cc(O)c(N)c(=O)o1,0,-513.366297,-513.4627
15985,Cc1cc(O)cc(CN)c1,0,-441.4719478,-441.6134928
15986,Cc1cc(O)cc(N)n1,0,-418.2431584,-418.3480254
15987,Cc1cc(O)cc(O)c1C,0,-461.3640359,-461.4941709
15989,Cc1cc(O)n(C(=N)N)n1,0,-489.6240612,-489.7317992
15990,Cc1cc(O)nc(O)c1,0,-438.1369418,-438.2295998
15991,Cc1cc(O)ncc1CN,0,-457.5326148,-457.6659138
15992,Cc1cc(O)nnc1O,0,-454.1511042,-454.2325132
15994,Cc1cc([C@H](C)N)c(C)o1,0,-442.6437125,-442.8069155
15995,Cc1cc([C@H]2CO2)n(C)n1,0,-457.4555613,-457.5865833
15996,Cc1cc2[nH]ccn2n1,0,-397.1024998,-397.1976218
15997,Cc1cc2c(cn1)CNC2,0,-420.3776453,-420.5136813
15998,Cc1cc2c(o1)CCNC2,0,-441.4360996,-441.5836176
15999,Cc1cc2ccccn2c1,0,-403.1318399,-403.2563269
16000,Cc1cc2cn[nH]c2cn1,0,-435.2409815,-435.3428735
16002,Cc1cc2n(n1)CC(=O)N2,0,-472.3783907,-472.4772257
16004,Cc1cc2n(n1)CCCO2,0,-457.4883147,-457.6238457
16005,Cc1cc2n(n1)CCN2,0,-398.2955541,-398.4156021
16006,Cc1cc2ncccn2n1,0,-435.2333337,-435.3347357
16009,Cc1cc[nH]c(=O)c1CN,0,-457.537847,-457.671611
16010,Cc1cc[nH]c1C(C)C,0,-367.4091478,-367.5688368
16011,Cc1cc[nH]c1CC(=O)O,0,-477.4317496,-477.5499266
16012,Cc1ccc(/C=N/O)cc1,0,-440.2324642,-440.3507132
16013,Cc1ccc(=N)n(N)c1,0,-398.2959759,-398.4138119
16014,Cc1ccc(=O)[nH]c1N,0,-418.2440423,-418.3498203
16016,Cc1ccc(C#N)c(N)n1,0,-435.2729646,-435.3704436
16018,Cc1ccc(C(=N)N)cn1,0,-436.4553454,-436.5763864
16019,Cc1ccc(C(=N)N)n1C,0,-437.63419,-437.777808
16021,Cc1ccc(C(=O)O)nn1,0,-492.2696166,-492.3545266
16023,Cc1ccc(C(F)(F)F)o1,0,-606.5220051,-606.5899891
16024,Cc1ccc(C(F)F)cc1,0,-509.434742,-509.537637
16025,Cc1ccc(C(N)=O)nc1,0,-456.370284,-456.478974
16026,Cc1ccc(C)c(CN)c1,0,-405.5303799,-405.6954449
16027,Cc1ccc(C)c(CO)n1,0,-441.4758196,-441.6176006
16028,Cc1ccc(C)c(F)c1C,0,-449.4577506,-449.5990496
16032,Cc1ccc(C)c(O)c1C,0,-425.4243976,-425.5777506
16033,Cc1ccc(C)n1C(C)C,0,-406.7068509,-406.8955559
16034,Cc1ccc(C)n1C1CC1,0,-405.4786798,-405.6454008
16035,Cc1ccc(C)n1CC#N,0,-420.3670871,-420.4968061
16037,Cc1ccc(C=O)c(O)c1,0,-460.164326,-460.271119
16038,Cc1ccc(C=O)cc1C,0,-424.2289657,-424.3605957
16039,Cc1ccc(CC#N)nn1,0,-435.2162666,-435.3103656
16040,Cc1ccc(CN)c(=O)[nH]1,0,-457.5425726,-457.6763486
16041,Cc1ccc(CN)c(C)n1,0,-421.5864491,-421.7403321
16042,Cc1ccc(CN)cc1N,0,-421.5885055,-421.7447445
16043,Cc1ccc(CO)c(N)c1,0,-441.4766478,-441.6205408
16044,Cc1ccc(CO)nc1C,0,-441.4750861,-441.6165381
16045,Cc1ccc(CON)cc1,0,-441.4099427,-441.5508347
16046,Cc1ccc(F)c(C#N)n1,0,-479.1624342,-479.2341852
16048,Cc1ccc(N(C)C)cc1,1,-405.5151155,-405.6801385
16049,Cc1ccc(N(C)N)nn1,0,-453.6275938,-453.7584618
16050,Cc1ccc(N)c(=O)n1C,0,-457.5435424,-457.6766074
16051,Cc1ccc(N)cc1C#N,0,-419.2064342,-419.3159582
16053,Cc1ccc(N)nc1C#N,0,-435.2635491,-435.3608961
16055,Cc1ccc(NN)c(F)c1,0,-481.5279392,-481.6476522
16056,Cc1ccc(NN=O)nc1,0,-472.3265024,-472.4227784
16057,Cc1ccc(O)c(C#N)c1,0,-439.0891384,-439.1861784
16058,Cc1ccc(O)c(F)n1,0,-462.1491559,-462.2294329
16059,Cc1ccc(O)c(N)c1C,0,-441.480841,-441.624256
16061,Cc1ccc(O)cc1CO,0,-461.3525777,-461.4840337
16062,Cc1ccc([C@@H]2CN2)cc1,0,-404.2947088,-404.4390748
16063,Cc1ccc([C@@H]2CO2)cn1,0,-440.233061,-440.353149
16066,Cc1ccc2[nH]ncc2n1,0,-435.2427949,-435.3441849
16068,Cc1ccc2c(c1)CC2=O,0,-422.9996638,-423.1088998
16069,Cc1ccc2c(c1)NCC2,0,-404.3347933,-404.4818693
16070,Cc1ccc2c(c1)OCO2,0,-460.1395622,-460.2500242
16071,Cc1ccc2c(n1)CNC2,0,-420.3795376,-420.5156286
16073,Cc1ccc2c(n1)[C@H](C)C2,0,-404.2990748,-404.4438808
16074,Cc1ccc2cc[nH]c2c1,0,-403.1513353,-403.2759593
16075,Cc1ccc2ccnn2c1,0,-419.1789241,-419.2927751
16076,Cc1ccc2ccoc2c1,0,-423.021217,-423.133542
16077,Cc1ccc2cn[nH]c2c1,0,-419.1914229,-419.3049179
16079,Cc1ccc2cnccn12,0,-419.1840069,-419.2978059
16080,Cc1ccc2n1CCNC2,0,-421.5565313,-421.7168483
16081,Cc1ccc2n[nH]nc2n1,0,-451.2802072,-451.3709462
16082,Cc1ccc2nc[nH]c2c1,0,-419.213774,-419.327102
16083,Cc1ccc2nccn2c1,0,-419.1949705,-419.3086865
16084,Cc1ccc2ncoc2c1,0,-439.0848172,-439.1853182
16085,Cc1ccc2nnnn2c1,0,-451.2580368,-451.3476238
16086,Cc1ccc2nnnn2n1,0,-467.2857718,-467.3631578
16087,Cc1cccc(/C=N/N)c1,0,-420.3634645,-420.4946955
16088,Cc1cccc(/C=N\O)n1,0,-456.2836957,-456.3910117
16089,Cc1cccc(=O)n1C,0,-402.1747815,-402.2921345
16090,Cc1cccc(C#N)c1O,0,-439.0897964,-439.1879524
16091,Cc1cccc(C(=N)N)c1,0,-420.4023652,-420.5346192
16092,Cc1cccc(C(C)C)c1,1,-389.4792912,-389.6552512
16094,Cc1cccc(C)c1N=O,0,-440.2061158,-440.3253258
16096,Cc1cccc(C2CC2)n1,0,-404.3091476,-404.4535826
16097,Cc1cccc(CCF)c1,0,-449.4515871,-449.5920711
16098,Cc1cccc(N(C)N)c1,0,-421.5459947,-421.7007627
16099,Cc1cccc(N)c1C#N,0,-419.2112638,-419.3211868
16100,Cc1cccc(NC#N)n1,0,-435.2538198,-435.3507138
16101,Cc1cccc(O)c(=O)c1,0,-460.150737,-460.260618
16103,Cc1cccc([C@@H]2CO2)c1,0,-424.1810826,-424.3120286
16104,Cc1cccc([C@H](C)N)n1,0,-421.5881909,-421.7426999
16105,Cc1cccc2c1C=CC2,0,-387.0801053,-387.2161743
16106,Cc1cccc2c1CC2=O,0,-422.9994722,-423.1095552
16107,Cc1cccc2c1CC=C2,0,-387.080737,-387.216712
16108,Cc1cccc2c1CCC2,0,-388.2846256,-388.4443686
16111,Cc1cccc2cn[nH]c12,0,-419.1922101,-419.3062441
16113,Cc1cccc2cnnn12,0,-435.2189998,-435.3210718
16114,Cc1cccc2nncn12,0,-435.2318025,-435.3340325
16115,Cc1cccc2nnnn12,0,-451.2629905,-451.3530035
16116,Cc1cccc2nonc12,0,-455.0549012,-455.1438132
16118,Cc1ccccc1C(=O)O,0,-460.1949089,-460.3050219
16119,Cc1ccccc1C(C)C,0,-389.4754106,-389.6532506
16122,Cc1ccccc1CCO,0,-425.4097908,-425.5666688
16123,Cc1ccccc1N(C)C,0,-405.5055368,-405.6723378
16124,Cc1ccccc1NN=N,0,-436.3896938,-436.5097938
16125,Cc1ccccc1[C@H]1CO1,0,-424.1780198,-424.3112208
16126,Cc1cccn1CCN,0,-383.451841,-383.603307
16128,Cc1cccn2ncnc12,0,-435.2480824,-435.3506114
16129,Cc1cccnc1C1CC1,0,-404.3037076,-404.4495346
16130,Cc1cccnc1CCN,0,-421.5794868,-421.7359558
16131,Cc1cccnc1NC=O,0,-456.3519629,-456.4626649
16133,Cc1ccn(C(C)C)n1,1,-383.4554738,-383.6044668
16134,Cc1ccn(C)c1C(C)C,0,-406.7020023,-406.8895403
16136,Cc1ccn(CCC#N)n1,0,-436.4192214,-436.5378635
16137,Cc1ccn(N)c1C#N,0,-397.0997045,-397.1924105
16139,Cc1ccn2ccnc2n1,0,-435.2483287,-435.3495387
16140,Cc1ccn2cnnc2c1,0,-435.2287568,-435.3302358
16141,Cc1ccn2nccc2n1,0,-435.2336801,-435.3352271
16142,Cc1ccn2ncnc2c1,0,-435.2466614,-435.3489434
16143,Cc1ccnc(C#N)c1C,0,-419.1957263,-419.3049163
16144,Cc1ccnc(C=O)c1F,0,-500.2434442,-500.3272812
16146,Cc1ccnc(N)c1CO,0,-457.5342117,-457.6682107
16147,Cc1ccnc(NC=O)c1,0,-456.3611047,-456.4694417
16148,Cc1ccnc([C@H](C)O)c1,0,-441.4750836,-441.6163896
16149,Cc1ccnc2[nH]ncc12,0,-435.248805,-435.351244
16150,Cc1ccnc2c1CCN2,0,-420.3948328,-420.5311808
16152,Cc1ccnc2cc[nH]c12,0,-419.2042609,-419.3178209
16153,Cc1ccnc2ccnn12,0,-435.2355847,-435.3380817
16154,Cc1ccncc1/C=N/O,0,-456.2719065,-456.3806245
16156,Cc1ccncc1NC=O,0,-456.3456024,-456.4557634
16157,Cc1ccncc1[C@@H](C)N,0,-421.577773,-421.734366
16158,Cc1ccnn1CC(F)F,0,-542.7078838,-542.8144228
16160,Cc1ccnnc1CN,0,-398.2963469,-398.4127779
16162,Cc1ccoc1C(=N)N,0,-418.2054052,-418.3092662
16163,Cc1ccoc1C(F)(F)F,0,-606.5173399,-606.5848029
16164,Cc1cn(C)c(C)c1C=O,0,-441.4639329,-441.6040949
16165,Cc1cn(C)c(N)n1,0,-360.2249469,-360.3366449
16168,Cc1cn(C)nc1CN,0,-399.5021062,-399.6391202
16169,Cc1cn(CCF)cn1,0,-443.4348405,-443.5487195
16170,Cc1cn(CCO)nc1N,0,-474.7523979,-474.8951009
16171,Cc1cn2c(n1)CNCC2,0,-437.6232969,-437.7716729
16173,Cc1cn[nH]c(=O)c1C,0,-418.217519,-418.321238
16174,Cc1cnc(=O)n(C)c1,0,-418.2267348,-418.3312428
16175,Cc1cnc(C(=O)O)nc1,0,-492.2963493,-492.3801993
16176,Cc1cnc(C(C)(C)N)[nH]1,0,-438.8370895,-439.0031275
16177,Cc1cnc(C(C)C)o1,1,-403.3502609,-403.4871719
16178,Cc1cnc(C(F)F)cn1,0,-541.5314907,-541.6133387
16179,Cc1cnc(C)c(C=O)c1,0,-440.2796518,-440.3979398
16180,Cc1cnc(C2CCC2)o1,0,-441.4273994,-441.5696724
16181,Cc1cnc(C=O)c(C)n1,0,-456.3313441,-456.4379981
16182,Cc1cnc(C=O)n1C,0,-418.2082788,-418.3110198
16183,Cc1cnc(CCN)nc1,0,-437.6367695,-437.7795285
16184,Cc1cnc(CNN)cn1,1,-453.6513412,-453.7825482
16185,Cc1cnc(CO)c(C)c1,0,-441.4728905,-441.6147195
16186,Cc1cnc(CO)cc1N,0,-457.5348682,-457.6665782
16187,Cc1cnc(F)c(C#N)c1,0,-479.1703232,-479.2432942
16188,Cc1cnc(F)cc1C,0,-426.2093573,-426.3135493
16189,Cc1cnc(N)c(O)c1,0,-418.2350545,-418.3400495
16190,Cc1cnc(N)c(O)c1F,0,-517.5133273,-517.6093573
16192,Cc1cnc2c(c1)CNC2,0,-420.3766687,-420.5128327
16193,Cc1cnc2n1CCNC2,0,-437.6224106,-437.7713136
16194,Cc1cnc2n1CC[C@@H]2O,0,-457.5118268,-457.6464858
16196,Cc1cnc2nn[nH]c2c1,0,-451.276964,-451.366027
16197,Cc1cnc2nonc2n1,0,-487.1461184,-487.2107494
16199,Cc1cncc(C#N)c1C,0,-419.1979244,-419.3072194
16200,Cc1cncc(C)c1C=O,0,-440.2710915,-440.3915055
16201,Cc1cncc(CCO)c1,1,-441.4636873,-441.6063243
16204,Cc1cncc2[nH]ccc12,0,-419.2028988,-419.3168388
16206,Cc1cnccc1C(=N)N,0,-436.448056,-436.570726
16207,Cc1cncn1C(C)(C)C,0,-422.7654308,-422.9438668
16208,Cc1cncnc1C(=O)O,0,-492.2987959,-492.3858239
16209,Cc1cnn(C)c(=O)c1,0,-418.2079113,-418.3121773
16210,Cc1cnn(C)c1C(F)F,0,-542.7053685,-542.8097635
16212,Cc1cnn(C2CNC2)c1,0,-437.5685102,-437.7131422
16213,Cc1cnn(CCF)c1N,0,-498.784082,-498.914729
16214,Cc1cnn([C@H](C)CN)c1,1,-438.8054179,-438.9702719
16216,Cc1cnnc(CN)c1,0,-398.2983897,-398.4128717
16217,Cc1cnncc1C=O,0,-416.9848286,-417.0661486
16218,Cc1cnncc1CO,0,-418.1753722,-418.2794992
16219,Cc1cnnn1CC(=O)O,0,-509.5069166,-509.6020936
16220,Cc1coc(C)c1C(=O)O,0,-497.3104301,-497.4168281
16221,Cc1coc(C)c1CN,0,-403.3334717,-403.4708247
16222,Cc1coc(C)c1[C@H](C)O,0,-462.5209125,-462.6721975
16223,Cc1coc2ccccc12,0,-423.0223426,-423.1357806
16225,Cc1cocc1CCCO,1,-462.5125161,-462.6644851
16226,Cc1n[nH]c(/N=C(/N)O)n1,0,-505.7269013,-505.8247503
16228,Cc1n[nH]c(C#N)c1N,0,-413.1782653,-413.2594283
16230,Cc1n[nH]c(C)c1CCN,1,-438.8157556,-438.9805206
16231,Cc1n[nH]c(C)c1[C@H](C)O,0,-458.7002938,-458.8519688
16232,Cc1n[nH]c(C2CC2)n1,0,-398.3010442,-398.4178852
16233,Cc1n[nH]c(CC(C)C)n1,0,-438.8329118,-438.9969448
16234,Cc1n[nH]c(N(C)C)n1,0,-415.568271,-415.694643
16235,Cc1n[nH]c(N)c1C(=O)O,0,-509.5484017,-509.6454657
16236,Cc1n[nH]c(O)c1C=O,0,-454.1575648,-454.2390568
16237,Cc1n[nH]c2c1CNC2,0,-398.2866967,-398.4061277
16238,Cc1n[nH]c2cccnc12,0,-435.2445329,-435.3463949
16239,Cc1n[nH]c2cn[nH]c12,0,-413.1440231,-413.2290381
16240,Cc1n[nH]c2cnccc12,0,-435.2426149,-435.3447039
16241,Cc1n[nH]c2ncncc12,0,-451.3025589,-451.3933799
16242,Cc1n[nH]nc1CCCN,1,-454.8544527,-455.0087477
16243,Cc1nc(/C(N)=N/O)no1,0,-525.5034267,-525.5858087
16244,Cc1nc(/C=N/O)n[nH]1,0,-450.2744276,-450.3523426
16245,Cc1nc(/C=N/O)nn1C,0,-489.5764914,-489.6809304
16246,Cc1nc(C#N)c(NN)o1,0,-488.3952307,-488.4797977
16247,Cc1nc(C#N)ccc1N,0,-435.257205,-435.355692
16248,Cc1nc(C(=N)N)co1,0,-434.2755428,-434.3681048
16249,Cc1nc(C(=N)O)c(N)[nH]1,0,-489.6631628,-489.7725318
16250,Cc1nc(C(C)(C)N)no1,1,-474.7420483,-474.8825003
16251,Cc1nc(C(C)C)[nH]c1C,1,-422.7880541,-422.9605441
16252,Cc1nc(C(F)(F)F)n[nH]1,0,-618.7634442,-618.8186992
16253,Cc1nc(C(N)=O)nn1C,0,-489.6601349,-489.7653519
16254,Cc1nc(C)c(=O)[nH]c1C,0,-457.5459987,-457.6747247
16255,Cc1nc(C)c(C(=O)O)o1,0,-513.3775133,-513.4714313
16256,Cc1nc(C)c(C)c(=O)[nH]1,0,-457.5609702,-457.6903562
16257,Cc1nc(C)c(CN)[nH]1,1,-399.5312934,-399.6684534
16258,Cc1nc(C)c(F)c(N)n1,0,-497.6399215,-497.7453075
16259,Cc1nc(C)c(N)nc1C,0,-437.6601389,-437.8023449
16260,Cc1nc(C)c(O)c(C)n1,0,-457.5416649,-457.6696529
16261,Cc1nc(C)n(C)c1C,0,-383.4775721,-383.6249651
16264,Cc1nc(C)nc(C)n1,0,-398.3614073,-398.4728523
16265,Cc1nc(C2CCC2)n[nH]1,0,-437.6052265,-437.7486555
16266,Cc1nc(C=O)c(C)o1,0,-438.1037261,-438.1939921
16267,Cc1nc(C=O)ccc1F,0,-500.251526,-500.335282
16268,Cc1nc(C=O)cn1C,0,-418.2204418,-418.3228678
16269,Cc1nc(CC#N)co1,0,-417.0114569,-417.0909709
16270,Cc1nc(CCN)cn1C,1,-438.8255735,-438.9895875
16271,Cc1nc(CCN)n[nH]1,0,-415.5783576,-415.7053286
16272,Cc1nc(CN)c(C)o1,0,-419.4068788,-419.5325708
16273,Cc1nc(CO)c(CO)[nH]1,0,-494.6538233,-494.7845653
16275,Cc1nc(CO)n(C)n1,0,-435.4584844,-435.5715274
16276,Cc1nc(F)ccc1C=O,0,-500.2571538,-500.3417288
16277,Cc1nc(N)c(F)c(=O)[nH]1,0,-533.5888069,-533.6733659
16278,Cc1nc(N)cc(CO)n1,0,-473.6052419,-473.7229199
16279,Cc1nc(N)cc(N)c1C,0,-437.6658685,-437.8102195
16281,Cc1nc(N)nc(C)c1C,0,-437.6715994,-437.8137014
16283,Cc1nc(N)nn1C(C)C,0,-454.8933394,-455.0467454
16286,Cc1nc(O)cc(=O)[nH]1,0,-454.2018273,-454.2836513
16287,Cc1nc(O)ncc1C#N,0,-471.2088813,-471.2829933
16289,Cc1nc([C@@H](C)N)c(C)[nH]1,0,-438.8388669,-439.0029009
16290,Cc1nc([C@@H](C)O)no1,0,-455.3187788,-455.4195388
16291,Cc1nc([C@H](C)C#N)c[nH]1,0,-436.4464865,-436.5650035
16293,Cc1nc2c([nH]1)CNCC2,0,-437.6293289,-437.7773569
16294,Cc1nc2c(o1)CCCC2,0,-441.4631788,-441.6103718
16295,Cc1nc2c(o1)CNC2,0,-418.1741213,-418.2812493
16299,Cc1nc2cnccn2n1,0,-451.2962002,-451.3861852
16300,Cc1nc2n(c1C)CCC2,0,-421.579079,-421.736054
16301,Cc1nc2n(n1)CCNC2,0,-453.6769444,-453.8139604
16303,Cc1nc[nH]c1C(F)F,0,-503.4270894,-503.5050014
16304,Cc1ncc(=O)[nH]c1C,0,-418.2328178,-418.3355608
16306,Cc1ncc(C(F)F)[nH]1,0,-503.429984,-503.507037
16307,Cc1ncc(C)c(=O)[nH]1,0,-418.2507275,-418.3554885
16308,Cc1ncc(C=O)c(N)n1,0,-472.4186891,-472.5159931
16309,Cc1ncc(CC#N)[nH]1,0,-397.1379447,-397.2295947
16310,Cc1ncc(CC#N)cn1,0,-435.2483404,-435.3428414
16311,Cc1ncc(CCN)o1,0,-419.4000673,-419.5263753
16312,Cc1ncc(CO)cc1F,0,-501.4365777,-501.5429127
16313,Cc1ncc(F)cc1O,0,-462.1386091,-462.2189791
16314,Cc1ncc(N)c(C)c1N,0,-437.6526096,-437.7971346
16316,Cc1ncc(N)n1CCO,0,-474.7635279,-474.9076039
16317,Cc1ncc(N)nc1C,0,-398.3491397,-398.4653057
16318,Cc1ncc([C@@H](C)N)cn1,1,-437.6396895,-437.7819015
16319,Cc1ncc2c[nH]nc2n1,0,-451.29088,-451.381448
16320,Cc1ncc2ccccn12,0,-419.1939288,-419.3077548
16321,Cc1ncc2n1CCCC2,0,-421.581643,-421.741865
16322,Cc1nccc(CNO)n1,0,-473.5297645,-473.6475785
16323,Cc1nccc(N)c1F,0,-442.2637485,-442.3563965
16324,Cc1nccc2[nH]ncc12,0,-435.245924,-435.34779
16325,Cc1nccc2c1N=NC2,0,-435.2135867,-435.3133947
16326,Cc1nccc2occc12,0,-439.075013,-439.176083
16327,Cc1ncccc1C(N)=O,0,-456.359309,-456.469329
16328,Cc1nccn1C1CNC1,0,-437.5867575,-437.7321935
16329,Cc1nccn1[C@H](C)CO,0,-458.7074176,-458.8617216
16330,Cc1nccnc1/C=N\O,0,-472.3273172,-472.4252962
16331,Cc1nccnc1CCO,0,-457.5176385,-457.6501395
16332,Cc1nccnc1N(C)C,0,-437.6200348,-437.7643328
16333,Cc1ncn(CCN)c1C,0,-438.824991,-438.990173
16334,Cc1ncn(O)c1C(=O)O,0,-529.3834418,-529.4669078
16335,Cc1ncn2c1CNCC2,0,-437.6201704,-437.7685274
16336,Cc1ncn2ccccc12,0,-419.192851,-419.30489
16337,Cc1ncnc(CO)c1C,0,-457.5302879,-457.6594309
16338,Cc1ncnc(N)c1C#N,0,-451.3327968,-451.4170328
16339,Cc1ncnc(NN)c1N,0,-469.7364223,-469.8590493
16341,Cc1ncnc2[nH]ccc12,0,-435.2684935,-435.3703225
16342,Cc1ncnc2c1CCC2,0,-420.3958675,-420.5316615
16343,Cc1ncnc2nc[nH]c12,0,-451.3212879,-451.4114209
16344,Cc1ncncc1CN,0,-398.3291358,-398.4470068
16345,Cc1nn(C)c(CO)c1F,0,-518.6573114,-518.7737974
16346,Cc1nn(C)c(F)c1C=O,0,-517.4732046,-517.5665626
16348,Cc1nn(C)c(N)c1N=O,0,-489.5607096,-489.6664936
16349,Cc1nn(C)c2[nH]ncc12,0,-452.4443082,-452.5543672
16351,Cc1nn(C)cc1/C=N\O,0,-473.5134206,-473.6309576
16352,Cc1nnc(=O)[nH]c1N,0,-450.3123611,-450.3930581
16353,Cc1nnc(C)c(C)c1C,0,-421.562265,-421.713342
16354,Cc1nnc(C2(N)CC2)[nH]1,0,-453.6504886,-453.7822656
16355,Cc1nnc(CC#N)n1C,0,-452.4767008,-452.5835228
16356,Cc1nnc(NN)nc1C,0,-469.7003113,-469.8193703
16357,Cc1nnc([C@H](C)O)o1,0,-455.3283788,-455.4290798
16358,Cc1nnc2ccccn12,0,-435.2336842,-435.3355982
16360,Cc1nnc2n1CCOC2,0,-473.5425467,-473.6666207
16363,Cc1nncn1CCCN,0,-454.8576092,-455.0121542
16364,Cc1nnn(CCN)n1,0,-431.5941621,-431.7084501
16365,Cc1nnnn1CC(N)=O,0,-505.6728613,-505.7674733
16366,Cc1noc(C)c1/C=N/O,0,-493.3761791,-493.4776661
16368,Cc1noc(C)c1[C@@H](C)N,0,-458.6721582,-458.8244232
16369,Cc1noc(C2(N)CC2)n1,0,-473.5148931,-473.6345791
16370,Cc1noc(C2CC2)c1N,0,-457.4420833,-457.5721343
16371,Cc1noc(C2CNC2)n1,0,-473.5026508,-473.6227888
16372,Cc1noc(CC(=O)O)n1,1,-529.3996365,-529.4811135
16373,Cc1noc(NC(C)C)n1,0,-474.7459804,-474.8865974
16374,Cc1noc2cnccc12,0,-455.094503,-455.183886
16375,Cc1nocc1CC#N,0,-416.9677086,-417.0475036
16376,Cc1nonc1/C(N)=N/N,0,-505.5943658,-505.6908748
16381,Cc1oc(C)c(C)c1C,0,-387.2934763,-387.4400423
16383,Cc1occc1CNN,0,-419.3496378,-419.4769828
16384,Cc1onc(O)c1CN,0,-455.3051212,-455.4078422
16386,Cc1oncc1C(F)(F)F,0,-622.5500854,-622.6058764
16387,Cc1oncc1C(N)=O,0,-454.142815,-454.222389
16388,Cc1oncc1CN(C)C,2,-458.6454542,-458.7973252
16389,Cc1onnc1C(=O)O,0,-490.0711833,-490.1260143
16390,Cn1[nH]c(C(=O)O)cc1=O,0,-529.4064311,-529.4907661
16392,Cn1c(C#N)ccc1C=O,0,-455.1188083,-455.2036973
16396,Cn1c(CN)cnc1C#N,0,-452.4828242,-452.5924712
16397,Cn1c(CO)cnc1N,0,-435.4619478,-435.5786118
16398,Cn1c(N)cc(N)nc1=O,0,-489.6739742,-489.7843642
16400,Cn1c(N)nccc1=O,0,-434.3029055,-434.3985795
16401,Cn1c(N)nnc1C1CC1,0,-453.6442927,-453.7763647
16402,Cn1cc(/C(N)=N/O)cn1,0,-489.5764961,-489.6825751
16403,Cn1cc(/C=N/N)nn1,0,-430.3715559,-430.4636059
16404,Cn1cc(C#CCN)cn1,0,-436.3640424,-436.4812574
16405,Cn1cc(C#N)ccc1=O,0,-455.1418539,-455.2288119
16407,Cn1cc(C(=O)O)c(F)n1,0,-553.4413103,-553.5133033
16408,Cn1cc(C(C)(C)O)nn1,0,-474.7342458,-474.8740008
16409,Cn1cc(C(F)(F)F)cn1,0,-602.6922566,-602.7602436
16410,Cn1cc(C2(N)CC2)cn1,0,-437.575343,-437.718806
16411,Cn1cc(C=O)c(N)n1,0,-434.2650336,-434.3582396
16412,Cn1cc(C=O)n(C)c1=O,0,-493.4772251,-493.5837941
16414,Cn1cc(CO)c(CO)c1,0,-478.57567,-478.718449
16416,Cn1cc(F)cc(N)c1=O,0,-517.5100881,-517.6066981
16417,Cn1cc(N)c(C2CC2)n1,0,-437.578132,-437.720586
16418,Cn1cc([C@H](N)C#N)cn1,0,-452.4639931,-452.5706621
16420,Cn1cc2c(n1)CC[C@H]2N,0,-437.5967462,-437.7434302
16421,Cn1cc2c(n1)CNC2,0,-398.2796302,-398.3990452
16429,Cn1ccc(C=O)cc1=O,0,-476.2219914,-476.3192134
16431,Cn1ccc(CCCO)n1,0,-458.6895697,-458.8432317
16432,Cn1ccc(N)c(N)c1=O,0,-473.6052298,-473.7274058
16433,Cn1ccc([C@@H]2C[C@@H]2N)n1,0,-437.5780954,-437.7220514
16434,Cn1ccc2c1CCN=C2,0,-420.3591349,-420.4950839
16435,Cn1ccc2c1CNCC2,0,-421.5520337,-421.7113867
16437,Cn1cccc(C#N)c1=O,0,-455.1402611,-455.2271791
16438,Cn1cccc1C(=O)O,0,-438.1237535,-438.2172855
16439,Cn1cccc1C1(N)CC1,0,-421.5280819,-421.6843069
16440,Cn1cccc1[C@@H](O)CN,0,-458.6906763,-458.8456803
16441,Cn1ccnc(N)c1=O,0,-434.2976305,-434.3903215
16442,Cn1ccnc1C(C)(C)O,0,-458.707883,-458.861999
16443,Cn1ccnc1C1(N)CC1,0,-437.5929854,-437.7375314
16444,Cn1ccnc1CC(=O)O,0,-493.4919696,-493.5958926
16445,Cn1ccnc1N=C(N)N,0,-469.7730386,-469.8951346
16447,Cn1cnc(C#N)c1C=O,0,-471.1725588,-471.2458328
16448,Cn1cnc(C(=O)O)c1N,0,-509.5483393,-509.6453673
16449,Cn1cnc(C(F)(F)F)c1,0,-602.7061411,-602.7750481
16450,Cn1cnc(C2(N)CC2)c1,1,-437.5946914,-437.7388554
16451,Cn1cnc(C2CC2)c1,0,-382.2361926,-382.3645236
16452,Cn1cnc(CCCN)n1,0,-454.8675417,-455.0226187
16453,Cn1cnc(N)c1C#N,0,-413.1952294,-413.2771614
16454,Cn1cnc(N)cc1=O,0,-434.3047642,-434.3995792
16456,Cn1cnc2c1CCNC2,0,-437.6168872,-437.7654122
16458,Cn1cncc(N)c1=O,0,-434.2947633,-434.3897673
16459,Cn1cncc1/C=N/O,0,-434.2131198,-434.3047338
16461,Cn1cncc1CC(=N)N,0,-453.6914751,-453.8243701
16462,Cn1cncc1[C@@H]1C[C@H]1N,0,-437.5898081,-437.7339651
16463,Cn1cncc1[C@H](N)CO,0,-474.7524733,-474.8965883
16464,Cn1cnnc1C(F)(F)F,0,-618.7353153,-618.7929443
16465,Cn1cnnc1C1CNC1,0,-453.622666,-453.757301
16466,Cn1nc(C(=O)O)[nH]c1=O,0,-545.4959578,-545.5686988
16467,Cn1nc(C(F)F)nc1N,0,-574.8316454,-574.9135934
16468,Cn1nc(C2CC2)cc1O,0,-457.4659559,-457.5951279
16469,Cn1nc(C2CC2)nc1N,0,-453.6582375,-453.7908035
16470,Cn1nc(N)c2c1CNC2,0,-453.6434069,-453.7776679
16471,Cn1nc(O)cc1C(F)F,0,-578.6454926,-578.7279146
16472,Cn1nc(O)ccc1=O,0,-454.1526213,-454.2316773
16474,Cn1nc2c(c1N)CNC2,0,-453.6415913,-453.7761943
16475,Cn1nc2c(c1O)CCC2,0,-457.4844889,-457.6180769
16476,Cn1ncc(/C=N/O)n1,0,-450.2469432,-450.3263772
16478,Cn1ncc(C(=O)O)n1,0,-470.2104277,-470.2789367
16479,Cn1ncc(C2CC2)c1N,0,-437.5806041,-437.7241351
16480,Cn1ncc(CC#N)n1,0,-413.1583087,-413.2371287
16482,Cn1ncc(CN)c1O,0,-435.4446921,-435.5616221
16483,Cn1ncc2c(N)n[nH]c21,0,-468.5000839,-468.6003629
16484,Cn1ncc2c1CCC2=O,0,-456.3083473,-456.4185843
16485,Cn1ncc2c1CNC2,0,-398.2775885,-398.3967875
16486,Cn1ncc2c1NCCC2,0,-437.605161,-437.753408
16488,Cn1nccc1CC1CC1,1,-421.5211848,-421.6774648
16489,Cn1ncnc1NCCN,0,-470.9197265,-471.0630025
16490,Cn1nnc(C(=N)N)c1N,0,-485.7689887,-485.8782697
16491,Cn1nnc(N)c1C(=O)O,0,-525.575936,-525.661395
16493,Cn1nnc([C@@H]2CO2)n1,0,-450.2359644,-450.3164144
16494,Cn1nnc([C@H](O)CN)n1,0,-506.8294867,-506.9479907
16495,Cn1nnc2c1CNC=N2,0,-468.5015218,-468.6017578
16496,Cn1nncc1C(=O)CF,0,-533.5109164,-533.5921974
16497,Cn1nncc1CCN,1,-415.5376499,-415.6666409
16498,Cn1nnnc1/C=N/O,0,-466.2744024,-466.3421564
16499,Cn1nnnc1CCO,0,-451.4716375,-451.5749865
16502,FC(F)(F)C1=CC=C=CN1,0,-585.3679814,-585.4255714
16505,FC(F)(F)c1cc[nH]c1,0,-547.3486524,-547.4028684
16506,FC(F)(F)c1ccnnc1,0,-601.4762155,-601.5232395
16507,FC(F)(F)c1ccon1,0,-583.2319766,-583.2617856
16508,FC(F)(F)c1cn[nH]n1,0,-579.4287408,-579.4602638
16509,FC(F)(F)c1cnc[nH]1,0,-563.4048775,-563.4476645
16510,FC(F)(F)c1cnccn1,0,-601.5059258,-601.5539338
16511,FC(F)(F)c1cncnc1,0,-601.5122964,-601.5604074
16512,FC(F)(F)c1ncc[nH]1,0,-563.4038741,-563.4461021
16514,FC(F)(F)c1ncon1,0,-599.2931696,-599.3118686
16515,FC(F)(F)c1nnco1,0,-599.3003991,-599.3186881
16517,FC(F)=C(F)C(F)=C(F)F,0,-751.6209113,-751.6242693
16522,FC(F)=Cc1ccccc1,0,-508.211749,-508.296728
16523,FC(F)COc1cc[nH]n1,0,-578.6338978,-578.7167288
16525,FC(F)Oc1ccccc1,0,-545.3639432,-545.4476162
16526,FC1=CCn2ccnc2O1,0,-516.265174,-516.341841
16527,FC1=COc2nccn2C1,0,-516.2569026,-516.3335106
16528,FCCCCn1cccn1,1,-482.7204772,-482.8622512
16529,FCCCc1ccccc1,0,-449.4446686,-449.5882516
16530,FCCCc1nnn[nH]1,0,-475.5063945,-475.5998075
16532,FCc1cc(F)cc(F)c1,0,-569.3926947,-569.4624367
16533,FCc1ccc(F)c(F)c1,0,-569.3857169,-569.4560949
16534,F[C@@H]1COc2ccnn2C1,0,-517.4515987,-517.5524527
16537,Fc1c[nH]c2ccccc12,0,-463.113517,-463.203501
16538,Fc1c[nH]c2ncncc12,0,-495.2225595,-495.2898755
16539,Fc1cc(F)c(F)c(F)c1,0,-629.3513098,-629.3866368
16540,Fc1cc(F)nc(F)n1,0,-562.2148633,-562.2371113
16541,Fc1cc2[nH]ccc2cn1,0,-479.1799689,-479.2588109
16544,Fc1ccc([C@@H]2CO2)nc1,0,-500.2001433,-500.2861203
16546,Fc1ccc2c(c1)CC=C2,0,-447.0506394,-447.1517234
16547,Fc1ccc2c(c1)CCC2,0,-448.2552356,-448.3799796
16548,Fc1ccc2c(c1)CCN2,0,-464.303595,-464.416986
16549,Fc1ccc2c(c1)OCC2,0,-484.1839345,-484.2844005
16550,Fc1ccc2cc[nH]c2n1,0,-479.1865549,-479.2656129
16553,Fc1ccc2cncn2c1,0,-479.1541429,-479.2324929
16554,Fc1ccc2n[nH]cc2c1,0,-479.1531419,-479.2322859
16555,Fc1ccc2nccn2n1,0,-495.197993,-495.264826
16556,Fc1ccc2occc2c1,0,-482.9906704,-483.0687284
16557,Fc1cccc(C2CC2)c1,0,-448.2209752,-448.3428832
16558,Fc1cccc2[nH]nnc12,0,-495.1941491,-495.2608881
16560,Fc1cccc2c1CNC2,0,-464.2955204,-464.4091524
16561,Fc1cccc2c1OCO2,0,-520.1043529,-520.1803919
16562,Fc1cccc2ccoc12,0,-482.9860192,-483.0641242
16563,Fc1cccc2nccn12,0,-479.1626748,-479.2413418
16564,Fc1cccc2ncnn12,0,-495.2080811,-495.2754031
16567,Fc1cccc2ocnc12,0,-499.0500609,-499.1167199
16568,Fc1ccccc1C(F)F,0,-569.3987881,-569.4706831
16569,Fc1cccn2ccnc12,0,-479.1592198,-479.2378228
16570,Fc1ccn2ccnc2c1,0,-479.1637012,-479.2421292
16572,Fc1ccnc2c1CCO2,0,-500.2404826,-500.3293076
16574,Fc1cnc(F)c(F)c1F,0,-645.3995207,-645.4233977
16575,Fc1cnc2[nH]ncc2c1,0,-495.2122829,-495.2795999
16576,Fc1cnc2c(c1)CCO2,0,-500.2352432,-500.3240382
16577,Fc1cnc2c(c1)NCC2,0,-480.3551027,-480.4566737
16578,Fc1cnc2cc[nH]c2c1,0,-479.1699767,-479.2484627
16579,Fc1cnc2ncnn2c1,0,-511.2539057,-511.3091837
16580,Fc1cncc(C(F)F)c1,0,-585.447414,-585.506239
16581,Fc1cncc2[nH]ncc12,0,-495.2056891,-495.2729881
16582,Fc1cncc2cc[nH]c12,0,-479.1693108,-479.2481278
16584,Fc1nc(F)c(F)c(F)n1,0,-661.4742615,-661.4870225
16585,Fc1nc(F)c(F)nc1F,0,-661.4683515,-661.4806115
16586,Fc1ncc(F)c(F)n1,0,-562.1966796,-562.2186406
16587,Fc1ncc2[nH]cnc2n1,0,-511.2938705,-511.3497145
16588,Fc1nccc2[nH]ccc12,0,-479.1820243,-479.2610853
16590,Fc1ncccc1C1CC1,0,-464.27815,-464.388485
16591,Fc1nccnc1F,0,-462.9150311,-462.9460581
16592,Fc1nnc(F)c(F)c1F,0,-661.4169152,-661.4282782
16593,N#C/C(=N\O)C(=N)NO,1,-486.1432076,-486.1962376
16594,N#C/C(=N\O)c1ncon1,0,-523.0711976,-523.1083996
16596,N#C/N=C(\N)c1ccco1,0,-471.1736848,-471.2476588
16599,N#CC#Cc1ccccc1,0,-400.700192,-400.776208
16601,N#CC(=O)c1ccccc1,0,-437.879668,-437.955156
16606,N#CC1(c2cocn2)CC1,0,-455.0804153,-455.1668363
16611,N#CC1C=CC=CC=C1,0,-363.7802545,-363.8753845
16613,N#CCC(=O)N=C(N)N,0,-450.361496,-450.439486
16616,N#CCC(=O)c1ccc[nH]1,0,-455.133113,-455.218542
16618,N#CCC1=CC=CO[C@@H]1O,0,-476.1708569,-476.2669889
16622,N#CCCCc1cn[nH]c1,0,-436.418136,-436.539201
16625,N#CCCc1ccncc1,0,-419.1879763,-419.2983383
16626,N#CCCc1cn[nH]n1,0,-413.1596298,-413.2417858
16628,N#CCCn1nccn1,0,-413.1541764,-413.2354014
16632,N#CCNc1ccccn1,0,-435.2442736,-435.3431196
16633,N#CCOc1nnco1,0,-468.9557743,-469.0010873
16634,N#CC[C@@H](O)c1ccco1,1,-476.178694,-476.273589
16636,N#CCc1cc(F)ccn1,0,-479.1652737,-479.2387427
16638,N#CCc1ccc(N)cn1,0,-435.2528825,-435.3503955
16639,N#CCc1ccc(O)cc1,0,-439.0805096,-439.1771806
16640,N#CCc1cccc(F)n1,0,-479.1723078,-479.2460168
16643,N#CCc1ccncc1N,0,-435.2487401,-435.3482351
16644,N#CCc1cnco1,0,-377.6931276,-377.7472416
16646,N#CCc1ncc(F)cn1,0,-495.2116598,-495.2721768
16647,N#CCc1ncnc(N)n1,0,-467.3856677,-467.4594957
16650,N#CNc1ccccc1N,0,-435.2445701,-435.3435341
16651,N#CNc1ncccn1,0,-411.9960034,-412.0566274
16652,N#COc1ccccc1,0,-399.7448403,-399.8160563
16653,N#C[C@@H]1CC(C(N)=O)=NO1,0,-508.2781163,-508.3488303
16656,N#C[C@H](F)c1ccccc1,0,-463.0996472,-463.1846942
16658,N#C[C@H]1C=CC=NC1=O,0,-415.7897846,-415.8477966
16661,N#Cc1[nH]nc2c1CNC2,0,-451.2522325,-451.3419915
16662,N#Cc1c(F)cncc1F,0,-539.1208721,-539.1593031
16663,N#Cc1c(N)nc[nH]c1=O,0,-487.2845986,-487.3488986
16664,N#Cc1c(O)cccc1O,0,-475.0295636,-475.1045916
16666,N#Cc1c[nH]cc1C#N,0,-394.7382632,-394.7867632
16667,N#Cc1c[nH]n2ccnc12,0,-450.0476546,-450.1139836
16668,N#Cc1c[nH]nc1C(F)F,0,-556.3703478,-556.4188308
16669,N#Cc1cc(C#N)[nH]n1,0,-410.7714949,-410.8081329
16670,N#Cc1cc(F)cc(F)c1,0,-523.0832949,-523.1333819
16671,N#Cc1cc(F)ccc1F,0,-523.0805486,-523.1307366
16674,N#Cc1cc(O)ccc1N,0,-455.1448613,-455.2317083
16675,N#Cc1cc(O)ncn1,0,-431.8901547,-431.9390067
16677,N#Cc1ccc(=O)[nH]c1O,0,-491.0976799,-491.1616079
16678,N#Cc1ccc(C#N)o1,0,-414.5940582,-414.6294092
16679,N#Cc1ccc(C(=O)O)[nH]1,0,-491.100753,-491.163912
16683,N#Cc1ccc(F)c(O)n1,0,-515.1086676,-515.1596556
16684,N#Cc1ccc(F)nc1F,0,-539.1444227,-539.1831827
16685,N#Cc1ccc(N)c(N)c1,0,-435.265015,-435.365455
16686,N#Cc1ccc(NN)cn1,0,-451.2664848,-451.3544898
16687,N#Cc1cccc(N)c1F,0,-479.1720032,-479.2469912
16688,N#Cc1cccc(ON)c1,0,-455.0774244,-455.1637384
16689,N#Cc1ccccc1C=O,0,-437.8842418,-437.9598878
16690,N#Cc1cccn1C(F)F,0,-540.3238371,-540.3834501
16691,N#Cc1cccnc1,0,-340.5792761,-340.6366701
16692,N#Cc1cccnc1CO,0,-455.1297957,-455.2150847
16694,N#Cc1ccn(CCF)n1,0,-496.3852823,-496.4697693
16695,N#Cc1ccnc(C#N)n1,0,-448.8891735,-448.9297805
16696,N#Cc1ccnc(N)c1N,0,-451.3232576,-451.4122796
16697,N#Cc1ccnc(NN)c1,0,-451.2755311,-451.3637141
16698,N#Cc1ccnn1C(F)F,0,-556.3612843,-556.4098593
16700,N#Cc1cn[nH]c1C(=O)O,0,-507.1375299,-507.1892389
16701,N#Cc1cnc(F)cn1,0,-455.9034942,-455.9393082
16702,N#Cc1cnc(N)c(N)c1,0,-451.323073,-451.41195
16703,N#Cc1cnc(N)cc1N,0,-451.3331099,-451.4211739
16705,N#Cc1cnc(O)[nH]c1=O,0,-507.1607463,-507.2133293
16706,N#Cc1cncc(C=O)c1,0,-453.9314751,-453.9950141
16707,N#Cc1cncc(N)n1,0,-411.9991334,-412.0594124
16708,N#Cc1cncnc1O,0,-431.8923967,-431.9415487
16709,N#Cc1cnn(CCO)c1,0,-472.3539742,-472.4520442
16711,N#Cc1cnoc1C#N,0,-430.6126314,-430.6357344
16712,N#Cc1coc(C(=O)O)c1,0,-510.9585988,-511.0087888
16714,N#Cc1n[nH]nc1C#N,0,-426.8082261,-426.8332231
16715,N#Cc1nc(C2CC2)n[nH]1,0,-451.2541086,-451.3412236
16716,N#Cc1nc(F)cnc1F,0,-555.1796975,-555.2061495
16717,N#Cc1nc(N)[nH]c1C#N,0,-466.1632956,-466.2148976
16718,N#Cc1nc[nH]c1C(N)=O,0,-487.2626793,-487.3261313
16719,N#Cc1ncc(C2CC2)[nH]1,0,-435.2081869,-435.3063839
16720,N#Cc1ncc(CO)cn1,0,-471.1680421,-471.2422491
16721,N#Cc1ncc(N)cc1F,0,-495.2193041,-495.2821421
16723,N#Cc1nccnc1O,0,-431.8800689,-431.9285579
16724,N#Cc1ncn(CCN)n1,1,-468.526544,-468.623772
16725,N#Cc1ncn(N)c1N,0,-429.2157045,-429.2869655
16727,N#Cc1nnc2n1CCC2,0,-451.2663774,-451.3561364
16728,N#Cc1nonc1C#N,0,-446.6269959,-446.6376939
16729,N#Cc1occc1C1CC1,1,-439.0158103,-439.1135473
16730,N/C(=N/O)c1[nH]cnc1N,0,-505.6601497,-505.7590227
16733,N/C(=N\O)c1ccc[nH]1,0,-434.2344591,-434.3277651
16734,N/C(=N\O)c1ncccn1,0,-488.4011077,-488.4880197
16738,N/C(Cn1cncn1)=N\O,0,-505.6373772,-505.7348702
16740,N/N=C(\N)c1cccnc1,0,-452.4756172,-452.5879472
16742,N/N=C/c1ccc(N)cc1,0,-436.4204005,-436.5426095
16744,N/N=C1\CC(F)=CC(F)=N1,0,-557.5331206,-557.6054936
16749,N=C(Cn1nccn1)NO,0,-505.5983334,-505.6950784
16752,N=C(N)CCn1cccc1,0,-437.6253218,-437.7707028
16754,N=C(N)Cc1ccccc1,1,-420.3995351,-420.5331911
16755,N=C(N)N/N=C/C(=O)O,0,-487.4518447,-487.5296567
16762,N=C(N)Nn1cnnc1,0,-446.4463927,-446.5282967
16765,N=C(N)c1ccc(F)cn1,0,-496.4277078,-496.5148408
16768,N=C(N)c1ccccc1O,0,-456.3546338,-456.4668278
16769,N=C(N)c1nc[nH]n1,0,-391.1386098,-391.2070708
16770,N=C(N)c1ncccc1F,0,-496.4191471,-496.5060971
16771,N=C(N)n1nc(N)nc1N,0,-501.8884693,-501.9881473
16775,N=C(NN)c1nnn[nH]1,0,-462.4752896,-462.5456746
16776,N=C(NN)c1nonc1N,0,-521.646444,-521.732523
16777,N=C(NO)c1ccccn1,0,-472.3347411,-472.4336201
16778,N=C(NO)c1cncnc1,0,-488.3815941,-488.4686521
16780,N=C(O)Nc1nnn[nH]1,0,-482.4039381,-482.4620531
16783,N=C(O)c1cc(F)ccn1,0,-516.3167797,-516.3921947
16785,N=C1Cc2ccccc2N1,0,-419.205149,-419.319062
16787,N=C1NCc2ccccc21,0,-419.2024413,-419.3174113
16788,N=C1NCc2cccnc21,0,-435.2533379,-435.3564599
16790,N=Cc1ccc(O)cc1O,0,-476.2282308,-476.3277028
16796,NC(=O)/C=C(\N)C(N)=O,0,-471.4646564,-471.5555264
16798,NC(=O)/C=C/c1ccco1,0,-476.2100263,-476.3061063
16799,NC(=O)/C=C/c1ncc[nH]1,0,-472.4031818,-472.5000158
16800,NC(=O)/C=C\[C@@H]1C[C@H]1N,0,-419.3817303,-419.5064733
16801,NC(=O)/N=C/NC(N)=O,0,-487.5338337,-487.6113547
16802,NC(=O)/N=C1\CCCN1,0,-435.5012244,-435.6185724
16805,NC(=O)C(=O)C(F)(F)F,0,-620.4334148,-620.4599168
16806,NC(=O)C(=O)NC1CC1,0,-455.3656442,-455.4675512
16807,NC(=O)C(=O)NCCCO,0,-531.8368832,-531.9671712
16813,NC(=O)C1=C(N)CCC1,0,-419.4393396,-419.5683636
16814,NC(=O)C1=CCCCO1,0,-439.2999939,-439.4165919
16815,NC(=O)C1=CNCCC1,0,-419.4240384,-419.5543794
16818,NC(=O)C=C1CCCC1,0,-403.3630855,-403.5022125
16819,NC(=O)CCC(=O)C(=O)O,0,-550.5309683,-550.6237223
16822,NC(=O)Cc1ccncn1,0,-472.4160607,-472.5150137
16823,NC(=O)Cc1nonc1N,0,-525.5333917,-525.6180577
16824,NC(=O)Cn1cccn1,0,-434.2792341,-434.3727371
16827,NC(=O)N/C=C(\F)C(=O)O,0,-590.6106276,-590.6796816
16830,NC(=O)NC(=O)C(=O)O,0,-527.3161372,-527.3716702
16834,NC(=O)Nc1ccccc1,0,-456.3711471,-456.4821481
16845,NC(=O)c1ccc(F)nc1,0,-516.33766,-516.412435
16846,NC(=O)c1ccc(N)cc1,0,-456.3700767,-456.4813397
16848,NC(=O)c1ccc(O)nn1,0,-508.3377517,-508.4124407
16849,NC(=O)c1cccc(=O)[nH]1,0,-492.3167051,-492.4039931
16850,NC(=O)c1cccc(F)c1,0,-500.2801916,-500.3666806
16851,NC(=O)c1cccc(F)n1,0,-516.331809,-516.406143
16852,NC(=O)c1ccnc(N)c1,0,-472.4274736,-472.5269056
16853,NC(=O)c1cnc(=O)[nH]c1,0,-508.3678925,-508.4432795
16855,NC(=O)c1cncn1N,0,-450.3253373,-450.4083933
16856,NC(=O)c1n[nH]c(N)n1,0,-466.4135439,-466.4836309
16857,NC(=O)c1ncc(N)cn1,0,-488.4726991,-488.5585101
16858,NC(=O)c1ncoc1N,0,-470.2472809,-470.3168159
16859,NC(=O)c1nn[nH]c1O,0,-486.2541637,-486.3134767
16860,NC(=O)c1nnc(N)o1,0,-486.2782344,-486.3350714
16861,NC(=O)c1nnccc1N,0,-488.4574523,-488.5437613
16862,NC(=O)n1nccc1N,0,-450.3549428,-450.4378438
16863,NC(N)=C1C(=O)COC1=O,0,-529.4585001,-529.5446431
16865,NC(N)=N/N=C\[C@@H](O)CO,0,-527.9331084,-528.0625234
16867,NC(N)=NN=C1CCCC1,0,-454.8666261,-455.0223231
16868,NC(N)=Nc1ccccc1,0,-436.4632872,-436.5869202
16872,NC/C=C/c1ccccn1,0,-420.3686106,-420.5020416
16877,NC1(c2cccnn2)CC1,1,-436.372727,-436.49454
16878,NC1(c2ccco2)CC1,0,-402.1023532,-402.2199112
16879,NC1(c2ccncc2)CC1,1,-420.3506132,-420.4865792
16880,NC1(c2ccoc2)CC1,0,-402.0983951,-402.2161051
16881,NC1(c2cnccn2)CC1,0,-436.4009175,-436.5240805
16882,NC1(c2ncccn2)CC1,0,-436.4114415,-436.5347715
16883,NC1(c2ncco2)CC1,0,-418.1687314,-418.2746784
16884,NC1(c2ncon2)CCC1,0,-473.5012604,-473.6229874
16885,NC1(c2nn[nH]n2)CCC1,0,-469.6687006,-469.7908896
16887,NC1(c2nnc[nH]2)CCC1,0,-453.6439862,-453.7791422
16889,NC1=C(C(=O)O)CCCN1,0,-494.6846616,-494.8192836
16890,NC1=C(O)C(O)=C(CO)C1,0,-514.5102874,-514.6284794
16891,NC1=C2NC=CN2CC=C1,0,-436.3904541,-436.5124221
16894,NC1=CC=C[C@H]2NN=N[C@H]12,0,-452.4057583,-452.5191023
16896,NC1=NC=C2CCN=C2N1,0,-452.5000454,-452.6141754
16899,NC1=NN[C@@H]2C=CC=CN12,0,-452.4344498,-452.5476908
16901,NC1=NON/C1=C(\N)N=O,0,-541.4576518,-541.5291128
16907,NC1Cc2nccnc2C1,0,-436.4339665,-436.5599645
16908,NC=C1C(=O)CCCC1=O,0,-477.4304733,-477.5527763
16909,NCC#Cc1cnccn1,0,-435.1825041,-435.2780031
16911,NCC(=O)Nc1cn[nH]c1,0,-489.6317929,-489.7421079
16914,NCC(=O)c1ccn[nH]1,0,-434.2585507,-434.3517677
16915,NCC(=O)c1nc[nH]c1N,0,-489.6478211,-489.7565341
16917,NCC1(c2ccon2)CC1,0,-457.4306613,-457.5638063
16918,NCC1(c2ncno2)CC1,0,-473.5019751,-473.6236041
16919,NCC1(n2cncn2)CC1,0,-453.6383315,-453.7724435
16927,NCCCCn1ccnn1,0,-454.8363359,-454.9933339
16928,NCCCNC(=O)/C=N/O,1,-511.8633439,-512.0017789
16931,NCCCc1cc(O)no1,0,-494.6012055,-494.7320545
16932,NCCCc1cc[nH]n1,0,-399.5003194,-399.6415834
16933,NCCCc1cnn[nH]1,0,-415.5426271,-415.6729741
16935,NCCCc1ncco1,0,-419.3882447,-419.5162147
16936,NCCCc1nnc[nH]1,0,-415.5627187,-415.6931807
16939,NCCNc1cccnn1,1,-453.6532149,-453.7862809
16940,NCCNc1ncccn1,0,-453.695743,-453.829984
16941,NCCOCc1c[nH]cn1,0,-474.7418082,-474.8852062
16943,NCCOc1ccncc1,0,-457.5018493,-457.6355843
16944,NCCOc1nonc1N,1,-526.6699825,-526.7769065
16945,NCC[C@H](O)c1ccoc1,0,-478.565577,-478.70938
16947,NCCc1ccc(F)cn1,0,-481.5483429,-481.6691899
16948,NCCc1ccc[nH]c1=O,0,-457.5336281,-457.6682141
16949,NCCc1cccc(=O)[nH]1,0,-457.5388215,-457.6739665
16950,NCCc1cccc(N)c1,1,-421.5855547,-421.7426637
16951,NCCc1ccnc(N)n1,0,-453.7103222,-453.8444722
16952,NCCc1cncc(O)c1,0,-457.5164995,-457.6494065
16953,NCCc1nccc(O)n1,0,-473.5911926,-473.7131376
16954,NCCc1noc(CO)n1,0,-510.6651043,-510.7823793
16955,NCCn1cccnc1=O,0,-473.5780198,-473.7003318
16956,NCCn1cnccc1=O,0,-473.5837352,-473.7066752
16957,NCCn1ncccc1=O,0,-473.5557836,-473.6779566
16963,NC[C@@H]1C[C@@H]1c1ccco1,0,-441.4020571,-441.5465451
16965,NC[C@H](O)Cn1ccnc1,1,-474.7543779,-474.8982369
16967,NC[C@H]1CNC(=O)C(=O)N1,0,-510.7309063,-510.8532053
16969,NCc1c(O)ncnc1O,0,-509.5455975,-509.6449245
16971,NCc1c[nH]nc1C1CC1,0,-437.5789813,-437.7236203
16972,NCc1cc(C2CC2)[nH]n1,0,-437.581386,-437.724568
16973,NCc1cc(F)ccc1N,0,-481.5618172,-481.6846642
16975,NCc1cc(O)ccc1O,0,-477.414879,-477.537489
16976,NCc1cc2n(n1)CCO2,0,-473.5220989,-473.6452739
16977,NCc1ccc(=O)[nH]n1,0,-434.2588143,-434.3534153
16978,NCc1ccc(CO)o1,0,-439.262582,-439.377207
16979,NCc1ccc(F)c(O)c1,0,-501.4399402,-501.5481252
16982,NCc1ccc(N)cc1O,0,-457.5363272,-457.6717212
16983,NCc1cccnc1O,0,-418.227756,-418.335362
16984,NCc1ccn2c1CCC2,0,-421.5558413,-421.7146463
16985,NCc1ccnn1C1CC1,0,-437.5722969,-437.7172689
16986,NCc1ccoc1C(=O)O,0,-513.3487123,-513.4463123
16987,NCc1cn(C2CC2)cn1,1,-437.5886411,-437.7331641
16988,NCc1cn[nH]c1C(F)F,0,-558.7579432,-558.8531912
16989,NCc1cnc(F)c(F)c1,0,-541.5221169,-541.6062739
16992,NCc1cncn1C1CC1,0,-437.5876775,-437.7333335
16993,NCc1cncn1CCF,1,-498.7876053,-498.9198593
16995,NCc1cnoc1C1CC1,0,-457.4321603,-457.5634413
16996,NCc1n[nH]nc1C1CC1,0,-453.6264563,-453.7583513
16998,NCc1nc(C(=O)O)c[nH]1,0,-509.5514232,-509.6500402
16999,NCc1nc(C(N)=O)no1,0,-525.5581939,-525.6408659
17000,NCc1nc(CN)n(N)n1,1,-486.9518721,-487.0845761
17001,NCc1ncc(F)cc1F,0,-541.5216074,-541.6044024
17002,NCc1nccc(F)n1,0,-458.3124786,-458.3931796
17003,NCc1nccn1C1CC1,0,-437.589439,-437.733886
17004,NCc1nccnc1N,0,-414.3959507,-414.5047517
17006,NCc1ncoc1C(F)F,1,-578.6433833,-578.7255703
17007,NCc1nnc(C2CC2)o1,0,-473.5157028,-473.6348468
17008,NCc1nnnn1C1CC1,0,-469.658552,-469.77924
17009,NCc1noc(C(F)F)n1,0,-594.6709753,-594.7404883
17010,NCc1noc(C2CC2)n1,0,-473.5072101,-473.6274211
17013,NN1CCc2ccccc21,0,-420.3540902,-420.4922152
17015,NNCOc1cccnc1,0,-473.5253001,-473.6479301
17017,NNCc1cccc(O)c1,0,-457.4861153,-457.6198493
17018,NNCc1ccnnc1,1,-414.3062771,-414.4128691
17021,NNc1cc(F)cc(F)c1,0,-541.5002034,-541.5855234
17022,NNc1cc(F)cc(F)n1,0,-557.5692081,-557.6426921
17023,NNc1cc(F)ccc1F,0,-541.4978902,-541.5833552
17024,NNc1cc[nH]c(=O)n1,0,-450.3295734,-450.4132454
17025,NNc1ccc(CO)cc1,0,-457.4860079,-457.6192829
17026,NNc1ccc(O)cn1,0,-434.2463825,-434.3412065
17027,NNc1cccc(F)c1F,0,-541.4920539,-541.5775039
17028,NNc1cccc(N)n1,0,-414.3791234,-414.4868634
17029,NNc1ccccc1CO,0,-457.4883578,-457.6235808
17030,NNc1ccnc(F)c1,0,-458.2843837,-458.3676927
17031,NNc1ccnc(NN)n1,0,-485.7667053,-485.8782013
17034,NNc1nc(N)cc(=O)[nH]1,0,-505.7059385,-505.8053845
17035,NNc1ncc(F)c(=O)[nH]1,0,-549.5983299,-549.6735279
17036,NNc1ncc(F)c(N)n1,0,-529.7158187,-529.8025177
17037,NNc1nccc(F)c1F,0,-557.5516645,-557.6251315
17043,N[C@@H](CO)Cc1c[nH]cn1,0,-474.763082,-474.909024
17050,N[C@@H]1CCCc2oncc21,0,-457.468745,-457.605753
17051,N[C@@H]1CCCn2cnnc21,0,-453.6683507,-453.8064857
17052,N[C@@H]1CCCn2ncnc21,0,-453.6814009,-453.8202279
17054,N[C@@H]1CCc2ccccc21,0,-404.3323166,-404.4820286
17056,N[C@@H]1CCc2cncn2C1,0,-437.6263358,-437.7761958
17057,N[C@@H]1CCc2cnoc2C1,0,-457.4685133,-457.6052753
17058,N[C@@H]1CCc2n[nH]nc2C1,0,-453.6625204,-453.8007364
17060,N[C@@H]1CCn2cnnc2C1,0,-453.668329,-453.806153
17061,N[C@@H]1CCn2nnnc2C1,0,-469.6986238,-469.8243958
17062,N[C@@H]1COc2ncccc21,0,-456.3178643,-456.4317703
17066,N[C@@H]1Cc2ccncc2C1,0,-420.3834942,-420.5217082
17071,N[C@H](C=O)Cc1cnc[nH]1,0,-473.5695382,-473.6899882
17074,N[C@H](CO)c1ccccc1,0,-441.4624361,-441.6081601
17075,N[C@H](c1nnn[nH]1)C1CC1,0,-469.6631204,-469.7845264
17078,N[C@H]1C=CC=C(C(=O)O)C1,0,-477.403416,-477.524824
17080,N[C@H]1C=NC=NC1=O,0,-394.9392812,-395.0056702
17082,N[C@H]1CCCc2n[nH]cc21,0,-437.6163262,-437.7664072
17084,N[C@H]1CCc2c[nH]nc2C1,0,-437.6158829,-437.7656019
17085,N[C@H]1CCc2cccnc21,0,-420.3867474,-420.5249314
17086,N[C@H]1CCc2nccn2C1,0,-437.6297719,-437.7795159
17087,N[C@H]1CCn2ccnc21,0,-398.3159116,-398.4374366
17091,N[C@H]1C[C@H](c2ccon2)C1,0,-457.4330772,-457.5658982
17092,N[C@H]1C[C@H](n2ccnn2)C1,0,-453.6153902,-453.7485082
17093,N[C@H]1N=CN=C2N=NC=C21,0,-467.2608059,-467.3380839
17098,Nc1[nH]nc(C2CC2)c1N,0,-453.6415583,-453.7741103
17099,Nc1[nH]nc2c1COCC2,0,-473.5421164,-473.6664834
17102,Nc1[nH]ncc1C1CCC1,1,-437.5838988,-437.7287458
17103,Nc1[nH]ncc1CCCO,0,-474.7476856,-474.8927166
17104,Nc1c(F)cc(O)cc1F,0,-561.4199382,-561.4919702
17105,Nc1c(F)ccc(F)c1N,0,-541.5422762,-541.6278072
17106,Nc1c(F)cccc1C=O,0,-500.265642,-500.351416
17109,Nc1c(O)cc[nH]c1=O,0,-454.1891744,-454.2727284
17110,Nc1c(O)n[nH]c(=O)c1N,0,-525.5944359,-525.6821129
17112,Nc1c[nH]c2cccnc12,0,-435.2560215,-435.3583375
17113,Nc1c[nH]c2cnccc12,0,-435.252535,-435.354952
17116,Nc1c[nH]nc1O,0,-356.838984,-356.900008
17120,Nc1cc(C(F)(F)F)on1,0,-638.599536,-638.645077
17121,Nc1cc(C(F)F)ncn1,0,-557.606873,-557.679912
17122,Nc1cc(C2CC2)ncn1,0,-436.432745,-436.556331
17123,Nc1cc(C2CCC2)no1,0,-457.4453596,-457.5780006
17124,Nc1cc(C2COC2)[nH]n1,1,-473.5162009,-473.6370629
17125,Nc1cc(CC2CC2)n[nH]1,0,-437.5841016,-437.7272816
17128,Nc1cc(CCO)ccn1,0,-457.5315085,-457.6649245
17129,Nc1cc(CCO)ncn1,0,-473.5960073,-473.7183603
17130,Nc1cc(CO)ccc1O,0,-477.4123148,-477.5325418
17133,Nc1cc(F)c(F)cc1N,0,-541.5344749,-541.6197459
17134,Nc1cc(F)c(F)cn1,0,-502.2286801,-502.2866561
17135,Nc1cc(F)c[nH]c1=O,0,-478.2114138,-478.2824218
17136,Nc1cc(F)cc(N)n1,0,-458.3375872,-458.4205132
17137,Nc1cc(F)cc(O)c1F,0,-561.4227831,-561.4952311
17138,Nc1cc(F)cnc1C=O,0,-516.3160686,-516.3891416
17139,Nc1cc(F)nc(F)c1F,0,-601.5160481,-601.5648801
17140,Nc1cc(N)[nH]c(=O)n1,0,-450.3780933,-450.4615733
17141,Nc1cc(N)c(N)nc1N,0,-469.779043,-469.90269
17142,Nc1cc(N)c(O)c(N)c1,0,-473.5970827,-473.7184577
17143,Nc1cc(N)cc(N)c1,0,-398.3527038,-398.4713378
17145,Nc1cc(OC(F)F)n[nH]1,0,-594.7002327,-594.7692047
17146,Nc1cc2[nH]cnc2cn1,0,-451.3281159,-451.4201399
17147,Nc1cc2[nH]ncc2cn1,0,-451.3072773,-451.3991903
17148,Nc1cc2ccccn2n1,0,-435.2399283,-435.3434023
17149,Nc1cc2n(n1)CCNC2,0,-453.662744,-453.800962
17152,Nc1cc2occc2cn1,0,-455.1362095,-455.2273665
17157,Nc1ccc(C2CC2)cc1,0,-404.3058605,-404.4521205
17158,Nc1ccc(C=O)c(N)c1,0,-456.3579756,-456.4688726
17159,Nc1ccc(C=O)cc1O,0,-476.2296154,-476.3272774
17162,Nc1ccc(F)c(CO)c1,0,-501.4415844,-501.5497834
17163,Nc1ccc(F)c(O)c1F,0,-561.4164331,-561.4887671
17164,Nc1ccc(N=O)c(N)n1,0,-488.4095705,-488.4949965
17165,Nc1ccc(O)c(=O)cc1,0,-476.1891849,-476.2873999
17166,Nc1ccc(O)c(O)c1O,0,-513.3632577,-513.4587187
17167,Nc1ccc2[nH]ccc2c1,0,-419.2060557,-419.3204467
17168,Nc1ccc2[nH]ccc2n1,0,-435.2669912,-435.3701672
17170,Nc1ccc2c(c1)C=C2,0,-363.7456921,-363.8417481
17171,Nc1ccc2c(c1)COC2,0,-440.2633882,-440.3875472
17172,Nc1ccc2c(c1)N=NC2,0,-435.2184693,-435.3202783
17174,Nc1ccc2c(n1)CCC2,0,-420.4029951,-420.5407861
17175,Nc1ccc2c(n1)CCO2,0,-456.3275418,-456.4409328
17176,Nc1ccc2c(n1)OCO2,0,-492.2584665,-492.3475475
17177,Nc1ccc2c[nH]nc2c1,0,-435.2401077,-435.3437487
17178,Nc1ccc2ccoc2n1,0,-455.1422253,-455.2335143
17179,Nc1ccc2cn[nH]c2n1,0,-451.3142241,-451.4064851
17180,Nc1ccc2nc[nH]c2n1,0,-451.3355146,-451.4278066
17182,Nc1ccc2nncn2c1,0,-451.2818139,-451.3727119
17183,Nc1ccc2nncn2n1,0,-467.322497,-467.401934
17184,Nc1ccc2nonc2c1,0,-471.1127018,-471.1909258
17186,Nc1cccc(C(F)F)c1,0,-525.4901881,-525.5851401
17187,Nc1cccc(C=NO)c1,0,-456.285981,-456.395927
17189,Nc1cccc(N)c1N,0,-398.350055,-398.470192
17190,Nc1cccc(NC=O)c1,0,-456.3566689,-456.4676659
17191,Nc1cccc2[nH]ncc12,0,-435.2503092,-435.3539032
17192,Nc1cccc2c1COC2,0,-440.2648062,-440.3890732
17193,Nc1cccc2c1NCC2,0,-420.390615,-420.528982
17194,Nc1cccc2cncn12,0,-435.248252,-435.351693
17195,Nc1cccc2n[nH]nc12,0,-451.2877264,-451.3803184
17197,Nc1cccc2oncc12,0,-455.1031121,-455.1937171
17198,Nc1ccccc1/C=N/O,0,-456.2872404,-456.3969714
17199,Nc1ccccc1N=O,0,-416.9665179,-417.0495089
17200,Nc1cccn2cnnc12,0,-451.2909021,-451.3822681
17201,Nc1cccn2nncc12,0,-451.2731294,-451.3642784
17203,Nc1ccn2ncncc12,0,-451.2689909,-451.3597599
17204,Nc1ccn2nnnc2c1,0,-467.3183248,-467.3973378
17205,Nc1ccnc(C2CC2)n1,0,-436.4328816,-436.5562416
17206,Nc1ccnc(F)c1C=O,0,-516.3265069,-516.4014819
17207,Nc1ccnc(N)c1N=O,0,-488.408517,-488.49408
17208,Nc1ccnc2[nH]ccc12,0,-435.2710333,-435.3748003
17209,Nc1ccnc2[nH]nnc12,0,-467.3488031,-467.4289011
17210,Nc1ccnc2c1CCC2,0,-420.3993232,-420.5371972
17212,Nc1ccnc2c[nH]nc12,0,-451.2985221,-451.3910391
17213,Nc1ccnc2ccoc12,0,-455.1321472,-455.2234122
17214,Nc1ccnc2nc[nH]c12,0,-451.3222421,-451.4141801
17215,Nc1ccnc2nccn12,0,-451.3081009,-451.3996649
17217,Nc1ccncc1C1CC1,0,-420.3623337,-420.4979667
17218,Nc1ccncc1C=O,0,-417.0421265,-417.1260635
17219,Nc1ccncc1CCF,0,-481.562403,-481.685054
17220,Nc1ccnn1CC1CC1,0,-437.5779693,-437.7220843
17221,Nc1ccnn2ccnc12,0,-451.2940006,-451.3857696
17222,Nc1cn(C(F)F)cn1,0,-519.4729296,-519.5404316
17223,Nc1cn(C2CC2)nn1,0,-414.3144496,-414.4183756
17224,Nc1cn(CC(F)F)nn1,0,-574.7997482,-574.8825012
17225,Nc1cn2cccnc2n1,0,-451.3069168,-451.3982488
17226,Nc1cn2ccnc2cn1,0,-451.3036989,-451.3950719
17227,Nc1cn2ccncc2n1,0,-451.3043367,-451.3958887
17228,Nc1cn2ncccc2n1,0,-451.2882136,-451.3797116
17229,Nc1cn[nH]c1C(F)(F)F,0,-618.7456273,-618.8046333
17230,Nc1cnc(C(=O)O)cn1,0,-508.363362,-508.439084
17232,Nc1cnc(C(F)F)nc1,0,-557.5900855,-557.6624105
17233,Nc1cnc(C2CC2)cn1,0,-436.418361,-436.541263
17234,Nc1cnc(F)cc1N,0,-458.3256832,-458.4091712
17235,Nc1cnc2c(c1)CCC2,0,-420.3928482,-420.5302702
17238,Nc1cnc2ccccn12,0,-435.2499317,-435.3524497
17239,Nc1cnc2cccnn12,0,-451.282433,-451.373707
17240,Nc1cnc2ccnn2c1,0,-451.2819309,-451.3730349
17241,Nc1cnc2cn[nH]c2c1,0,-451.2969231,-451.3884041
17242,Nc1cnc2n1CCOC2,0,-473.5533496,-473.6783336
17243,Nc1cnc2nc[nH]c2c1,0,-451.3190851,-451.4106381
17244,Nc1cnc2nccn2c1,0,-451.2967747,-451.3876387
17245,Nc1cncc(C2CC2)c1,1,-420.3573211,-420.4920091
17246,Nc1cncc(CO)c1,0,-418.2152354,-418.3209984
17247,Nc1cncc(F)c1N,0,-458.3158728,-458.3992938
17248,Nc1cncc2c1CCC2,0,-420.3925382,-420.5302852
17249,Nc1cncc2n[nH]cc12,0,-451.2883129,-451.3805299
17250,Nc1cncc2nc[nH]c12,0,-451.3178313,-451.4097413
17251,Nc1cncnc1C1CC1,0,-436.4158074,-436.5389534
17252,Nc1cnn(C2CCC2)n1,1,-453.63188,-453.766071
17253,Nc1cnn(C2COC2)c1,1,-473.5013165,-473.6221785
17254,Nc1cnn(CCCF)c1,0,-498.7741118,-498.9050048
17255,Nc1cnn(CCO)c1N,0,-490.8003442,-490.9331092
17256,Nc1cnn2c1CCCC2,0,-437.6141536,-437.7630426
17257,Nc1cnn2c1NCCC2,0,-453.6607197,-453.7986017
17258,Nc1cnn2c1OCC2,0,-434.2147125,-434.3103855
17260,Nc1cnn2cc[nH]c12,0,-413.1477215,-413.2327045
17262,Nc1cnn2cnnc2c1,0,-467.3146629,-467.3936469
17263,Nc1cnn2nnnc2c1,0,-483.3416798,-483.4085288
17264,Nc1cnnc2[nH]cnc12,0,-467.3506385,-467.4305055
17265,Nc1cnncc1N,0,-375.0607241,-375.1410081
17266,Nc1cnnn1C1CC1,0,-414.313044,-414.418673
17267,Nc1n[nH]c(=O)c(=O)n1N,0,-541.6170146,-541.6921706
17268,Nc1n[nH]c2[nH]ncc12,0,-429.1987851,-429.2734331
17269,Nc1n[nH]c2c1CCCN2,0,-453.6704507,-453.8082647
17270,Nc1n[nH]c2c1CCNC2,0,-453.6654093,-453.8033243
17271,Nc1n[nH]c2ccccc12,0,-435.2512315,-435.3538915
17272,Nc1n[nH]c2nccnc12,0,-467.3524127,-467.4320827
17273,Nc1n[nH]cc1C(F)(F)F,0,-618.7572073,-618.8165413
17274,Nc1n[nH]cc1C1CC1,0,-398.2837164,-398.4013414
17276,Nc1n[nH]nc1C(=O)O,0,-486.2776125,-486.3375445
17277,Nc1n[nH]nc1NC=O,0,-466.3779804,-466.4498974
17279,Nc1nc(C(F)(F)F)c[nH]1,0,-618.7756427,-618.8343967
17280,Nc1nc(C2CC2)c[nH]1,0,-398.305435,-398.42325
17281,Nc1nc(CC2CC2)no1,0,-473.5188758,-473.6387028
17282,Nc1nc(CCCO)n[nH]1,0,-490.8249465,-490.9577415
17283,Nc1nc(CF)cc(=O)[nH]1,0,-533.5852155,-533.6708155
17284,Nc1nc(F)cc(F)c1N,0,-557.609169,-557.683204
17285,Nc1nc(N)[nH]c(=O)n1,0,-466.4554972,-466.5274932
17286,Nc1nc(N)c(N)c(=O)[nH]1,0,-505.7473083,-505.8472163
17287,Nc1nc(N)c(N)c(N)n1,0,-485.8567976,-485.9696636
17288,Nc1nc(N)nc(CO)n1,0,-505.7449894,-505.8423894
17289,Nc1nc(NN=O)n[nH]1,0,-482.3708322,-482.4276892
17290,Nc1nc2[nH]nc(N)n2n1,0,-500.6418471,-500.7194841
17291,Nc1nc2c([nH]1)NON2,0,-466.2369908,-466.3083138
17292,Nc1nc2ccccn2n1,0,-451.3122471,-451.4045361
17296,Nc1nc2n(n1)CCCC2,0,-453.6958084,-453.8342024
17297,Nc1nc2n(n1)CCCN2,0,-469.7458203,-469.8727433
17299,Nc1nc2n(n1)[C@@H](N)N=N2,0,-500.5967381,-500.6730141
17300,Nc1nc2ncccn2n1,0,-467.3618826,-467.4422136
17301,Nc1nc2occ(O)c2o1,0,-528.1563588,-528.2188648
17302,Nc1nc[nH]c1NC=O,0,-450.3502379,-450.4333249
17303,Nc1ncc(C2CC2)o1,0,-418.1790259,-418.2845189
17306,Nc1ncc(CO)c(N)n1,0,-489.6693277,-489.7811767
17308,Nc1ncc2c(n1)CNC2,0,-452.5032405,-452.6182405
17309,Nc1ncc2c(n1)OCC2,0,-472.399052,-472.501071
17310,Nc1ncc2cc[nH]c2n1,0,-451.3349527,-451.4272017
17313,Nc1ncc2n1CCNC2,0,-453.6780331,-453.8164411
17314,Nc1ncc2n[nH]nc2n1,0,-483.4015669,-483.4706319
17315,Nc1nccc(F)c1O,0,-478.2056845,-478.2760125
17316,Nc1nccc2[nH]cnc12,0,-451.3349302,-451.4272722
17318,Nc1nccc2c1CCO2,0,-456.3338234,-456.4472774
17319,Nc1nccc2cc[nH]c12,0,-435.2674072,-435.3711762
17320,Nc1nccc2ccoc12,0,-455.1373354,-455.2287084
17322,Nc1nccc2n[nH]cc12,0,-451.3021979,-451.3947169
17323,Nc1nccc2nccn12,0,-451.3183023,-451.4103313
17324,Nc1nccc2ncnn12,0,-467.3729136,-467.4533286
17327,Nc1nccn2cncc12,0,-451.3091814,-451.4009404
17328,Nc1nccnc1C1CC1,0,-436.4191397,-436.5418987
17329,Nc1ncn(C2CC2)n1,1,-414.346548,-414.453122
17332,Nc1ncn2c1CCCC2,0,-437.634689,-437.783887
17333,Nc1ncnc(F)c1N,0,-474.3895746,-474.4617156
17334,Nc1ncnc(N)c1C=O,0,-488.4840753,-488.5721003
17335,Nc1ncnc2[nH]cnc12,0,-467.3979687,-467.4787957
17336,Nc1ncnc2[nH]ncc12,0,-467.3737942,-467.4545832
17338,Nc1ncnc2c1CCN2,0,-452.5202901,-452.6356741
17339,Nc1ncnc2c1CNC2,0,-452.5021678,-452.6171898
17340,Nc1ncnc2cn[nH]c12,0,-467.3614874,-467.4419064
17341,Nc1ncnc2ncnn12,0,-483.429687,-483.497405
17342,Nc1ncnc2nonc12,0,-503.2276274,-503.2821704
17343,Nc1ncnc2occc12,0,-471.2009959,-471.2808609
17344,Nc1ncnc2ocnc12,0,-487.2644405,-487.3324275
17345,Nc1ncnn1CC(=O)O,0,-525.5950799,-525.6812729
17346,Nc1ncnn2cccc12,0,-451.2928239,-451.3843429
17348,Nc1nnc(C(F)F)o1,0,-555.3913845,-555.4348135
17350,Nc1nnc(CC2CC2)o1,0,-473.5234182,-473.6430262
17351,Nc1nnc(N)c(N)c1N,0,-485.8045246,-485.9170266
17352,Nc1nnc(NC2CC2)[nH]1,0,-469.6971778,-469.8185938
17353,Nc1nnc(NCCO)[nH]1,0,-506.8626669,-506.9834449
17354,Nc1nnc2[nH]cnn12,0,-445.2505146,-445.3126966
17355,Nc1nnc2cnccn12,0,-467.3333529,-467.4126309
17356,Nc1nnc2n(N)cnn12,0,-500.5755603,-500.6531403
17357,Nc1nnc2n1CCCC2,0,-453.6802036,-453.8179576
17358,Nc1nnc2n1CCCN2,0,-469.7275942,-469.8539392
17359,Nc1nnc2ncccn12,0,-467.3347995,-467.4139675
17360,Nc1nnc2nccnn12,0,-483.3618125,-483.4287745
17361,Nc1nncc2occc12,0,-471.1548916,-471.2336566
17362,Nc1nncn1CC1CC1,0,-453.6365958,-453.7699788
17363,Nc1nncnc1C(=O)O,0,-524.3858477,-524.4491267
17364,Nc1nnn2ccccc12,0,-451.2703152,-451.3613242
17367,Nc1noc(C(F)(F)F)n1,0,-654.6650793,-654.6986133
17368,Nc1noc2c1CCCC2,0,-457.4809841,-457.6177181
17370,Nc1noc2cccnc12,0,-471.1559916,-471.2350096
17371,Nc1noc2ccncc12,0,-471.1544362,-471.2335662
17372,Nc1noc2ncccc12,0,-471.1576203,-471.2368393
17373,Nc1noc2nccnc12,0,-487.2035381,-487.2706171
17374,Nc1nocc1C1CC1,0,-418.1361922,-418.2413562
17375,Nc1nonc1C(F)(F)F,0,-654.6234103,-654.6574183
17376,Nc1nonc1C1CC1,0,-434.1651368,-434.2577278
17377,Nc1onc2c1CCCC2,0,-457.4807456,-457.6170326
17378,Nc1oncc1C1CC1,0,-418.1372916,-418.2422826
17380,Nn1c(CO)nnc1CO,0,-526.7036902,-526.8123542
17381,Nn1ccc(C(=O)O)c1,0,-454.1482963,-454.2303573
17388,O/N=C/C=N/O,0,-338.5241771,-338.5658071
17389,O/N=C/Nc1ccccc1,0,-456.2810326,-456.3902146
17390,O/N=C/Nc1ncccn1,0,-488.3918361,-488.4775551
17391,O/N=C/c1cccnc1F,0,-516.2494512,-516.3225182
17392,O/N=C/c1ccncn1,0,-433.0195734,-433.0902224
17393,O/N=C/c1ccnnc1,0,-432.9891063,-433.0590163
17394,O/N=C/c1cncc(F)c1,0,-516.2482934,-516.3213574
17397,O/N=C1/CCn2cccc21,0,-456.2662139,-456.3778969
17398,O/N=C1/CCn2cnnc21,0,-488.3553456,-488.4422546
17399,O/N=C1/NCCN/C1=N/O,0,-526.6429883,-526.7513503
17400,O/N=C1C(=N/O)\[C@H](O)[C@H]\1O,0,-566.3851466,-566.4643356
17402,O/N=C1\CCCC\C1=N/O,0,-494.5488153,-494.6801053
17406,O/N=C1\Cc2ccccc21,0,-438.992231,-439.092157
17407,O/N=C\C1=CCCCC1,1,-403.2833967,-403.4236987
17408,O/N=C\Cc1ccccc1,1,-440.2218667,-440.3425387
17409,O/N=N/c1cnccn1,0,-449.0509902,-449.1102982
17420,O=C(NO)c1cc(=O)[nH]o1,0,-565.2543945,-565.3133135
17421,O=C(O)/C(=N/O)C1CC1,0,-475.1698663,-475.2596683
17422,O=C(O)/C(O)=C(\O)C(=O)O,0,-606.3554674,-606.4142674
17423,O=C(O)/C=C/C1=CCCC1,0,-461.3495919,-461.4806329
17424,O=C(O)/C=C/NC1CC1,0,-439.2751295,-439.3885635
17425,O=C(O)/C=C/[C@H]1CCOC1,0,-498.4740618,-498.6028408
17426,O=C(O)/C=C/c1cc[nH]c1,0,-476.2262932,-476.3233482
17428,O=C(O)/C=C/c1ncco1,0,-512.1551357,-512.2280117
17429,O=C(O)/C=C1/CCC(=O)O1,0,-533.2575208,-533.3407548
17430,O=C(O)/C=C1/CCNC1,0,-439.2922977,-439.4088637
17432,O=C(O)/C=C\C(=O)O,0,-455.844791,-455.894129
17433,O=C(O)C#Cc1ccco1,0,-494.849905,-494.910037
17435,O=C(O)C(=O)C1CCCC1,0,-498.4982225,-498.6290215
17436,O=C(O)C(=O)CC(F)(F)F,0,-679.6302945,-679.6711525
17437,O=C(O)C(=O)C[C@H](O)CO,0,-571.5715753,-571.6771863
17438,O=C(O)C(=O)N1CCCC1,0,-514.5715354,-514.6926084
17439,O=C(O)C(=O)NCC(F)F,0,-635.7299358,-635.7975438
17440,O=C(O)C(=O)c1c[nH]cn1,0,-528.2344538,-528.2973698
17441,O=C(O)C(=O)c1ccoc1,0,-532.0407358,-532.1025648
17442,O=C(O)C(F)=C1CCCC1,0,-522.5222244,-522.6405644
17445,O=C(O)C1=C(F)CNCC1,0,-538.5706979,-538.6793909
17446,O=C(O)C1=CCCCN1,0,-439.3061573,-439.4241573
17447,O=C(O)C1=CCCOC1,0,-459.1752307,-459.2804007
17448,O=C(O)C1=CNCCC1=O,0,-513.3805157,-513.4800587
17449,O=C(O)C1=COCCO1,0,-495.1034768,-495.1851758
17451,O=C(O)C=C1CC(F)(F)C1,0,-582.4858325,-582.5643155
17459,O=C(O)CCc1c[nH]nn1,0,-509.5132765,-509.6093135
17460,O=C(O)CCc1cc[nH]c1,0,-477.426553,-477.545702
17461,O=C(O)CCc1ccno1,0,-513.3259943,-513.4206543
17462,O=C(O)CCc1cnc[nH]1,0,-493.4932851,-493.6024501
17463,O=C(O)CCn1cnnn1,0,-525.5494405,-525.6335755
17466,O=C(O)CNc1ccn[nH]1,0,-509.5158687,-509.6122627
17469,O=C(O)Cc1ccncc1,0,-476.2411428,-476.3383148
17470,O=C(O)Cc1cn[nH]c1O,0,-529.4169902,-529.5025672
17471,O=C(O)Cc1cocn1,0,-474.0555773,-474.1238114
17473,O=C(O)Cc1nonc1O,0,-565.2904513,-565.3491613
17474,O=C(O)Cn1cc(F)cn1,0,-553.425201,-553.496065
17475,O=C(O)Cn1cnnc1,1,-470.2095075,-470.2762335
17477,O=C(O)Cn1nnc(O)n1,0,-561.4916879,-561.5518069
17479,O=C(O)[C@@H](F)n1cccn1,0,-553.4307352,-553.5038702
17490,O=C(O)[C@H](O)c1cnc[nH]1,0,-529.4231702,-529.5080102
17491,O=C(O)[C@H](O)n1ccnc1,0,-529.4145014,-529.4983554
17495,O=C(O)c1[nH]cc(F)c1F,0,-597.3605406,-597.4089386
17496,O=C(O)c1c[nH]c(=O)o1,0,-510.0205381,-510.0665751
17497,O=C(O)c1c[nH]ncc1=O,0,-528.2206687,-528.2854537
17498,O=C(O)c1cc(=O)[nH]cn1,0,-528.2556757,-528.3199487
17499,O=C(O)c1cc(=O)cco1,0,-532.0426321,-532.1046851
17500,O=C(O)c1cc(F)n[nH]1,0,-514.140329,-514.186701
17501,O=C(O)c1cc[nH]n1,0,-414.8630618,-414.9186148
17502,O=C(O)c1ccc(=O)oc1,0,-532.0649709,-532.1270679
17504,O=C(O)c1ccc(O)nc1,0,-512.20149,-512.277102
17505,O=C(O)c1cccc(O)c1,0,-496.1372536,-496.2239466
17506,O=C(O)c1ccn(CO)n1,0,-529.4077377,-529.4922267
17508,O=C(O)c1ccnnc1O,0,-528.2109206,-528.2745256
17509,O=C(O)c1cn[nH]c(=O)c1,0,-528.2249479,-528.2882429
17510,O=C(O)c1cnc(CO)o1,0,-549.2958453,-549.3671943
17511,O=C(O)c1cncc(F)c1,0,-536.2134416,-536.2760096
17512,O=C(O)c1coc(F)n1,0,-534.0198626,-534.0534676
17514,O=C(O)c1ncc[nH]c1=O,0,-528.2383995,-528.3024675
17515,O=C(O)c1nocc1O,0,-509.9508416,-509.9970026
17516,O=C(c1ccco1)C1CC1,0,-460.1088634,-460.2178364
17517,O=C(c1cn[nH]c1)C(F)F,0,-577.4543687,-577.5142557
17518,O=C(c1nnc[nH]1)C1CC1,1,-472.3430686,-472.4412766
17519,O=C1C(=O)C2CCC1CC2,0,-461.3355222,-461.4708562
17551,O=C1CC(=O)C(=O)CC1=O,0,-532.0174406,-532.0745406
17555,O=C1CC(CO)=NC=C1O,0,-513.3308412,-513.4255012
17557,O=C1CC(c2ncc[nH]2)C1,0,-456.3051075,-456.4129595
17558,O=C1CC2=C(CC=C2)O1,0,-420.8206909,-420.9038659
17565,O=C1CCC(C(=O)O)=NN1,0,-529.4169897,-529.5025177
17575,O=C1CCCCC/C1=C/O,0,-462.5414159,-462.6993759
17576,O=C1CCCCC1=O,0,-383.927297,-384.027534
17583,O=C1CCCCNC1=O,0,-439.3021048,-439.4193788
17589,O=C1CCCc2[nH]cnc21,0,-456.3366301,-456.4506011
17591,O=C1CCCc2c[nH]nc21,0,-456.3150202,-456.4290832
17592,O=C1CCCc2cc[nH]c21,0,-440.2844323,-440.4103433
17593,O=C1CCCc2ccoc21,0,-460.1444178,-460.2574858
17594,O=C1CCCc2n[nH]cc21,0,-456.3236694,-456.4379094
17595,O=C1CCCc2nonc21,0,-492.1880968,-492.2763898
17596,O=C1CCCc2oncc21,0,-476.1736882,-476.2745122
17597,O=C1CCCn2cncc21,0,-456.3322648,-456.4465878
17599,O=C1CCN(C2CC2)C1=O,1,-477.3754985,-477.4934385
17617,O=C1CC[C@H]2C=CC=C12,0,-384.8735251,-384.9813861
17622,O=C1CCc2[nH]ccc2C1,0,-440.2708943,-440.3950133
17623,O=C1CCc2[nH]ncc21,0,-417.0053435,-417.0909965
17624,O=C1CCc2[nH]ncc2C1,0,-456.3147252,-456.4277362
17625,O=C1CCc2cccnc21,0,-439.0852194,-439.1865364
17626,O=C1CCc2ccncc21,0,-439.0891458,-439.1907168
17627,O=C1CCc2ncccc21,0,-439.0926084,-439.1942244
17629,O=C1CCn2ccnc21,0,-417.0170436,-417.1022966
17630,O=C1CCn2nccc2N1,0,-472.3852286,-472.4876476
17631,O=C1CCn2nnnc2N1,0,-504.4674904,-504.5457734
17634,O=C1CN2C=CC=CC2=N1,0,-455.1411298,-455.2319148
17656,O=C1COCc2[nH]ccc21,0,-476.1958181,-476.2970481
17661,O=C1COc2ccncc21,0,-475.0168432,-475.0952642
17662,O=C1COc2ncccc21,0,-475.0221288,-475.1006248
17673,O=C1C[C@H]2C=CC=C[C@H]2C1,0,-424.1853448,-424.3206218
17676,O=C1C[C@H]2CC=CC=C12,0,-384.8499362,-384.9566472
17688,O=C1Cc2cccc(F)c21,0,-482.9657405,-483.0415395
17690,O=C1Cc2ccccc2O1,0,-458.9856967,-459.0758037
17691,O=C1Cc2cccn2C1,0,-400.9538141,-401.0496601
17693,O=C1Cc2ccncc2N1,0,-455.1615395,-455.2523245
17694,O=C1Cc2cncnc2N1,0,-471.2233836,-471.3028996
17695,O=C1Cc2ncccc2N1,0,-455.1639767,-455.2546287
17696,O=C1Cc2ncccc2O1,0,-475.035094,-475.113339
17710,O=C1NC(=O)C(=O)NC1=O,0,-564.2059524,-564.2448564
17715,O=C1NC=C2C(=O)NC=C12,0,-491.0855069,-491.1512769
17724,O=C1NCCc2[nH]ccc21,0,-456.3469024,-456.4618124
17725,O=C1NCCc2c[nH]cc21,0,-456.3467499,-456.4617899
17726,O=C1NCCc2cncn21,0,-472.4071175,-472.5105305
17727,O=C1NCCc2nc[nH]c21,0,-472.4117911,-472.5153511
17728,O=C1NCCc2occc21,0,-476.213955,-476.316263
17730,O=C1NCCn2nccc21,0,-472.3842062,-472.4876832
17742,O=C1NCc2cnccc21,0,-455.1585652,-455.2497512
17743,O=C1NCc2nccn21,0,-433.0967681,-433.1699821
17744,O=C1NCc2nccnc21,0,-471.2027363,-471.2817673
17768,O=C1OCc2ccccc21,0,-458.9872144,-459.0781594
17770,O=C1OCc2cn[nH]c21,0,-452.9429454,-453.0057214
17771,O=C1OCc2nonc21,0,-488.8052809,-488.8419759
17772,O=C1O[C@@H]2C=CC=C[C@H]1C2,0,-460.1317701,-460.2458831
17789,O=CC(=O)[C@@H](O)[C@H](O)CO,0,-571.5286841,-571.6321981
17790,O=CC(=O)c1ccncc1,0,-475.0055706,-475.0791686
17796,O=CC1(n2nccn2)CC1,0,-472.3138244,-472.4092764
17799,O=CC1=NN[C@H](C(F)F)C1,0,-578.6281247,-578.7106427
17800,O=CC1=NOC2(COC2)C1,0,-513.2363265,-513.3306545
17801,O=CC1=NO[C@@H]2COC[C@H]12,0,-513.2642803,-513.3628583
17802,O=CC1=NO[C@@H]2OCC[C@H]12,0,-513.2737484,-513.3724314
17813,O=CCCc1ccccn1,0,-440.2690465,-440.3890815
17814,O=CCCc1cnoc1,0,-438.0410426,-438.1319416
17815,O=CCCc1nc[nH]n1,0,-434.2594653,-434.3510633
17817,O=CCc1ccccc1F,0,-484.1909022,-484.2863182
17818,O=CCc1ncccn1,0,-417.0192088,-417.1000628
17828,O=CNCc1ccccc1,0,-440.2916004,-440.4135474
17830,O=CNc1ccc(F)cc1,0,-500.267302,-500.353528
17832,O=CNc1ccccc1O,0,-476.2404679,-476.3402379
17839,O=COc1ccccc1,0,-420.8628015,-420.9447295
17852,O=C[C@H]1CCCC(=O)C1=O,0,-497.274182,-497.380497
17857,O=Cc1c(O)cccc1F,0,-520.1464361,-520.2213831
17858,O=Cc1c[nH]ccc1=O,0,-436.90289,-436.973685
17859,O=Cc1cc(=O)[nH]cc1F,0,-536.1867778,-536.2482688
17860,O=Cc1cc(=O)c(O)co1,0,-532.0191893,-532.0807743
17861,O=Cc1cc(=O)nc[nH]1,0,-452.9690254,-453.0281254
17862,O=Cc1cc(C(=O)O)c[nH]1,0,-512.1884638,-512.2625058
17863,O=Cc1cc(C(F)F)[nH]n1,0,-577.4524067,-577.5116567
17864,O=Cc1cc(C2CC2)n[nH]1,1,-456.2750772,-456.3838892
17866,O=Cc1cc(C2CC2)on1,1,-476.1264728,-476.2225368
17867,O=Cc1cc(F)nc(F)c1,0,-560.2274961,-560.2765141
17868,O=Cc1cc(F)ncc1F,0,-560.2153176,-560.2643556
17869,O=Cc1cc(O)cc(F)c1,0,-520.1379293,-520.2108723
17870,O=Cc1cc(O)ccc1O,0,-496.1141012,-496.2007012
17871,O=Cc1cc2n(n1)CCC2,0,-456.3027669,-456.4154429
17872,O=Cc1cc[nH]c1C(=O)O,0,-512.1885158,-512.2641238
17873,O=Cc1ccc(C(F)F)o1,0,-581.2756886,-581.3337166
17874,O=Cc1ccc(C2CC2)o1,1,-460.1049622,-460.2131842
17875,O=Cc1ccc(C=O)nc1,0,-475.0164692,-475.0905602
17876,O=Cc1ccc(CF)cc1,0,-484.1933304,-484.2892774
17877,O=Cc1ccc(F)c(F)c1,0,-544.1621051,-544.2228411
17878,O=Cc1ccc(F)cc1F,0,-544.1662311,-544.2272081
17882,O=Cc1ccc2n1CCC2,0,-440.2646469,-440.3891889
17883,O=Cc1cccc(CF)n1,0,-500.2459028,-500.3306808
17884,O=Cc1cccc(O)c1O,0,-496.1193729,-496.2065099
17885,O=Cc1cccn1C1CC1,0,-440.2251794,-440.3461914
17886,O=Cc1ccn(C2CC2)c1,0,-440.2232847,-440.3427087
17887,O=Cc1ccn(C2CC2)n1,0,-456.2698663,-456.3784803
17889,O=Cc1ccnc(CO)c1,0,-476.2101571,-476.3056721
17891,O=Cc1ccnn1CCF,0,-517.4651909,-517.5610939
17892,O=Cc1ccoc1C(F)F,0,-581.2730371,-581.3314121
17893,O=Cc1cn(CCO)cn1,0,-493.4500981,-493.5575221
17895,O=Cc1cn2c(n1)CCC2,0,-456.3212641,-456.4338481
17896,O=Cc1cncc(F)c1O,0,-536.1911544,-536.2542304
17897,O=Cc1cnccn1,0,-377.7070656,-377.7628786
17898,O=Cc1cnn(C(F)F)c1,0,-577.449662,-577.508501
17899,O=Cc1cnn2c1CCC2,0,-456.3048644,-456.4174474
17901,O=Cc1coc(C(F)F)n1,0,-597.3336635,-597.3798935
17902,O=Cc1cocc1CO,0,-457.9582834,-458.0399864
17903,O=Cc1conc1C1CC1,0,-476.1266756,-476.2225776
17904,O=Cc1n[nH]c2c1CCC2,0,-456.2976858,-456.4101788
17906,O=Cc1nc2c(o1)CCC2,0,-476.1793233,-476.2785343
17908,O=Cc1ncc(O)cn1,0,-452.9545906,-453.0128966
17909,O=Cc1ncoc1C1CC1,0,-476.1672474,-476.2644014
17910,O=Cc1nncn1C1CC1,0,-472.3192005,-472.4161225
17912,O=Cc1noc2c1COC2,0,-512.0574855,-512.1315215
17913,O=Cc1occc1C1CC1,0,-460.098969,-460.207422
17914,O=Cn1ccnc1,0,-339.6064497,-339.6579447
17915,O=N/C=C1/C=CC=CN1,0,-416.9479383,-417.0313223
17916,O=NC(=O)C1=CNC=CN1,0,-508.2185975,-508.2904945
17918,O=NC1=C(NO)CCCC1,0,-494.5259922,-494.6574952
17919,O=NC=C1C=CNC=C1,0,-416.9400558,-417.0229858
17922,O=NN(O)c1ccccc1,0,-492.1435462,-492.2273052
17928,O=NNc1nccnn1,0,-465.077367,-465.121698
17930,O=Nc1c[nH]c(=O)[nH]c1=O,0,-544.2383012,-544.2888522
17932,O=Nc1cccnc1N=O,0,-506.9650205,-507.0119825
17933,O=c1[nH]c(O)nnc1F,0,-530.1777905,-530.2122765
17936,O=c1[nH]c2ccccc2o1,0,-475.0553786,-475.1346476
17937,O=c1[nH]c2cccnc2[nH]1,0,-471.2407244,-471.3208564
17938,O=c1[nH]c2ccncc2[nH]1,0,-471.2346167,-471.3147147
17939,O=c1[nH]c2nonc2[nH]1,0,-485.0099334,-485.0473664
17940,O=c1[nH]ccc(F)c1F,0,-522.1127818,-522.1587078
17942,O=c1[nH]ccc2[nH]ncc12,0,-471.2049186,-471.2854506
17943,O=c1[nH]ccc2c1CCN2,0,-456.3454311,-456.4600051
17944,O=c1[nH]ccc2c1CCO2,0,-476.2248485,-476.3255695
17945,O=c1[nH]ccc2c1OCC2,0,-476.2130557,-476.3144457
17946,O=c1[nH]ccc2ccoc12,0,-475.0260772,-475.1055282
17947,O=c1[nH]ccc2cn[nH]c12,0,-471.2036438,-471.2843478
17948,O=c1[nH]ccc2occc12,0,-475.0315048,-475.1109158
17949,O=c1[nH]cccc1C1CC1,0,-440.2555772,-440.3784582
17950,O=c1[nH]cnc2[nH]cnc12,0,-487.2814718,-487.3504798
17951,O=c1[nH]cnc2[nH]ncc12,0,-487.2653598,-487.3345818
17952,O=c1[nH]cnc2c1CCC2,0,-456.3511634,-456.4654534
17953,O=c1[nH]cnc2c1CCN2,0,-472.4083593,-472.5115693
17954,O=c1[nH]cnc2c1CN=N2,0,-487.2212322,-487.2879682
17955,O=c1[nH]cnc2ccoc12,0,-491.0825301,-491.1504331
17956,O=c1[nH]cnc2cn[nH]c12,0,-487.2588184,-487.3278524
17959,O=c1[nH]cnc2occc12,0,-491.0910519,-491.1591079
17960,O=c1[nH]cnn2cncc12,0,-487.2421709,-487.3103129
17964,O=c1[nH]ncc2[nH]cnc12,0,-487.2473111,-487.3157681
17965,O=c1[nH]nccc1CO,0,-454.1449102,-454.2286812
17966,O=c1[nH]ncn2cccc12,0,-471.1808347,-471.2602497
17967,O=c1[nH]ncn2ccnc12,0,-487.2337287,-487.3014077
17969,O=c1[nH]oc2cnccc12,0,-491.0322699,-491.0989089
17970,O=c1c(=O)c2ccccc12,0,-457.7431374,-457.8083114
18006,O=c1oc2ccccc2o1,0,-494.9232432,-494.9901712
18008,OC/C=C/c1ccncc1,0,-440.2495763,-440.3700093
18009,OC1(c2c[nH]nn2)CNC1,0,-489.5531655,-489.6639505
18010,OC1(c2ccccc2)CC1,1,-424.1827377,-424.3168687
18011,OC1(c2ccccn2)CC1,0,-440.2406805,-440.3626925
18012,OC1(c2nc[nH]n2)CCC1,0,-473.5364692,-473.6586442
18013,OC1(c2ncc[nH]2)CCC1,0,-457.4912134,-457.6242514
18014,OC1(c2nnn[nH]2)CNC1,0,-505.5975301,-505.6957421
18017,OC1Cc2ccccc2C1,0,-424.219484,-424.356571
18018,OCC#Cc1cncnc1,0,-455.0705606,-455.1541536
18019,OCC#Cc1ncccn1,0,-455.0671115,-455.1508645
18028,OCCC#Cc1cn[nH]c1,0,-456.252221,-456.358669
18032,OCCCc1ccoc1,0,-423.205494,-423.33228
18033,OCCCn1cnnc1,2,-435.4324367,-435.5485277
18035,OCCNCc1cc[nH]n1,0,-474.7334995,-474.8784415
18036,OCCNc1ccccc1,1,-441.4578493,-441.6028503
18037,OCCNc1cnccn1,0,-473.5683326,-473.6904806
18038,OCCOc1ccccc1,0,-461.3359311,-461.4683691
18040,OCCc1ccc(F)nc1,0,-501.4402069,-501.5485499
18041,OCCc1ccc[nH]1,0,-364.0373926,-364.1507746
18042,OCCc1ncc(O)cn1,0,-493.4587307,-493.5677137
18043,OCCc1nccnn1,0,-434.229152,-434.322662
18045,OC[C@@H](O)Cn1cccc1,0,-478.5735227,-478.7169977
18046,OC[C@@H](O)c1cn[nH]n1,0,-471.3684222,-471.4623602
18048,OC[C@@H]1CCc2nncn21,0,-473.5414145,-473.6651735
18050,OC[C@H]1CCc2ncnn21,0,-473.556154,-473.681535
18051,OC[C@H]1C[C@@H]1c1c[nH]cn1,1,-457.4820214,-457.6142774
18052,OC[C@H]1NCc2[nH]ncc21,0,-473.521797,-473.646092
18054,OCc1[nH]nc2c1CCC2,0,-457.485522,-457.620764
18055,OCc1c(F)cncc1F,0,-561.3990713,-561.4715053
18056,OCc1c[nH]c(C2CC2)n1,0,-457.4867514,-457.6182534
18057,OCc1c[nH]nc1CO,0,-455.3237058,-455.4295938
18058,OCc1cc(C(F)F)n[nH]1,0,-578.6454581,-578.7271141
18059,OCc1cc(C2CC2)no1,0,-477.3165411,-477.4345591
18062,OCc1ccc(F)cc1F,0,-545.3547087,-545.4382997
18063,OCc1ccc2c(c1)C=C2,0,-422.9236295,-423.0340055
18064,OCc1ccc2c(c1)CC2,0,-424.1728713,-424.3072043
18065,OCc1cccc(O)c1F,0,-521.3229377,-521.4189177
18067,OCc1cccn1C1CC1,0,-441.4099537,-441.5541247
18068,OCc1ccn(C(F)F)n1,0,-578.6399953,-578.7211473
18070,OCc1ccncc1CO,0,-477.3949846,-477.5177756
18072,OCc1cn(CCF)nn1,0,-534.6961051,-534.8016541
18073,OCc1cnc(C2CC2)o1,0,-477.3545375,-477.4733725
18074,OCc1cnc2n1CCC2,0,-457.5065961,-457.6423031
18075,OCc1cnn(C2CC2)c1,0,-457.4542312,-457.5852112
18076,OCc1coc(C2CC2)n1,0,-477.3570833,-477.4761503
18077,OCc1coc(CO)c1,0,-459.1417067,-459.2437227
18079,OCc1n[nH]c(CO)n1,0,-471.3905561,-471.4824791
18080,OCc1nc(F)ccc1F,0,-561.4150902,-561.4862832
18081,OCc1nc[nH]c1CO,0,-455.3415886,-455.4471686
18082,OCc1nccn1C(F)F,0,-578.6566895,-578.7391015
18083,OCc1ncno1,0,-376.6948937,-376.7440267
18085,OCc1nnn2c1CCC2,0,-473.5262416,-473.6491116
18086,OCc1nonc1CO,0,-491.1988699,-491.2792979
18093,ON=Cc1ccc[nH]1,0,-378.8620701,-378.9406101
18096,O[C@@H]1/C=C\C=C/C/C=C\C1,0,-425.3364429,-425.4926629
18097,O[C@@H]1C(F)=CC=C[C@@H]1O,0,-483.1717134,-483.2638004
18103,O[C@@H]1CCCc2c[nH]nc21,0,-457.5015423,-457.6385413
18104,O[C@@H]1CCCc2occc21,0,-461.3269489,-461.4627929
18107,O[C@@H]1CCc2cnccc21,0,-440.2680507,-440.3934457
18108,O[C@@H]1CCc2nc[nH]c2C1,0,-457.5205774,-457.6578914
18109,O[C@@H]1CCc2ncccc21,0,-440.2709691,-440.3962741
18110,O[C@@H]1CCn2ccnc2C1,0,-457.5149641,-457.6518111
18111,O[C@@H]1CCn2nccc2C1,0,-457.4987175,-457.6357405
18116,O[C@H](c1ncn[nH]1)C1CC1,0,-473.5317176,-473.6524416
18120,O[C@H]1C=CN=CN1,0,-340.7839206,-340.8595056
18126,O[C@H]1CCCc2[nH]cnc21,0,-457.5212549,-457.6584169
18127,O[C@H]1CC[C@@H]1n1ccnc1,0,-457.4773985,-457.6106495
18129,O[C@H]1CCc2[nH]ncc2C1,0,-457.5013258,-457.6384078
18130,O[C@H]1CCc2oncc2C1,0,-477.3538605,-477.4777815
18131,O[C@H]1CNc2ccnn2C1,0,-473.5454516,-473.6715496
18132,O[C@H]1COc2ccccc21,0,-460.1482223,-460.2609553
18134,O[C@H]1COc2nccn2C1,0,-493.4359131,-493.5490261
18135,O[C@H]1C[C@H](n2cnnc2)C1,1,-473.51329,-473.633578
18136,O[C@H]1Cc2cccc(F)c21,0,-484.1495405,-484.2481485
18139,Oc1[nH]nc2c1CNCC2,0,-473.542942,-473.667981
18142,Oc1cc(C2CNC2)[nH]n1,0,-473.5168388,-473.6386368
18144,Oc1cc(F)c(F)cc1F,0,-605.3258718,-605.3734688
18146,Oc1cc(F)cc(F)c1O,0,-581.3037873,-581.3634763
18147,Oc1cc(O)c(O)cc1O,0,-533.2427036,-533.3252726
18148,Oc1cc2c(cn1)NCC2,0,-456.3335244,-456.4479514
18149,Oc1cc2c(nn1)CNC2,0,-472.3453939,-472.4473799
18150,Oc1cc2cc[nH]c2cn1,0,-455.1513215,-455.2424535
18152,Oc1cc2n(n1)CCCC2,0,-457.5064715,-457.6437615
18153,Oc1ccc(C(F)F)cn1,0,-561.433948,-561.506106
18154,Oc1ccc(C(F)F)nn1,0,-577.4511507,-577.5107977
18155,Oc1ccc(C2CC2)cn1,1,-440.2519991,-440.3749231
18156,Oc1ccc(F)c(F)c1F,0,-605.3204111,-605.3680021
18158,Oc1ccc(F)cc1,0,-406.7801669,-406.8464669
18159,Oc1ccc(F)cc1O,0,-482.0279096,-482.0967856
18160,Oc1ccc([C@H]2CO2)cc1,0,-460.1183925,-460.2281995
18161,Oc1ccc2[nH]cnc2c1,0,-455.1513372,-455.2422352
18162,Oc1ccc2[nH]ncc2c1,0,-455.1281696,-455.2189436
18163,Oc1ccc2c(c1)CCO2,0,-460.1495709,-460.2619989
18164,Oc1ccc2c(c1)CNC2,0,-440.2628352,-440.3884612
18166,Oc1ccc2n[nH]nc2c1,0,-471.1664129,-471.2463339
18167,Oc1ccc2ncnn2c1,0,-471.1791334,-471.2584284
18169,Oc1ccc2ocnc2c1,0,-475.021476,-475.100136
18170,Oc1cccc(N2CC2)c1,0,-440.2289707,-440.3510717
18171,Oc1cccc2[nH]ccc12,0,-439.0907616,-439.1928836
18172,Oc1cccc2c1CCN2,0,-440.2744605,-440.3999795
18173,Oc1cccc2c1CCO2,0,-460.1535857,-460.2660997
18175,Oc1cccc2c1OCC2,0,-460.1519428,-460.2647598
18177,Oc1cccc2cc[nH]c12,0,-439.0908647,-439.1931657
18179,Oc1cccc2cnoc12,0,-474.981487,-475.05957
18181,Oc1cccc2nc[nH]c12,0,-455.1527755,-455.2437965
18182,Oc1cccc2ncoc12,0,-475.0208375,-475.0995555
18183,Oc1cccc2occc12,0,-458.9593024,-459.0492744
18184,Oc1ccccc1C1CC1,0,-424.1877215,-424.3216905
18186,Oc1cccn2nnnc12,0,-487.1985574,-487.2655874
18187,Oc1ccn2nccc2c1,0,-455.1178056,-455.2087086
18188,Oc1ccn2ncnc2n1,0,-487.2386086,-487.3063976
18189,Oc1ccnc2[nH]cnc12,0,-471.2148443,-471.2953063
18191,Oc1ccnc2c1CNC2,0,-456.318615,-456.43278
18192,Oc1ccnc2cn[nH]c12,0,-471.1807692,-471.2602332
18193,Oc1ccnc2ncnn12,0,-487.241383,-487.309739
18194,Oc1ccnn2cccc12,0,-455.105581,-455.195854
18195,Oc1cn2ccccc2n1,0,-455.1400812,-455.2311952
18196,Oc1cnc(C2CC2)nc1,0,-456.2957791,-456.4060861
18197,Oc1cnc(CF)cc1O,0,-537.3857428,-537.4693708
18198,Oc1cnc(F)cc1F,0,-522.1117757,-522.1572697
18199,Oc1cnc2[nH]ccc2c1,0,-455.1444531,-455.2351011
18200,Oc1cnc2[nH]cnc2c1,0,-471.2052166,-471.2846246
18201,Oc1cnc2c(c1)CCN2,0,-456.327274,-456.441093
18203,Oc1cnc2ccoc2c1,0,-475.0064599,-475.0847559
18204,Oc1cnc2cn[nH]c2n1,0,-487.2411959,-487.3092959
18206,Oc1cnccc1C(F)F,0,-561.4162531,-561.4897151
18207,Oc1cnn(CC(F)F)c1,0,-578.6354447,-578.7169827
18209,Oc1cnn2c1CNCC2,0,-473.5348743,-473.6600673
18210,Oc1cnnc2[nH]ccc12,0,-471.1667543,-471.2456603
18211,Oc1cnnc2ccnn12,0,-487.1878208,-487.2547878
18213,Oc1coc2cccnc12,0,-475.0052213,-475.0840143
18214,Oc1n[nH]c2c1CCCC2,0,-457.5093042,-457.6462682
18215,Oc1n[nH]c2ccncc12,0,-471.1830329,-471.2622679
18216,Oc1n[nH]c2ncccc12,0,-471.1884626,-471.2679046
18217,Oc1nc(C(F)(F)F)no1,0,-674.5473058,-674.5693808
18218,Oc1nc(C2CC2)no1,0,-454.0930915,-454.1736015
18219,Oc1nc(F)c(F)cc1F,0,-621.3889062,-621.4253542
18221,Oc1ncc(O)c(O)n1,0,-490.1278036,-490.1870956
18222,Oc1nccc2cccn12,0,-455.139759,-455.231074
18224,Oc1nccc2nncn12,0,-487.2330757,-487.3006797
18225,Oc1nccn2cnnc12,0,-487.2236739,-487.2911639
18226,Oc1ncnc(CF)c1F,0,-577.4702745,-577.5308955
18227,Oc1ncnc2nncn12,0,-503.2852145,-503.3410065
18228,Oc1ncnn2ccnc12,0,-487.2301048,-487.2982638
18229,Oc1nnc(C(F)(F)F)o1,0,-674.5518222,-674.5733692
18230,Oc1nnc2n1NCCC2,0,-489.5734806,-489.6868286
18231,Oc1nncc2c[nH]nc12,0,-487.2014278,-487.2693528
18232,Oc1nncc2ccnn12,0,-487.1969315,-487.2641885
18234,Oc1nncn2nccc12,0,-487.1913742,-487.2576822
18235,Oc1nnnc2n[nH]cc12,0,-503.2171623,-503.2716823
18236,Oc1nnnn1C1CCC1,0,-489.5531353,-489.6627683
18237,Oc1noc2c1CCNC2,0,-493.4018488,-493.5149748
18238,Oc1noc2ccccc12,0,-474.9862209,-475.0648829
18240,c1[nH]cc2c1CCCC2,0,-366.2112036,-366.3565846
18241,c1[nH]cc2c1OCCCO2,0,-477.3565568,-477.4812518
18242,c1[nH]nc2c1CCNCC2,0,-437.6057324,-437.7562054
18243,c1[nH]nc2c1CCOC2,0,-418.179273,-418.289492
18244,c1[nH]nc2c1CNCCC2,0,-437.6012588,-437.7519268
18245,c1[nH]nc2c1NCCCC2,0,-437.6063486,-437.7567376
18247,c1c2c(cc3c1CC3)CC2,0,-387.0059389,-387.1431999
18248,c1c[nH]c(C2=NCCC2)c1,0,-420.376587,-420.512965
18249,c1c[nH]c(CNC2CC2)c1,1,-421.5222413,-421.6782483
18250,c1c[nH]c(CNC2CC2)n1,1,-437.5870846,-437.7319676
18251,c1c[nH]c([C@H]2CCCN2)c1,0,-421.5558987,-421.7155447
18254,c1cc(C2CCCC2)n[nH]1,0,-421.5565931,-421.7138881
18255,c1cc(C2CNC2)on1,0,-418.1201054,-418.2267144
18256,c1cc(CNC2CC2)co1,0,-441.3856603,-441.5290473
18258,c1cc(C[C@H]2CO2)ccn1,1,-440.225761,-440.346844
18259,c1cc2[nH]ccc2cn1,0,-379.8950461,-379.9832851
18260,c1cc2c([nH]1)CCCNC2,0,-421.5549477,-421.7167577
18261,c1cc2c(cn1)CCCO2,0,-440.2668037,-440.3936677
18262,c1cc2c(cn1)COC2,0,-400.9478318,-401.0453558
18263,c1cc2c(cn1)NCCN2,0,-436.4382102,-436.5658482
18264,c1cc2c(nn1)CCNC2,0,-436.3984036,-436.5250196
18265,c1cc2c(o1)CNCC2,0,-402.1235912,-402.2454582
18266,c1cc2cc[nH]c2nn1,0,-395.9182553,-395.9942083
18267,c1cc2ccoc2cn1,0,-399.7614833,-399.8374563
18268,c1cc2cn[nH]c2cn1,0,-395.9309152,-396.0075902
18271,c1cc2n(c1)CCCN2,0,-382.2520157,-382.3858387
18272,c1cc2n(c1)CCCNC2,0,-421.5472334,-421.7093224
18273,c1cc2n(n1)CCCNC2,0,-437.6011983,-437.7520613
18274,c1cc2nc[nH]c2cn1,0,-395.9549753,-396.0318433
18275,c1cc2ocnc2cn1,0,-415.8238878,-415.8882858
18276,c1ccc(C2=NC2)cc1,0,-363.776465,-363.872031
18277,c1ccc(C2CC2)nc1,0,-364.9976499,-365.1173749
18279,c1ccc(C2COC2)cc1,0,-424.1722021,-424.3079221
18280,c1ccc(C[C@H]2CN2)cc1,0,-404.2894875,-404.4367425
18281,c1ccc([C@@H]2CCN2)cc1,0,-404.2906782,-404.4382822
18282,c1ccc2[nH]ccc2c1,0,-363.8440469,-363.9437289
18283,c1ccc2[nH]nnc2c1,0,-395.9209098,-395.9971068
18284,c1ccc2c(c1)CCCN2,0,-404.3357782,-404.4864752
18285,c1ccc2c(c1)CCNC2,0,-404.3258558,-404.4769008
18286,c1ccc2c(c1)CCOC2,0,-424.2067476,-424.3450146
18287,c1ccc2c(c1)CNCO2,0,-440.2620568,-440.3893738
18288,c1ccc2c(c1)CNN2,0,-381.0452691,-381.1565801
18289,c1ccc2c(c1)CNOC2,0,-440.2077446,-440.3338646
18290,c1ccc2c(c1)C[C@H]1O[C@@H]21,0,-422.9851871,-423.1000211
18292,c1ccc2c(c1)NCN2,0,-381.0722721,-381.1833211
18293,c1ccc2c(c1)OCCO2,0,-460.138773,-460.253068
18294,c1ccc2ccccc2c1,0,-385.9085674,-386.0253224
18296,c1ccc2ncncc2c1,0,-418.0135054,-418.1068344
18297,c1ccc2nnccc2c1,0,-417.9761426,-418.0685406
18298,c1ccc2nncnc2c1,0,-434.0272675,-434.1077775
18299,c1ccc2nocc2c1,0,-399.7190648,-399.7943028
18300,c1ccc2occc2c1,0,-383.7134743,-383.8010683
18301,c1ccc2oncc2c1,0,-399.736189,-399.811641
18302,c1ccn(CC[C@H]2CO2)c1,1,-441.401968,-441.545342
18303,c1ccn([C@@H]2CCNC2)c1,0,-421.544653,-421.704994
18304,c1ccn2nncc2c1,0,-395.9062492,-395.9822022
18305,c1cn(CC2CC2)nn1,0,-398.2551492,-398.3720832
18306,c1cn(CC2CNC2)cn1,1,-437.5781801,-437.7238901
18308,c1cn2c(n1)CCCCC2,0,-421.5702179,-421.7321719
18309,c1cn2c(n1)CNCCC2,0,-437.6126326,-437.7632376
18310,c1cn2c(n1)COCC2,0,-418.1920435,-418.3022195
18312,c1cn2cncc2cn1,0,-395.9295207,-396.0057777
18313,c1cn2cnnc2cn1,0,-411.9646094,-412.0286734
18314,c1cn2ncnc2cn1,0,-411.9819313,-412.0469173
18315,c1cnc(C2CNC2)cn1,0,-436.3904043,-436.5147523
18316,c1cnc(C2CNC2)nc1,0,-436.3959283,-436.5197573
18317,c1cnc(NC2CC2)nc1,0,-436.416119,-436.538818
18318,c1cnc2[nH]ccc2n1,0,-395.9480807,-396.0245837
18319,c1cnc2[nH]cnc2n1,0,-412.0078142,-412.0729362
18320,c1cnc2[nH]ncc2c1,0,-395.9383453,-396.0152913
18321,c1cnc2c(c1)CCCO2,0,-440.269601,-440.396311
18322,c1cnc2c(c1)CNC2,0,-381.0685538,-381.1797918
18323,c1cnc2c(c1)OCCC2,0,-440.2665522,-440.3930532
18324,c1cnc2c(c1)OCCN2,0,-456.3215015,-456.4367285
18325,c1cnc2c(n1)CCCC2,0,-420.3884489,-420.5268829
18326,c1cnc2c(n1)CNC2,0,-397.1164627,-397.2156107
18327,c1cnc2c(n1)NCCN2,0,-452.5031077,-452.6190857
18328,c1cnc2cc[nH]c2c1,0,-379.8947131,-379.9827391
18329,c1cnc2ccnn2c1,0,-395.9215563,-395.9979723
18330,c1cnc2ccoc2c1,0,-399.7630493,-399.8389693
18331,c1cnc2cnccc2c1,0,-418.0084506,-418.1016956
18332,c1cnc2n[nH]nc2n1,0,-428.013037,-428.06681
18333,c1cnc2nc[nH]c2c1,0,-395.9559095,-396.0326565
18334,c1cnc2nccnc2c1,0,-434.0573889,-434.1385969
18336,c1cnc2ncoc2c1,0,-415.8251879,-415.8895929
18337,c1cnc2nnnn2c1,0,-427.9938804,-428.0458544
18338,c1cnc2occc2c1,0,-399.767999,-399.844078
18339,c1cnc2ocnc2c1,0,-415.8297663,-415.8943413
18340,c1cncc(NC2CC2)c1,0,-420.3469087,-420.4816677
18341,c1cnn(C2CCCC2)c1,1,-421.5514137,-421.7103777
18342,c1cnn(C2CNC2)n1,0,-414.3088556,-414.4167556
18343,c1cnn(C[C@H]2CO2)c1,1,-418.1455257,-418.2513877
18344,c1cnn2nnnc2n1,0,-444.0128254,-444.0525374
18346,c1cnnc([C@H]2CCN2)c1,0,-436.3631592,-436.4866412
18347,c1coc(C2=NCCC2)c1,0,-440.238536,-440.361809
18348,c1coc(C2OCCO2)c1,1,-497.2355735,-497.3443105
18349,c1coc([C@@H]2CCCN2)n1,0,-457.489976,-457.625082
18350,c1coc([C@@H]2CCNC2)c1,0,-441.4226082,-441.5689642
18351,c1n[nH]c2c1CCCCC2,0,-421.5617058,-421.7237738
18352,c1n[nH]c2c1CCCN2,0,-398.3036163,-398.4263773
18353,c1n[nH]c2c1CCNC2,0,-398.2987434,-398.4218944
18356,c1n[nH]cc1OC1CCC1,0,-457.4480003,-457.5812763
18357,c1n[nH]cc1[C@@H]1CCOC1,1,-457.4791648,-457.6134928
18358,c1n[nH]nc1[C@@H]1CCNC1,0,-453.6430087,-453.7790137
18359,c1nc(C2CCC2)n[nH]1,0,-398.291085,-398.410406
18360,c1nc(CNC2CC2)c[nH]1,0,-437.5834826,-437.7281626
18361,c1nc([C@H]2CCNC2)no1,0,-473.5183448,-473.6419738
18362,c1nc2c([nH]1)CCNCC2,0,-437.6187138,-437.7689938
18363,c1nc2c([nH]1)CCOC2,0,-418.1972975,-418.3074195
18364,c1nc2c(o1)CCNC2,0,-418.1886945,-418.2991345
18366,c1ncc(C2CNC2)cn1,0,-436.3926762,-436.5177512
18368,c1ncc([C@H]2CCCO2)[nH]1,0,-457.5016858,-457.6370818
18369,c1ncc2[nH]cnc2n1,0,-412.0075944,-412.0727564
18370,c1ncc2[nH]ncc2n1,0,-411.982266,-412.04715
18371,c1ncc2c(n1)CCCC2,0,-420.3929836,-420.5318416
18372,c1ncc2c(n1)NCCN2,0,-452.5012031,-452.6159341
18373,c1ncc2n[nH]nc2n1,0,-428.0174487,-428.0713367
18374,c1ncc2ncoc2n1,0,-431.8794967,-431.9323027
18376,c1ncn(C2CNC2)n1,0,-414.3255634,-414.4339264
18378,c1ncn2c1CNCC2,0,-398.3098349,-398.4329639
18379,c1nnc(NC2CC2)o1,0,-434.2034021,-434.2964441
18380,c1nnc2n1CCNCC2,0,-453.6572925,-453.7959125
18381,c1nnc2n1NCCC2,0,-414.3264569,-414.4370849
18382,c1nnn2c1CCCC2,0,-398.2960056,-398.4183776
18383,c1noc2c1CNCC2,0,-418.1522903,-418.2622883
