Diene,Ene,Diene_Indexs,Ene_Indexs
C=CC=C,C=C,2209,862
CC1=C(C)C(C)=C(C)C1,C=C,3001,862
COc1nccnn1,C=C,3998,862
Cc1ccnc(C)c1O,C=C,4076,862
Nc1cccccc1=O,C=C,5215,862
O=Cc1ccc(CO)[nH]1,C=C,5518,862
c1ccccc1,C=C,5889,862
c1nn[nH]n1,C=C,5941,862
c1nncnn1,C=C,5944,862
CC(C)(C)C1C=CC=C1,C=C,8614,862
Cc1nncnc1O,C=C,10030,862
N#CNc1ccccc1,C=C,10214,862
c1cn[nH]n1,C=C,11867,862
c1cnncn1,C=C,11875,862
c1nc[nH]n1,C=C,11887,862
C=C(C)C(=C)C,C=C,11946,862
C#Cc1ccc[nH]1,C=C,11970,862
C#Cc1ccn[nH]1,C=C,11975,862
C#Cc1ccoc1C,C=C,11977,862
C#Cc1cncn1C,C=C,11980,862
C#Cn1cccc1,C=C,11983,862
C/C(=C\N=O)NO,C=C,11985,862
C/C=C(C)/C=N\NC,C=C,11994,862
C/C=C(\O)C(=O)O,C=C,12000,862
C/C=C/C=C/C=N\O,C=C,12006,862
C/C=C/C=C\[C@H](C)O,C=C,12009,862
C/C=C/n1cccc1,C=C,12019,862
C/C=C\C(F)=C(F)F,C=C,12021,862
C1=CC2(C=C1)CC2,C=C,12037,862
C1=CC=CC=CC=C1,C=C,12040,862
C1=CC=CCC=C1,C=C,12041,862
C1CC1c1nn[nH]n1,C=C,12071,862
C=C(OC)C(=C)OC,C=C,12108,862
C=C/C=C(\C)CO,C=C,12110,862
C=C/C=C/CC(=O)O,C=C,12113,862
C=C/C=C/OC,C=C,12116,862
C=C/C=C\CCCC,C=C,12121,862
C=C/C=N/N=C(/C)N,C=C,12123,862
C=C1CCN(C)C1=O,C=C,12136,862
C=C1C[C@H](C)OC1=O,C=C,12143,862
C=C1NC(=O)NC1=O,C=C,12147,862
C=C=CC(C)=O,C=C,12151,862
C=CC(=C)CCCO,C=C,12158,862
C=CC(=N)N,C=C,12160,862
C=CC(=O)NOCC,C=C,12172,862
C=CC1=CC=CC1,C=C,12183,862
C=CCn1cccc1,C=C,12223,862
C=Cc1ccc(C)o1,C=C,12254,862
C=Cc1ccn[nH]1,C=C,12256,862
C=Cc1cnc[nH]1,C=C,12259,862
C=Cc1nn[nH]n1,C=C,12263,862
C=Cn1cncn1,C=C,12268,862
C=Cn1cnnn1,C=C,12269,862
C=Cn1nnnc1O,C=C,12271,862
C=NN=C,C=C,12278,862
C=Nc1ccccn1,C=C,12279,862
CC(=O)/C(C)=C/O,C=C,12285,862
CC(=O)C(=O)C1CC1,C=C,12290,862
CC(=O)C1=CC=N1,C=C,12293,862
CC(=O)C=C1COC1,C=C,12297,862
CC(=O)c1ncn[nH]1,C=C,12308,862
CC(C)=NC(=O)NO,C=C,12326,862
CC(C)=NN=C(C)C,C=C,12327,862
CC(C)C1C=CC=C1,C=C,12331,862
CC(C)n1cnnc1,C=C,12342,862
CC/C=C/C(=N)N,C=C,12349,862
CC1(CO)C=CC=C1,C=C,12373,862
CC1=CC=NC(=O)C1,C=C,12390,862
CC1=NCCN=C1C,C=C,12409,862
CC1=NN=C(C)C1,C=C,12410,862
CC1C=CC=CC=C1,C=C,12418,862
CCC(=O)/C(C)=C\N,C=C,12426,862
CCC(=O)/C=C(\C)O,C=C,12427,862
CCC(=O)C(=O)OC,C=C,12428,862
CCC1=CCC(C)=C1,C=C,12437,862
CCNc1ncc[nH]1,C=C,12459,862
CCc1cc(O)on1,C=C,12485,862
CN(C)/N=C/C=O,C=C,12516,862
CN(C)c1ncn[nH]1,C=C,12522,862
CN(C)c1nn[nH]n1,C=C,12523,862
CN(C)n1cccc1,C=C,12524,862
CNCc1ccn[nH]1,C=C,12554,862
CNCc1ncon1,C=C,12559,862
CNc1cnco1,C=C,12571,862
CNc1cnn[nH]1,C=C,12572,862
CNc1cocn1,C=C,12574,862
CNc1ncco1,C=C,12580,862
CO/C=C(/F)C(=O)O,C=C,12587,862
CO/N=C/C(=O)O,C=C,12592,862
COC1=CC=CCC1,C=C,12610,862
COc1ccco1,C=C,12640,862
COc1ccoc1,C=C,12645,862
COc1cnc(C)o1,C=C,12646,862
C[C@@H](N)c1nnco1,C=C,12660,862
C[C@H](N)c1cc[nH]n1,C=C,12680,862
C[C@H](N)c1ccno1,C=C,12681,862
C[C@H]1C=CC=CC1,C=C,12691,862
Cc1c[nH]c(C)c1,C=C,12712,862
Cc1ccc(C)[nH]1,C=C,12747,862
Cc1ccc[nH]1,C=C,12760,862
Cc1ccnnn1,C=C,12782,862
Cc1cnc(N)nn1,C=C,12806,862
Cc1cnoc1CO,C=C,12822,862
Cc1cnon1,C=C,12824,862
Cc1coc(C=O)n1,C=C,12827,862
Cc1coc(O)c1,C=C,12830,862
Cc1conc1CO,C=C,12835,862
Cc1nc(C=O)no1,C=C,12848,862
Cc1nccn1C#N,C=C,12864,862
Cc1ncoc1C,C=C,12873,862
Cc1nnc(C#N)o1,C=C,12879,862
Cc1nnc(C)nn1,C=C,12881,862
Cc1nnc(C=O)[nH]1,C=C,12882,862
Cc1nnc(N)n1N,C=C,12885,862
Cc1nncc(N)n1,C=C,12888,862
Cc1nnn(N)c1C,C=C,12890,862
Cc1nonc1O,C=C,12905,862
Cn1c(N)ccc1N,C=C,12916,862
Cn1cc(C#N)nn1,C=C,12918,862
Cn1cccc1,C=C,12934,862
Cn1ccccc1=N,C=C,12939,862
Cn1ccnc1,C=C,12942,862
Cn1ccnn1,C=C,12946,862
Cn1cnc(C=O)n1,C=C,12952,862
Cn1cnnc1,C=C,12962,862
Cn1nccc1NN,C=C,12976,862
Cn1ncnn1,C=C,12981,862
Cn1nnc(C#N)n1,C=C,12982,862
FC(F)=CC=C(F)F,C=C,12998,862
Fc1c[nH]cc1F,C=C,13009,862
Fc1cc[nH]n1,C=C,13013,862
Fc1ccncc1,C=C,13020,862
N#CC(/C=N/O)=N\O,C=C,13032,862
N#CC(=N)C(=N)C#N,C=C,13033,862
N#CCc1ccco1,C=C,13040,862
N#CCc1ncn[nH]1,C=C,13047,862
N#CCn1cccc1,C=C,13050,862
N#Cc1c[nH]c(N)c1,C=C,13058,862
N#Cc1cc[nH]c1,C=C,13060,862
N#Cc1ccoc1,C=C,13069,862
N#Cc1ccoc1N,C=C,13070,862
N#Cc1ccon1,C=C,13071,862
N#Cc1cn[nH]n1,C=C,13073,862
N#Cc1cnnnc1,C=C,13076,862
N#Cc1n[nH]c(N)n1,C=C,13081,862
N#Cc1nccn1O,C=C,13084,862
N#Cc1ncco1,C=C,13085,862
N#Cc1ncon1,C=C,13087,862
N#Cc1nnc[nH]1,C=C,13088,862
N#Cn1ccnc1,C=C,13092,862
N/N=C/C=N/N,C=C,13096,862
N=C(N)/N=N/C(=N)N,C=C,13100,862
N=C(N)c1cnn[nH]1,C=C,13110,862
N=C(N)n1cncn1,C=C,13112,862
N=C(NN)C(=N)NN,C=C,13113,862
NC(=N/O)/C(N)=N\O,C=C,13123,862
NC(=O)C1=NCCN1,C=C,13127,862
NC(=O)N=NC(N)=O,C=C,13128,862
NC(=O)c1cn[nH]n1,C=C,13135,862
NC(=O)n1cccc1,C=C,13140,862
NC(N)=NC=O,C=C,13141,862
NC1=CC=C(CO)C1,C=C,13148,862
NC1=CC=CCO1,C=C,13149,862
NC1=CC=NCN1,C=C,13150,862
NC1=CNCC=C1,C=C,13153,862
NC1=NC(N)=N1,C=C,13157,862
NC1=NN=CNN1,C=C,13161,862
NC[C@H]1C=CN=N1,C=C,13184,862
NCc1cc(F)n[nH]1,C=C,13187,862
NNc1cc(N)[nH]n1,C=C,13204,862
NNc1cncnc1,C=C,13210,862
NNc1nc(N)n[nH]1,C=C,13211,862
NNc1ncnn1N,C=C,13213,862
NNc1nncn1N,C=C,13214,862
N[C@@H]1N=CC=NC1=O,C=C,13221,862
Nc1[nH]nnc1O,C=C,13229,862
Nc1c[nH]cn1,C=C,13231,862
Nc1cc[nH]c(=O)c1,C=C,13235,862
Nc1cc[nH]c1,C=C,13237,862
Nc1ccc(F)nn1,C=C,13239,862
Nc1ccccc1,C=C,13246,862
Nc1ccco1,C=C,13251,862
Nc1cncc(=O)[nH]1,C=C,13270,862
Nc1cnoc1,C=C,13280,862
Nc1ncc(CO)[nH]1,C=C,13286,862
Nc1ncncc1O,C=C,13299,862
Nc1ncncn1,C=C,13300,862
Nc1nnc(O)nn1,C=C,13302,862
Nc1nncnn1,C=C,13304,862
Nc1nnn[nH]1,C=C,13306,862
Nc1nnnnn1,C=C,13308,862
Nn1cccc1,C=C,13313,862
Nn1cccn1,C=C,13315,862
Nn1cnnc1,C=C,13319,862
O/N=C/c1c[nH]cn1,C=C,13322,862
O/N=C/c1cc[nH]n1,C=C,13324,862
O/N=C/c1ccoc1,C=C,13325,862
O=C(NO)C(=O)NO,C=C,13333,862
O=C(O)/N=N/C(=O)O,C=C,13337,862
O=C(O)C1=CCC=C1,C=C,13341,862
O=C(O)C1=NC=NC1,C=C,13345,862
O=C(O)C1=NOCC1,C=C,13346,862
O=C(O)C1C=CC=C1,C=C,13347,862
O=C(O)c1cnon1,C=C,13358,862
O=C(O)c1nn[nH]n1,C=C,13361,862
O=C(O)n1nccn1,C=C,13363,862
O=C1C(=O)C(O)C1=O,C=C,13364,862
O=C1NCCNC1=O,C=C,13392,862
O=C1OCCOC1=O,C=C,13397,862
O=CC(=O)CO,C=C,13400,862
O=CC=O,C=C,13402,862
O=CCc1ccon1,C=C,13405,862
O=CNc1ncn[nH]1,C=C,13410,862
O=Cc1cn[nH]n1,C=C,13425,862
O=Cc1cnco1,C=C,13427,862
O=Cc1cocn1,C=C,13429,862
O=Cc1nc[nH]n1,C=C,13430,862
O=Cc1nccnn1,C=C,13432,862
O=Nn1ccnc1,C=C,13437,862
O=c1[nH]cc[nH]c1=O,C=C,13438,862
O=c1occcc1O,C=C,13458,862
OC1=CN=NCC1,C=C,13463,862
OCC1=NN=CC1,C=C,13471,862
OCc1nnc(O)[nH]1,C=C,13496,862
Oc1ccc(O)o1,C=C,13517,862
Oc1ccnc(O)c1,C=C,13525,862
Oc1ccoc1O,C=C,13526,862
c1c[nH]cn1,C=C,13536,862
c1cc(C2CC2)co1,C=C,13537,862
c1cc2[nH]ccn2n1,C=C,13541,862
c1cc[nH]c1,C=C,13544,862
c1ccnnc1,C=C,13548,862
c1ccoc1,C=C,13549,862
c1cn2c(n1)NCC2,C=C,13552,862
c1cn2cc[nH]c2n1,C=C,13553,862
c1cn[nH]c1,C=C,13554,862
c1cnccn1,C=C,13555,862
c1cncnc1,C=C,13556,862
c1cnoc1,C=C,13559,862
c1cnon1,C=C,13560,862
c1cocn1,C=C,13561,862
c1n[nH]c2c1COC2,C=C,13563,862
c1nc2c([nH]1)CNC2,C=C,13568,862
c1nc2c([nH]1)NON2,C=C,13569,862
c1nc2n(n1)CCC2,C=C,13570,862
c1nn[nH]c1C1CC1,C=C,13572,862
c1nnco1,C=C,13575,862
c1nnnn1C1CC1,C=C,13576,862
c1onc2c1CNC2,C=C,13577,862
C#CC(C)(C)n1cccc1,C=C,13583,862
C#CCC(=C)C(=O)OCC,C=C,13586,862
C#CCCc1c[nH]cn1,C=C,13593,862
C#CCCn1cncn1,C=C,13595,862
C#CCNC(=O)C=C(C)C,C=C,13596,862
C#CCOc1cnn(C)c1,C=C,13602,862
C#CCOc1ncccn1,C=C,13603,862
C#CCc1c[nH]c(N)n1,C=C,13606,862
C#CCc1ccc(F)cc1,C=C,13607,862
C#CCn1ccccc1=O,C=C,13610,862
C#CCn1ccnc1C=O,C=C,13611,862
C#CCn1nc(C)nc1C,C=C,13612,862
C#CCn1nnc(N)n1,C=C,13613,862
C#C[C@H](N)c1ccccn1,C=C,13617,862
C#C[C@H](O)c1cccnc1,C=C,13618,862
C#Cc1c(C)nn(C)c1C,C=C,13623,862
C#Cc1c(C)noc1C,C=C,13624,862
C#Cc1c(F)cccc1F,C=C,13625,862
C#Cc1c[nH]nc1C(=O)O,C=C,13626,862
C#Cc1cc(C#C)n(C)n1,C=C,13627,862
C#Cc1cc(C)ccc1N,C=C,13628,862
C#Cc1cc(F)cnc1N,C=C,13629,862
C#Cc1cc(N)ccc1O,C=C,13630,862
C#Cc1cc(N)cnc1C,C=C,13632,862
C#Cc1cc(O)cc(O)c1,C=C,13633,862
C#Cc1ccc(=O)[nH]c1,C=C,13634,862
C#Cc1ccc(C#N)cc1,C=C,13636,862
C#Cc1ccc(CO)nc1,C=C,13639,862
C#Cc1ccc(F)cc1C,C=C,13640,862
C#Cc1ccc(F)cn1,C=C,13642,862
C#Cc1ccc(N)c(F)c1,C=C,13643,862
C#Cc1ccc(NC)nn1,C=C,13644,862
C#Cc1ccc(O)c(O)c1,C=C,13645,862
C#Cc1ccc2c(c1)CC2,C=C,13646,862
C#Cc1cccc(C)c1C,C=C,13647,862
C#Cc1cccc(CN)c1,C=C,13648,862
C#Cc1cccc(CO)n1,C=C,13649,862
C#Cc1cccc(O)c1O,C=C,13651,862
C#Cc1ccccc1CN,C=C,13653,862
C#Cc1cccnc1F,C=C,13654,862
C#Cc1ccnc(C)c1,C=C,13655,862
C#Cc1ccnc(N)n1,C=C,13656,862
C#Cc1ccncc1F,C=C,13657,862
C#Cc1cnc(N)nc1,C=C,13658,862
C#Cc1cnc(OC)cn1,C=C,13659,862
C#Cc1cncc(C)n1,C=C,13661,862
C#Cc1cncc(OC)c1,C=C,13662,862
C#Cc1cnn(C(C)C)c1,C=C,13663,862
C#Cc1cnn(CC)c1C,C=C,13665,862
C#Cc1nc(C)cc(C)n1,C=C,13666,862
C#Cc1ncc(C)cc1N,C=C,13667,862
C#Cc1ncc(C=O)cn1,C=C,13668,862
C#Cc1ncccc1OC,C=C,13671,862
C#Cc1nccnc1N,C=C,13672,862
C/C(=C/CC(=O)O)C(=O)O,C=C,13675,862
C/C(=C\C(=O)O)CC(=O)O,C=C,13676,862
C/C(=C\C1CC1)C(=O)O,C=C,13677,862
C/C(=N/O)c1cnccn1,C=C,13680,862
C/C(=N\N=C(N)N)C(=O)O,C=C,13681,862
C/C(=N\O)C(=O)C(C)(C)C,C=C,13682,862
C/C(=N\O)c1cc[nH]c1,C=C,13683,862
C/C(=N\O)c1ccc(C)o1,C=C,13684,862
C/C(=N\O)c1ccnn1C,C=C,13685,862
C/C(CCO)=N/N=C(N)N,C=C,13688,862
C/C(N)=C/C(=O)OC(C)C,C=C,13690,862
C/C(O)=N/c1ncn[nH]1,C=C,13692,862
C/C=C(C)/C=C/C=C(C)C,C=C,13694,862
C/C=C(F)/C=N/C(C)(C)C,C=C,13695,862
C/C=C(\F)c1ccccc1,C=C,13698,862
C/C=C/C(=O)NC(C)C,C=C,13699,862
C/C=C/C(=O)[C@@H](C)CC,C=C,13701,862
C/C=C/C/C=C/C(=O)OC,C=C,13703,862
C/C=C/C=C(\C)C(=O)O,C=C,13704,862
C/C=C/C=C/C(=O)N(C)C,C=C,13705,862
C/C=C/C=C\C(C)(C)C,C=C,13707,862
C/C=C/C=C\C=C(C)C,C=C,13708,862
C/C=C/C=N/N(CC)CC,C=C,13711,862
C/C=C/C=N/NC(C)C,C=C,13712,862
C/C=C/C=N/n1cnnc1,C=C,13713,862
C/C=C/c1nccn1C,C=C,13721,862
C/C=C1\C(=O)[C@H]2CC[C@@H]1C2,C=C,13722,862
C/C=C\C(=N/CCC)OC,C=C,13725,862
C/C=C\C(=O)CCCC#N,C=C,13726,862
C/C=C\C(=O)N(CC)CC,C=C,13727,862
C/C=C\C(=O)OCCC#N,C=C,13728,862
C/C=C\C=C/CCCCC,C=C,13731,862
C/C=C\C=C\C=C/C(=O)O,C=C,13732,862
C/C=C\N=C(\CCC)OC,C=C,13734,862
C/C=C\c1ccc(O)cc1,C=C,13737,862
C/C=C\c1ccccc1O,C=C,13738,862
C/C=C\n1ccccc1=O,C=C,13739,862
C/N=C(/N)c1ccncc1,C=C,13743,862
C/N=C(\C#N)C(=O)C(=O)O,C=C,13744,862
C/N=C(\N)n1cccn1,C=C,13747,862
C/N=C/c1cccc(O)c1,C=C,13748,862
C/N=N/Nc1ccccc1,C=C,13749,862
C1=C(c2cccnc2)CC1,C=C,13752,862
C1=CC2=C(C1)CCCC2,C=C,13754,862
C1=CC2=C(C1)[C@@H]1C=C[C@H]2C1,C=C,13755,862
C1=CC2C=CC(C=C1)C=C2,C=C,13757,862
C1=CC=C=c2ccccc2=1,C=C,13758,862
C1=CCCCC/C=C/1,C=C,13761,862
C1=CCC[C@@H]2C[C@@H]2C=C1,C=C,13762,862
C1=CCc2[nH]ccc2C1,C=C,13770,862
C1=CCc2ccccc2C1,C=C,13771,862
C1=CN2C=NNC2=CN=C1,C=C,13772,862
C1=C[C@@H]2C=C[C@H](C=C1)C2,C=C,13777,862
C1=C[C@@H]2CCC[C@@H]2C=C1,C=C,13778,862
C1=C[C@@H]2O[C@@H]2C=C/C=C/1,C=C,13782,862
C1=C[C@H]2CCC[C@H](C=C1)C2,C=C,13788,862
C1=NCC2=CC=NC2=N1,C=C,13799,862
C1=NCCc2[nH]ccc21,C=C,13800,862
C1=NCCn2cccc21,C=C,13801,862
C1=NCc2ccccc21,C=C,13803,862
C1=NCc2ccccc2N1,C=C,13804,862
C1=NCc2ncncc21,C=C,13805,862
C1CC1Cc1nnn[nH]1,C=C,13808,862
C1CCC(c2nnn[nH]2)C1,C=C,13810,862
C1CCC2=NCN=C2C1,C=C,13812,862
C1CCN(c2nn[nH]n2)C1,C=C,13813,862
C1CCc2n[nH]nc2C1,C=C,13817,862
C1CNC(C2=NCCN2)=N1,C=C,13821,862
C1CNc2nonc2N1,C=C,13824,862
C1CNn2nnnc2N1,C=C,13825,862
C1COC(C2=NCCO2)=N1,C=C,13826,862
C1Cc2nnnn2CCN1,C=C,13829,862
C1OCc2nonc2CO1,C=C,13831,862
C=C(/C=N/CCCC)OC,C=C,13833,862
C=C(C(=O)OC)[C@@H](C)O,C=C,13834,862
C=C(C(N)=O)[C@@H](N)C(=O)O,C=C,13836,862
C=C(C)/C=C(\C)CC(=C)C,C=C,13837,862
C=C(C)/C=C/C(=C)CC,C=C,13838,862
C=C(C)/C=C/C=C/CCC,C=C,13839,862
C=C(C)/C=C/OC(C)=O,C=C,13841,862
C=C(C)/C=C\CC(=C)C,C=C,13842,862
C=C(C)/C=N\O,C=C,13843,862
C=C(C)C(=O)N(CC)CC,C=C,13845,862
C=C(C)C(=O)NCOC,C=C,13846,862
C=C(C)C(=O)OCCCF,C=C,13847,862
C=C(C)C(=O)OC[C@H]1CO1,C=C,13849,862
C=C(C)C(=O)O[C@H](C)CC,C=C,13850,862
C=C(C)C1=CC[C@H](C)CC1,C=C,13854,862
C=C(C)CC/C=C/C(=O)O,C=C,13855,862
C=C(C)c1c(C)noc1N,C=C,13867,862
C=C(C)c1c[nH]ccc1=N,C=C,13868,862
C=C(C)c1ccc(O)cc1,C=C,13869,862
C=C(C)c1cccc(N)c1,C=C,13870,862
C=C(C)c1ccccc1F,C=C,13871,862
C=C(C)c1ncncc1N,C=C,13872,862
C=C(C)n1nnc(N)n1,C=C,13873,862
C=C(CC(=O)OC)C(=O)O,C=C,13875,862
C=C(CC(C)C)C(C)=O,C=C,13876,862
C=C(CC1CC1)C(=O)OC,C=C,13879,862
C=C(CCN(C)C)C(=O)O,C=C,13880,862
C=C(CCN=C=O)C(=O)O,C=C,13881,862
C=C(CN)c1ccccc1,C=C,13883,862
C=C(CO)c1ccncc1,C=C,13886,862
C=C(F)C(=O)OC(C)(C)C,C=C,13888,862
C=C(F)Cn1ccc(N)n1,C=C,13890,862
C=C(NC(C)=O)C(=O)O,C=C,13891,862
C=C(OC)c1nnn(C)n1,C=C,13896,862
C=C/C(C)=C/CC(=C)C,C=C,13897,862
C=C/C=C(/CCC)C(=O)O,C=C,13899,862
C=C/C=C/C1CCCCC1,C=C,13900,862
C=C/C=C/CC=C,C=C,13902,862
C=C/C=C/CCC(=O)OC,C=C,13903,862
C=C/C=C\C(CC)CC,C=C,13905,862
C=C/C=C\c1ccccc1,C=C,13906,862
C=C1C(=O)C2CCN1CC2,C=C,13907,862
C=C1C(=O)CC[C@H]1C(=O)O,C=C,13908,862
C=C1C(=O)OC=C1C(=O)O,C=C,13909,862
C=C1C(=O)[C@@H]2CCCO[C@H]12,C=C,13910,862
C=C1CC(C)(C)NC1=O,C=C,13917,862
C=C1CCc2ccccc21,C=C,13926,862
C=C1C[C@H](CO)N(C)C1=O,C=C,13932,862
C=C=C(CCCC)C(=O)O,C=C,13938,862
C=C=Cc1ccccc1,C=C,13943,862
C=C=Cn1nnnc1N,C=C,13944,862
C=CC(=C)CCC=C(C)C,C=C,13947,862
C=CC(=O)C=C,C=C,13948,862
C=CC(=O)CCCCC,C=C,13949,862
C=CC(=O)COC(C)=O,C=C,13950,862
C=CC(=O)N(C)CC(=O)O,C=C,13951,862
C=CC(=O)N1CC(CO)C1,C=C,13952,862
C=CC(=O)N1CCC[C@@H]1C,C=C,13953,862
C=CC(=O)N1CCNCC1,C=C,13954,862
C=CC(=O)N1CCOC1=O,C=C,13955,862
C=CC(=O)NC(=N)NC#N,C=C,13956,862
C=CC(=O)NC(=O)NC,C=C,13957,862
C=CC(=O)NC1CCCC1,C=C,13958,862
C=CC(=O)NCC1CCC1,C=C,13959,862
C=CC(=O)NCCCOC,C=C,13960,862
C=CC(=O)NC[C@@H](O)CO,C=C,13961,862
C=CC(=O)N[C@@H](O)C(=O)O,C=C,13963,862
C=CC(=O)OCC(F)(F)F,C=C,13964,862
C=CC(=O)OCCCCO,C=C,13965,862
C=CC(=O)OCCNCC,C=C,13967,862
C=CC(=O)O[C@@H](C)CO,C=C,13968,862
C=CC(=O)O[C@H]1CCCO1,C=C,13969,862
C=CC(=O)[C@@H](C)C(=O)OC,C=C,13970,862
C=CC(F)(F)C(=O)C(=O)O,C=C,13974,862
C=CC1=NC(C)(C)C(=O)O1,C=C,13986,862
C=CC=C1CCCCC1,C=C,13988,862
C=CCCc1ccc(C)o1,C=C,14007,862
C=CCCc1cccnc1,C=C,14008,862
C=CCCc1nnc(N)o1,C=C,14009,862
C=CCNC(=O)/C=C\C,C=C,14019,862
C=CCNCc1ccco1,C=C,14021,862
C=CCNc1ccncc1,C=C,14025,862
C=CCNc1nnnn1C,C=C,14026,862
C=CCOC(=O)/C(C)=C\C,C=C,14027,862
C=CCOc1cnccn1,C=C,14039,862
C=CCOn1ccnc1,C=C,14040,862
C=CCc1cc(C)ccn1,C=C,14049,862
C=CCc1ccc(C)nc1,C=C,14051,862
C=CCc1cccc(F)c1,C=C,14052,862
C=CCc1ccccc1N,C=C,14053,862
C=CCc1cnccc1C,C=C,14054,862
C=CCc1occc1C=O,C=C,14055,862
C=CCn1ccc(CN)n1,C=C,14057,862
C=CCn1cccc1C=O,C=C,14059,862
C=CCn1ccnc1CO,C=C,14060,862
C=CCn1nncc1CO,C=C,14063,862
C=COC(=O)/C=C\C,C=C,14065,862
C=COC(=O)c1ccco1,C=C,14067,862
C=COc1ccc(N)cc1,C=C,14071,862
C=COc1cccc(C)c1,C=C,14072,862
C=C[C@@H](O)c1ccncc1,C=C,14076,862
C=Cc1c(C)cccc1C,C=C,14090,862
C=Cc1c(F)ccnc1O,C=C,14091,862
C=Cc1c[nH]c(=O)cc1C,C=C,14092,862
C=Cc1c[nH]c(=O)nc1N,C=C,14093,862
C=Cc1cc(=O)[nH]c(=O)[nH]1,C=C,14094,862
C=Cc1cc(C)ccc1C,C=C,14095,862
C=Cc1cc(F)cc(F)c1,C=C,14097,862
C=Cc1cc(F)ccc1F,C=C,14098,862
C=Cc1cc(N)ccn1,C=C,14099,862
C=Cc1ccc(=O)[nH]c1C,C=C,14100,862
C=Cc1ccc(C)c(F)c1,C=C,14101,862
C=Cc1ccc(CN)cc1,C=C,14102,862
C=Cc1ccc(N)nc1C,C=C,14103,862
C=Cc1ccc(NC)nc1,C=C,14104,862
C=Cc1ccc(O)c(O)c1,C=C,14105,862
C=Cc1ccc(OC)cn1,C=C,14106,862
C=Cc1ccc2c(c1)C=C2,C=C,14107,862
C=Cc1ccc2c(c1)CC2,C=C,14108,862
C=Cc1ccc[nH]c1=O,C=C,14109,862
C=Cc1cccc(C#N)n1,C=C,14110,862
C=Cc1cccc(C=O)c1,C=C,14111,862
C=Cc1cccc(F)c1F,C=C,14112,862
C=Cc1cccc2c1CC2,C=C,14114,862
C=Cc1ccccc1CO,C=C,14115,862
C=Cc1ccccc1OC,C=C,14116,862
C=Cc1cnc(C)cn1,C=C,14117,862
C=Cc1cnc(N)cc1C,C=C,14118,862
C=Cc1cnc(N)nc1,C=C,14119,862
C=Cc1cncc(C)c1,C=C,14120,862
C=Cc1cnn(CC)c1,C=C,14122,862
C=Cc1nc(N)nc(N)n1,C=C,14123,862
C=Cc1ncccc1C=O,C=C,14124,862
C=Cc1ncccn1,C=C,14125,862
C=Cc1nccnc1N,C=C,14126,862
C=Cc1occc(=O)c1O,C=C,14127,862
C=Cn1cc(C(=O)O)cn1,C=C,14128,862
C=Cn1cc(C=O)c(C)n1,C=C,14129,862
C=Cn1ccc(C)c1C,C=C,14131,862
C=Cn1cccc1CCO,C=C,14132,862
C=Cn1ccnc1C=O,C=C,14133,862
C=Cn1nccc1C=O,C=C,14135,862
C=Cn1nncc1C(=O)O,C=C,14136,862
C=Nc1ccc(C)cc1,C=C,14137,862
C=c1[nH]c(=O)c(=C)[nH]c1=O,C=C,14138,862
CC#CCn1cc(C)cn1,C=C,14141,862
CC#Cc1cc(C)[nH]n1,C=C,14142,862
CC(/C=N/N)=N/N,C=C,14144,862
CC(=N)Nc1cc[nH]n1,C=C,14146,862
CC(=N/O)/C(=N\O)N1CC1,C=C,14147,862
CC(=NN)c1ccccc1,C=C,14148,862
CC(=O)/C(=N\O)C(C)C,C=C,14149,862
CC(=O)/C(CN(C)C)=N/O,C=C,14150,862
CC(=O)/C=C(/C)NC1CC1,C=C,14151,862
CC(=O)/C=C(/C)NCCO,C=C,14152,862
CC(=O)/C=C(/C)OC(C)=O,C=C,14153,862
CC(=O)/C=C(\C)C(C)C,C=C,14154,862
CC(=O)/C=C(\O)C(F)(F)F,C=C,14156,862
CC(=O)/C=C/CCCCO,C=C,14158,862
CC(=O)/C=C/c1ccc[nH]1,C=C,14159,862
CC(=O)/C=C\CC(C)C,C=C,14160,862
CC(=O)/C=C\NC(C)(C)C,C=C,14161,862
CC(=O)/C=N/NC(C)(C)C,C=C,14162,862
CC(=O)/C=N\CC(=O)O,C=C,14163,862
CC(=O)C(=O)N(C)C,C=C,14164,862
CC(=O)C(=O)OCC(C)C,C=C,14165,862
CC(=O)C1=C(N)OCCC1,C=C,14168,862
CC(=O)C1=C(O)CNC1=O,C=C,14169,862
CC(=O)C1=CCN(C)CC1,C=C,14170,862
CC(=O)C1=CNC(=O)CC1,C=C,14171,862
CC(=O)CC(=O)C(C)=O,C=C,14173,862
CC(=O)Cc1cncnc1,C=C,14179,862
CC(=O)Cc1nnc(C)o1,C=C,14181,862
CC(=O)Cn1ccnc1,C=C,14182,862
CC(=O)Cn1ncnn1,C=C,14183,862
CC(=O)NCc1nc[nH]n1,C=C,14200,862
CC(=O)Nc1c[nH]cn1,C=C,14204,862
CC(=O)Nc1cc(N)no1,C=C,14205,862
CC(=O)Nc1ccco1,C=C,14206,862
CC(=O)Nc1cnoc1,C=C,14207,862
CC(=O)Nc1nc(C)n[nH]1,C=C,14208,862
CC(=O)Nc1nnn(C)n1,C=C,14211,862
CC(=O)Nc1noc(C)n1,C=C,14212,862
CC(=O)OCc1ccoc1,C=C,14218,862
CC(=O)ONC(=O)C(N)=O,C=C,14220,862
CC(=O)Oc1ccccn1,C=C,14222,862
CC(=O)[C@H]1COC(=O)C1=O,C=C,14229,862
CC(=O)c1[nH]c(=O)[nH]c1C,C=C,14231,862
CC(=O)c1c[nH]c(=O)cn1,C=C,14232,862
CC(=O)c1c[nH]cc1CO,C=C,14234,862
CC(=O)c1c[nH]n(C)c1=N,C=C,14235,862
CC(=O)c1cc(C)c(C)o1,C=C,14236,862
CC(=O)c1cc(C)n(C)n1,C=C,14237,862
CC(=O)c1cc(C)ncn1,C=C,14238,862
CC(=O)c1cc(C=O)c[nH]1,C=C,14239,862
CC(=O)c1ccc(F)cc1,C=C,14241,862
CC(=O)c1ccc(O)cn1,C=C,14242,862
CC(=O)c1cccc(N)n1,C=C,14244,862
CC(=O)c1ccccc1N,C=C,14245,862
CC(=O)c1ccnnc1,C=C,14246,862
CC(=O)c1ccon1,C=C,14247,862
CC(=O)c1cnc(C)n1C,C=C,14249,862
CC(=O)c1cnc(N)nc1,C=C,14250,862
CC(=O)c1cncc(O)c1,C=C,14251,862
CC(=O)c1cnccc1F,C=C,14252,862
CC(=O)c1n[nH]nc1C,C=C,14253,862
CC(=O)c1nc(C)c(C)o1,C=C,14254,862
CC(=O)c1nc(CO)c[nH]1,C=C,14255,862
CC(=O)c1ncc(F)cn1,C=C,14256,862
CC(=O)c1nccc(C)n1,C=C,14257,862
CC(=O)c1nccnc1N,C=C,14258,862
CC(=O)c1nncn1C,C=C,14259,862
CC(=O)c1nocc1C#N,C=C,14261,862
CC(=O)n1ccc(C#N)n1,C=C,14263,862
CC(=O)n1ccc(N)c1,C=C,14264,862
CC(C)(C#N)/N=N\C(N)=O,C=C,14267,862
CC(C)(C#N)c1c[nH]cn1,C=C,14268,862
CC(C)(C#N)c1nnn[nH]1,C=C,14269,862
CC(C)(C)C(=O)C=O,C=C,14275,862
CC(C)(C)C1=CC=CC1,C=C,14276,862
CC(C)(C)C1=CCC=C1,C=C,14278,862
CC(C)(C)NC(=O)/C=N/O,C=C,14281,862
CC(C)(C)c1ccn[nH]1,C=C,14292,862
CC(C)(C)c1ccno1,C=C,14293,862
CC(C)(C)c1cn[nH]c1,C=C,14294,862
CC(C)(C)c1coc(N)n1,C=C,14295,862
CC(C)(C)c1n[nH]c(N)n1,C=C,14296,862
CC(C)(C)c1nocc1N,C=C,14298,862
CC(C)(C)n1ccc(N)n1,C=C,14301,862
CC(C)(C)n1ccnc1N,C=C,14302,862
CC(C)(C)n1cncn1,C=C,14303,862
CC(C)(C)n1nccc1O,C=C,14304,862
CC(C)(C)n1nnnc1N,C=C,14305,862
CC(C)(CN)n1ccnc1,C=C,14312,862
CC(C)(CO)C(=O)C(=O)O,C=C,14313,862
CC(C)(CO)n1cccn1,C=C,14314,862
CC(C)(F)c1cc(N)n[nH]1,C=C,14316,862
CC(C)(F)c1cc(N)on1,C=C,14317,862
CC(C)(F)c1ccc(N)o1,C=C,14318,862
CC(C)(N)c1c[nH]nn1,C=C,14319,862
CC(C)(N)c1ccccn1,C=C,14320,862
CC(C)(N)c1cccnc1,C=C,14321,862
CC(C)(O)c1cc[nH]n1,C=C,14322,862
CC(C)(O)c1ccncc1,C=C,14323,862
CC(C)(O)c1nnc(N)o1,C=C,14325,862
CC(C)/C=C/C(=O)C(C)C,C=C,14326,862
CC(C)/C=C/C=C/CO,C=C,14327,862
CC(C)/C=C1/COCC1=O,C=C,14329,862
CC(C)/C=N\N=C\C(C)C,C=C,14330,862
CC(C)/N=C1/CCCC1=O,C=C,14333,862
CC(C)=C(C)C(C)=C(C)C,C=C,14334,862
CC(C)=C/C=C(\C)C(N)=O,C=C,14336,862
CC(C)=C/C=C/C(C)(C)C,C=C,14337,862
CC(C)=C/C=N/C(C)(C)C,C=C,14338,862
CC(C)=C1CC(=O)NC1=O,C=C,14339,862
CC(C)=C1NC(=O)NC1=O,C=C,14341,862
CC(C)=CC(=O)OCCF,C=C,14346,862
CC(C)=CC(C)=C(C)C,C=C,14348,862
CC(C)=Cc1ccno1,C=C,14354,862
CC(C)=Cc1cnn(C)c1,C=C,14355,862
CC(C)C(=O)C(=O)C(C)C,C=C,14360,862
CC(C)C(=O)C1=CCCC1,C=C,14361,862
CC(C)C/C=N/N=C(N)N,C=C,14364,862
CC(C)Cc1coc(N)n1,C=C,14377,862
CC(C)Cn1ccnc1N,C=C,14378,862
CC(C)N(O)C(=O)C(=O)O,C=C,14380,862
CC(C)Nc1ccncc1,C=C,14385,862
CC(C)Nc1cnn(C)c1,C=C,14386,862
CC(C)Nc1nccn1C,C=C,14387,862
CC(C)Oc1cc(N)n[nH]1,C=C,14392,862
CC(C)Oc1ccncc1,C=C,14393,862
CC(C)Oc1cn[nH]c1,C=C,14394,862
CC(C)Oc1nnc(N)[nH]1,C=C,14395,862
CC(C)[C@@H](N)c1nnc[nH]1,C=C,14397,862
CC(C)c1c(N)n[nH]c1N,C=C,14404,862
CC(C)c1c[nH]c(C#N)c1,C=C,14405,862
CC(C)c1cc(C=O)on1,C=C,14407,862
CC(C)c1cc(CO)no1,C=C,14408,862
CC(C)c1cc(N)nn1C,C=C,14409,862
CC(C)c1ccc(N)cn1,C=C,14410,862
CC(C)c1cccc(=O)[nH]1,C=C,14411,862
CC(C)c1ccn(C)n1,C=C,14413,862
CC(C)c1ccnnc1N,C=C,14414,862
CC(C)c1cnc(C=O)[nH]1,C=C,14416,862
CC(C)c1cnoc1N,C=C,14417,862
CC(C)c1conc1C=O,C=C,14419,862
CC(C)c1n[nH]cc1CN,C=C,14421,862
CC(C)c1nc(C=O)c[nH]1,C=C,14422,862
CC(C)c1nc(CN)co1,C=C,14423,862
CC(C)c1nc(O)no1,C=C,14425,862
CC(C)c1nc[nH]c1N,C=C,14426,862
CC(C)c1ncccc1O,C=C,14427,862
CC(C)c1nonc1N,C=C,14428,862
CC(C)c1oncc1CO,C=C,14430,862
CC(C)n1cc(CN)nn1,C=C,14432,862
CC(C)n1cc(N)c(N)n1,C=C,14433,862
CC(C)n1ccc(CN)c1,C=C,14434,862
CC(C)n1cccc1C=O,C=C,14436,862
CC(C)n1cnc(C=O)c1,C=C,14438,862
CC(C)n1cncc1CO,C=C,14439,862
CC(C)n1cnnc1C=O,C=C,14440,862
CC(C)n1ncnc1CN,C=C,14441,862
CC(F)(F)c1ccccc1,C=C,14443,862
CC(F)(F)c1nc[nH]n1,C=C,14444,862
CC/C(=N/N(C)C)C(=O)O,C=C,14445,862
CC/C=C(\C)C(=O)OCC,C=C,14449,862
CC/C=C(\C)C=C(C)C,C=C,14450,862
CC/C=C/C(=O)N(C)OC,C=C,14452,862
CC/C=C1\C(=O)ON=C1C,C=C,14459,862
CC/N=C(\N)C(=N)NCC,C=C,14461,862
CC/N=C\c1ccccc1,C=C,14463,862
CC1(C)C=C(O)C=C(O)C1,C=C,14475,862
CC1(C)CCC(=O)C(=O)C1,C=C,14484,862
CC1(C)CCC=C1C(=O)O,C=C,14487,862
CC1(C)CNC(=O)C1=O,C=C,14491,862
CC1(C)COC(=O)C1=O,C=C,14494,862
CC1(C)Cn2nccc2O1,C=C,14499,862
CC1(C)[C@@H]2C=CC=C[C@H]1C2,C=C,14508,862
CC1(c2cc(N)on2)CC1,C=C,14515,862
CC1(c2cc[nH]n2)CC1,C=C,14516,862
CC1(c2ccnnc2)CC1,C=C,14517,862
CC1=C(C(=O)O)CCC1=O,C=C,14521,862
CC1=C(C(=O)O)OCCO1,C=C,14522,862
CC1=C(C)C(C)C(C)=C1C,C=C,14523,862
CC1=CC(C)(C)C(C)=C1C,C=C,14539,862
CC1=CC(C)(C)CC(C)=C1,C=C,14540,862
CC1=CC(C)(C)NC(C)=C1,C=C,14542,862
CC1=CC(C)=C(C)[C@H]1C,C=C,14545,862
CC1=CC(C)=NCCN1,C=C,14546,862
CC1=CC(C)=NNC(=N)N1,C=C,14547,862
CC1=CC=C(C(C)C)CC1,C=C,14548,862
CC1=CC=CC=C(C)CC1,C=C,14549,862
CC1=CC=C[C@H](C)C(=O)N1,C=C,14550,862
CC1=CCC(C(=O)O)=CC1,C=C,14551,862
CC1=CCCCC(C)=C1,C=C,14554,862
CC1=CC[C@@H](C(C)C)C=C1,C=C,14561,862
CC1=CCc2ccccc21,C=C,14565,862
CC1=CCn2nncc21,C=C,14566,862
CC1=C[C@H](C)C(C)=C1C,C=C,14572,862
CC1=NC(N)=N[C@@H](O)[C@H]1C,C=C,14583,862
CC1=NCCc2[nH]ccc21,C=C,14586,862
CC1=NCCn2cccc21,C=C,14587,862
CC1=NN(C)C(=O)/C1=N\O,C=C,14589,862
CC1=NN=C(C)C1CCN,C=C,14592,862
CC1=NOC(=O)C1=C(C)C,C=C,14598,862
CC1CC(c2ccn[nH]2)C1,C=C,14609,862
CC1C[C@H]2C=CC=C[C@@H]2C1,C=C,14610,862
CC=C=CC(=O)OCC,C=C,14613,862
CC=CC=CCOC(C)=O,C=C,14615,862
CCC(/C=C\C(C)=O)CC,C=C,14617,862
CCC(=N/O)/C(C)=N\O,C=C,14619,862
CCC(=O)C1=NCCCC1,C=C,14621,862
CCC(=O)c1cc(N)on1,C=C,14628,862
CCC(=O)c1cn[nH]c1N,C=C,14630,862
CCC(=O)c1nc(C)c[nH]1,C=C,14631,862
CCC(=O)c1ncnn1C,C=C,14632,862
CCC(F)(F)c1ccc[nH]1,C=C,14636,862
CCC/C(N)=C/C(=O)OC,C=C,14638,862
CCC/C=C(\CC)C(C)=O,C=C,14639,862
CCC/C=C\C(N)=O,C=C,14641,862
CCC=C(C(=O)O)C(=O)O,C=C,14649,862
CCCC(=O)C(=O)CCC,C=C,14652,862
CCCC(=O)C1=CC=CC1,C=C,14653,862
CCCC(=O)c1ncco1,C=C,14658,862
CCCC(=O)n1ccnc1,C=C,14659,862
CCCCC1=CCC=C1,C=C,14666,862
CCCCC1C=CC=C1,C=C,14668,862
CCCCCc1nn[nH]n1,C=C,14678,862
CCCCCc1nnco1,C=C,14679,862
CCCCNn1cnnc1,C=C,14683,862
CCCCOC(=O)C(N)=O,C=C,14684,862
CCCCOc1cn[nH]c1,C=C,14685,862
CCCCc1cc(N)n[nH]1,C=C,14688,862
CCCCc1nc(O)c[nH]1,C=C,14691,862
CCCCn1cc(C)nn1,C=C,14692,862
CCCCn1nccc1O,C=C,14693,862
CCCNC(=O)C(=O)NC,C=C,14700,862
CCCNc1ccn(C)n1,C=C,14704,862
CCCNc1ccnnc1,C=C,14705,862
CCCNc1nonc1N,C=C,14706,862
CCCOCc1cn[nH]n1,C=C,14709,862
CCCOc1cc(C)n[nH]1,C=C,14710,862
CCCOc1nc(N)n[nH]1,C=C,14711,862
CCC[C@@H](N)c1nn[nH]n1,C=C,14714,862
CCCc1[nH]cnc1C=O,C=C,14720,862
CCCc1c[nH]nc1N,C=C,14721,862
CCCc1cc(CN)no1,C=C,14723,862
CCCc1ccc(C#N)[nH]1,C=C,14725,862
CCCc1ccc(N)cc1,C=C,14727,862
CCCc1ccc(O)cn1,C=C,14728,862
CCCc1cccc(N)n1,C=C,14729,862
CCCc1ccoc1C#N,C=C,14730,862
CCCc1cn[nH]c(=O)c1,C=C,14731,862
CCCc1cnc(=O)[nH]c1,C=C,14732,862
CCCc1n[nH]c(N)c1N,C=C,14733,862
CCCc1n[nH]cc1C=O,C=C,14734,862
CCCc1nc(C#N)co1,C=C,14735,862
CCCc1nc(N)no1,C=C,14736,862
CCCc1nc(OC)c[nH]1,C=C,14737,862
CCCc1nnc(O)o1,C=C,14738,862
CCCc1noc(C=O)n1,C=C,14739,862
CCCn1cc(CN)cn1,C=C,14741,862
CCCn1cc(N)c(C)n1,C=C,14742,862
CCCn1ccc(C=O)c1,C=C,14744,862
CCCn1ccc(C=O)n1,C=C,14745,862
CCCn1cccc1C#N,C=C,14746,862
CCCn1ccnc1CN,C=C,14747,862
CCCn1cnc(CN)c1,C=C,14748,862
CCCn1cncc1C=O,C=C,14749,862
CCCn1nc(N)nc1N,C=C,14751,862
CCCn1nccc1CN,C=C,14752,862
CCCn1ncnc1CO,C=C,14754,862
CCCn1nnnc1NN,C=C,14755,862
CCN(C)Cc1ccco1,C=C,14757,862
CCN(C)c1ccccn1,C=C,14759,862
CCN(N)c1ccccc1,C=C,14766,862
CCN/C=C/C(=O)OC,C=C,14767,862
CCN1CCC(=O)C1=O,C=C,14771,862
CCNC(=O)C(=O)OCC,C=C,14779,862
CCNC(=O)c1cnco1,C=C,14784,862
CCNC(=O)n1cccn1,C=C,14785,862
CCNCCn1ccnc1,C=C,14789,862
CCNCc1ccc(C)[nH]1,C=C,14791,862
CCNCc1ccc(C)o1,C=C,14792,862
CCNCc1cccn1C,C=C,14793,862
CCNCc1ccncc1,C=C,14794,862
CCNCc1cn(C)nn1,C=C,14795,862
CCNCc1nonc1C,C=C,14796,862
CCNCc1occc1C,C=C,14797,862
CCN[C@@H](C)c1cc[nH]c1,C=C,14798,862
CCNc1cc(N)ccn1,C=C,14802,862
CCNc1ccc(C)cc1,C=C,14803,862
CCNc1ccc(C)nn1,C=C,14804,862
CCNc1ccc(O)nc1,C=C,14806,862
CCNc1cccc(F)c1,C=C,14807,862
CCNc1cccc(F)n1,C=C,14808,862
CCNc1ccccc1F,C=C,14809,862
CCNc1cccnc1C,C=C,14811,862
CCNc1cnccc1N,C=C,14813,862
CCNc1ncc(F)cn1,C=C,14814,862
CCNc1nccc(C)n1,C=C,14815,862
CCNc1nccnc1N,C=C,14816,862
CCNc1ncncc1N,C=C,14818,862
CCO/C(N)=C/C(=O)O,C=C,14820,862
CCO/C=C(\C)C(=O)OC,C=C,14822,862
CCO/C=C/C(=O)C(F)F,C=C,14823,862
CCO/C=C1/CCCC1=O,C=C,14824,862
CCO/C=N/C(=O)OCC,C=C,14826,862
CCO/N=C(/CC)C(N)=O,C=C,14827,862
CCOC(=N)C(=O)OCC,C=C,14828,862
CCOC(=O)/C=C(\C)CC,C=C,14831,862
CCOC(=O)/C=C/CCO,C=C,14833,862
CCOC(=O)/C=C/N1CC1,C=C,14834,862
CCOC(=O)/C=N/NC,C=C,14835,862
CCOC(=O)C(=O)CC=O,C=C,14837,862
CCOC(=O)C(C#N)=NO,C=C,14838,862
CCOC(=O)C(C)=C1CC1,C=C,14839,862
CCOC(=O)C1=NCCO1,C=C,14842,862
CCOC(=O)C=C1CNC1,C=C,14843,862
CCOC(=O)c1cnoc1,C=C,14852,862
CCOC(=O)c1ncc[nH]1,C=C,14853,862
CCOC(=O)n1cccc1,C=C,14854,862
CCOC(=O)n1ccnn1,C=C,14855,862
CCOCc1ccccc1,C=C,14867,862
CCOCc1nc[nH]c1C,C=C,14869,862
CCOCc1nnc(N)o1,C=C,14870,862
CCOCn1cnc(N)c1,C=C,14871,862
CCO[C@@H](C)C(=O)C=O,C=C,14874,862
CCOc1c[nH]c(C)n1,C=C,14881,862
CCOc1cc(C)nn1C,C=C,14882,862
CCOc1cc(CO)on1,C=C,14883,862
CCOc1cc(N)ncn1,C=C,14884,862
CCOc1cc(N)no1,C=C,14885,862
CCOc1cc[nH]c(=O)n1,C=C,14888,862
CCOc1ccc(C)cn1,C=C,14889,862
CCOc1ccc(C=O)o1,C=C,14890,862
CCOc1ccc(F)cc1,C=C,14891,862
CCOc1ccc[nH]c1=O,C=C,14892,862
CCOc1cccc(O)c1,C=C,14893,862
CCOc1ccccc1N,C=C,14895,862
CCOc1cccnc1F,C=C,14896,862
CCOc1ccnc(F)c1,C=C,14897,862
CCOc1cnc(CC)[nH]1,C=C,14898,862
CCOc1cnc(N)nc1,C=C,14899,862
CCOc1cncc(C)c1,C=C,14900,862
CCOc1cncc(C)n1,C=C,14901,862
CCOc1cnccc1C,C=C,14902,862
CCOc1n[nH]c(C)c1C,C=C,14903,862
CCOc1nc(C)n[nH]1,C=C,14904,862
CCOc1nccc(N)n1,C=C,14906,862
CCOc1nccnc1C,C=C,14907,862
CCOc1nn(C)cc1N,C=C,14908,862
CCOc1nnc(C)o1,C=C,14909,862
CCOc1ocnc1C#N,C=C,14910,862
CC[C@@H](C)c1n[nH]c(N)n1,C=C,14912,862
CC[C@@H](N)Cc1nnn[nH]1,C=C,14913,862
CC[C@@H](N)c1ccnn1C,C=C,14915,862
CC[C@@H](N)c1cocn1,C=C,14916,862
CC[C@@H](N)c1ncc(C)[nH]1,C=C,14917,862
CC[C@@H](O)c1ccc(C)o1,C=C,14918,862
CC[C@@H]1O[C@H](C)C(=O)C1=O,C=C,14928,862
CC[C@@](C)(O)c1ccco1,C=C,14929,862
CC[C@@]1(C)C=C(C(=O)O)C1,C=C,14930,862
CC[C@@]1(C)CN=C(C)C=N1,C=C,14931,862
CC[C@H](C)NC(=O)C(N)=O,C=C,14936,862
CC[C@H](C)c1cc(N)on1,C=C,14938,862
CC[C@H](C)n1ncc(N)n1,C=C,14940,862
CC[C@H](CN)c1c[nH]cn1,C=C,14941,862
CC[C@H](N)c1n[nH]c(C)n1,C=C,14943,862
CC[C@H](N)c1nc(C)no1,C=C,14944,862
CC[C@H]1CCC(=O)C(=O)C1,C=C,14949,862
CC[C@H]1OC(=O)C(=O)[C@H]1C,C=C,14953,862
CC[C@]1(C)C=NN=C1C,C=C,14957,862
CCc1[nH]nc(CN)c1F,C=C,14962,862
CCc1[nH]ncc1CO,C=C,14963,862
CCc1c(C)c[nH]c1C,C=C,14964,862
CCc1c(F)cccc1F,C=C,14966,862
CCc1c(N)cccc1O,C=C,14967,862
CCc1c(N)cnn1C,C=C,14968,862
CCc1c(O)nc[nH]c1=O,C=C,14969,862
CCc1c[nH]c(C(=O)O)c1,C=C,14971,862
CCc1c[nH]c(C=O)n1,C=C,14972,862
CCc1c[nH]cc1CC,C=C,14973,862
CCc1cc(C#N)n(C)c1,C=C,14975,862
CCc1cc(C(=O)O)no1,C=C,14976,862
CCc1cc(C)[nH]c1C#N,C=C,14977,862
CCc1cc(CC)[nH]n1,C=C,14978,862
CCc1cc(CC)n(C)n1,C=C,14979,862
CCc1cc(N)cc(F)c1,C=C,14981,862
CCc1cc(N)ccc1N,C=C,14982,862
CCc1cc(O)cc(=O)[nH]1,C=C,14984,862
CCc1cc(O)cc(O)c1,C=C,14985,862
CCc1ccc(/C=N/O)o1,C=C,14987,862
CCc1ccc(C(C)=O)o1,C=C,14988,862
CCc1ccc(CNC)[nH]1,C=C,14991,862
CCc1ccc(CO)n1C,C=C,14992,862
CCc1ccc(N)c(N)c1,C=C,14993,862
CCc1ccc(O)c(C)c1,C=C,14995,862
CCc1ccc(O)cc1O,C=C,14996,862
CCc1ccc(OC)cc1,C=C,14997,862
CCc1cccc(C)c1C,C=C,14998,862
CCc1cccc(NC)c1,C=C,15000,862
CCc1cccnc1NN,C=C,15002,862
CCc1cccnn1,C=C,15003,862
CCc1ccnc(C#N)c1,C=C,15004,862
CCc1ccnn1C(C)C,C=C,15005,862
CCc1ccoc1C=O,C=C,15006,862
CCc1cn(C)nc1CO,C=C,15007,862
CCc1cnc(C)cc1N,C=C,15008,862
CCc1cnc(C=O)o1,C=C,15009,862
CCc1cnc(CC)cn1,C=C,15010,862
CCc1cnc(CN)nc1,C=C,15011,862
CCc1cnc(N)[nH]c1=O,C=C,15012,862
CCc1cncc(CC)c1,C=C,15013,862
CCc1cnccc1C#N,C=C,15014,862
CCc1coc(N)c1C#N,C=C,15015,862
CCc1n[nH]c(C(F)F)n1,C=C,15018,862
CCc1nc(C#N)c(N)o1,C=C,15019,862
CCc1nc(C)c(C)o1,C=C,15020,862
CCc1nc(C)cnc1C,C=C,15022,862
CCc1nc(C)nc(N)n1,C=C,15023,862
CCc1nc(C=O)c(C)[nH]1,C=C,15024,862
CCc1nc(CCN)c[nH]1,C=C,15025,862
CCc1nc(N)ncc1C,C=C,15027,862
CCc1ncc(C#N)cn1,C=C,15028,862
CCc1nccc(C)c1N,C=C,15031,862
CCc1nccc(CN)n1,C=C,15032,862
CCc1nccn1CC#N,C=C,15033,862
CCc1ncncc1F,C=C,15035,862
CCc1nn(C)c(N)c1N,C=C,15037,862
CCc1nn[nH]c1C(=O)O,C=C,15038,862
CCc1nnc(C(=O)O)[nH]1,C=C,15039,862
CCc1nnc(CNC)o1,C=C,15041,862
CCc1nnc(N)n1C,C=C,15042,862
CCc1nnc(NN)n1N,C=C,15044,862
CCc1noc(C)c1C#N,C=C,15045,862
CCc1noc(CC#N)n1,C=C,15046,862
CCc1noc(N)c1CC,C=C,15047,862
CCc1nonc1C=O,C=C,15048,862
CCc1ocnc1C(=O)O,C=C,15049,862
CCc1onc(C)c1CO,C=C,15050,862
CCc1oncc1C=O,C=C,15051,862
CCn1c(C)ccc1C=O,C=C,15053,862
CCn1c(C)cnc1NN,C=C,15054,862
CCn1c(CN)cnc1C,C=C,15055,862
CCn1c(O)nnc1CN,C=C,15057,862
CCn1cc(C#N)c(N)n1,C=C,15058,862
CCn1cc(C(=O)O)nn1,C=C,15059,862
CCn1cc(C)cc1N,C=C,15060,862
CCn1cc(C)nc1CO,C=C,15061,862
CCn1cc(C=O)cc1C,C=C,15062,862
CCn1cc(CC#N)cn1,C=C,15063,862
CCn1cc(CN)c(C)n1,C=C,15064,862
CCn1cc(N)ccc1=O,C=C,15065,862
CCn1cc[nH]c(=O)c1=O,C=C,15066,862
CCn1ccc(C(F)F)n1,C=C,15068,862
CCn1ccc(CC#N)n1,C=C,15069,862
CCn1ccc([C@H](C)N)c1,C=C,15071,862
CCn1cccc(O)c1=O,C=C,15072,862
CCn1cccc1CCN,C=C,15074,862
CCn1cccnc1=N,C=C,15075,862
CCn1ccnc1C(F)F,C=C,15076,862
CCn1cnc(C(C)=O)c1,C=C,15078,862
CCn1cnc(C)c1C=O,C=C,15079,862
CCn1cnc(CNC)c1,C=C,15080,862
CCn1cnc(CO)n1,C=C,15081,862
CCn1cncc1C(=O)O,C=C,15082,862
CCn1cnnc1CNC,C=C,15084,862
CCn1nc(C)c(C)c1N,C=C,15085,862
CCn1nc(C)c(CO)n1,C=C,15087,862
CCn1nc(C)cc1NN,C=C,15088,862
CCn1nc(N)cc1CO,C=C,15089,862
CCn1ncc(CCO)n1,C=C,15090,862
CCn1ncc(N=O)c1N,C=C,15091,862
CCn1ncc(O)cc1=O,C=C,15092,862
CCn1nccc(N)c1=O,C=C,15093,862
CCn1nccc1C1CC1,C=C,15094,862
CCn1nccc1CC#N,C=C,15095,862
CCn1ncnc1[C@H](C)N,C=C,15096,862
CCn1nnc(C)c1CO,C=C,15098,862
CCn1nnc(CN)n1,C=C,15099,862
CCn1nncc1C=O,C=C,15100,862
CN(C#N)c1ccccc1,C=C,15102,862
CN(C(=N)N)C(=O)C(=O)O,C=C,15103,862
CN(C)/C=C/C(=O)C1CC1,C=C,15105,862
CN(C)/C=C1\CCOC1=O,C=C,15108,862
CN(C)/C=N/N=C/N(C)C,C=C,15109,862
CN(C)/N=C\c1ccco1,C=C,15111,862
CN(C)C(=N)C(=N)N(C)C,C=C,15112,862
CN(C)C(=O)N=C(N)N,C=C,15116,862
CN(C)C(=O)c1ccno1,C=C,15117,862
CN(C)CC1=CC=CC1,C=C,15123,862
CN(C)CCc1ncc[nH]1,C=C,15124,862
CN(C)Cc1cc[nH]c1,C=C,15125,862
CN(C)c1ccc(F)nc1,C=C,15130,862
CN(C)c1cccc(F)n1,C=C,15131,862
CN(C)c1ccncc1N,C=C,15134,862
CN(C)c1ccncn1,C=C,15135,862
CN(C)c1cncnc1,C=C,15136,862
CN(C)c1ncc(O)cn1,C=C,15139,862
CN(C)c1ncccc1N,C=C,15140,862
CN(C)c1ncnc(N)n1,C=C,15141,862
CN(C)c1ncnn1C,C=C,15142,862
CN(C)c1nnc(CN)[nH]1,C=C,15143,862
CN(C)c1nnc(N)o1,C=C,15144,862
CN(N)c1ccc(F)cc1,C=C,15146,862
CN(N)c1cnccn1,C=C,15147,862
CN(O)c1ncccn1,C=C,15150,862
CN/C(C)=C/C(=O)OC,C=C,15151,862
CN/C=C/C(=O)C(F)(F)F,C=C,15152,862
CN/N=C\c1cccnc1,C=C,15154,862
CN1C(=O)C(=O)N(C)C1=O,C=C,15155,862
CN1C(=O)C(=O)N=C1N,C=C,15156,862
CN1C(=O)C/C(=N/O)C1=O,C=C,15157,862
CN1C=CC(CN)=CN1,C=C,15168,862
CN1C=CC(N(C)C)=CC1,C=C,15169,862
CN1C=CC=C/C1=C\N=O,C=C,15171,862
CN1C=CCC(=O)C1=O,C=C,15172,862
CN1C=CCC(C(N)=O)=C1,C=C,15173,862
CN1CC(C(=O)O)=CO1,C=C,15176,862
CN1CCCC=C1C(=O)O,C=C,15184,862
CN1CCN(N)C(=O)C1=O,C=C,15189,862
CN1CCNC(=O)C1=O,C=C,15190,862
CN1CCc2[nH]ccc2C1,C=C,15193,862
CN1CCc2n[nH]cc2C1,C=C,15194,862
CN1CCc2nc[nH]c2C1,C=C,15195,862
CN1CCn2ccnc2C1,C=C,15196,862
CN1C[C@H](C#N)C(=O)C1=O,C=C,15202,862
CN1Cc2ccccc2C1,C=C,15206,862
CN1Cc2cn[nH]c2C1,C=C,15207,862
CN1N=C(C(=O)O)CC1=O,C=C,15208,862
CN1N=NN2CC=CC=C12,C=C,15210,862
CN1NCc2cncnc21,C=C,15211,862
CNC(=O)/C=C/CN,C=C,15217,862
CNC(=O)C(=O)NC(C)C,C=C,15219,862
CNC(=O)N/C=C/C(=O)O,C=C,15224,862
CNC(=O)c1ccn(C)n1,C=C,15235,862
CNC(=O)c1ccoc1C,C=C,15236,862
CNC(=O)c1coc(N)n1,C=C,15238,862
CNC(=O)c1ncccn1,C=C,15239,862
CNC(=O)c1nn[nH]c1N,C=C,15240,862
CNC(=O)n1cnc(N)n1,C=C,15241,862
CNC(=O)n1nnnc1N,C=C,15243,862
CNC=C(C(C)=O)C(C)=O,C=C,15247,862
CNC=C1C(=O)CCC1=O,C=C,15248,862
CNCCCc1ccco1,C=C,15254,862
CNCCc1nc(N)n[nH]1,C=C,15256,862
CNCCc1ncccn1,C=C,15257,862
CNCCc1noc(C)n1,C=C,15258,862
CNCCn1ccnc1C,C=C,15259,862
CNC[C@@H](C)c1nnn[nH]1,C=C,15262,862
CNCc1c(C)noc1C,C=C,15266,862
CNCc1c[nH]c(C)n1,C=C,15267,862
CNCc1cc(C#N)on1,C=C,15268,862
CNCc1cc(C)n(C)n1,C=C,15269,862
CNCc1ccc(=O)[nH]c1,C=C,15270,862
CNCc1ccc(C)cn1,C=C,15272,862
CNCc1ccc(C)n1C,C=C,15273,862
CNCc1ccccc1O,C=C,15275,862
CNCc1ccnc(C)c1,C=C,15276,862
CNCc1ccncc1C,C=C,15277,862
CNCc1cn(C)nc1C,C=C,15278,862
CNCc1cnc(N)nc1,C=C,15281,862
CNCc1cncc(F)c1,C=C,15282,862
CNCc1n[nH]c(O)n1,C=C,15283,862
CNCc1nc(C)c(C)[nH]1,C=C,15284,862
CNCc1nc(CN)no1,C=C,15286,862
CNCc1ncccc1F,C=C,15287,862
CNCc1ncnn1C,C=C,15288,862
CNN=C(/C=N\O)/C=N/O,C=C,15289,862
CN[C@@H](C)c1ccoc1,C=C,15293,862
CN[C@@H](C)c1cnccn1,C=C,15294,862
CN[C@H](C)c1ccn(C)c1,C=C,15299,862
CN[C@H](C)c1ccon1,C=C,15300,862
CNc1c(C)cccc1F,C=C,15302,862
CNc1c(C)n[nH]c1C,C=C,15303,862
CNc1cc(C#N)n(C)n1,C=C,15306,862
CNc1cc(C(C)C)n[nH]1,C=C,15307,862
CNc1cc(C)cc(F)c1,C=C,15308,862
CNc1cc(C)ccc1C,C=C,15309,862
CNc1cc(CO)ccn1,C=C,15312,862
CNc1cc(F)nc(N)n1,C=C,15314,862
CNc1cc(OC)ncn1,C=C,15316,862
CNc1ccc(C)c(C)c1,C=C,15317,862
CNc1ccc(CN)cc1,C=C,15318,862
CNc1ccc(F)cc1N,C=C,15319,862
CNc1ccc(N)nc1,C=C,15320,862
CNc1ccc(N=O)cc1,C=C,15321,862
CNc1ccc(O)cc1C,C=C,15322,862
CNc1cccc(C)c1C,C=C,15325,862
CNc1cccc(NC)n1,C=C,15327,862
CNc1ccccc1C#N,C=C,15328,862
CNc1ccccc1C=O,C=C,15329,862
CNc1cccccc1=O,C=C,15330,862
CNc1cccnc1N,C=C,15331,862
CNc1cn[nH]c(=O)c1N,C=C,15334,862
CNc1cn[nH]c(=O)n1,C=C,15335,862
CNc1cnc(CN)cn1,C=C,15336,862
CNc1cnccc1OC,C=C,15338,862
CNc1nc(C(C)C)no1,C=C,15340,862
CNc1nc(C)ccc1N,C=C,15341,862
CNc1nc(C)nc(O)n1,C=C,15342,862
CNc1nc(F)cc(=O)[nH]1,C=C,15343,862
CNc1nc(F)ccc1F,C=C,15344,862
CNc1nc(N)nc(N)n1,C=C,15345,862
CNc1nc(N)nn1C,C=C,15346,862
CNc1nc[nH]c(=O)c1N,C=C,15347,862
CNc1ncc(C)cn1,C=C,15348,862
CNc1nccc(C=O)n1,C=C,15350,862
CNc1nccnc1C,C=C,15352,862
CNc1nnc(C)n1C,C=C,15354,862
CNc1nnccc1C#N,C=C,15355,862
CNc1nonc1C(=O)O,C=C,15356,862
CO/C=C/C(C)=O,C=C,15357,862
CO/N=C(/C)C(N)=O,C=C,15359,862
CO/N=C(\C#N)C(=N)N,C=C,15361,862
CO/N=C/C1=CCCNC1,C=C,15362,862
COC(=N)c1ccccc1,C=C,15367,862
COC(=O)/C=C(\N)C1CC1,C=C,15370,862
COC(=O)/C=C/C(F)(F)F,C=C,15371,862
COC(=O)/C=C/C=C=O,C=C,15372,862
COC(=O)/C=C/[C@@H]1O[C@@H]1C,C=C,15373,862
COC(=O)/C=C/[C@H](O)CO,C=C,15374,862
COC(=O)/C=C1\CCCO1,C=C,15375,862
COC(=O)C(=N)C(F)(F)F,C=C,15377,862
COC(=O)C(=O)N(C)OC,C=C,15378,862
COC(=O)C1=C(CO)CC1,C=C,15381,862
COC(=O)C1=CC(C)(C)C1,C=C,15383,862
COC(=O)C1=CCNCC1,C=C,15385,862
COC(=O)C1=COCCC1,C=C,15386,862
COC(=O)C1=C[C@H](O)NN1,C=C,15387,862
COC(=O)C1=NC[C@@H](C)O1,C=C,15388,862
COC(=O)C1=NNC(=O)C1,C=C,15389,862
COC(=O)C=C1NCCN1,C=C,15391,862
COC(=O)Cc1ccco1,C=C,15397,862
COC(=O)Cc1cn[nH]c1,C=C,15398,862
COC(=O)Cc1nnco1,C=C,15399,862
COC(=O)Cc1nnn[nH]1,C=C,15400,862
COC(=O)Cn1cccc1,C=C,15401,862
COC(=O)N1C=CC=CC1,C=C,15403,862
COC(=O)N=NC(=O)OC,C=C,15405,862
COC(=O)c1[nH]ccc1C,C=C,15413,862
COC(=O)c1c[nH]oc1=O,C=C,15414,862
COC(=O)c1cc(C)[nH]n1,C=C,15415,862
COC(=O)c1cc(N)c[nH]1,C=C,15417,862
COC(=O)c1cc(O)no1,C=C,15418,862
COC(=O)c1ccc(N)o1,C=C,15419,862
COC(=O)c1cccnn1,C=C,15420,862
COC(=O)c1ccn(C)c1,C=C,15421,862
COC(=O)c1ccnn1N,C=C,15422,862
COC(=O)c1cnnnc1,C=C,15424,862
COC(=O)c1cocc1C,C=C,15426,862
COC(=O)c1cocn1,C=C,15427,862
COC(=O)c1n[nH]c(=O)[nH]1,C=C,15428,862
COC(=O)c1nc[nH]c1C,C=C,15429,862
COC(=O)c1ncn(C)n1,C=C,15430,862
COC(=O)c1nnc(C)o1,C=C,15432,862
COC(=O)c1nnnn1C,C=C,15433,862
COC(=O)c1occc1F,C=C,15434,862
COC(=O)n1ccc(C)n1,C=C,15435,862
COC(OC)c1ncc[nH]1,C=C,15441,862
COC1=CC=CC=CC1,C=C,15449,862
COC1=CC=CC=CC=C1,C=C,15450,862
COC1=NC=CCC=CC1,C=C,15453,862
COC1=NC=NC=C(C)C1,C=C,15454,862
COC1C=CC=CC=C1,C=C,15457,862
COC1CC(=CC(=O)O)C1,C=C,15458,862
COC=Nc1ccccc1,C=C,15463,862
COCCNC(=O)C(=O)O,C=C,15474,862
COCCNc1ncn[nH]1,C=C,15476,862
COCCc1c[nH]nc1O,C=C,15479,862
COCCc1cc(N)on1,C=C,15480,862
COCCc1cnn(C)c1,C=C,15481,862
COCCc1nnn(C)n1,C=C,15483,862
COCCn1cccc1,C=C,15485,862
COCCn1cncc1N,C=C,15487,862
COCCn1nnnc1N,C=C,15488,862
COC[C@H](C)n1cccc1,C=C,15493,862
COC[C@H](N)c1ccco1,C=C,15494,862
COCc1cc(C=O)no1,C=C,15499,862
COCc1cc(CO)n[nH]1,C=C,15500,862
COCc1cc(N)n(C)n1,C=C,15501,862
COCc1cccc(C)n1,C=C,15503,862
COCc1cnccn1,C=C,15504,862
COCc1n[nH]c(CN)n1,C=C,15506,862
COCc1nc(C)n(C)n1,C=C,15507,862
COCc1ncc(N)cn1,C=C,15509,862
COCc1nccc(=O)[nH]1,C=C,15510,862
COCc1nnc(CO)o1,C=C,15512,862
COCc1noc(N)c1C,C=C,15513,862
COCc1noc(O)n1,C=C,15514,862
COCc1nocc1C=O,C=C,15515,862
COCc1ocnc1CN,C=C,15516,862
COCn1cc(C=O)nn1,C=C,15519,862
COCn1cnc(N)n1,C=C,15520,862
CON(C)C(=O)C1=CCC1,C=C,15522,862
CON1C(=O)NC(=O)C1=O,C=C,15524,862
CONC(=O)C(=O)OC,C=C,15528,862
CO[C@@H](C)c1nnnn1C,C=C,15529,862
CO[C@H]1C=NC(N)=NC1=O,C=C,15540,862
COc1c(C)cccc1O,C=C,15547,862
COc1c(C=O)cnn1C,C=C,15548,862
COc1c(F)cncc1F,C=C,15550,862
COc1c(N)cccc1F,C=C,15552,862
COc1cc(C)c(F)cn1,C=C,15554,862
COc1cc(C)cc(C)n1,C=C,15555,862
COc1cc(C)ccc1C,C=C,15556,862
COc1cc(C)oc(=O)c1,C=C,15558,862
COc1cc(CN)cnn1,C=C,15560,862
COc1cc(CO)n(C)n1,C=C,15561,862
COc1cc(F)cc(F)c1,C=C,15562,862
COc1cc(F)ccc1F,C=C,15563,862
COc1cc(F)cnc1F,C=C,15564,862
COc1cc(N)cc(=O)[nH]1,C=C,15565,862
COc1cc(N)cc(O)c1,C=C,15566,862
COc1cc(N)nc(N)n1,C=C,15567,862
COc1cc(N)ncc1N,C=C,15568,862
COc1cc(OC)[nH]n1,C=C,15569,862
COc1cc([C@H](C)O)on1,C=C,15570,862
COc1cc[nH]c1C=O,C=C,15571,862
COc1ccc(C#N)cn1,C=C,15572,862
COc1ccc(C(=O)O)o1,C=C,15574,862
COc1ccc(F)nc1N,C=C,15575,862
COc1ccc(N)c(C)c1,C=C,15576,862
COc1ccc(N)c(F)n1,C=C,15577,862
COc1ccc(N)cc1N,C=C,15579,862
COc1ccc(NN)nn1,C=C,15580,862
COc1ccc(O)c(C)n1,C=C,15581,862
COc1ccc(O)c(F)c1,C=C,15582,862
COc1ccc(O)cc1F,C=C,15583,862
COc1ccc2c(c1)CC2,C=C,15584,862
COc1cccc(=O)cc1,C=C,15585,862
COc1cccc(C)c1N,C=C,15586,862
COc1cccc(CN)n1,C=C,15587,862
COc1cccc(NN)c1,C=C,15588,862
COc1cccc(O)c1O,C=C,15589,862
COc1ccccc1CN,C=C,15590,862
COc1cccccc1=O,C=C,15591,862
COc1ccn(C)c(=O)n1,C=C,15593,862
COc1ccnc(C)c1C,C=C,15594,862
COc1ccnc(C=O)n1,C=C,15595,862
COc1ccnc(OC)c1,C=C,15597,862
COc1cnc(C)nc1C,C=C,15601,862
COc1cnc(C2CC2)[nH]1,C=C,15602,862
COc1cnc(CO)nc1,C=C,15603,862
COc1cnc(N)c(C)n1,C=C,15606,862
COc1cnc(N)c(F)c1,C=C,15607,862
COc1cnc[nH]c1=O,C=C,15609,862
COc1cncc(F)n1,C=C,15610,862
COc1cncc(N)c1C,C=C,15611,862
COc1cncnc1C=O,C=C,15612,862
COc1cnnc(CO)c1,C=C,15613,862
COc1cnncc1OC,C=C,15614,862
COc1n[nH]c(N)c1C#N,C=C,15615,862
COc1nc(C(C)=O)co1,C=C,15617,862
COc1nc(C)cc(=O)[nH]1,C=C,15618,862
COc1nc(C)ccc1C,C=C,15619,862
COc1nc(N)cc(F)n1,C=C,15621,862
COc1nc(N)nc(N)n1,C=C,15622,862
COc1nc(O)cc(O)n1,C=C,15623,862
COc1nc[nH]c(=O)n1,C=C,15624,862
COc1ncc(CN)cn1,C=C,15625,862
COc1ncc(F)c(O)n1,C=C,15626,862
COc1ncc(N)c(C)n1,C=C,15627,862
COc1ncc(O)cc1C,C=C,15628,862
COc1nccc(CO)n1,C=C,15630,862
COc1nccc(F)c1N,C=C,15631,862
COc1nccnc1CO,C=C,15632,862
COc1ncnc(N)c1C,C=C,15634,862
COc1ncnc(OC)n1,C=C,15635,862
COc1ncncc1CO,C=C,15636,862
COc1ncnnc1CN,C=C,15637,862
COc1nn(C)c(C)c1N,C=C,15638,862
COc1nn(C)cc1C#N,C=C,15639,862
COc1nnc(CN)o1,C=C,15641,862
COc1nnc(OC)n1N,C=C,15642,862
COc1nnccc1CO,C=C,15643,862
COc1noc(C)c1C,C=C,15644,862
COc1oncc1C(=O)O,C=C,15645,862
C[C@@H](C#N)n1cc(N)nn1,C=C,15647,862
C[C@@H](C(=O)O)c1ccn[nH]1,C=C,15649,862
C[C@@H](C(=O)O)n1cccc1,C=C,15650,862
C[C@@H](C(=O)O)n1cnnn1,C=C,15652,862
C[C@@H](C1=CC=CC1)N(C)C,C=C,15653,862
C[C@@H](CCN)c1nc[nH]n1,C=C,15656,862
C[C@@H](N)Cc1ccccc1,C=C,15660,862
C[C@@H](N)c1cccc(F)c1,C=C,15661,862
C[C@@H](N)c1ccccc1N,C=C,15662,862
C[C@@H](N)c1cnn(C)n1,C=C,15663,862
C[C@@H](N)c1n[nH]c(O)n1,C=C,15664,862
C[C@@H](N)c1ncccn1,C=C,15666,862
C[C@@H](N)c1nn(C)cc1O,C=C,15667,862
C[C@@H](NN)c1ccc[nH]1,C=C,15668,862
C[C@@H](O)c1cc(O)n[nH]1,C=C,15670,862
C[C@@H](O)c1cncnc1,C=C,15673,862
C[C@@H](O)c1ncc(F)cn1,C=C,15674,862
C[C@@H]1C(=O)C(=O)C=CN1C,C=C,15675,862
C[C@@H]1C(=O)c2ccccc21,C=C,15678,862
C[C@@H]1C=CN=NC1=O,C=C,15681,862
C[C@@H]1CC(=O)C(=O)[C@H]1C,C=C,15686,862
C[C@@H]1CC(=O)c2ncnn21,C=C,15690,862
C[C@@H]1CCC/C(=C\O)C1=O,C=C,15693,862
C[C@@H]1CCC/C1=C\C(=O)O,C=C,15694,862
C[C@@H]1CCC2=C1N=CCN2,C=C,15695,862
C[C@@H]1CCCc2nccn21,C=C,15698,862
C[C@@H]1CCNc2ccnn21,C=C,15700,862
C[C@@H]1CCc2nccnc21,C=C,15705,862
C[C@@H]1CNCc2c[nH]nc21,C=C,15712,862
C[C@@H]1CNCc2ccnn21,C=C,15713,862
C[C@@H]1CNCc2nncn21,C=C,15714,862
C[C@@H]1CNc2ccccc21,C=C,15715,862
C[C@@H]1CNc2cccnc21,C=C,15716,862
C[C@@H]1COc2ccnn21,C=C,15717,862
C[C@@H]1C[C@@H]1c1ccncc1,C=C,15720,862
C[C@@H]1Cc2[nH]ccc2C=N1,C=C,15724,862
C[C@@H]1Cc2[nH]ccc2CN1,C=C,15725,862
C[C@@H]1Cc2ccccc2O1,C=C,15726,862
C[C@@H]1Cc2cccnc2N1,C=C,15727,862
C[C@@H]1Cc2cnccc2N1,C=C,15728,862
C[C@@H]1Cn2nccc2CN1,C=C,15729,862
C[C@@H]1NC(=O)C(=O)O[C@H]1C,C=C,15731,862
C[C@@H]1NCCc2[nH]cnc21,C=C,15733,862
C[C@@H]1NCCn2cnnc21,C=C,15735,862
C[C@@H]1NCc2ccccc21,C=C,15736,862
C[C@@]1(O)Cc2ccccc21,C=C,15746,862
C[C@H](C#N)Cn1cccn1,C=C,15753,862
C[C@H](C#N)c1ccncc1,C=C,15754,862
C[C@H](C(=O)O)c1ccco1,C=C,15756,862
C[C@H](C1=CCC=C1)N(C)C,C=C,15757,862
C[C@H](C=O)c1ccccc1,C=C,15758,862
C[C@H](CCN)n1cccn1,C=C,15759,862
C[C@H](CCO)n1ccnc1,C=C,15761,862
C[C@H](CN)c1ncon1,C=C,15762,862
C[C@H](F)c1ccc(F)cc1,C=C,15764,862
C[C@H](N)Cc1nncn1C,C=C,15766,862
C[C@H](N)[C@@H](C)n1cncn1,C=C,15767,862
C[C@H](N)c1ccc(O)cc1,C=C,15768,862
C[C@H](N)c1ccnnc1,C=C,15769,862
C[C@H](O)Cn1cncn1,C=C,15776,862
C[C@H](O)c1ccc(=O)[nH]c1,C=C,15779,862
C[C@H](O)c1ccc(N)cc1,C=C,15780,862
C[C@H](O)c1cccc(O)c1,C=C,15781,862
C[C@H](O)c1ccccc1O,C=C,15782,862
C[C@H]1C(=O)CC(=O)C1=O,C=C,15784,862
C[C@H]1C(=O)NN=C1C(=O)O,C=C,15786,862
C[C@H]1C=C(C(=O)O)CC1,C=C,15788,862
C[C@H]1CCCC=C1C(=O)O,C=C,15797,862
C[C@H]1CCc2[nH]cnc2C1,C=C,15801,862
C[C@H]1CCc2c(N)n[nH]c21,C=C,15802,862
C[C@H]1CNc2ncnn2C1,C=C,15807,862
C[C@H]1C[C@@H](O)c2nccn21,C=C,15811,862
C[C@H]1C[C@@H]1c1nnc(N)o1,C=C,15812,862
C[C@H]1C[C@H](C)C(=O)C1=O,C=C,15813,862
C[C@H]1C[C@H]1c1n[nH]c(N)n1,C=C,15814,862
C[C@H]1Cn2ccnc2CN1,C=C,15815,862
C[C@H]1N=C1c1ccccc1,C=C,15816,862
C[C@H]1NCCc2[nH]ccc21,C=C,15821,862
C[C@H]1NCCc2occc21,C=C,15822,862
C[C@H]1NCCn2cccc21,C=C,15823,862
C[C@H]1N[C@H]1c1ccccc1,C=C,15825,862
C[C@H]1OC/C(=C\NN)C1=O,C=C,15827,862
C[C@]12CCC=C1C(=O)CC2,C=C,15836,862
Cc1[nH]c(C=O)c(C)c1C,C=C,15839,862
Cc1[nH]c(C=O)cc1C#N,C=C,15840,862
Cc1[nH]c(N)c(C#N)c1C,C=C,15841,862
Cc1[nH]ccc1C#N,C=C,15843,862
Cc1[nH]nc(C(C)C)c1C,C=C,15846,862
Cc1[nH]nc(C(N)=O)c1N,C=C,15847,862
Cc1[nH]nc(CO)c1F,C=C,15848,862
Cc1[nH]nc(O)c1C#N,C=C,15849,862
Cc1[nH]nc(O)c1CCO,C=C,15850,862
Cc1[nH]nc2c1CCCN2,C=C,15851,862
Cc1[nH]nc2c1CCCO2,C=C,15852,862
Cc1[nH]ncc1C(C)C,C=C,15853,862
Cc1[nH]ncc1CCCN,C=C,15854,862
Cc1c(C(=O)O)[nH][nH]c1=O,C=C,15856,862
Cc1c(C=O)nnn1C,C=C,15860,862
Cc1c(CO)ccnc1F,C=C,15861,862
Cc1c(CO)ncn1C,C=C,15862,862
Cc1c(F)ccc(F)c1F,C=C,15863,862
Cc1c(F)cccc1CN,C=C,15865,862
Cc1c(F)ncnc1F,C=C,15866,862
Cc1c(N)cc(C#N)n1C,C=C,15868,862
Cc1c(N)cc(F)cc1F,C=C,15869,862
Cc1c(N)ccc(N)c1C,C=C,15871,862
Cc1c(N)cnn1C(F)F,C=C,15872,862
Cc1c(N)nc(=O)[nH]c1F,C=C,15873,862
Cc1c(N)nc(F)nc1F,C=C,15874,862
Cc1c(N)noc1C(C)C,C=C,15875,862
Cc1c(O)ccc(=O)n1O,C=C,15876,862
Cc1c(O)cccc1NN,C=C,15877,862
Cc1c(O)cncc1F,C=C,15878,862
Cc1c(O)nc(N)[nH]c1=O,C=C,15879,862
Cc1c([C@@H](C)O)cnn1C,C=C,15880,862
Cc1c[nH]c(C(C)(C)C)n1,C=C,15882,862
Cc1c[nH]c(C=O)c1C#N,C=C,15883,862
Cc1c[nH]c(N)c1C(N)=O,C=C,15884,862
Cc1c[nH]c2c1CCCC2,C=C,15885,862
Cc1c[nH]c2ccncc12,C=C,15887,862
Cc1c[nH]c2ncccc12,C=C,15888,862
Cc1c[nH]c2nccnc12,C=C,15889,862
Cc1c[nH]cc(C=O)c1=O,C=C,15891,862
Cc1c[nH]cc1C(C)(C)O,C=C,15892,862
Cc1c[nH]nc1C,C=C,15893,862
Cc1cc(/C=N/N)oc1C,C=C,15894,862
Cc1cc(C#N)c(C)o1,C=C,15897,862
Cc1cc(C#N)ccc1F,C=C,15898,862
Cc1cc(C#N)nc(C)n1,C=C,15899,862
Cc1cc(C#N)ncc1N,C=C,15900,862
Cc1cc(C(=O)O)c(C)[nH]1,C=C,15901,862
Cc1cc(C(=O)O)cn1C,C=C,15902,862
Cc1cc(C(=O)O)cnn1,C=C,15903,862
Cc1cc(C(C)(C)C)n[nH]1,C=C,15904,862
Cc1cc(C(F)(F)F)co1,C=C,15906,862
Cc1cc(C(F)F)on1,C=C,15907,862
Cc1cc(C(N)=O)co1,C=C,15908,862
Cc1cc(C)[nH]c(=O)n1,C=C,15910,862
Cc1cc(C)c(/C=N/O)[nH]1,C=C,15911,862
Cc1cc(C)c(=O)[nH]n1,C=C,15912,862
Cc1cc(C)c(C)c(N)n1,C=C,15913,862
Cc1cc(C)c(C)cc1C,C=C,15914,862
Cc1cc(C)c(F)c(C)c1,C=C,15916,862
Cc1cc(C)c(F)c(C)n1,C=C,15917,862
Cc1cc(C)c(N)c(=O)[nH]1,C=C,15919,862
Cc1cc(C)c(N)c(N)c1,C=C,15920,862
Cc1cc(C)c(O)cn1,C=C,15921,862
Cc1cc(C)c2c(c1)CC2,C=C,15922,862
Cc1cc(C)cc(C=O)c1,C=C,15923,862
Cc1cc(C)cc(NN)c1,C=C,15924,862
Cc1cc(C)n(C(F)F)n1,C=C,15925,862
Cc1cc(C)n(C)c(=O)n1,C=C,15926,862
Cc1cc(C)n(CC=O)n1,C=C,15928,862
Cc1cc(C)n(CCO)c1,C=C,15930,862
Cc1cc(C)n(N)c(=O)c1,C=C,15931,862
Cc1cc(C)nc(CN)n1,C=C,15934,862
Cc1cc(C2CC2)ccn1,C=C,15935,862
Cc1cc(C=O)c(C)o1,C=C,15937,862
Cc1cc(C=O)cnc1F,C=C,15938,862
Cc1cc(C=O)n(C)n1,C=C,15939,862
Cc1cc(C=O)nnc1C,C=C,15941,862
Cc1cc(CC#N)n(C)n1,C=C,15942,862
Cc1cc(CC(=O)O)n[nH]1,C=C,15943,862
Cc1cc(CCN)no1,C=C,15944,862
Cc1cc(CN(C)C)on1,C=C,15945,862
Cc1cc(CN)c(C)n1C,C=C,15946,862
Cc1cc(CN)c(O)nn1,C=C,15947,862
Cc1cc(CN)cc(=O)[nH]1,C=C,15948,862
Cc1cc(CO)c(C)o1,C=C,15950,862
Cc1cc(CO)c[nH]c1=O,C=C,15951,862
Cc1cc(CO)cc(C)n1,C=C,15952,862
Cc1cc(C[C@H](C)O)[nH]n1,C=C,15953,862
Cc1cc(F)[nH]c(=O)c1,C=C,15954,862
Cc1cc(F)c(C)cc1O,C=C,15955,862
Cc1cc(F)c(N)cc1N,C=C,15956,862
Cc1cc(F)cc(C)c1O,C=C,15957,862
Cc1cc(F)cc(CO)c1,C=C,15958,862
Cc1cc(F)cnc1NN,C=C,15959,862
Cc1cc(N(C)C)no1,C=C,15960,862
Cc1cc(N)c(=O)[nH]c1C,C=C,15961,862
Cc1cc(N)c(C)nc1O,C=C,15962,862
Cc1cc(N)c(C)nn1,C=C,15963,862
Cc1cc(N)c(O)cc1C,C=C,15965,862
Cc1cc(N)cc(=O)n1C,C=C,15967,862
Cc1cc(N)cc(C#N)c1,C=C,15968,862
Cc1cc(N)cc(C)c1C,C=C,15969,862
Cc1cc(N)cc(C=O)n1,C=C,15970,862
Cc1cc(N)ccc1N=O,C=C,15971,862
Cc1cc(N)cn(C)c1=O,C=C,15972,862
Cc1cc(N)cnc1N,C=C,15973,862
Cc1cc(N)nn1C1CC1,C=C,15975,862
Cc1cc(N/C=N/O)on1,C=C,15976,862
Cc1cc(NC(=N)N)n[nH]1,C=C,15977,862
Cc1cc(NC(N)=O)no1,C=C,15978,862
Cc1cc(NN)ncn1,C=C,15979,862
Cc1cc(O)c(C#N)n1C,C=C,15980,862
Cc1cc(O)c(C)c(=O)[nH]1,C=C,15981,862
Cc1cc(O)c(F)c(F)c1,C=C,15982,862
Cc1cc(O)c(N)c(=O)o1,C=C,15983,862
Cc1cc(O)cc(CN)c1,C=C,15985,862
Cc1cc(O)cc(N)n1,C=C,15986,862
Cc1cc(O)cc(O)c1C,C=C,15987,862
Cc1cc(O)n(C(=N)N)n1,C=C,15989,862
Cc1cc(O)nc(O)c1,C=C,15990,862
Cc1cc(O)ncc1CN,C=C,15991,862
Cc1cc(O)nnc1O,C=C,15992,862
Cc1cc([C@H](C)N)c(C)o1,C=C,15994,862
Cc1cc([C@H]2CO2)n(C)n1,C=C,15995,862
Cc1cc2[nH]ccn2n1,C=C,15996,862
Cc1cc2c(cn1)CNC2,C=C,15997,862
Cc1cc2c(o1)CCNC2,C=C,15998,862
Cc1cc2ccccn2c1,C=C,15999,862
Cc1cc2cn[nH]c2cn1,C=C,16000,862
Cc1cc2n(n1)CC(=O)N2,C=C,16002,862
Cc1cc2n(n1)CCCO2,C=C,16004,862
Cc1cc2n(n1)CCN2,C=C,16005,862
Cc1cc2ncccn2n1,C=C,16006,862
Cc1cc[nH]c(=O)c1CN,C=C,16009,862
Cc1cc[nH]c1C(C)C,C=C,16010,862
Cc1cc[nH]c1CC(=O)O,C=C,16011,862
Cc1ccc(/C=N/O)cc1,C=C,16012,862
Cc1ccc(=N)n(N)c1,C=C,16013,862
Cc1ccc(=O)[nH]c1N,C=C,16014,862
Cc1ccc(C#N)c(N)n1,C=C,16016,862
Cc1ccc(C(=N)N)cn1,C=C,16018,862
Cc1ccc(C(=N)N)n1C,C=C,16019,862
Cc1ccc(C(=O)O)nn1,C=C,16021,862
Cc1ccc(C(F)(F)F)o1,C=C,16023,862
Cc1ccc(C(F)F)cc1,C=C,16024,862
Cc1ccc(C(N)=O)nc1,C=C,16025,862
Cc1ccc(C)c(CN)c1,C=C,16026,862
Cc1ccc(C)c(CO)n1,C=C,16027,862
Cc1ccc(C)c(F)c1C,C=C,16028,862
Cc1ccc(C)c(O)c1C,C=C,16032,862
Cc1ccc(C)n1C(C)C,C=C,16033,862
Cc1ccc(C)n1C1CC1,C=C,16034,862
Cc1ccc(C)n1CC#N,C=C,16035,862
Cc1ccc(C=O)c(O)c1,C=C,16037,862
Cc1ccc(C=O)cc1C,C=C,16038,862
Cc1ccc(CC#N)nn1,C=C,16039,862
Cc1ccc(CN)c(=O)[nH]1,C=C,16040,862
Cc1ccc(CN)c(C)n1,C=C,16041,862
Cc1ccc(CN)cc1N,C=C,16042,862
Cc1ccc(CO)c(N)c1,C=C,16043,862
Cc1ccc(CO)nc1C,C=C,16044,862
Cc1ccc(CON)cc1,C=C,16045,862
Cc1ccc(F)c(C#N)n1,C=C,16046,862
Cc1ccc(N(C)C)cc1,C=C,16048,862
Cc1ccc(N(C)N)nn1,C=C,16049,862
Cc1ccc(N)c(=O)n1C,C=C,16050,862
Cc1ccc(N)cc1C#N,C=C,16051,862
Cc1ccc(N)nc1C#N,C=C,16053,862
Cc1ccc(NN)c(F)c1,C=C,16055,862
Cc1ccc(NN=O)nc1,C=C,16056,862
Cc1ccc(O)c(C#N)c1,C=C,16057,862
Cc1ccc(O)c(F)n1,C=C,16058,862
Cc1ccc(O)c(N)c1C,C=C,16059,862
Cc1ccc(O)cc1CO,C=C,16061,862
Cc1ccc([C@@H]2CN2)cc1,C=C,16062,862
Cc1ccc([C@@H]2CO2)cn1,C=C,16063,862
Cc1ccc2[nH]ncc2n1,C=C,16066,862
Cc1ccc2c(c1)CC2=O,C=C,16068,862
Cc1ccc2c(c1)NCC2,C=C,16069,862
Cc1ccc2c(c1)OCO2,C=C,16070,862
Cc1ccc2c(n1)CNC2,C=C,16071,862
Cc1ccc2c(n1)[C@H](C)C2,C=C,16073,862
Cc1ccc2cc[nH]c2c1,C=C,16074,862
Cc1ccc2ccnn2c1,C=C,16075,862
Cc1ccc2ccoc2c1,C=C,16076,862
Cc1ccc2cn[nH]c2c1,C=C,16077,862
Cc1ccc2cnccn12,C=C,16079,862
Cc1ccc2n1CCNC2,C=C,16080,862
Cc1ccc2n[nH]nc2n1,C=C,16081,862
Cc1ccc2nc[nH]c2c1,C=C,16082,862
Cc1ccc2nccn2c1,C=C,16083,862
Cc1ccc2ncoc2c1,C=C,16084,862
Cc1ccc2nnnn2c1,C=C,16085,862
Cc1ccc2nnnn2n1,C=C,16086,862
Cc1cccc(/C=N/N)c1,C=C,16087,862
Cc1cccc(/C=N\O)n1,C=C,16088,862
Cc1cccc(=O)n1C,C=C,16089,862
Cc1cccc(C#N)c1O,C=C,16090,862
Cc1cccc(C(=N)N)c1,C=C,16091,862
Cc1cccc(C(C)C)c1,C=C,16092,862
Cc1cccc(C)c1N=O,C=C,16094,862
Cc1cccc(C2CC2)n1,C=C,16096,862
Cc1cccc(CCF)c1,C=C,16097,862
Cc1cccc(N(C)N)c1,C=C,16098,862
Cc1cccc(N)c1C#N,C=C,16099,862
Cc1cccc(NC#N)n1,C=C,16100,862
Cc1cccc(O)c(=O)c1,C=C,16101,862
Cc1cccc([C@@H]2CO2)c1,C=C,16103,862
Cc1cccc([C@H](C)N)n1,C=C,16104,862
Cc1cccc2c1C=CC2,C=C,16105,862
Cc1cccc2c1CC2=O,C=C,16106,862
Cc1cccc2c1CC=C2,C=C,16107,862
Cc1cccc2c1CCC2,C=C,16108,862
Cc1cccc2cn[nH]c12,C=C,16111,862
Cc1cccc2cnnn12,C=C,16113,862
Cc1cccc2nncn12,C=C,16114,862
Cc1cccc2nnnn12,C=C,16115,862
Cc1cccc2nonc12,C=C,16116,862
Cc1ccccc1C(=O)O,C=C,16118,862
Cc1ccccc1C(C)C,C=C,16119,862
Cc1ccccc1CCO,C=C,16122,862
Cc1ccccc1N(C)C,C=C,16123,862
Cc1ccccc1NN=N,C=C,16124,862
Cc1ccccc1[C@H]1CO1,C=C,16125,862
Cc1cccn1CCN,C=C,16126,862
Cc1cccn2ncnc12,C=C,16128,862
Cc1cccnc1C1CC1,C=C,16129,862
Cc1cccnc1CCN,C=C,16130,862
Cc1cccnc1NC=O,C=C,16131,862
Cc1ccn(C(C)C)n1,C=C,16133,862
Cc1ccn(C)c1C(C)C,C=C,16134,862
Cc1ccn(CCC#N)n1,C=C,16136,862
Cc1ccn(N)c1C#N,C=C,16137,862
Cc1ccn2ccnc2n1,C=C,16139,862
Cc1ccn2cnnc2c1,C=C,16140,862
Cc1ccn2nccc2n1,C=C,16141,862
Cc1ccn2ncnc2c1,C=C,16142,862
Cc1ccnc(C#N)c1C,C=C,16143,862
Cc1ccnc(C=O)c1F,C=C,16144,862
Cc1ccnc(N)c1CO,C=C,16146,862
Cc1ccnc(NC=O)c1,C=C,16147,862
Cc1ccnc([C@H](C)O)c1,C=C,16148,862
Cc1ccnc2[nH]ncc12,C=C,16149,862
Cc1ccnc2c1CCN2,C=C,16150,862
Cc1ccnc2cc[nH]c12,C=C,16152,862
Cc1ccnc2ccnn12,C=C,16153,862
Cc1ccncc1/C=N/O,C=C,16154,862
Cc1ccncc1NC=O,C=C,16156,862
Cc1ccncc1[C@@H](C)N,C=C,16157,862
Cc1ccnn1CC(F)F,C=C,16158,862
Cc1ccnnc1CN,C=C,16160,862
Cc1ccoc1C(=N)N,C=C,16162,862
Cc1ccoc1C(F)(F)F,C=C,16163,862
Cc1cn(C)c(C)c1C=O,C=C,16164,862
Cc1cn(C)c(N)n1,C=C,16165,862
Cc1cn(C)nc1CN,C=C,16168,862
Cc1cn(CCF)cn1,C=C,16169,862
Cc1cn(CCO)nc1N,C=C,16170,862
Cc1cn2c(n1)CNCC2,C=C,16171,862
Cc1cn[nH]c(=O)c1C,C=C,16173,862
Cc1cnc(=O)n(C)c1,C=C,16174,862
Cc1cnc(C(=O)O)nc1,C=C,16175,862
Cc1cnc(C(C)(C)N)[nH]1,C=C,16176,862
Cc1cnc(C(C)C)o1,C=C,16177,862
Cc1cnc(C(F)F)cn1,C=C,16178,862
Cc1cnc(C)c(C=O)c1,C=C,16179,862
Cc1cnc(C2CCC2)o1,C=C,16180,862
Cc1cnc(C=O)c(C)n1,C=C,16181,862
Cc1cnc(C=O)n1C,C=C,16182,862
Cc1cnc(CCN)nc1,C=C,16183,862
Cc1cnc(CNN)cn1,C=C,16184,862
Cc1cnc(CO)c(C)c1,C=C,16185,862
Cc1cnc(CO)cc1N,C=C,16186,862
Cc1cnc(F)c(C#N)c1,C=C,16187,862
Cc1cnc(F)cc1C,C=C,16188,862
Cc1cnc(N)c(O)c1,C=C,16189,862
Cc1cnc(N)c(O)c1F,C=C,16190,862
Cc1cnc2c(c1)CNC2,C=C,16192,862
Cc1cnc2n1CCNC2,C=C,16193,862
Cc1cnc2n1CC[C@@H]2O,C=C,16194,862
Cc1cnc2nn[nH]c2c1,C=C,16196,862
Cc1cnc2nonc2n1,C=C,16197,862
Cc1cncc(C#N)c1C,C=C,16199,862
Cc1cncc(C)c1C=O,C=C,16200,862
Cc1cncc(CCO)c1,C=C,16201,862
Cc1cncc2[nH]ccc12,C=C,16204,862
Cc1cnccc1C(=N)N,C=C,16206,862
Cc1cncn1C(C)(C)C,C=C,16207,862
Cc1cncnc1C(=O)O,C=C,16208,862
Cc1cnn(C)c(=O)c1,C=C,16209,862
Cc1cnn(C)c1C(F)F,C=C,16210,862
Cc1cnn(C2CNC2)c1,C=C,16212,862
Cc1cnn(CCF)c1N,C=C,16213,862
Cc1cnn([C@H](C)CN)c1,C=C,16214,862
Cc1cnnc(CN)c1,C=C,16216,862
Cc1cnncc1C=O,C=C,16217,862
Cc1cnncc1CO,C=C,16218,862
Cc1cnnn1CC(=O)O,C=C,16219,862
Cc1coc(C)c1C(=O)O,C=C,16220,862
Cc1coc(C)c1CN,C=C,16221,862
Cc1coc(C)c1[C@H](C)O,C=C,16222,862
Cc1coc2ccccc12,C=C,16223,862
Cc1cocc1CCCO,C=C,16225,862
Cc1n[nH]c(/N=C(/N)O)n1,C=C,16226,862
Cc1n[nH]c(C#N)c1N,C=C,16228,862
Cc1n[nH]c(C)c1CCN,C=C,16230,862
Cc1n[nH]c(C)c1[C@H](C)O,C=C,16231,862
Cc1n[nH]c(C2CC2)n1,C=C,16232,862
Cc1n[nH]c(CC(C)C)n1,C=C,16233,862
Cc1n[nH]c(N(C)C)n1,C=C,16234,862
Cc1n[nH]c(N)c1C(=O)O,C=C,16235,862
Cc1n[nH]c(O)c1C=O,C=C,16236,862
Cc1n[nH]c2c1CNC2,C=C,16237,862
Cc1n[nH]c2cccnc12,C=C,16238,862
Cc1n[nH]c2cn[nH]c12,C=C,16239,862
Cc1n[nH]c2cnccc12,C=C,16240,862
Cc1n[nH]c2ncncc12,C=C,16241,862
Cc1n[nH]nc1CCCN,C=C,16242,862
Cc1nc(/C(N)=N/O)no1,C=C,16243,862
Cc1nc(/C=N/O)n[nH]1,C=C,16244,862
Cc1nc(/C=N/O)nn1C,C=C,16245,862
Cc1nc(C#N)c(NN)o1,C=C,16246,862
Cc1nc(C#N)ccc1N,C=C,16247,862
Cc1nc(C(=N)N)co1,C=C,16248,862
Cc1nc(C(=N)O)c(N)[nH]1,C=C,16249,862
Cc1nc(C(C)(C)N)no1,C=C,16250,862
Cc1nc(C(C)C)[nH]c1C,C=C,16251,862
Cc1nc(C(F)(F)F)n[nH]1,C=C,16252,862
Cc1nc(C(N)=O)nn1C,C=C,16253,862
Cc1nc(C)c(=O)[nH]c1C,C=C,16254,862
Cc1nc(C)c(C(=O)O)o1,C=C,16255,862
Cc1nc(C)c(C)c(=O)[nH]1,C=C,16256,862
Cc1nc(C)c(CN)[nH]1,C=C,16257,862
Cc1nc(C)c(F)c(N)n1,C=C,16258,862
Cc1nc(C)c(N)nc1C,C=C,16259,862
Cc1nc(C)c(O)c(C)n1,C=C,16260,862
Cc1nc(C)n(C)c1C,C=C,16261,862
Cc1nc(C)nc(C)n1,C=C,16264,862
Cc1nc(C2CCC2)n[nH]1,C=C,16265,862
Cc1nc(C=O)c(C)o1,C=C,16266,862
Cc1nc(C=O)ccc1F,C=C,16267,862
Cc1nc(C=O)cn1C,C=C,16268,862
Cc1nc(CC#N)co1,C=C,16269,862
Cc1nc(CCN)cn1C,C=C,16270,862
Cc1nc(CCN)n[nH]1,C=C,16271,862
Cc1nc(CN)c(C)o1,C=C,16272,862
Cc1nc(CO)c(CO)[nH]1,C=C,16273,862
Cc1nc(CO)n(C)n1,C=C,16275,862
Cc1nc(F)ccc1C=O,C=C,16276,862
Cc1nc(N)c(F)c(=O)[nH]1,C=C,16277,862
Cc1nc(N)cc(CO)n1,C=C,16278,862
Cc1nc(N)cc(N)c1C,C=C,16279,862
Cc1nc(N)nc(C)c1C,C=C,16281,862
Cc1nc(N)nn1C(C)C,C=C,16283,862
Cc1nc(O)cc(=O)[nH]1,C=C,16286,862
Cc1nc(O)ncc1C#N,C=C,16287,862
Cc1nc([C@@H](C)N)c(C)[nH]1,C=C,16289,862
Cc1nc([C@@H](C)O)no1,C=C,16290,862
Cc1nc([C@H](C)C#N)c[nH]1,C=C,16291,862
Cc1nc2c([nH]1)CNCC2,C=C,16293,862
Cc1nc2c(o1)CCCC2,C=C,16294,862
Cc1nc2c(o1)CNC2,C=C,16295,862
Cc1nc2cnccn2n1,C=C,16299,862
Cc1nc2n(c1C)CCC2,C=C,16300,862
Cc1nc2n(n1)CCNC2,C=C,16301,862
Cc1nc[nH]c1C(F)F,C=C,16303,862
Cc1ncc(=O)[nH]c1C,C=C,16304,862
Cc1ncc(C(F)F)[nH]1,C=C,16306,862
Cc1ncc(C)c(=O)[nH]1,C=C,16307,862
Cc1ncc(C=O)c(N)n1,C=C,16308,862
Cc1ncc(CC#N)[nH]1,C=C,16309,862
Cc1ncc(CC#N)cn1,C=C,16310,862
Cc1ncc(CCN)o1,C=C,16311,862
Cc1ncc(CO)cc1F,C=C,16312,862
Cc1ncc(F)cc1O,C=C,16313,862
Cc1ncc(N)c(C)c1N,C=C,16314,862
Cc1ncc(N)n1CCO,C=C,16316,862
Cc1ncc(N)nc1C,C=C,16317,862
Cc1ncc([C@@H](C)N)cn1,C=C,16318,862
Cc1ncc2c[nH]nc2n1,C=C,16319,862
Cc1ncc2ccccn12,C=C,16320,862
Cc1ncc2n1CCCC2,C=C,16321,862
Cc1nccc(CNO)n1,C=C,16322,862
Cc1nccc(N)c1F,C=C,16323,862
Cc1nccc2[nH]ncc12,C=C,16324,862
Cc1nccc2c1N=NC2,C=C,16325,862
Cc1nccc2occc12,C=C,16326,862
Cc1ncccc1C(N)=O,C=C,16327,862
Cc1nccn1C1CNC1,C=C,16328,862
Cc1nccn1[C@H](C)CO,C=C,16329,862
Cc1nccnc1/C=N\O,C=C,16330,862
Cc1nccnc1CCO,C=C,16331,862
Cc1nccnc1N(C)C,C=C,16332,862
Cc1ncn(CCN)c1C,C=C,16333,862
Cc1ncn(O)c1C(=O)O,C=C,16334,862
Cc1ncn2c1CNCC2,C=C,16335,862
Cc1ncn2ccccc12,C=C,16336,862
Cc1ncnc(CO)c1C,C=C,16337,862
Cc1ncnc(N)c1C#N,C=C,16338,862
Cc1ncnc(NN)c1N,C=C,16339,862
Cc1ncnc2[nH]ccc12,C=C,16341,862
Cc1ncnc2c1CCC2,C=C,16342,862
Cc1ncnc2nc[nH]c12,C=C,16343,862
Cc1ncncc1CN,C=C,16344,862
Cc1nn(C)c(CO)c1F,C=C,16345,862
Cc1nn(C)c(F)c1C=O,C=C,16346,862
Cc1nn(C)c(N)c1N=O,C=C,16348,862
Cc1nn(C)c2[nH]ncc12,C=C,16349,862
Cc1nn(C)cc1/C=N\O,C=C,16351,862
Cc1nnc(=O)[nH]c1N,C=C,16352,862
Cc1nnc(C)c(C)c1C,C=C,16353,862
Cc1nnc(C2(N)CC2)[nH]1,C=C,16354,862
Cc1nnc(CC#N)n1C,C=C,16355,862
Cc1nnc(NN)nc1C,C=C,16356,862
Cc1nnc([C@H](C)O)o1,C=C,16357,862
Cc1nnc2ccccn12,C=C,16358,862
Cc1nnc2n1CCOC2,C=C,16360,862
Cc1nncn1CCCN,C=C,16363,862
Cc1nnn(CCN)n1,C=C,16364,862
Cc1nnnn1CC(N)=O,C=C,16365,862
Cc1noc(C)c1/C=N/O,C=C,16366,862
Cc1noc(C)c1[C@@H](C)N,C=C,16368,862
Cc1noc(C2(N)CC2)n1,C=C,16369,862
Cc1noc(C2CC2)c1N,C=C,16370,862
Cc1noc(C2CNC2)n1,C=C,16371,862
Cc1noc(CC(=O)O)n1,C=C,16372,862
Cc1noc(NC(C)C)n1,C=C,16373,862
Cc1noc2cnccc12,C=C,16374,862
Cc1nocc1CC#N,C=C,16375,862
Cc1nonc1/C(N)=N/N,C=C,16376,862
Cc1oc(C)c(C)c1C,C=C,16381,862
Cc1occc1CNN,C=C,16383,862
Cc1onc(O)c1CN,C=C,16384,862
Cc1oncc1C(F)(F)F,C=C,16386,862
Cc1oncc1C(N)=O,C=C,16387,862
Cc1oncc1CN(C)C,C=C,16388,862
Cc1onnc1C(=O)O,C=C,16389,862
Cn1[nH]c(C(=O)O)cc1=O,C=C,16390,862
Cn1c(C#N)ccc1C=O,C=C,16392,862
Cn1c(CN)cnc1C#N,C=C,16396,862
Cn1c(CO)cnc1N,C=C,16397,862
Cn1c(N)cc(N)nc1=O,C=C,16398,862
Cn1c(N)nccc1=O,C=C,16400,862
Cn1c(N)nnc1C1CC1,C=C,16401,862
Cn1cc(/C(N)=N/O)cn1,C=C,16402,862
Cn1cc(/C=N/N)nn1,C=C,16403,862
Cn1cc(C#CCN)cn1,C=C,16404,862
Cn1cc(C#N)ccc1=O,C=C,16405,862
Cn1cc(C(=O)O)c(F)n1,C=C,16407,862
Cn1cc(C(C)(C)O)nn1,C=C,16408,862
Cn1cc(C(F)(F)F)cn1,C=C,16409,862
Cn1cc(C2(N)CC2)cn1,C=C,16410,862
Cn1cc(C=O)c(N)n1,C=C,16411,862
Cn1cc(C=O)n(C)c1=O,C=C,16412,862
Cn1cc(CO)c(CO)c1,C=C,16414,862
Cn1cc(F)cc(N)c1=O,C=C,16416,862
Cn1cc(N)c(C2CC2)n1,C=C,16417,862
Cn1cc([C@H](N)C#N)cn1,C=C,16418,862
Cn1cc2c(n1)CC[C@H]2N,C=C,16420,862
Cn1cc2c(n1)CNC2,C=C,16421,862
Cn1ccc(C=O)cc1=O,C=C,16429,862
Cn1ccc(CCCO)n1,C=C,16431,862
Cn1ccc(N)c(N)c1=O,C=C,16432,862
Cn1ccc([C@@H]2C[C@@H]2N)n1,C=C,16433,862
Cn1ccc2c1CCN=C2,C=C,16434,862
Cn1ccc2c1CNCC2,C=C,16435,862
Cn1cccc(C#N)c1=O,C=C,16437,862
Cn1cccc1C(=O)O,C=C,16438,862
Cn1cccc1C1(N)CC1,C=C,16439,862
Cn1cccc1[C@@H](O)CN,C=C,16440,862
Cn1ccnc(N)c1=O,C=C,16441,862
Cn1ccnc1C(C)(C)O,C=C,16442,862
Cn1ccnc1C1(N)CC1,C=C,16443,862
Cn1ccnc1CC(=O)O,C=C,16444,862
Cn1ccnc1N=C(N)N,C=C,16445,862
Cn1cnc(C#N)c1C=O,C=C,16447,862
Cn1cnc(C(=O)O)c1N,C=C,16448,862
Cn1cnc(C(F)(F)F)c1,C=C,16449,862
Cn1cnc(C2(N)CC2)c1,C=C,16450,862
Cn1cnc(C2CC2)c1,C=C,16451,862
Cn1cnc(CCCN)n1,C=C,16452,862
Cn1cnc(N)c1C#N,C=C,16453,862
Cn1cnc(N)cc1=O,C=C,16454,862
Cn1cnc2c1CCNC2,C=C,16456,862
Cn1cncc(N)c1=O,C=C,16458,862
Cn1cncc1/C=N/O,C=C,16459,862
Cn1cncc1CC(=N)N,C=C,16461,862
Cn1cncc1[C@@H]1C[C@H]1N,C=C,16462,862
Cn1cncc1[C@H](N)CO,C=C,16463,862
Cn1cnnc1C(F)(F)F,C=C,16464,862
Cn1cnnc1C1CNC1,C=C,16465,862
Cn1nc(C(=O)O)[nH]c1=O,C=C,16466,862
Cn1nc(C(F)F)nc1N,C=C,16467,862
Cn1nc(C2CC2)cc1O,C=C,16468,862
Cn1nc(C2CC2)nc1N,C=C,16469,862
Cn1nc(N)c2c1CNC2,C=C,16470,862
Cn1nc(O)cc1C(F)F,C=C,16471,862
Cn1nc(O)ccc1=O,C=C,16472,862
Cn1nc2c(c1N)CNC2,C=C,16474,862
Cn1nc2c(c1O)CCC2,C=C,16475,862
Cn1ncc(/C=N/O)n1,C=C,16476,862
Cn1ncc(C(=O)O)n1,C=C,16478,862
Cn1ncc(C2CC2)c1N,C=C,16479,862
Cn1ncc(CC#N)n1,C=C,16480,862
Cn1ncc(CN)c1O,C=C,16482,862
Cn1ncc2c(N)n[nH]c21,C=C,16483,862
Cn1ncc2c1CCC2=O,C=C,16484,862
Cn1ncc2c1CNC2,C=C,16485,862
Cn1ncc2c1NCCC2,C=C,16486,862
Cn1nccc1CC1CC1,C=C,16488,862
Cn1ncnc1NCCN,C=C,16489,862
Cn1nnc(C(=N)N)c1N,C=C,16490,862
Cn1nnc(N)c1C(=O)O,C=C,16491,862
Cn1nnc([C@@H]2CO2)n1,C=C,16493,862
Cn1nnc([C@H](O)CN)n1,C=C,16494,862
Cn1nnc2c1CNC=N2,C=C,16495,862
Cn1nncc1C(=O)CF,C=C,16496,862
Cn1nncc1CCN,C=C,16497,862
Cn1nnnc1/C=N/O,C=C,16498,862
Cn1nnnc1CCO,C=C,16499,862
FC(F)(F)C1=CC=C=CN1,C=C,16502,862
FC(F)(F)c1cc[nH]c1,C=C,16505,862
FC(F)(F)c1ccnnc1,C=C,16506,862
FC(F)(F)c1ccon1,C=C,16507,862
FC(F)(F)c1cn[nH]n1,C=C,16508,862
FC(F)(F)c1cnc[nH]1,C=C,16509,862
FC(F)(F)c1cnccn1,C=C,16510,862
FC(F)(F)c1cncnc1,C=C,16511,862
FC(F)(F)c1ncc[nH]1,C=C,16512,862
FC(F)(F)c1ncon1,C=C,16514,862
FC(F)(F)c1nnco1,C=C,16515,862
FC(F)=C(F)C(F)=C(F)F,C=C,16517,862
FC(F)=Cc1ccccc1,C=C,16522,862
FC(F)COc1cc[nH]n1,C=C,16523,862
FC(F)Oc1ccccc1,C=C,16525,862
FC1=CCn2ccnc2O1,C=C,16526,862
FC1=COc2nccn2C1,C=C,16527,862
FCCCCn1cccn1,C=C,16528,862
FCCCc1ccccc1,C=C,16529,862
FCCCc1nnn[nH]1,C=C,16530,862
FCc1cc(F)cc(F)c1,C=C,16532,862
FCc1ccc(F)c(F)c1,C=C,16533,862
F[C@@H]1COc2ccnn2C1,C=C,16534,862
Fc1c[nH]c2ccccc12,C=C,16537,862
Fc1c[nH]c2ncncc12,C=C,16538,862
Fc1cc(F)c(F)c(F)c1,C=C,16539,862
Fc1cc(F)nc(F)n1,C=C,16540,862
Fc1cc2[nH]ccc2cn1,C=C,16541,862
Fc1ccc([C@@H]2CO2)nc1,C=C,16544,862
Fc1ccc2c(c1)CC=C2,C=C,16546,862
Fc1ccc2c(c1)CCC2,C=C,16547,862
Fc1ccc2c(c1)CCN2,C=C,16548,862
Fc1ccc2c(c1)OCC2,C=C,16549,862
Fc1ccc2cc[nH]c2n1,C=C,16550,862
Fc1ccc2cncn2c1,C=C,16553,862
Fc1ccc2n[nH]cc2c1,C=C,16554,862
Fc1ccc2nccn2n1,C=C,16555,862
Fc1ccc2occc2c1,C=C,16556,862
Fc1cccc(C2CC2)c1,C=C,16557,862
Fc1cccc2[nH]nnc12,C=C,16558,862
Fc1cccc2c1CNC2,C=C,16560,862
Fc1cccc2c1OCO2,C=C,16561,862
Fc1cccc2ccoc12,C=C,16562,862
Fc1cccc2nccn12,C=C,16563,862
Fc1cccc2ncnn12,C=C,16564,862
Fc1cccc2ocnc12,C=C,16567,862
Fc1ccccc1C(F)F,C=C,16568,862
Fc1cccn2ccnc12,C=C,16569,862
Fc1ccn2ccnc2c1,C=C,16570,862
Fc1ccnc2c1CCO2,C=C,16572,862
Fc1cnc(F)c(F)c1F,C=C,16574,862
Fc1cnc2[nH]ncc2c1,C=C,16575,862
Fc1cnc2c(c1)CCO2,C=C,16576,862
Fc1cnc2c(c1)NCC2,C=C,16577,862
Fc1cnc2cc[nH]c2c1,C=C,16578,862
Fc1cnc2ncnn2c1,C=C,16579,862
Fc1cncc(C(F)F)c1,C=C,16580,862
Fc1cncc2[nH]ncc12,C=C,16581,862
Fc1cncc2cc[nH]c12,C=C,16582,862
Fc1nc(F)c(F)c(F)n1,C=C,16584,862
Fc1nc(F)c(F)nc1F,C=C,16585,862
Fc1ncc(F)c(F)n1,C=C,16586,862
Fc1ncc2[nH]cnc2n1,C=C,16587,862
Fc1nccc2[nH]ccc12,C=C,16588,862
Fc1ncccc1C1CC1,C=C,16590,862
Fc1nccnc1F,C=C,16591,862
Fc1nnc(F)c(F)c1F,C=C,16592,862
N#C/C(=N\O)C(=N)NO,C=C,16593,862
N#C/C(=N\O)c1ncon1,C=C,16594,862
N#C/N=C(\N)c1ccco1,C=C,16596,862
N#CC#Cc1ccccc1,C=C,16599,862
N#CC(=O)c1ccccc1,C=C,16601,862
N#CC1(c2cocn2)CC1,C=C,16606,862
N#CC1C=CC=CC=C1,C=C,16611,862
N#CCC(=O)N=C(N)N,C=C,16613,862
N#CCC(=O)c1ccc[nH]1,C=C,16616,862
N#CCC1=CC=CO[C@@H]1O,C=C,16618,862
N#CCCCc1cn[nH]c1,C=C,16622,862
N#CCCc1ccncc1,C=C,16625,862
N#CCCc1cn[nH]n1,C=C,16626,862
N#CCCn1nccn1,C=C,16628,862
N#CCNc1ccccn1,C=C,16632,862
N#CCOc1nnco1,C=C,16633,862
N#CC[C@@H](O)c1ccco1,C=C,16634,862
N#CCc1cc(F)ccn1,C=C,16636,862
N#CCc1ccc(N)cn1,C=C,16638,862
N#CCc1ccc(O)cc1,C=C,16639,862
N#CCc1cccc(F)n1,C=C,16640,862
N#CCc1ccncc1N,C=C,16643,862
N#CCc1cnco1,C=C,16644,862
N#CCc1ncc(F)cn1,C=C,16646,862
N#CCc1ncnc(N)n1,C=C,16647,862
N#CNc1ccccc1N,C=C,16650,862
N#CNc1ncccn1,C=C,16651,862
N#COc1ccccc1,C=C,16652,862
N#C[C@@H]1CC(C(N)=O)=NO1,C=C,16653,862
N#C[C@H](F)c1ccccc1,C=C,16656,862
N#C[C@H]1C=CC=NC1=O,C=C,16658,862
N#Cc1[nH]nc2c1CNC2,C=C,16661,862
N#Cc1c(F)cncc1F,C=C,16662,862
N#Cc1c(N)nc[nH]c1=O,C=C,16663,862
N#Cc1c(O)cccc1O,C=C,16664,862
N#Cc1c[nH]cc1C#N,C=C,16666,862
N#Cc1c[nH]n2ccnc12,C=C,16667,862
N#Cc1c[nH]nc1C(F)F,C=C,16668,862
N#Cc1cc(C#N)[nH]n1,C=C,16669,862
N#Cc1cc(F)cc(F)c1,C=C,16670,862
N#Cc1cc(F)ccc1F,C=C,16671,862
N#Cc1cc(O)ccc1N,C=C,16674,862
N#Cc1cc(O)ncn1,C=C,16675,862
N#Cc1ccc(=O)[nH]c1O,C=C,16677,862
N#Cc1ccc(C#N)o1,C=C,16678,862
N#Cc1ccc(C(=O)O)[nH]1,C=C,16679,862
N#Cc1ccc(F)c(O)n1,C=C,16683,862
N#Cc1ccc(F)nc1F,C=C,16684,862
N#Cc1ccc(N)c(N)c1,C=C,16685,862
N#Cc1ccc(NN)cn1,C=C,16686,862
N#Cc1cccc(N)c1F,C=C,16687,862
N#Cc1cccc(ON)c1,C=C,16688,862
N#Cc1ccccc1C=O,C=C,16689,862
N#Cc1cccn1C(F)F,C=C,16690,862
N#Cc1cccnc1,C=C,16691,862
N#Cc1cccnc1CO,C=C,16692,862
N#Cc1ccn(CCF)n1,C=C,16694,862
N#Cc1ccnc(C#N)n1,C=C,16695,862
N#Cc1ccnc(N)c1N,C=C,16696,862
N#Cc1ccnc(NN)c1,C=C,16697,862
N#Cc1ccnn1C(F)F,C=C,16698,862
N#Cc1cn[nH]c1C(=O)O,C=C,16700,862
N#Cc1cnc(F)cn1,C=C,16701,862
N#Cc1cnc(N)c(N)c1,C=C,16702,862
N#Cc1cnc(N)cc1N,C=C,16703,862
N#Cc1cnc(O)[nH]c1=O,C=C,16705,862
N#Cc1cncc(C=O)c1,C=C,16706,862
N#Cc1cncc(N)n1,C=C,16707,862
N#Cc1cncnc1O,C=C,16708,862
N#Cc1cnn(CCO)c1,C=C,16709,862
N#Cc1cnoc1C#N,C=C,16711,862
N#Cc1coc(C(=O)O)c1,C=C,16712,862
N#Cc1n[nH]nc1C#N,C=C,16714,862
N#Cc1nc(C2CC2)n[nH]1,C=C,16715,862
N#Cc1nc(F)cnc1F,C=C,16716,862
N#Cc1nc(N)[nH]c1C#N,C=C,16717,862
N#Cc1nc[nH]c1C(N)=O,C=C,16718,862
N#Cc1ncc(C2CC2)[nH]1,C=C,16719,862
N#Cc1ncc(CO)cn1,C=C,16720,862
N#Cc1ncc(N)cc1F,C=C,16721,862
N#Cc1nccnc1O,C=C,16723,862
N#Cc1ncn(CCN)n1,C=C,16724,862
N#Cc1ncn(N)c1N,C=C,16725,862
N#Cc1nnc2n1CCC2,C=C,16727,862
N#Cc1nonc1C#N,C=C,16728,862
N#Cc1occc1C1CC1,C=C,16729,862
N/C(=N/O)c1[nH]cnc1N,C=C,16730,862
N/C(=N\O)c1ccc[nH]1,C=C,16733,862
N/C(=N\O)c1ncccn1,C=C,16734,862
N/C(Cn1cncn1)=N\O,C=C,16738,862
N/N=C(\N)c1cccnc1,C=C,16740,862
N/N=C/c1ccc(N)cc1,C=C,16742,862
N/N=C1\CC(F)=CC(F)=N1,C=C,16744,862
N=C(Cn1nccn1)NO,C=C,16749,862
N=C(N)CCn1cccc1,C=C,16752,862
N=C(N)Cc1ccccc1,C=C,16754,862
N=C(N)N/N=C/C(=O)O,C=C,16755,862
N=C(N)Nn1cnnc1,C=C,16762,862
N=C(N)c1ccc(F)cn1,C=C,16765,862
N=C(N)c1ccccc1O,C=C,16768,862
N=C(N)c1nc[nH]n1,C=C,16769,862
N=C(N)c1ncccc1F,C=C,16770,862
N=C(N)n1nc(N)nc1N,C=C,16771,862
N=C(NN)c1nnn[nH]1,C=C,16775,862
N=C(NN)c1nonc1N,C=C,16776,862
N=C(NO)c1ccccn1,C=C,16777,862
N=C(NO)c1cncnc1,C=C,16778,862
N=C(O)Nc1nnn[nH]1,C=C,16780,862
N=C(O)c1cc(F)ccn1,C=C,16783,862
N=C1Cc2ccccc2N1,C=C,16785,862
N=C1NCc2ccccc21,C=C,16787,862
N=C1NCc2cccnc21,C=C,16788,862
N=Cc1ccc(O)cc1O,C=C,16790,862
NC(=O)/C=C(\N)C(N)=O,C=C,16796,862
NC(=O)/C=C/c1ccco1,C=C,16798,862
NC(=O)/C=C/c1ncc[nH]1,C=C,16799,862
NC(=O)/C=C\[C@@H]1C[C@H]1N,C=C,16800,862
NC(=O)/N=C/NC(N)=O,C=C,16801,862
NC(=O)/N=C1\CCCN1,C=C,16802,862
NC(=O)C(=O)C(F)(F)F,C=C,16805,862
NC(=O)C(=O)NC1CC1,C=C,16806,862
NC(=O)C(=O)NCCCO,C=C,16807,862
NC(=O)C1=C(N)CCC1,C=C,16813,862
NC(=O)C1=CCCCO1,C=C,16814,862
NC(=O)C1=CNCCC1,C=C,16815,862
NC(=O)C=C1CCCC1,C=C,16818,862
NC(=O)CCC(=O)C(=O)O,C=C,16819,862
NC(=O)Cc1ccncn1,C=C,16822,862
NC(=O)Cc1nonc1N,C=C,16823,862
NC(=O)Cn1cccn1,C=C,16824,862
NC(=O)N/C=C(\F)C(=O)O,C=C,16827,862
NC(=O)NC(=O)C(=O)O,C=C,16830,862
NC(=O)Nc1ccccc1,C=C,16834,862
NC(=O)c1ccc(F)nc1,C=C,16845,862
NC(=O)c1ccc(N)cc1,C=C,16846,862
NC(=O)c1ccc(O)nn1,C=C,16848,862
NC(=O)c1cccc(=O)[nH]1,C=C,16849,862
NC(=O)c1cccc(F)c1,C=C,16850,862
NC(=O)c1cccc(F)n1,C=C,16851,862
NC(=O)c1ccnc(N)c1,C=C,16852,862
NC(=O)c1cnc(=O)[nH]c1,C=C,16853,862
NC(=O)c1cncn1N,C=C,16855,862
NC(=O)c1n[nH]c(N)n1,C=C,16856,862
NC(=O)c1ncc(N)cn1,C=C,16857,862
NC(=O)c1ncoc1N,C=C,16858,862
NC(=O)c1nn[nH]c1O,C=C,16859,862
NC(=O)c1nnc(N)o1,C=C,16860,862
NC(=O)c1nnccc1N,C=C,16861,862
NC(=O)n1nccc1N,C=C,16862,862
NC(N)=C1C(=O)COC1=O,C=C,16863,862
NC(N)=N/N=C\[C@@H](O)CO,C=C,16865,862
NC(N)=NN=C1CCCC1,C=C,16867,862
NC(N)=Nc1ccccc1,C=C,16868,862
NC/C=C/c1ccccn1,C=C,16872,862
NC1(c2cccnn2)CC1,C=C,16877,862
NC1(c2ccco2)CC1,C=C,16878,862
NC1(c2ccncc2)CC1,C=C,16879,862
NC1(c2ccoc2)CC1,C=C,16880,862
NC1(c2cnccn2)CC1,C=C,16881,862
NC1(c2ncccn2)CC1,C=C,16882,862
NC1(c2ncco2)CC1,C=C,16883,862
NC1(c2ncon2)CCC1,C=C,16884,862
NC1(c2nn[nH]n2)CCC1,C=C,16885,862
NC1(c2nnc[nH]2)CCC1,C=C,16887,862
NC1=C(C(=O)O)CCCN1,C=C,16889,862
NC1=C(O)C(O)=C(CO)C1,C=C,16890,862
NC1=C2NC=CN2CC=C1,C=C,16891,862
NC1=CC=C[C@H]2NN=N[C@H]12,C=C,16894,862
NC1=NC=C2CCN=C2N1,C=C,16896,862
NC1=NN[C@@H]2C=CC=CN12,C=C,16899,862
NC1=NON/C1=C(\N)N=O,C=C,16901,862
NC1Cc2nccnc2C1,C=C,16907,862
NC=C1C(=O)CCCC1=O,C=C,16908,862
NCC#Cc1cnccn1,C=C,16909,862
NCC(=O)Nc1cn[nH]c1,C=C,16911,862
NCC(=O)c1ccn[nH]1,C=C,16914,862
NCC(=O)c1nc[nH]c1N,C=C,16915,862
NCC1(c2ccon2)CC1,C=C,16917,862
NCC1(c2ncno2)CC1,C=C,16918,862
NCC1(n2cncn2)CC1,C=C,16919,862
NCCCCn1ccnn1,C=C,16927,862
NCCCNC(=O)/C=N/O,C=C,16928,862
NCCCc1cc(O)no1,C=C,16931,862
NCCCc1cc[nH]n1,C=C,16932,862
NCCCc1cnn[nH]1,C=C,16933,862
NCCCc1ncco1,C=C,16935,862
NCCCc1nnc[nH]1,C=C,16936,862
NCCNc1cccnn1,C=C,16939,862
NCCNc1ncccn1,C=C,16940,862
NCCOCc1c[nH]cn1,C=C,16941,862
NCCOc1ccncc1,C=C,16943,862
NCCOc1nonc1N,C=C,16944,862
NCC[C@H](O)c1ccoc1,C=C,16945,862
NCCc1ccc(F)cn1,C=C,16947,862
NCCc1ccc[nH]c1=O,C=C,16948,862
NCCc1cccc(=O)[nH]1,C=C,16949,862
NCCc1cccc(N)c1,C=C,16950,862
NCCc1ccnc(N)n1,C=C,16951,862
NCCc1cncc(O)c1,C=C,16952,862
NCCc1nccc(O)n1,C=C,16953,862
NCCc1noc(CO)n1,C=C,16954,862
NCCn1cccnc1=O,C=C,16955,862
NCCn1cnccc1=O,C=C,16956,862
NCCn1ncccc1=O,C=C,16957,862
NC[C@@H]1C[C@@H]1c1ccco1,C=C,16963,862
NC[C@H](O)Cn1ccnc1,C=C,16965,862
NC[C@H]1CNC(=O)C(=O)N1,C=C,16967,862
NCc1c(O)ncnc1O,C=C,16969,862
NCc1c[nH]nc1C1CC1,C=C,16971,862
NCc1cc(C2CC2)[nH]n1,C=C,16972,862
NCc1cc(F)ccc1N,C=C,16973,862
NCc1cc(O)ccc1O,C=C,16975,862
NCc1cc2n(n1)CCO2,C=C,16976,862
NCc1ccc(=O)[nH]n1,C=C,16977,862
NCc1ccc(CO)o1,C=C,16978,862
NCc1ccc(F)c(O)c1,C=C,16979,862
NCc1ccc(N)cc1O,C=C,16982,862
NCc1cccnc1O,C=C,16983,862
NCc1ccn2c1CCC2,C=C,16984,862
NCc1ccnn1C1CC1,C=C,16985,862
NCc1ccoc1C(=O)O,C=C,16986,862
NCc1cn(C2CC2)cn1,C=C,16987,862
NCc1cn[nH]c1C(F)F,C=C,16988,862
NCc1cnc(F)c(F)c1,C=C,16989,862
NCc1cncn1C1CC1,C=C,16992,862
NCc1cncn1CCF,C=C,16993,862
NCc1cnoc1C1CC1,C=C,16995,862
NCc1n[nH]nc1C1CC1,C=C,16996,862
NCc1nc(C(=O)O)c[nH]1,C=C,16998,862
NCc1nc(C(N)=O)no1,C=C,16999,862
NCc1nc(CN)n(N)n1,C=C,17000,862
NCc1ncc(F)cc1F,C=C,17001,862
NCc1nccc(F)n1,C=C,17002,862
NCc1nccn1C1CC1,C=C,17003,862
NCc1nccnc1N,C=C,17004,862
NCc1ncoc1C(F)F,C=C,17006,862
NCc1nnc(C2CC2)o1,C=C,17007,862
NCc1nnnn1C1CC1,C=C,17008,862
NCc1noc(C(F)F)n1,C=C,17009,862
NCc1noc(C2CC2)n1,C=C,17010,862
NN1CCc2ccccc21,C=C,17013,862
NNCOc1cccnc1,C=C,17015,862
NNCc1cccc(O)c1,C=C,17017,862
NNCc1ccnnc1,C=C,17018,862
NNc1cc(F)cc(F)c1,C=C,17021,862
NNc1cc(F)cc(F)n1,C=C,17022,862
NNc1cc(F)ccc1F,C=C,17023,862
NNc1cc[nH]c(=O)n1,C=C,17024,862
NNc1ccc(CO)cc1,C=C,17025,862
NNc1ccc(O)cn1,C=C,17026,862
NNc1cccc(F)c1F,C=C,17027,862
NNc1cccc(N)n1,C=C,17028,862
NNc1ccccc1CO,C=C,17029,862
NNc1ccnc(F)c1,C=C,17030,862
NNc1ccnc(NN)n1,C=C,17031,862
NNc1nc(N)cc(=O)[nH]1,C=C,17034,862
NNc1ncc(F)c(=O)[nH]1,C=C,17035,862
NNc1ncc(F)c(N)n1,C=C,17036,862
NNc1nccc(F)c1F,C=C,17037,862
N[C@@H](CO)Cc1c[nH]cn1,C=C,17043,862
N[C@@H]1CCCc2oncc21,C=C,17050,862
N[C@@H]1CCCn2cnnc21,C=C,17051,862
N[C@@H]1CCCn2ncnc21,C=C,17052,862
N[C@@H]1CCc2ccccc21,C=C,17054,862
N[C@@H]1CCc2cncn2C1,C=C,17056,862
N[C@@H]1CCc2cnoc2C1,C=C,17057,862
N[C@@H]1CCc2n[nH]nc2C1,C=C,17058,862
N[C@@H]1CCn2cnnc2C1,C=C,17060,862
N[C@@H]1CCn2nnnc2C1,C=C,17061,862
N[C@@H]1COc2ncccc21,C=C,17062,862
N[C@@H]1Cc2ccncc2C1,C=C,17066,862
N[C@H](C=O)Cc1cnc[nH]1,C=C,17071,862
N[C@H](CO)c1ccccc1,C=C,17074,862
N[C@H](c1nnn[nH]1)C1CC1,C=C,17075,862
N[C@H]1C=CC=C(C(=O)O)C1,C=C,17078,862
N[C@H]1C=NC=NC1=O,C=C,17080,862
N[C@H]1CCCc2n[nH]cc21,C=C,17082,862
N[C@H]1CCc2c[nH]nc2C1,C=C,17084,862
N[C@H]1CCc2cccnc21,C=C,17085,862
N[C@H]1CCc2nccn2C1,C=C,17086,862
N[C@H]1CCn2ccnc21,C=C,17087,862
N[C@H]1C[C@H](c2ccon2)C1,C=C,17091,862
N[C@H]1C[C@H](n2ccnn2)C1,C=C,17092,862
N[C@H]1N=CN=C2N=NC=C21,C=C,17093,862
Nc1[nH]nc(C2CC2)c1N,C=C,17098,862
Nc1[nH]nc2c1COCC2,C=C,17099,862
Nc1[nH]ncc1C1CCC1,C=C,17102,862
Nc1[nH]ncc1CCCO,C=C,17103,862
Nc1c(F)cc(O)cc1F,C=C,17104,862
Nc1c(F)ccc(F)c1N,C=C,17105,862
Nc1c(F)cccc1C=O,C=C,17106,862
Nc1c(O)cc[nH]c1=O,C=C,17109,862
Nc1c(O)n[nH]c(=O)c1N,C=C,17110,862
Nc1c[nH]c2cccnc12,C=C,17112,862
Nc1c[nH]c2cnccc12,C=C,17113,862
Nc1c[nH]nc1O,C=C,17116,862
Nc1cc(C(F)(F)F)on1,C=C,17120,862
Nc1cc(C(F)F)ncn1,C=C,17121,862
Nc1cc(C2CC2)ncn1,C=C,17122,862
Nc1cc(C2CCC2)no1,C=C,17123,862
Nc1cc(C2COC2)[nH]n1,C=C,17124,862
Nc1cc(CC2CC2)n[nH]1,C=C,17125,862
Nc1cc(CCO)ccn1,C=C,17128,862
Nc1cc(CCO)ncn1,C=C,17129,862
Nc1cc(CO)ccc1O,C=C,17130,862
Nc1cc(F)c(F)cc1N,C=C,17133,862
Nc1cc(F)c(F)cn1,C=C,17134,862
Nc1cc(F)c[nH]c1=O,C=C,17135,862
Nc1cc(F)cc(N)n1,C=C,17136,862
Nc1cc(F)cc(O)c1F,C=C,17137,862
Nc1cc(F)cnc1C=O,C=C,17138,862
Nc1cc(F)nc(F)c1F,C=C,17139,862
Nc1cc(N)[nH]c(=O)n1,C=C,17140,862
Nc1cc(N)c(N)nc1N,C=C,17141,862
Nc1cc(N)c(O)c(N)c1,C=C,17142,862
Nc1cc(N)cc(N)c1,C=C,17143,862
Nc1cc(OC(F)F)n[nH]1,C=C,17145,862
Nc1cc2[nH]cnc2cn1,C=C,17146,862
Nc1cc2[nH]ncc2cn1,C=C,17147,862
Nc1cc2ccccn2n1,C=C,17148,862
Nc1cc2n(n1)CCNC2,C=C,17149,862
Nc1cc2occc2cn1,C=C,17152,862
Nc1ccc(C2CC2)cc1,C=C,17157,862
Nc1ccc(C=O)c(N)c1,C=C,17158,862
Nc1ccc(C=O)cc1O,C=C,17159,862
Nc1ccc(F)c(CO)c1,C=C,17162,862
Nc1ccc(F)c(O)c1F,C=C,17163,862
Nc1ccc(N=O)c(N)n1,C=C,17164,862
Nc1ccc(O)c(=O)cc1,C=C,17165,862
Nc1ccc(O)c(O)c1O,C=C,17166,862
Nc1ccc2[nH]ccc2c1,C=C,17167,862
Nc1ccc2[nH]ccc2n1,C=C,17168,862
Nc1ccc2c(c1)C=C2,C=C,17170,862
Nc1ccc2c(c1)COC2,C=C,17171,862
Nc1ccc2c(c1)N=NC2,C=C,17172,862
Nc1ccc2c(n1)CCC2,C=C,17174,862
Nc1ccc2c(n1)CCO2,C=C,17175,862
Nc1ccc2c(n1)OCO2,C=C,17176,862
Nc1ccc2c[nH]nc2c1,C=C,17177,862
Nc1ccc2ccoc2n1,C=C,17178,862
Nc1ccc2cn[nH]c2n1,C=C,17179,862
Nc1ccc2nc[nH]c2n1,C=C,17180,862
Nc1ccc2nncn2c1,C=C,17182,862
Nc1ccc2nncn2n1,C=C,17183,862
Nc1ccc2nonc2c1,C=C,17184,862
Nc1cccc(C(F)F)c1,C=C,17186,862
Nc1cccc(C=NO)c1,C=C,17187,862
Nc1cccc(N)c1N,C=C,17189,862
Nc1cccc(NC=O)c1,C=C,17190,862
Nc1cccc2[nH]ncc12,C=C,17191,862
Nc1cccc2c1COC2,C=C,17192,862
Nc1cccc2c1NCC2,C=C,17193,862
Nc1cccc2cncn12,C=C,17194,862
Nc1cccc2n[nH]nc12,C=C,17195,862
Nc1cccc2oncc12,C=C,17197,862
Nc1ccccc1/C=N/O,C=C,17198,862
Nc1ccccc1N=O,C=C,17199,862
Nc1cccn2cnnc12,C=C,17200,862
Nc1cccn2nncc12,C=C,17201,862
Nc1ccn2ncncc12,C=C,17203,862
Nc1ccn2nnnc2c1,C=C,17204,862
Nc1ccnc(C2CC2)n1,C=C,17205,862
Nc1ccnc(F)c1C=O,C=C,17206,862
Nc1ccnc(N)c1N=O,C=C,17207,862
Nc1ccnc2[nH]ccc12,C=C,17208,862
Nc1ccnc2[nH]nnc12,C=C,17209,862
Nc1ccnc2c1CCC2,C=C,17210,862
Nc1ccnc2c[nH]nc12,C=C,17212,862
Nc1ccnc2ccoc12,C=C,17213,862
Nc1ccnc2nc[nH]c12,C=C,17214,862
Nc1ccnc2nccn12,C=C,17215,862
Nc1ccncc1C1CC1,C=C,17217,862
Nc1ccncc1C=O,C=C,17218,862
Nc1ccncc1CCF,C=C,17219,862
Nc1ccnn1CC1CC1,C=C,17220,862
Nc1ccnn2ccnc12,C=C,17221,862
Nc1cn(C(F)F)cn1,C=C,17222,862
Nc1cn(C2CC2)nn1,C=C,17223,862
Nc1cn(CC(F)F)nn1,C=C,17224,862
Nc1cn2cccnc2n1,C=C,17225,862
Nc1cn2ccnc2cn1,C=C,17226,862
Nc1cn2ccncc2n1,C=C,17227,862
Nc1cn2ncccc2n1,C=C,17228,862
Nc1cn[nH]c1C(F)(F)F,C=C,17229,862
Nc1cnc(C(=O)O)cn1,C=C,17230,862
Nc1cnc(C(F)F)nc1,C=C,17232,862
Nc1cnc(C2CC2)cn1,C=C,17233,862
Nc1cnc(F)cc1N,C=C,17234,862
Nc1cnc2c(c1)CCC2,C=C,17235,862
Nc1cnc2ccccn12,C=C,17238,862
Nc1cnc2cccnn12,C=C,17239,862
Nc1cnc2ccnn2c1,C=C,17240,862
Nc1cnc2cn[nH]c2c1,C=C,17241,862
Nc1cnc2n1CCOC2,C=C,17242,862
Nc1cnc2nc[nH]c2c1,C=C,17243,862
Nc1cnc2nccn2c1,C=C,17244,862
Nc1cncc(C2CC2)c1,C=C,17245,862
Nc1cncc(CO)c1,C=C,17246,862
Nc1cncc(F)c1N,C=C,17247,862
Nc1cncc2c1CCC2,C=C,17248,862
Nc1cncc2n[nH]cc12,C=C,17249,862
Nc1cncc2nc[nH]c12,C=C,17250,862
Nc1cncnc1C1CC1,C=C,17251,862
Nc1cnn(C2CCC2)n1,C=C,17252,862
Nc1cnn(C2COC2)c1,C=C,17253,862
Nc1cnn(CCCF)c1,C=C,17254,862
Nc1cnn(CCO)c1N,C=C,17255,862
Nc1cnn2c1CCCC2,C=C,17256,862
Nc1cnn2c1NCCC2,C=C,17257,862
Nc1cnn2c1OCC2,C=C,17258,862
Nc1cnn2cc[nH]c12,C=C,17260,862
Nc1cnn2cnnc2c1,C=C,17262,862
Nc1cnn2nnnc2c1,C=C,17263,862
Nc1cnnc2[nH]cnc12,C=C,17264,862
Nc1cnncc1N,C=C,17265,862
Nc1cnnn1C1CC1,C=C,17266,862
Nc1n[nH]c(=O)c(=O)n1N,C=C,17267,862
Nc1n[nH]c2[nH]ncc12,C=C,17268,862
Nc1n[nH]c2c1CCCN2,C=C,17269,862
Nc1n[nH]c2c1CCNC2,C=C,17270,862
Nc1n[nH]c2ccccc12,C=C,17271,862
Nc1n[nH]c2nccnc12,C=C,17272,862
Nc1n[nH]cc1C(F)(F)F,C=C,17273,862
Nc1n[nH]cc1C1CC1,C=C,17274,862
Nc1n[nH]nc1C(=O)O,C=C,17276,862
Nc1n[nH]nc1NC=O,C=C,17277,862
Nc1nc(C(F)(F)F)c[nH]1,C=C,17279,862
Nc1nc(C2CC2)c[nH]1,C=C,17280,862
Nc1nc(CC2CC2)no1,C=C,17281,862
Nc1nc(CCCO)n[nH]1,C=C,17282,862
Nc1nc(CF)cc(=O)[nH]1,C=C,17283,862
Nc1nc(F)cc(F)c1N,C=C,17284,862
Nc1nc(N)[nH]c(=O)n1,C=C,17285,862
Nc1nc(N)c(N)c(=O)[nH]1,C=C,17286,862
Nc1nc(N)c(N)c(N)n1,C=C,17287,862
Nc1nc(N)nc(CO)n1,C=C,17288,862
Nc1nc(NN=O)n[nH]1,C=C,17289,862
Nc1nc2[nH]nc(N)n2n1,C=C,17290,862
Nc1nc2c([nH]1)NON2,C=C,17291,862
Nc1nc2ccccn2n1,C=C,17292,862
Nc1nc2n(n1)CCCC2,C=C,17296,862
Nc1nc2n(n1)CCCN2,C=C,17297,862
Nc1nc2n(n1)[C@@H](N)N=N2,C=C,17299,862
Nc1nc2ncccn2n1,C=C,17300,862
Nc1nc2occ(O)c2o1,C=C,17301,862
Nc1nc[nH]c1NC=O,C=C,17302,862
Nc1ncc(C2CC2)o1,C=C,17303,862
Nc1ncc(CO)c(N)n1,C=C,17306,862
Nc1ncc2c(n1)CNC2,C=C,17308,862
Nc1ncc2c(n1)OCC2,C=C,17309,862
Nc1ncc2cc[nH]c2n1,C=C,17310,862
Nc1ncc2n1CCNC2,C=C,17313,862
Nc1ncc2n[nH]nc2n1,C=C,17314,862
Nc1nccc(F)c1O,C=C,17315,862
Nc1nccc2[nH]cnc12,C=C,17316,862
Nc1nccc2c1CCO2,C=C,17318,862
Nc1nccc2cc[nH]c12,C=C,17319,862
Nc1nccc2ccoc12,C=C,17320,862
Nc1nccc2n[nH]cc12,C=C,17322,862
Nc1nccc2nccn12,C=C,17323,862
Nc1nccc2ncnn12,C=C,17324,862
Nc1nccn2cncc12,C=C,17327,862
Nc1nccnc1C1CC1,C=C,17328,862
Nc1ncn(C2CC2)n1,C=C,17329,862
Nc1ncn2c1CCCC2,C=C,17332,862
Nc1ncnc(F)c1N,C=C,17333,862
Nc1ncnc(N)c1C=O,C=C,17334,862
Nc1ncnc2[nH]cnc12,C=C,17335,862
Nc1ncnc2[nH]ncc12,C=C,17336,862
Nc1ncnc2c1CCN2,C=C,17338,862
Nc1ncnc2c1CNC2,C=C,17339,862
Nc1ncnc2cn[nH]c12,C=C,17340,862
Nc1ncnc2ncnn12,C=C,17341,862
Nc1ncnc2nonc12,C=C,17342,862
Nc1ncnc2occc12,C=C,17343,862
Nc1ncnc2ocnc12,C=C,17344,862
Nc1ncnn1CC(=O)O,C=C,17345,862
Nc1ncnn2cccc12,C=C,17346,862
Nc1nnc(C(F)F)o1,C=C,17348,862
Nc1nnc(CC2CC2)o1,C=C,17350,862
Nc1nnc(N)c(N)c1N,C=C,17351,862
Nc1nnc(NC2CC2)[nH]1,C=C,17352,862
Nc1nnc(NCCO)[nH]1,C=C,17353,862
Nc1nnc2[nH]cnn12,C=C,17354,862
Nc1nnc2cnccn12,C=C,17355,862
Nc1nnc2n(N)cnn12,C=C,17356,862
Nc1nnc2n1CCCC2,C=C,17357,862
Nc1nnc2n1CCCN2,C=C,17358,862
Nc1nnc2ncccn12,C=C,17359,862
Nc1nnc2nccnn12,C=C,17360,862
Nc1nncc2occc12,C=C,17361,862
Nc1nncn1CC1CC1,C=C,17362,862
Nc1nncnc1C(=O)O,C=C,17363,862
Nc1nnn2ccccc12,C=C,17364,862
Nc1noc(C(F)(F)F)n1,C=C,17367,862
Nc1noc2c1CCCC2,C=C,17368,862
Nc1noc2cccnc12,C=C,17370,862
Nc1noc2ccncc12,C=C,17371,862
Nc1noc2ncccc12,C=C,17372,862
Nc1noc2nccnc12,C=C,17373,862
Nc1nocc1C1CC1,C=C,17374,862
Nc1nonc1C(F)(F)F,C=C,17375,862
Nc1nonc1C1CC1,C=C,17376,862
Nc1onc2c1CCCC2,C=C,17377,862
Nc1oncc1C1CC1,C=C,17378,862
Nn1c(CO)nnc1CO,C=C,17380,862
Nn1ccc(C(=O)O)c1,C=C,17381,862
O/N=C/C=N/O,C=C,17388,862
O/N=C/Nc1ccccc1,C=C,17389,862
O/N=C/Nc1ncccn1,C=C,17390,862
O/N=C/c1cccnc1F,C=C,17391,862
O/N=C/c1ccncn1,C=C,17392,862
O/N=C/c1ccnnc1,C=C,17393,862
O/N=C/c1cncc(F)c1,C=C,17394,862
O/N=C1/CCn2cccc21,C=C,17397,862
O/N=C1/CCn2cnnc21,C=C,17398,862
O/N=C1/NCCN/C1=N/O,C=C,17399,862
O/N=C1C(=N/O)\[C@H](O)[C@H]\1O,C=C,17400,862
O/N=C1\CCCC\C1=N/O,C=C,17402,862
O/N=C1\Cc2ccccc21,C=C,17406,862
O/N=C\C1=CCCCC1,C=C,17407,862
O/N=C\Cc1ccccc1,C=C,17408,862
O/N=N/c1cnccn1,C=C,17409,862
O=C(NO)c1cc(=O)[nH]o1,C=C,17420,862
O=C(O)/C(=N/O)C1CC1,C=C,17421,862
O=C(O)/C(O)=C(\O)C(=O)O,C=C,17422,862
O=C(O)/C=C/C1=CCCC1,C=C,17423,862
O=C(O)/C=C/NC1CC1,C=C,17424,862
O=C(O)/C=C/[C@H]1CCOC1,C=C,17425,862
O=C(O)/C=C/c1cc[nH]c1,C=C,17426,862
O=C(O)/C=C/c1ncco1,C=C,17428,862
O=C(O)/C=C1/CCC(=O)O1,C=C,17429,862
O=C(O)/C=C1/CCNC1,C=C,17430,862
O=C(O)/C=C\C(=O)O,C=C,17432,862
O=C(O)C#Cc1ccco1,C=C,17433,862
O=C(O)C(=O)C1CCCC1,C=C,17435,862
O=C(O)C(=O)CC(F)(F)F,C=C,17436,862
O=C(O)C(=O)C[C@H](O)CO,C=C,17437,862
O=C(O)C(=O)N1CCCC1,C=C,17438,862
O=C(O)C(=O)NCC(F)F,C=C,17439,862
O=C(O)C(=O)c1c[nH]cn1,C=C,17440,862
O=C(O)C(=O)c1ccoc1,C=C,17441,862
O=C(O)C(F)=C1CCCC1,C=C,17442,862
O=C(O)C1=C(F)CNCC1,C=C,17445,862
O=C(O)C1=CCCCN1,C=C,17446,862
O=C(O)C1=CCCOC1,C=C,17447,862
O=C(O)C1=CNCCC1=O,C=C,17448,862
O=C(O)C1=COCCO1,C=C,17449,862
O=C(O)C=C1CC(F)(F)C1,C=C,17451,862
O=C(O)CCc1c[nH]nn1,C=C,17459,862
O=C(O)CCc1cc[nH]c1,C=C,17460,862
O=C(O)CCc1ccno1,C=C,17461,862
O=C(O)CCc1cnc[nH]1,C=C,17462,862
O=C(O)CCn1cnnn1,C=C,17463,862
O=C(O)CNc1ccn[nH]1,C=C,17466,862
O=C(O)Cc1ccncc1,C=C,17469,862
O=C(O)Cc1cn[nH]c1O,C=C,17470,862
O=C(O)Cc1cocn1,C=C,17471,862
O=C(O)Cc1nonc1O,C=C,17473,862
O=C(O)Cn1cc(F)cn1,C=C,17474,862
O=C(O)Cn1cnnc1,C=C,17475,862
O=C(O)Cn1nnc(O)n1,C=C,17477,862
O=C(O)[C@@H](F)n1cccn1,C=C,17479,862
O=C(O)[C@H](O)c1cnc[nH]1,C=C,17490,862
O=C(O)[C@H](O)n1ccnc1,C=C,17491,862
O=C(O)c1[nH]cc(F)c1F,C=C,17495,862
O=C(O)c1c[nH]c(=O)o1,C=C,17496,862
O=C(O)c1c[nH]ncc1=O,C=C,17497,862
O=C(O)c1cc(=O)[nH]cn1,C=C,17498,862
O=C(O)c1cc(=O)cco1,C=C,17499,862
O=C(O)c1cc(F)n[nH]1,C=C,17500,862
O=C(O)c1cc[nH]n1,C=C,17501,862
O=C(O)c1ccc(=O)oc1,C=C,17502,862
O=C(O)c1ccc(O)nc1,C=C,17504,862
O=C(O)c1cccc(O)c1,C=C,17505,862
O=C(O)c1ccn(CO)n1,C=C,17506,862
O=C(O)c1ccnnc1O,C=C,17508,862
O=C(O)c1cn[nH]c(=O)c1,C=C,17509,862
O=C(O)c1cnc(CO)o1,C=C,17510,862
O=C(O)c1cncc(F)c1,C=C,17511,862
O=C(O)c1coc(F)n1,C=C,17512,862
O=C(O)c1ncc[nH]c1=O,C=C,17514,862
O=C(O)c1nocc1O,C=C,17515,862
O=C(c1ccco1)C1CC1,C=C,17516,862
O=C(c1cn[nH]c1)C(F)F,C=C,17517,862
O=C(c1nnc[nH]1)C1CC1,C=C,17518,862
O=C1C(=O)C2CCC1CC2,C=C,17519,862
O=C1CC(=O)C(=O)CC1=O,C=C,17551,862
O=C1CC(CO)=NC=C1O,C=C,17555,862
O=C1CC(c2ncc[nH]2)C1,C=C,17557,862
O=C1CC2=C(CC=C2)O1,C=C,17558,862
O=C1CCC(C(=O)O)=NN1,C=C,17565,862
O=C1CCCCC/C1=C/O,C=C,17575,862
O=C1CCCCC1=O,C=C,17576,862
O=C1CCCCNC1=O,C=C,17583,862
O=C1CCCc2[nH]cnc21,C=C,17589,862
O=C1CCCc2c[nH]nc21,C=C,17591,862
O=C1CCCc2cc[nH]c21,C=C,17592,862
O=C1CCCc2ccoc21,C=C,17593,862
O=C1CCCc2n[nH]cc21,C=C,17594,862
O=C1CCCc2nonc21,C=C,17595,862
O=C1CCCc2oncc21,C=C,17596,862
O=C1CCCn2cncc21,C=C,17597,862
O=C1CCN(C2CC2)C1=O,C=C,17599,862
O=C1CC[C@H]2C=CC=C12,C=C,17617,862
O=C1CCc2[nH]ccc2C1,C=C,17622,862
O=C1CCc2[nH]ncc21,C=C,17623,862
O=C1CCc2[nH]ncc2C1,C=C,17624,862
O=C1CCc2cccnc21,C=C,17625,862
O=C1CCc2ccncc21,C=C,17626,862
O=C1CCc2ncccc21,C=C,17627,862
O=C1CCn2ccnc21,C=C,17629,862
O=C1CCn2nccc2N1,C=C,17630,862
O=C1CCn2nnnc2N1,C=C,17631,862
O=C1CN2C=CC=CC2=N1,C=C,17634,862
O=C1COCc2[nH]ccc21,C=C,17656,862
O=C1COc2ccncc21,C=C,17661,862
O=C1COc2ncccc21,C=C,17662,862
O=C1C[C@H]2C=CC=C[C@H]2C1,C=C,17673,862
O=C1C[C@H]2CC=CC=C12,C=C,17676,862
O=C1Cc2cccc(F)c21,C=C,17688,862
O=C1Cc2ccccc2O1,C=C,17690,862
O=C1Cc2cccn2C1,C=C,17691,862
O=C1Cc2ccncc2N1,C=C,17693,862
O=C1Cc2cncnc2N1,C=C,17694,862
O=C1Cc2ncccc2N1,C=C,17695,862
O=C1Cc2ncccc2O1,C=C,17696,862
O=C1NC(=O)C(=O)NC1=O,C=C,17710,862
O=C1NC=C2C(=O)NC=C12,C=C,17715,862
O=C1NCCc2[nH]ccc21,C=C,17724,862
O=C1NCCc2c[nH]cc21,C=C,17725,862
O=C1NCCc2cncn21,C=C,17726,862
O=C1NCCc2nc[nH]c21,C=C,17727,862
O=C1NCCc2occc21,C=C,17728,862
O=C1NCCn2nccc21,C=C,17730,862
O=C1NCc2cnccc21,C=C,17742,862
O=C1NCc2nccn21,C=C,17743,862
O=C1NCc2nccnc21,C=C,17744,862
O=C1OCc2ccccc21,C=C,17768,862
O=C1OCc2cn[nH]c21,C=C,17770,862
O=C1OCc2nonc21,C=C,17771,862
O=C1O[C@@H]2C=CC=C[C@H]1C2,C=C,17772,862
O=CC(=O)[C@@H](O)[C@H](O)CO,C=C,17789,862
O=CC(=O)c1ccncc1,C=C,17790,862
O=CC1(n2nccn2)CC1,C=C,17796,862
O=CC1=NN[C@H](C(F)F)C1,C=C,17799,862
O=CC1=NOC2(COC2)C1,C=C,17800,862
O=CC1=NO[C@@H]2COC[C@H]12,C=C,17801,862
O=CC1=NO[C@@H]2OCC[C@H]12,C=C,17802,862
O=CCCc1ccccn1,C=C,17813,862
O=CCCc1cnoc1,C=C,17814,862
O=CCCc1nc[nH]n1,C=C,17815,862
O=CCc1ccccc1F,C=C,17817,862
O=CCc1ncccn1,C=C,17818,862
O=CNCc1ccccc1,C=C,17828,862
O=CNc1ccc(F)cc1,C=C,17830,862
O=CNc1ccccc1O,C=C,17832,862
O=COc1ccccc1,C=C,17839,862
O=C[C@H]1CCCC(=O)C1=O,C=C,17852,862
O=Cc1c(O)cccc1F,C=C,17857,862
O=Cc1c[nH]ccc1=O,C=C,17858,862
O=Cc1cc(=O)[nH]cc1F,C=C,17859,862
O=Cc1cc(=O)c(O)co1,C=C,17860,862
O=Cc1cc(=O)nc[nH]1,C=C,17861,862
O=Cc1cc(C(=O)O)c[nH]1,C=C,17862,862
O=Cc1cc(C(F)F)[nH]n1,C=C,17863,862
O=Cc1cc(C2CC2)n[nH]1,C=C,17864,862
O=Cc1cc(C2CC2)on1,C=C,17866,862
O=Cc1cc(F)nc(F)c1,C=C,17867,862
O=Cc1cc(F)ncc1F,C=C,17868,862
O=Cc1cc(O)cc(F)c1,C=C,17869,862
O=Cc1cc(O)ccc1O,C=C,17870,862
O=Cc1cc2n(n1)CCC2,C=C,17871,862
O=Cc1cc[nH]c1C(=O)O,C=C,17872,862
O=Cc1ccc(C(F)F)o1,C=C,17873,862
O=Cc1ccc(C2CC2)o1,C=C,17874,862
O=Cc1ccc(C=O)nc1,C=C,17875,862
O=Cc1ccc(CF)cc1,C=C,17876,862
O=Cc1ccc(F)c(F)c1,C=C,17877,862
O=Cc1ccc(F)cc1F,C=C,17878,862
O=Cc1ccc2n1CCC2,C=C,17882,862
O=Cc1cccc(CF)n1,C=C,17883,862
O=Cc1cccc(O)c1O,C=C,17884,862
O=Cc1cccn1C1CC1,C=C,17885,862
O=Cc1ccn(C2CC2)c1,C=C,17886,862
O=Cc1ccn(C2CC2)n1,C=C,17887,862
O=Cc1ccnc(CO)c1,C=C,17889,862
O=Cc1ccnn1CCF,C=C,17891,862
O=Cc1ccoc1C(F)F,C=C,17892,862
O=Cc1cn(CCO)cn1,C=C,17893,862
O=Cc1cn2c(n1)CCC2,C=C,17895,862
O=Cc1cncc(F)c1O,C=C,17896,862
O=Cc1cnccn1,C=C,17897,862
O=Cc1cnn(C(F)F)c1,C=C,17898,862
O=Cc1cnn2c1CCC2,C=C,17899,862
O=Cc1coc(C(F)F)n1,C=C,17901,862
O=Cc1cocc1CO,C=C,17902,862
O=Cc1conc1C1CC1,C=C,17903,862
O=Cc1n[nH]c2c1CCC2,C=C,17904,862
O=Cc1nc2c(o1)CCC2,C=C,17906,862
O=Cc1ncc(O)cn1,C=C,17908,862
O=Cc1ncoc1C1CC1,C=C,17909,862
O=Cc1nncn1C1CC1,C=C,17910,862
O=Cc1noc2c1COC2,C=C,17912,862
O=Cc1occc1C1CC1,C=C,17913,862
O=Cn1ccnc1,C=C,17914,862
O=N/C=C1/C=CC=CN1,C=C,17915,862
O=NC(=O)C1=CNC=CN1,C=C,17916,862
O=NC1=C(NO)CCCC1,C=C,17918,862
O=NC=C1C=CNC=C1,C=C,17919,862
O=NN(O)c1ccccc1,C=C,17922,862
O=NNc1nccnn1,C=C,17928,862
O=Nc1c[nH]c(=O)[nH]c1=O,C=C,17930,862
O=Nc1cccnc1N=O,C=C,17932,862
O=c1[nH]c(O)nnc1F,C=C,17933,862
O=c1[nH]c2ccccc2o1,C=C,17936,862
O=c1[nH]c2cccnc2[nH]1,C=C,17937,862
O=c1[nH]c2ccncc2[nH]1,C=C,17938,862
O=c1[nH]c2nonc2[nH]1,C=C,17939,862
O=c1[nH]ccc(F)c1F,C=C,17940,862
O=c1[nH]ccc2[nH]ncc12,C=C,17942,862
O=c1[nH]ccc2c1CCN2,C=C,17943,862
O=c1[nH]ccc2c1CCO2,C=C,17944,862
O=c1[nH]ccc2c1OCC2,C=C,17945,862
O=c1[nH]ccc2ccoc12,C=C,17946,862
O=c1[nH]ccc2cn[nH]c12,C=C,17947,862
O=c1[nH]ccc2occc12,C=C,17948,862
O=c1[nH]cccc1C1CC1,C=C,17949,862
O=c1[nH]cnc2[nH]cnc12,C=C,17950,862
O=c1[nH]cnc2[nH]ncc12,C=C,17951,862
O=c1[nH]cnc2c1CCC2,C=C,17952,862
O=c1[nH]cnc2c1CCN2,C=C,17953,862
O=c1[nH]cnc2c1CN=N2,C=C,17954,862
O=c1[nH]cnc2ccoc12,C=C,17955,862
O=c1[nH]cnc2cn[nH]c12,C=C,17956,862
O=c1[nH]cnc2occc12,C=C,17959,862
O=c1[nH]cnn2cncc12,C=C,17960,862
O=c1[nH]ncc2[nH]cnc12,C=C,17964,862
O=c1[nH]nccc1CO,C=C,17965,862
O=c1[nH]ncn2cccc12,C=C,17966,862
O=c1[nH]ncn2ccnc12,C=C,17967,862
O=c1[nH]oc2cnccc12,C=C,17969,862
O=c1c(=O)c2ccccc12,C=C,17970,862
O=c1oc2ccccc2o1,C=C,18006,862
OC/C=C/c1ccncc1,C=C,18008,862
OC1(c2c[nH]nn2)CNC1,C=C,18009,862
OC1(c2ccccc2)CC1,C=C,18010,862
OC1(c2ccccn2)CC1,C=C,18011,862
OC1(c2nc[nH]n2)CCC1,C=C,18012,862
OC1(c2ncc[nH]2)CCC1,C=C,18013,862
OC1(c2nnn[nH]2)CNC1,C=C,18014,862
OC1Cc2ccccc2C1,C=C,18017,862
OCC#Cc1cncnc1,C=C,18018,862
OCC#Cc1ncccn1,C=C,18019,862
OCCC#Cc1cn[nH]c1,C=C,18028,862
OCCCc1ccoc1,C=C,18032,862
OCCCn1cnnc1,C=C,18033,862
OCCNCc1cc[nH]n1,C=C,18035,862
OCCNc1ccccc1,C=C,18036,862
OCCNc1cnccn1,C=C,18037,862
OCCOc1ccccc1,C=C,18038,862
OCCc1ccc(F)nc1,C=C,18040,862
OCCc1ccc[nH]1,C=C,18041,862
OCCc1ncc(O)cn1,C=C,18042,862
OCCc1nccnn1,C=C,18043,862
OC[C@@H](O)Cn1cccc1,C=C,18045,862
OC[C@@H](O)c1cn[nH]n1,C=C,18046,862
OC[C@@H]1CCc2nncn21,C=C,18048,862
OC[C@H]1CCc2ncnn21,C=C,18050,862
OC[C@H]1C[C@@H]1c1c[nH]cn1,C=C,18051,862
OC[C@H]1NCc2[nH]ncc21,C=C,18052,862
OCc1[nH]nc2c1CCC2,C=C,18054,862
OCc1c(F)cncc1F,C=C,18055,862
OCc1c[nH]c(C2CC2)n1,C=C,18056,862
OCc1c[nH]nc1CO,C=C,18057,862
OCc1cc(C(F)F)n[nH]1,C=C,18058,862
OCc1cc(C2CC2)no1,C=C,18059,862
OCc1ccc(F)cc1F,C=C,18062,862
OCc1ccc2c(c1)C=C2,C=C,18063,862
OCc1ccc2c(c1)CC2,C=C,18064,862
OCc1cccc(O)c1F,C=C,18065,862
OCc1cccn1C1CC1,C=C,18067,862
OCc1ccn(C(F)F)n1,C=C,18068,862
OCc1ccncc1CO,C=C,18070,862
OCc1cn(CCF)nn1,C=C,18072,862
OCc1cnc(C2CC2)o1,C=C,18073,862
OCc1cnc2n1CCC2,C=C,18074,862
OCc1cnn(C2CC2)c1,C=C,18075,862
OCc1coc(C2CC2)n1,C=C,18076,862
OCc1coc(CO)c1,C=C,18077,862
OCc1n[nH]c(CO)n1,C=C,18079,862
OCc1nc(F)ccc1F,C=C,18080,862
OCc1nc[nH]c1CO,C=C,18081,862
OCc1nccn1C(F)F,C=C,18082,862
OCc1ncno1,C=C,18083,862
OCc1nnn2c1CCC2,C=C,18085,862
OCc1nonc1CO,C=C,18086,862
ON=Cc1ccc[nH]1,C=C,18093,862
O[C@@H]1/C=C\C=C/C/C=C\C1,C=C,18096,862
O[C@@H]1C(F)=CC=C[C@@H]1O,C=C,18097,862
O[C@@H]1CCCc2c[nH]nc21,C=C,18103,862
O[C@@H]1CCCc2occc21,C=C,18104,862
O[C@@H]1CCc2cnccc21,C=C,18107,862
O[C@@H]1CCc2nc[nH]c2C1,C=C,18108,862
O[C@@H]1CCc2ncccc21,C=C,18109,862
O[C@@H]1CCn2ccnc2C1,C=C,18110,862
O[C@@H]1CCn2nccc2C1,C=C,18111,862
O[C@H](c1ncn[nH]1)C1CC1,C=C,18116,862
O[C@H]1C=CN=CN1,C=C,18120,862
O[C@H]1CCCc2[nH]cnc21,C=C,18126,862
O[C@H]1CC[C@@H]1n1ccnc1,C=C,18127,862
O[C@H]1CCc2[nH]ncc2C1,C=C,18129,862
O[C@H]1CCc2oncc2C1,C=C,18130,862
O[C@H]1CNc2ccnn2C1,C=C,18131,862
O[C@H]1COc2ccccc21,C=C,18132,862
O[C@H]1COc2nccn2C1,C=C,18134,862
O[C@H]1C[C@H](n2cnnc2)C1,C=C,18135,862
O[C@H]1Cc2cccc(F)c21,C=C,18136,862
Oc1[nH]nc2c1CNCC2,C=C,18139,862
Oc1cc(C2CNC2)[nH]n1,C=C,18142,862
Oc1cc(F)c(F)cc1F,C=C,18144,862
Oc1cc(F)cc(F)c1O,C=C,18146,862
Oc1cc(O)c(O)cc1O,C=C,18147,862
Oc1cc2c(cn1)NCC2,C=C,18148,862
Oc1cc2c(nn1)CNC2,C=C,18149,862
Oc1cc2cc[nH]c2cn1,C=C,18150,862
Oc1cc2n(n1)CCCC2,C=C,18152,862
Oc1ccc(C(F)F)cn1,C=C,18153,862
Oc1ccc(C(F)F)nn1,C=C,18154,862
Oc1ccc(C2CC2)cn1,C=C,18155,862
Oc1ccc(F)c(F)c1F,C=C,18156,862
Oc1ccc(F)cc1,C=C,18158,862
Oc1ccc(F)cc1O,C=C,18159,862
Oc1ccc([C@H]2CO2)cc1,C=C,18160,862
Oc1ccc2[nH]cnc2c1,C=C,18161,862
Oc1ccc2[nH]ncc2c1,C=C,18162,862
Oc1ccc2c(c1)CCO2,C=C,18163,862
Oc1ccc2c(c1)CNC2,C=C,18164,862
Oc1ccc2n[nH]nc2c1,C=C,18166,862
Oc1ccc2ncnn2c1,C=C,18167,862
Oc1ccc2ocnc2c1,C=C,18169,862
Oc1cccc(N2CC2)c1,C=C,18170,862
Oc1cccc2[nH]ccc12,C=C,18171,862
Oc1cccc2c1CCN2,C=C,18172,862
Oc1cccc2c1CCO2,C=C,18173,862
Oc1cccc2c1OCC2,C=C,18175,862
Oc1cccc2cc[nH]c12,C=C,18177,862
Oc1cccc2cnoc12,C=C,18179,862
Oc1cccc2nc[nH]c12,C=C,18181,862
Oc1cccc2ncoc12,C=C,18182,862
Oc1cccc2occc12,C=C,18183,862
Oc1ccccc1C1CC1,C=C,18184,862
Oc1cccn2nnnc12,C=C,18186,862
Oc1ccn2nccc2c1,C=C,18187,862
Oc1ccn2ncnc2n1,C=C,18188,862
Oc1ccnc2[nH]cnc12,C=C,18189,862
Oc1ccnc2c1CNC2,C=C,18191,862
Oc1ccnc2cn[nH]c12,C=C,18192,862
Oc1ccnc2ncnn12,C=C,18193,862
Oc1ccnn2cccc12,C=C,18194,862
Oc1cn2ccccc2n1,C=C,18195,862
Oc1cnc(C2CC2)nc1,C=C,18196,862
Oc1cnc(CF)cc1O,C=C,18197,862
Oc1cnc(F)cc1F,C=C,18198,862
Oc1cnc2[nH]ccc2c1,C=C,18199,862
Oc1cnc2[nH]cnc2c1,C=C,18200,862
Oc1cnc2c(c1)CCN2,C=C,18201,862
Oc1cnc2ccoc2c1,C=C,18203,862
Oc1cnc2cn[nH]c2n1,C=C,18204,862
Oc1cnccc1C(F)F,C=C,18206,862
Oc1cnn(CC(F)F)c1,C=C,18207,862
Oc1cnn2c1CNCC2,C=C,18209,862
Oc1cnnc2[nH]ccc12,C=C,18210,862
Oc1cnnc2ccnn12,C=C,18211,862
Oc1coc2cccnc12,C=C,18213,862
Oc1n[nH]c2c1CCCC2,C=C,18214,862
Oc1n[nH]c2ccncc12,C=C,18215,862
Oc1n[nH]c2ncccc12,C=C,18216,862
Oc1nc(C(F)(F)F)no1,C=C,18217,862
Oc1nc(C2CC2)no1,C=C,18218,862
Oc1nc(F)c(F)cc1F,C=C,18219,862
Oc1ncc(O)c(O)n1,C=C,18221,862
Oc1nccc2cccn12,C=C,18222,862
Oc1nccc2nncn12,C=C,18224,862
Oc1nccn2cnnc12,C=C,18225,862
Oc1ncnc(CF)c1F,C=C,18226,862
Oc1ncnc2nncn12,C=C,18227,862
Oc1ncnn2ccnc12,C=C,18228,862
Oc1nnc(C(F)(F)F)o1,C=C,18229,862
Oc1nnc2n1NCCC2,C=C,18230,862
Oc1nncc2c[nH]nc12,C=C,18231,862
Oc1nncc2ccnn12,C=C,18232,862
Oc1nncn2nccc12,C=C,18234,862
Oc1nnnc2n[nH]cc12,C=C,18235,862
Oc1nnnn1C1CCC1,C=C,18236,862
Oc1noc2c1CCNC2,C=C,18237,862
Oc1noc2ccccc12,C=C,18238,862
c1[nH]cc2c1CCCC2,C=C,18240,862
c1[nH]cc2c1OCCCO2,C=C,18241,862
c1[nH]nc2c1CCNCC2,C=C,18242,862
c1[nH]nc2c1CCOC2,C=C,18243,862
c1[nH]nc2c1CNCCC2,C=C,18244,862
c1[nH]nc2c1NCCCC2,C=C,18245,862
c1c2c(cc3c1CC3)CC2,C=C,18247,862
c1c[nH]c(C2=NCCC2)c1,C=C,18248,862
c1c[nH]c(CNC2CC2)c1,C=C,18249,862
c1c[nH]c(CNC2CC2)n1,C=C,18250,862
c1c[nH]c([C@H]2CCCN2)c1,C=C,18251,862
c1cc(C2CCCC2)n[nH]1,C=C,18254,862
c1cc(C2CNC2)on1,C=C,18255,862
c1cc(CNC2CC2)co1,C=C,18256,862
c1cc(C[C@H]2CO2)ccn1,C=C,18258,862
c1cc2[nH]ccc2cn1,C=C,18259,862
c1cc2c([nH]1)CCCNC2,C=C,18260,862
c1cc2c(cn1)CCCO2,C=C,18261,862
c1cc2c(cn1)COC2,C=C,18262,862
c1cc2c(cn1)NCCN2,C=C,18263,862
c1cc2c(nn1)CCNC2,C=C,18264,862
c1cc2c(o1)CNCC2,C=C,18265,862
c1cc2cc[nH]c2nn1,C=C,18266,862
c1cc2ccoc2cn1,C=C,18267,862
c1cc2cn[nH]c2cn1,C=C,18268,862
c1cc2n(c1)CCCN2,C=C,18271,862
c1cc2n(c1)CCCNC2,C=C,18272,862
c1cc2n(n1)CCCNC2,C=C,18273,862
c1cc2nc[nH]c2cn1,C=C,18274,862
c1cc2ocnc2cn1,C=C,18275,862
c1ccc(C2=NC2)cc1,C=C,18276,862
c1ccc(C2CC2)nc1,C=C,18277,862
c1ccc(C2COC2)cc1,C=C,18279,862
c1ccc(C[C@H]2CN2)cc1,C=C,18280,862
c1ccc([C@@H]2CCN2)cc1,C=C,18281,862
c1ccc2[nH]ccc2c1,C=C,18282,862
c1ccc2[nH]nnc2c1,C=C,18283,862
c1ccc2c(c1)CCCN2,C=C,18284,862
c1ccc2c(c1)CCNC2,C=C,18285,862
c1ccc2c(c1)CCOC2,C=C,18286,862
c1ccc2c(c1)CNCO2,C=C,18287,862
c1ccc2c(c1)CNN2,C=C,18288,862
c1ccc2c(c1)CNOC2,C=C,18289,862
c1ccc2c(c1)C[C@H]1O[C@@H]21,C=C,18290,862
c1ccc2c(c1)NCN2,C=C,18292,862
c1ccc2c(c1)OCCO2,C=C,18293,862
c1ccc2ccccc2c1,C=C,18294,862
c1ccc2ncncc2c1,C=C,18296,862
c1ccc2nnccc2c1,C=C,18297,862
c1ccc2nncnc2c1,C=C,18298,862
c1ccc2nocc2c1,C=C,18299,862
c1ccc2occc2c1,C=C,18300,862
c1ccc2oncc2c1,C=C,18301,862
c1ccn(CC[C@H]2CO2)c1,C=C,18302,862
c1ccn([C@@H]2CCNC2)c1,C=C,18303,862
c1ccn2nncc2c1,C=C,18304,862
c1cn(CC2CC2)nn1,C=C,18305,862
c1cn(CC2CNC2)cn1,C=C,18306,862
c1cn2c(n1)CCCCC2,C=C,18308,862
c1cn2c(n1)CNCCC2,C=C,18309,862
c1cn2c(n1)COCC2,C=C,18310,862
c1cn2cncc2cn1,C=C,18312,862
c1cn2cnnc2cn1,C=C,18313,862
c1cn2ncnc2cn1,C=C,18314,862
c1cnc(C2CNC2)cn1,C=C,18315,862
c1cnc(C2CNC2)nc1,C=C,18316,862
c1cnc(NC2CC2)nc1,C=C,18317,862
c1cnc2[nH]ccc2n1,C=C,18318,862
c1cnc2[nH]cnc2n1,C=C,18319,862
c1cnc2[nH]ncc2c1,C=C,18320,862
c1cnc2c(c1)CCCO2,C=C,18321,862
c1cnc2c(c1)CNC2,C=C,18322,862
c1cnc2c(c1)OCCC2,C=C,18323,862
c1cnc2c(c1)OCCN2,C=C,18324,862
c1cnc2c(n1)CCCC2,C=C,18325,862
c1cnc2c(n1)CNC2,C=C,18326,862
c1cnc2c(n1)NCCN2,C=C,18327,862
c1cnc2cc[nH]c2c1,C=C,18328,862
c1cnc2ccnn2c1,C=C,18329,862
c1cnc2ccoc2c1,C=C,18330,862
c1cnc2cnccc2c1,C=C,18331,862
c1cnc2n[nH]nc2n1,C=C,18332,862
c1cnc2nc[nH]c2c1,C=C,18333,862
c1cnc2nccnc2c1,C=C,18334,862
c1cnc2ncoc2c1,C=C,18336,862
c1cnc2nnnn2c1,C=C,18337,862
c1cnc2occc2c1,C=C,18338,862
c1cnc2ocnc2c1,C=C,18339,862
c1cncc(NC2CC2)c1,C=C,18340,862
c1cnn(C2CCCC2)c1,C=C,18341,862
c1cnn(C2CNC2)n1,C=C,18342,862
c1cnn(C[C@H]2CO2)c1,C=C,18343,862
c1cnn2nnnc2n1,C=C,18344,862
c1cnnc([C@H]2CCN2)c1,C=C,18346,862
c1coc(C2=NCCC2)c1,C=C,18347,862
c1coc(C2OCCO2)c1,C=C,18348,862
c1coc([C@@H]2CCCN2)n1,C=C,18349,862
c1coc([C@@H]2CCNC2)c1,C=C,18350,862
c1n[nH]c2c1CCCCC2,C=C,18351,862
c1n[nH]c2c1CCCN2,C=C,18352,862
c1n[nH]c2c1CCNC2,C=C,18353,862
c1n[nH]cc1OC1CCC1,C=C,18356,862
c1n[nH]cc1[C@@H]1CCOC1,C=C,18357,862
c1n[nH]nc1[C@@H]1CCNC1,C=C,18358,862
c1nc(C2CCC2)n[nH]1,C=C,18359,862
c1nc(CNC2CC2)c[nH]1,C=C,18360,862
c1nc([C@H]2CCNC2)no1,C=C,18361,862
c1nc2c([nH]1)CCNCC2,C=C,18362,862
c1nc2c([nH]1)CCOC2,C=C,18363,862
c1nc2c(o1)CCNC2,C=C,18364,862
c1ncc(C2CNC2)cn1,C=C,18366,862
c1ncc([C@H]2CCCO2)[nH]1,C=C,18368,862
c1ncc2[nH]cnc2n1,C=C,18369,862
c1ncc2[nH]ncc2n1,C=C,18370,862
c1ncc2c(n1)CCCC2,C=C,18371,862
c1ncc2c(n1)NCCN2,C=C,18372,862
c1ncc2n[nH]nc2n1,C=C,18373,862
c1ncc2ncoc2n1,C=C,18374,862
c1ncn(C2CNC2)n1,C=C,18376,862
c1ncn2c1CNCC2,C=C,18378,862
c1nnc(NC2CC2)o1,C=C,18379,862
c1nnc2n1CCNCC2,C=C,18380,862
c1nnc2n1NCCC2,C=C,18381,862
c1nnn2c1CCCC2,C=C,18382,862
c1noc2c1CNCC2,C=C,18383,862
C=CC=C,C=CC=C,2209,2209
C=CC=C,CC1=C(C)C(C)=C(C)C1,2209,3001
C=CC=C,COc1nccnn1,2209,3998
C=CC=C,Cc1ccnc(C)c1O,2209,4076
C=CC=C,Nc1cccccc1=O,2209,5215
C=CC=C,O=Cc1ccc(CO)[nH]1,2209,5518
C=CC=C,c1ccccc1,2209,5889
C=CC=C,c1nn[nH]n1,2209,5941
C=CC=C,c1nncnn1,2209,5944
C=CC=C,CC(C)(C)C1C=CC=C1,2209,8614
C=CC=C,Cc1nncnc1O,2209,10030
C=CC=C,N#CNc1ccccc1,2209,10214
C=CC=C,c1cn[nH]n1,2209,11867
C=CC=C,c1cnncn1,2209,11875
C=CC=C,c1nc[nH]n1,2209,11887
C=CC=C,C=C(C)C(=C)C,2209,11946
C=CC=C,C#Cc1ccc[nH]1,2209,11970
C=CC=C,C#Cc1ccn[nH]1,2209,11975
C=CC=C,C#Cc1ccoc1C,2209,11977
C=CC=C,C#Cc1cncn1C,2209,11980
C=CC=C,C#Cn1cccc1,2209,11983
C=CC=C,C/C(=C\N=O)NO,2209,11985
C=CC=C,C/C=C(C)/C=N\NC,2209,11994
C=CC=C,C/C=C(\O)C(=O)O,2209,12000
C=CC=C,C/C=C/C=C/C=N\O,2209,12006
C=CC=C,C/C=C/C=C\[C@H](C)O,2209,12009
C=CC=C,C/C=C/n1cccc1,2209,12019
C=CC=C,C/C=C\C(F)=C(F)F,2209,12021
C=CC=C,C1=CC2(C=C1)CC2,2209,12037
C=CC=C,C1=CC=CC=CC=C1,2209,12040
C=CC=C,C1=CC=CCC=C1,2209,12041
C=CC=C,C1CC1c1nn[nH]n1,2209,12071
C=CC=C,C=C(OC)C(=C)OC,2209,12108
C=CC=C,C=C/C=C(\C)CO,2209,12110
C=CC=C,C=C/C=C/CC(=O)O,2209,12113
C=CC=C,C=C/C=C/OC,2209,12116
C=CC=C,C=C/C=C\CCCC,2209,12121
C=CC=C,C=C/C=N/N=C(/C)N,2209,12123
C=CC=C,C=C1CCN(C)C1=O,2209,12136
C=CC=C,C=C1C[C@H](C)OC1=O,2209,12143
C=CC=C,C=C1NC(=O)NC1=O,2209,12147
C=CC=C,C=C=CC(C)=O,2209,12151
C=CC=C,C=CC(=C)CCCO,2209,12158
C=CC=C,C=CC(=N)N,2209,12160
C=CC=C,C=CC(=O)NOCC,2209,12172
C=CC=C,C=CC1=CC=CC1,2209,12183
C=CC=C,C=CCn1cccc1,2209,12223
C=CC=C,C=Cc1ccc(C)o1,2209,12254
C=CC=C,C=Cc1ccn[nH]1,2209,12256
C=CC=C,C=Cc1cnc[nH]1,2209,12259
C=CC=C,C=Cc1nn[nH]n1,2209,12263
C=CC=C,C=Cn1cncn1,2209,12268
C=CC=C,C=Cn1cnnn1,2209,12269
C=CC=C,C=Cn1nnnc1O,2209,12271
C=CC=C,C=NN=C,2209,12278
C=CC=C,C=Nc1ccccn1,2209,12279
C=CC=C,CC(=O)/C(C)=C/O,2209,12285
C=CC=C,CC(=O)C(=O)C1CC1,2209,12290
C=CC=C,CC(=O)C1=CC=N1,2209,12293
C=CC=C,CC(=O)C=C1COC1,2209,12297
C=CC=C,CC(=O)c1ncn[nH]1,2209,12308
C=CC=C,CC(C)=NC(=O)NO,2209,12326
C=CC=C,CC(C)=NN=C(C)C,2209,12327
C=CC=C,CC(C)C1C=CC=C1,2209,12331
C=CC=C,CC(C)n1cnnc1,2209,12342
C=CC=C,CC/C=C/C(=N)N,2209,12349
C=CC=C,CC1(CO)C=CC=C1,2209,12373
C=CC=C,CC1=CC=NC(=O)C1,2209,12390
C=CC=C,CC1=NCCN=C1C,2209,12409
C=CC=C,CC1=NN=C(C)C1,2209,12410
C=CC=C,CC1C=CC=CC=C1,2209,12418
C=CC=C,CCC(=O)/C(C)=C\N,2209,12426
C=CC=C,CCC(=O)/C=C(\C)O,2209,12427
C=CC=C,CCC(=O)C(=O)OC,2209,12428
C=CC=C,CCC1=CCC(C)=C1,2209,12437
C=CC=C,CCNc1ncc[nH]1,2209,12459
C=CC=C,CCc1cc(O)on1,2209,12485
C=CC=C,CN(C)/N=C/C=O,2209,12516
C=CC=C,CN(C)c1ncn[nH]1,2209,12522
C=CC=C,CN(C)c1nn[nH]n1,2209,12523
C=CC=C,CN(C)n1cccc1,2209,12524
C=CC=C,CNCc1ccn[nH]1,2209,12554
C=CC=C,CNCc1ncon1,2209,12559
C=CC=C,CNc1cnco1,2209,12571
C=CC=C,CNc1cnn[nH]1,2209,12572
C=CC=C,CNc1cocn1,2209,12574
C=CC=C,CNc1ncco1,2209,12580
C=CC=C,CO/C=C(/F)C(=O)O,2209,12587
C=CC=C,CO/N=C/C(=O)O,2209,12592
C=CC=C,COC1=CC=CCC1,2209,12610
C=CC=C,COc1ccco1,2209,12640
C=CC=C,COc1ccoc1,2209,12645
C=CC=C,COc1cnc(C)o1,2209,12646
C=CC=C,C[C@@H](N)c1nnco1,2209,12660
C=CC=C,C[C@H](N)c1cc[nH]n1,2209,12680
C=CC=C,C[C@H](N)c1ccno1,2209,12681
C=CC=C,C[C@H]1C=CC=CC1,2209,12691
C=CC=C,Cc1c[nH]c(C)c1,2209,12712
C=CC=C,Cc1ccc(C)[nH]1,2209,12747
C=CC=C,Cc1ccc[nH]1,2209,12760
C=CC=C,Cc1ccnnn1,2209,12782
C=CC=C,Cc1cnc(N)nn1,2209,12806
C=CC=C,Cc1cnoc1CO,2209,12822
C=CC=C,Cc1cnon1,2209,12824
C=CC=C,Cc1coc(C=O)n1,2209,12827
C=CC=C,Cc1coc(O)c1,2209,12830
C=CC=C,Cc1conc1CO,2209,12835
C=CC=C,Cc1nc(C=O)no1,2209,12848
C=CC=C,Cc1nccn1C#N,2209,12864
C=CC=C,Cc1ncoc1C,2209,12873
C=CC=C,Cc1nnc(C#N)o1,2209,12879
C=CC=C,Cc1nnc(C)nn1,2209,12881
C=CC=C,Cc1nnc(C=O)[nH]1,2209,12882
C=CC=C,Cc1nnc(N)n1N,2209,12885
C=CC=C,Cc1nncc(N)n1,2209,12888
C=CC=C,Cc1nnn(N)c1C,2209,12890
C=CC=C,Cc1nonc1O,2209,12905
C=CC=C,Cn1c(N)ccc1N,2209,12916
C=CC=C,Cn1cc(C#N)nn1,2209,12918
C=CC=C,Cn1cccc1,2209,12934
C=CC=C,Cn1ccccc1=N,2209,12939
C=CC=C,Cn1ccnc1,2209,12942
C=CC=C,Cn1ccnn1,2209,12946
C=CC=C,Cn1cnc(C=O)n1,2209,12952
C=CC=C,Cn1cnnc1,2209,12962
C=CC=C,Cn1nccc1NN,2209,12976
C=CC=C,Cn1ncnn1,2209,12981
C=CC=C,Cn1nnc(C#N)n1,2209,12982
C=CC=C,FC(F)=CC=C(F)F,2209,12998
C=CC=C,Fc1c[nH]cc1F,2209,13009
C=CC=C,Fc1cc[nH]n1,2209,13013
C=CC=C,Fc1ccncc1,2209,13020
C=CC=C,N#CC(/C=N/O)=N\O,2209,13032
C=CC=C,N#CC(=N)C(=N)C#N,2209,13033
C=CC=C,N#CCc1ccco1,2209,13040
C=CC=C,N#CCc1ncn[nH]1,2209,13047
C=CC=C,N#CCn1cccc1,2209,13050
C=CC=C,N#Cc1c[nH]c(N)c1,2209,13058
C=CC=C,N#Cc1cc[nH]c1,2209,13060
C=CC=C,N#Cc1ccoc1,2209,13069
C=CC=C,N#Cc1ccoc1N,2209,13070
C=CC=C,N#Cc1ccon1,2209,13071
C=CC=C,N#Cc1cn[nH]n1,2209,13073
C=CC=C,N#Cc1cnnnc1,2209,13076
C=CC=C,N#Cc1n[nH]c(N)n1,2209,13081
C=CC=C,N#Cc1nccn1O,2209,13084
C=CC=C,N#Cc1ncco1,2209,13085
C=CC=C,N#Cc1ncon1,2209,13087
C=CC=C,N#Cc1nnc[nH]1,2209,13088
C=CC=C,N#Cn1ccnc1,2209,13092
C=CC=C,N/N=C/C=N/N,2209,13096
C=CC=C,N=C(N)/N=N/C(=N)N,2209,13100
C=CC=C,N=C(N)c1cnn[nH]1,2209,13110
C=CC=C,N=C(N)n1cncn1,2209,13112
C=CC=C,N=C(NN)C(=N)NN,2209,13113
C=CC=C,NC(=N/O)/C(N)=N\O,2209,13123
C=CC=C,NC(=O)C1=NCCN1,2209,13127
C=CC=C,NC(=O)N=NC(N)=O,2209,13128
C=CC=C,NC(=O)c1cn[nH]n1,2209,13135
C=CC=C,NC(=O)n1cccc1,2209,13140
C=CC=C,NC(N)=NC=O,2209,13141
C=CC=C,NC1=CC=C(CO)C1,2209,13148
C=CC=C,NC1=CC=CCO1,2209,13149
C=CC=C,NC1=CC=NCN1,2209,13150
C=CC=C,NC1=CNCC=C1,2209,13153
C=CC=C,NC1=NC(N)=N1,2209,13157
C=CC=C,NC1=NN=CNN1,2209,13161
C=CC=C,NC[C@H]1C=CN=N1,2209,13184
C=CC=C,NCc1cc(F)n[nH]1,2209,13187
C=CC=C,NNc1cc(N)[nH]n1,2209,13204
C=CC=C,NNc1cncnc1,2209,13210
C=CC=C,NNc1nc(N)n[nH]1,2209,13211
C=CC=C,NNc1ncnn1N,2209,13213
C=CC=C,NNc1nncn1N,2209,13214
C=CC=C,N[C@@H]1N=CC=NC1=O,2209,13221
C=CC=C,Nc1[nH]nnc1O,2209,13229
C=CC=C,Nc1c[nH]cn1,2209,13231
C=CC=C,Nc1cc[nH]c(=O)c1,2209,13235
C=CC=C,Nc1cc[nH]c1,2209,13237
C=CC=C,Nc1ccc(F)nn1,2209,13239
C=CC=C,Nc1ccccc1,2209,13246
C=CC=C,Nc1ccco1,2209,13251
C=CC=C,Nc1cncc(=O)[nH]1,2209,13270
C=CC=C,Nc1cnoc1,2209,13280
C=CC=C,Nc1ncc(CO)[nH]1,2209,13286
C=CC=C,Nc1ncncc1O,2209,13299
C=CC=C,Nc1ncncn1,2209,13300
C=CC=C,Nc1nnc(O)nn1,2209,13302
C=CC=C,Nc1nncnn1,2209,13304
C=CC=C,Nc1nnn[nH]1,2209,13306
C=CC=C,Nc1nnnnn1,2209,13308
C=CC=C,Nn1cccc1,2209,13313
C=CC=C,Nn1cccn1,2209,13315
C=CC=C,Nn1cnnc1,2209,13319
C=CC=C,O/N=C/c1c[nH]cn1,2209,13322
C=CC=C,O/N=C/c1cc[nH]n1,2209,13324
C=CC=C,O/N=C/c1ccoc1,2209,13325
C=CC=C,O=C(NO)C(=O)NO,2209,13333
C=CC=C,O=C(O)/N=N/C(=O)O,2209,13337
C=CC=C,O=C(O)C1=CCC=C1,2209,13341
C=CC=C,O=C(O)C1=NC=NC1,2209,13345
C=CC=C,O=C(O)C1=NOCC1,2209,13346
C=CC=C,O=C(O)C1C=CC=C1,2209,13347
C=CC=C,O=C(O)c1cnon1,2209,13358
C=CC=C,O=C(O)c1nn[nH]n1,2209,13361
C=CC=C,O=C(O)n1nccn1,2209,13363
C=CC=C,O=C1C(=O)C(O)C1=O,2209,13364
C=CC=C,O=C1NCCNC1=O,2209,13392
C=CC=C,O=C1OCCOC1=O,2209,13397
C=CC=C,O=CC(=O)CO,2209,13400
C=CC=C,O=CC=O,2209,13402
C=CC=C,O=CCc1ccon1,2209,13405
C=CC=C,O=CNc1ncn[nH]1,2209,13410
C=CC=C,O=Cc1cn[nH]n1,2209,13425
C=CC=C,O=Cc1cnco1,2209,13427
C=CC=C,O=Cc1cocn1,2209,13429
C=CC=C,O=Cc1nc[nH]n1,2209,13430
C=CC=C,O=Cc1nccnn1,2209,13432
C=CC=C,O=Nn1ccnc1,2209,13437
C=CC=C,O=c1[nH]cc[nH]c1=O,2209,13438
C=CC=C,O=c1occcc1O,2209,13458
C=CC=C,OC1=CN=NCC1,2209,13463
C=CC=C,OCC1=NN=CC1,2209,13471
C=CC=C,OCc1nnc(O)[nH]1,2209,13496
C=CC=C,Oc1ccc(O)o1,2209,13517
C=CC=C,Oc1ccnc(O)c1,2209,13525
C=CC=C,Oc1ccoc1O,2209,13526
C=CC=C,c1c[nH]cn1,2209,13536
C=CC=C,c1cc(C2CC2)co1,2209,13537
C=CC=C,c1cc2[nH]ccn2n1,2209,13541
C=CC=C,c1cc[nH]c1,2209,13544
C=CC=C,c1ccnnc1,2209,13548
C=CC=C,c1ccoc1,2209,13549
C=CC=C,c1cn2c(n1)NCC2,2209,13552
C=CC=C,c1cn2cc[nH]c2n1,2209,13553
C=CC=C,c1cn[nH]c1,2209,13554
C=CC=C,c1cnccn1,2209,13555
C=CC=C,c1cncnc1,2209,13556
C=CC=C,c1cnoc1,2209,13559
C=CC=C,c1cnon1,2209,13560
C=CC=C,c1cocn1,2209,13561
C=CC=C,c1n[nH]c2c1COC2,2209,13563
C=CC=C,c1nc2c([nH]1)CNC2,2209,13568
C=CC=C,c1nc2c([nH]1)NON2,2209,13569
C=CC=C,c1nc2n(n1)CCC2,2209,13570
C=CC=C,c1nn[nH]c1C1CC1,2209,13572
C=CC=C,c1nnco1,2209,13575
C=CC=C,c1nnnn1C1CC1,2209,13576
C=CC=C,c1onc2c1CNC2,2209,13577
C=CC=C,C#CC(C)(C)n1cccc1,2209,13583
C=CC=C,C#CCC(=C)C(=O)OCC,2209,13586
C=CC=C,C#CCCc1c[nH]cn1,2209,13593
C=CC=C,C#CCCn1cncn1,2209,13595
C=CC=C,C#CCNC(=O)C=C(C)C,2209,13596
C=CC=C,C#CCOc1cnn(C)c1,2209,13602
C=CC=C,C#CCOc1ncccn1,2209,13603
C=CC=C,C#CCc1c[nH]c(N)n1,2209,13606
C=CC=C,C#CCc1ccc(F)cc1,2209,13607
C=CC=C,C#CCn1ccccc1=O,2209,13610
C=CC=C,C#CCn1ccnc1C=O,2209,13611
C=CC=C,C#CCn1nc(C)nc1C,2209,13612
C=CC=C,C#CCn1nnc(N)n1,2209,13613
C=CC=C,C#C[C@H](N)c1ccccn1,2209,13617
C=CC=C,C#C[C@H](O)c1cccnc1,2209,13618
C=CC=C,C#Cc1c(C)nn(C)c1C,2209,13623
C=CC=C,C#Cc1c(C)noc1C,2209,13624
C=CC=C,C#Cc1c(F)cccc1F,2209,13625
C=CC=C,C#Cc1c[nH]nc1C(=O)O,2209,13626
C=CC=C,C#Cc1cc(C#C)n(C)n1,2209,13627
C=CC=C,C#Cc1cc(C)ccc1N,2209,13628
C=CC=C,C#Cc1cc(F)cnc1N,2209,13629
C=CC=C,C#Cc1cc(N)ccc1O,2209,13630
C=CC=C,C#Cc1cc(N)cnc1C,2209,13632
C=CC=C,C#Cc1cc(O)cc(O)c1,2209,13633
C=CC=C,C#Cc1ccc(=O)[nH]c1,2209,13634
C=CC=C,C#Cc1ccc(C#N)cc1,2209,13636
C=CC=C,C#Cc1ccc(CO)nc1,2209,13639
C=CC=C,C#Cc1ccc(F)cc1C,2209,13640
C=CC=C,C#Cc1ccc(F)cn1,2209,13642
C=CC=C,C#Cc1ccc(N)c(F)c1,2209,13643
C=CC=C,C#Cc1ccc(NC)nn1,2209,13644
C=CC=C,C#Cc1ccc(O)c(O)c1,2209,13645
C=CC=C,C#Cc1ccc2c(c1)CC2,2209,13646
C=CC=C,C#Cc1cccc(C)c1C,2209,13647
C=CC=C,C#Cc1cccc(CN)c1,2209,13648
C=CC=C,C#Cc1cccc(CO)n1,2209,13649
C=CC=C,C#Cc1cccc(O)c1O,2209,13651
C=CC=C,C#Cc1ccccc1CN,2209,13653
C=CC=C,C#Cc1cccnc1F,2209,13654
C=CC=C,C#Cc1ccnc(C)c1,2209,13655
C=CC=C,C#Cc1ccnc(N)n1,2209,13656
C=CC=C,C#Cc1ccncc1F,2209,13657
C=CC=C,C#Cc1cnc(N)nc1,2209,13658
C=CC=C,C#Cc1cnc(OC)cn1,2209,13659
C=CC=C,C#Cc1cncc(C)n1,2209,13661
C=CC=C,C#Cc1cncc(OC)c1,2209,13662
C=CC=C,C#Cc1cnn(C(C)C)c1,2209,13663
C=CC=C,C#Cc1cnn(CC)c1C,2209,13665
C=CC=C,C#Cc1nc(C)cc(C)n1,2209,13666
C=CC=C,C#Cc1ncc(C)cc1N,2209,13667
C=CC=C,C#Cc1ncc(C=O)cn1,2209,13668
C=CC=C,C#Cc1ncccc1OC,2209,13671
C=CC=C,C#Cc1nccnc1N,2209,13672
C=CC=C,C/C(=C/CC(=O)O)C(=O)O,2209,13675
C=CC=C,C/C(=C\C(=O)O)CC(=O)O,2209,13676
C=CC=C,C/C(=C\C1CC1)C(=O)O,2209,13677
C=CC=C,C/C(=N/O)c1cnccn1,2209,13680
C=CC=C,C/C(=N\N=C(N)N)C(=O)O,2209,13681
C=CC=C,C/C(=N\O)C(=O)C(C)(C)C,2209,13682
C=CC=C,C/C(=N\O)c1cc[nH]c1,2209,13683
C=CC=C,C/C(=N\O)c1ccc(C)o1,2209,13684
C=CC=C,C/C(=N\O)c1ccnn1C,2209,13685
C=CC=C,C/C(CCO)=N/N=C(N)N,2209,13688
C=CC=C,C/C(N)=C/C(=O)OC(C)C,2209,13690
C=CC=C,C/C(O)=N/c1ncn[nH]1,2209,13692
C=CC=C,C/C=C(C)/C=C/C=C(C)C,2209,13694
C=CC=C,C/C=C(F)/C=N/C(C)(C)C,2209,13695
C=CC=C,C/C=C(\F)c1ccccc1,2209,13698
C=CC=C,C/C=C/C(=O)NC(C)C,2209,13699
C=CC=C,C/C=C/C(=O)[C@@H](C)CC,2209,13701
C=CC=C,C/C=C/C/C=C/C(=O)OC,2209,13703
C=CC=C,C/C=C/C=C(\C)C(=O)O,2209,13704
C=CC=C,C/C=C/C=C/C(=O)N(C)C,2209,13705
C=CC=C,C/C=C/C=C\C(C)(C)C,2209,13707
C=CC=C,C/C=C/C=C\C=C(C)C,2209,13708
C=CC=C,C/C=C/C=N/N(CC)CC,2209,13711
C=CC=C,C/C=C/C=N/NC(C)C,2209,13712
C=CC=C,C/C=C/C=N/n1cnnc1,2209,13713
C=CC=C,C/C=C/c1nccn1C,2209,13721
C=CC=C,C/C=C1\C(=O)[C@H]2CC[C@@H]1C2,2209,13722
C=CC=C,C/C=C\C(=N/CCC)OC,2209,13725
C=CC=C,C/C=C\C(=O)CCCC#N,2209,13726
C=CC=C,C/C=C\C(=O)N(CC)CC,2209,13727
C=CC=C,C/C=C\C(=O)OCCC#N,2209,13728
C=CC=C,C/C=C\C=C/CCCCC,2209,13731
C=CC=C,C/C=C\C=C\C=C/C(=O)O,2209,13732
C=CC=C,C/C=C\N=C(\CCC)OC,2209,13734
C=CC=C,C/C=C\c1ccc(O)cc1,2209,13737
C=CC=C,C/C=C\c1ccccc1O,2209,13738
C=CC=C,C/C=C\n1ccccc1=O,2209,13739
C=CC=C,C/N=C(/N)c1ccncc1,2209,13743
C=CC=C,C/N=C(\C#N)C(=O)C(=O)O,2209,13744
C=CC=C,C/N=C(\N)n1cccn1,2209,13747
C=CC=C,C/N=C/c1cccc(O)c1,2209,13748
C=CC=C,C/N=N/Nc1ccccc1,2209,13749
C=CC=C,C1=C(c2cccnc2)CC1,2209,13752
C=CC=C,C1=CC2=C(C1)CCCC2,2209,13754
C=CC=C,C1=CC2=C(C1)[C@@H]1C=C[C@H]2C1,2209,13755
C=CC=C,C1=CC2C=CC(C=C1)C=C2,2209,13757
C=CC=C,C1=CC=C=c2ccccc2=1,2209,13758
C=CC=C,C1=CCCCC/C=C/1,2209,13761
C=CC=C,C1=CCC[C@@H]2C[C@@H]2C=C1,2209,13762
C=CC=C,C1=CCc2[nH]ccc2C1,2209,13770
C=CC=C,C1=CCc2ccccc2C1,2209,13771
C=CC=C,C1=CN2C=NNC2=CN=C1,2209,13772
C=CC=C,C1=C[C@@H]2C=C[C@H](C=C1)C2,2209,13777
C=CC=C,C1=C[C@@H]2CCC[C@@H]2C=C1,2209,13778
C=CC=C,C1=C[C@@H]2O[C@@H]2C=C/C=C/1,2209,13782
C=CC=C,C1=C[C@H]2CCC[C@H](C=C1)C2,2209,13788
C=CC=C,C1=NCC2=CC=NC2=N1,2209,13799
C=CC=C,C1=NCCc2[nH]ccc21,2209,13800
C=CC=C,C1=NCCn2cccc21,2209,13801
C=CC=C,C1=NCc2ccccc21,2209,13803
C=CC=C,C1=NCc2ccccc2N1,2209,13804
C=CC=C,C1=NCc2ncncc21,2209,13805
C=CC=C,C1CC1Cc1nnn[nH]1,2209,13808
C=CC=C,C1CCC(c2nnn[nH]2)C1,2209,13810
C=CC=C,C1CCC2=NCN=C2C1,2209,13812
C=CC=C,C1CCN(c2nn[nH]n2)C1,2209,13813
C=CC=C,C1CCc2n[nH]nc2C1,2209,13817
C=CC=C,C1CNC(C2=NCCN2)=N1,2209,13821
C=CC=C,C1CNc2nonc2N1,2209,13824
C=CC=C,C1CNn2nnnc2N1,2209,13825
C=CC=C,C1COC(C2=NCCO2)=N1,2209,13826
C=CC=C,C1Cc2nnnn2CCN1,2209,13829
C=CC=C,C1OCc2nonc2CO1,2209,13831
C=CC=C,C=C(/C=N/CCCC)OC,2209,13833
C=CC=C,C=C(C(=O)OC)[C@@H](C)O,2209,13834
C=CC=C,C=C(C(N)=O)[C@@H](N)C(=O)O,2209,13836
C=CC=C,C=C(C)/C=C(\C)CC(=C)C,2209,13837
C=CC=C,C=C(C)/C=C/C(=C)CC,2209,13838
C=CC=C,C=C(C)/C=C/C=C/CCC,2209,13839
C=CC=C,C=C(C)/C=C/OC(C)=O,2209,13841
C=CC=C,C=C(C)/C=C\CC(=C)C,2209,13842
C=CC=C,C=C(C)/C=N\O,2209,13843
C=CC=C,C=C(C)C(=O)N(CC)CC,2209,13845
C=CC=C,C=C(C)C(=O)NCOC,2209,13846
C=CC=C,C=C(C)C(=O)OCCCF,2209,13847
C=CC=C,C=C(C)C(=O)OC[C@H]1CO1,2209,13849
C=CC=C,C=C(C)C(=O)O[C@H](C)CC,2209,13850
C=CC=C,C=C(C)C1=CC[C@H](C)CC1,2209,13854
C=CC=C,C=C(C)CC/C=C/C(=O)O,2209,13855
C=CC=C,C=C(C)c1c(C)noc1N,2209,13867
C=CC=C,C=C(C)c1c[nH]ccc1=N,2209,13868
C=CC=C,C=C(C)c1ccc(O)cc1,2209,13869
C=CC=C,C=C(C)c1cccc(N)c1,2209,13870
C=CC=C,C=C(C)c1ccccc1F,2209,13871
C=CC=C,C=C(C)c1ncncc1N,2209,13872
C=CC=C,C=C(C)n1nnc(N)n1,2209,13873
C=CC=C,C=C(CC(=O)OC)C(=O)O,2209,13875
C=CC=C,C=C(CC(C)C)C(C)=O,2209,13876
C=CC=C,C=C(CC1CC1)C(=O)OC,2209,13879
C=CC=C,C=C(CCN(C)C)C(=O)O,2209,13880
C=CC=C,C=C(CCN=C=O)C(=O)O,2209,13881
C=CC=C,C=C(CN)c1ccccc1,2209,13883
C=CC=C,C=C(CO)c1ccncc1,2209,13886
C=CC=C,C=C(F)C(=O)OC(C)(C)C,2209,13888
C=CC=C,C=C(F)Cn1ccc(N)n1,2209,13890
C=CC=C,C=C(NC(C)=O)C(=O)O,2209,13891
C=CC=C,C=C(OC)c1nnn(C)n1,2209,13896
C=CC=C,C=C/C(C)=C/CC(=C)C,2209,13897
C=CC=C,C=C/C=C(/CCC)C(=O)O,2209,13899
C=CC=C,C=C/C=C/C1CCCCC1,2209,13900
C=CC=C,C=C/C=C/CC=C,2209,13902
C=CC=C,C=C/C=C/CCC(=O)OC,2209,13903
C=CC=C,C=C/C=C\C(CC)CC,2209,13905
C=CC=C,C=C/C=C\c1ccccc1,2209,13906
C=CC=C,C=C1C(=O)C2CCN1CC2,2209,13907
C=CC=C,C=C1C(=O)CC[C@H]1C(=O)O,2209,13908
C=CC=C,C=C1C(=O)OC=C1C(=O)O,2209,13909
C=CC=C,C=C1C(=O)[C@@H]2CCCO[C@H]12,2209,13910
C=CC=C,C=C1CC(C)(C)NC1=O,2209,13917
C=CC=C,C=C1CCc2ccccc21,2209,13926
C=CC=C,C=C1C[C@H](CO)N(C)C1=O,2209,13932
C=CC=C,C=C=C(CCCC)C(=O)O,2209,13938
C=CC=C,C=C=Cc1ccccc1,2209,13943
C=CC=C,C=C=Cn1nnnc1N,2209,13944
C=CC=C,C=CC(=C)CCC=C(C)C,2209,13947
C=CC=C,C=CC(=O)C=C,2209,13948
C=CC=C,C=CC(=O)CCCCC,2209,13949
C=CC=C,C=CC(=O)COC(C)=O,2209,13950
C=CC=C,C=CC(=O)N(C)CC(=O)O,2209,13951
C=CC=C,C=CC(=O)N1CC(CO)C1,2209,13952
C=CC=C,C=CC(=O)N1CCC[C@@H]1C,2209,13953
C=CC=C,C=CC(=O)N1CCNCC1,2209,13954
C=CC=C,C=CC(=O)N1CCOC1=O,2209,13955
C=CC=C,C=CC(=O)NC(=N)NC#N,2209,13956
C=CC=C,C=CC(=O)NC(=O)NC,2209,13957
C=CC=C,C=CC(=O)NC1CCCC1,2209,13958
C=CC=C,C=CC(=O)NCC1CCC1,2209,13959
C=CC=C,C=CC(=O)NCCCOC,2209,13960
C=CC=C,C=CC(=O)NC[C@@H](O)CO,2209,13961
C=CC=C,C=CC(=O)N[C@@H](O)C(=O)O,2209,13963
C=CC=C,C=CC(=O)OCC(F)(F)F,2209,13964
C=CC=C,C=CC(=O)OCCCCO,2209,13965
C=CC=C,C=CC(=O)OCCNCC,2209,13967
C=CC=C,C=CC(=O)O[C@@H](C)CO,2209,13968
C=CC=C,C=CC(=O)O[C@H]1CCCO1,2209,13969
C=CC=C,C=CC(=O)[C@@H](C)C(=O)OC,2209,13970
C=CC=C,C=CC(F)(F)C(=O)C(=O)O,2209,13974
C=CC=C,C=CC1=NC(C)(C)C(=O)O1,2209,13986
C=CC=C,C=CC=C1CCCCC1,2209,13988
C=CC=C,C=CCCc1ccc(C)o1,2209,14007
C=CC=C,C=CCCc1cccnc1,2209,14008
C=CC=C,C=CCCc1nnc(N)o1,2209,14009
C=CC=C,C=CCNC(=O)/C=C\C,2209,14019
C=CC=C,C=CCNCc1ccco1,2209,14021
C=CC=C,C=CCNc1ccncc1,2209,14025
C=CC=C,C=CCNc1nnnn1C,2209,14026
C=CC=C,C=CCOC(=O)/C(C)=C\C,2209,14027
C=CC=C,C=CCOc1cnccn1,2209,14039
C=CC=C,C=CCOn1ccnc1,2209,14040
C=CC=C,C=CCc1cc(C)ccn1,2209,14049
C=CC=C,C=CCc1ccc(C)nc1,2209,14051
C=CC=C,C=CCc1cccc(F)c1,2209,14052
C=CC=C,C=CCc1ccccc1N,2209,14053
C=CC=C,C=CCc1cnccc1C,2209,14054
C=CC=C,C=CCc1occc1C=O,2209,14055
C=CC=C,C=CCn1ccc(CN)n1,2209,14057
C=CC=C,C=CCn1cccc1C=O,2209,14059
C=CC=C,C=CCn1ccnc1CO,2209,14060
C=CC=C,C=CCn1nncc1CO,2209,14063
C=CC=C,C=COC(=O)/C=C\C,2209,14065
C=CC=C,C=COC(=O)c1ccco1,2209,14067
C=CC=C,C=COc1ccc(N)cc1,2209,14071
C=CC=C,C=COc1cccc(C)c1,2209,14072
C=CC=C,C=C[C@@H](O)c1ccncc1,2209,14076
C=CC=C,C=Cc1c(C)cccc1C,2209,14090
C=CC=C,C=Cc1c(F)ccnc1O,2209,14091
C=CC=C,C=Cc1c[nH]c(=O)cc1C,2209,14092
C=CC=C,C=Cc1c[nH]c(=O)nc1N,2209,14093
C=CC=C,C=Cc1cc(=O)[nH]c(=O)[nH]1,2209,14094
C=CC=C,C=Cc1cc(C)ccc1C,2209,14095
C=CC=C,C=Cc1cc(F)cc(F)c1,2209,14097
C=CC=C,C=Cc1cc(F)ccc1F,2209,14098
C=CC=C,C=Cc1cc(N)ccn1,2209,14099
C=CC=C,C=Cc1ccc(=O)[nH]c1C,2209,14100
C=CC=C,C=Cc1ccc(C)c(F)c1,2209,14101
C=CC=C,C=Cc1ccc(CN)cc1,2209,14102
C=CC=C,C=Cc1ccc(N)nc1C,2209,14103
C=CC=C,C=Cc1ccc(NC)nc1,2209,14104
C=CC=C,C=Cc1ccc(O)c(O)c1,2209,14105
C=CC=C,C=Cc1ccc(OC)cn1,2209,14106
C=CC=C,C=Cc1ccc2c(c1)C=C2,2209,14107
C=CC=C,C=Cc1ccc2c(c1)CC2,2209,14108
C=CC=C,C=Cc1ccc[nH]c1=O,2209,14109
C=CC=C,C=Cc1cccc(C#N)n1,2209,14110
C=CC=C,C=Cc1cccc(C=O)c1,2209,14111
C=CC=C,C=Cc1cccc(F)c1F,2209,14112
C=CC=C,C=Cc1cccc2c1CC2,2209,14114
C=CC=C,C=Cc1ccccc1CO,2209,14115
C=CC=C,C=Cc1ccccc1OC,2209,14116
C=CC=C,C=Cc1cnc(C)cn1,2209,14117
C=CC=C,C=Cc1cnc(N)cc1C,2209,14118
C=CC=C,C=Cc1cnc(N)nc1,2209,14119
C=CC=C,C=Cc1cncc(C)c1,2209,14120
C=CC=C,C=Cc1cnn(CC)c1,2209,14122
C=CC=C,C=Cc1nc(N)nc(N)n1,2209,14123
C=CC=C,C=Cc1ncccc1C=O,2209,14124
C=CC=C,C=Cc1ncccn1,2209,14125
C=CC=C,C=Cc1nccnc1N,2209,14126
C=CC=C,C=Cc1occc(=O)c1O,2209,14127
C=CC=C,C=Cn1cc(C(=O)O)cn1,2209,14128
C=CC=C,C=Cn1cc(C=O)c(C)n1,2209,14129
C=CC=C,C=Cn1ccc(C)c1C,2209,14131
C=CC=C,C=Cn1cccc1CCO,2209,14132
C=CC=C,C=Cn1ccnc1C=O,2209,14133
C=CC=C,C=Cn1nccc1C=O,2209,14135
C=CC=C,C=Cn1nncc1C(=O)O,2209,14136
C=CC=C,C=Nc1ccc(C)cc1,2209,14137
C=CC=C,C=c1[nH]c(=O)c(=C)[nH]c1=O,2209,14138
C=CC=C,CC#CCn1cc(C)cn1,2209,14141
C=CC=C,CC#Cc1cc(C)[nH]n1,2209,14142
C=CC=C,CC(/C=N/N)=N/N,2209,14144
C=CC=C,CC(=N)Nc1cc[nH]n1,2209,14146
C=CC=C,CC(=N/O)/C(=N\O)N1CC1,2209,14147
C=CC=C,CC(=NN)c1ccccc1,2209,14148
C=CC=C,CC(=O)/C(=N\O)C(C)C,2209,14149
C=CC=C,CC(=O)/C(CN(C)C)=N/O,2209,14150
C=CC=C,CC(=O)/C=C(/C)NC1CC1,2209,14151
C=CC=C,CC(=O)/C=C(/C)NCCO,2209,14152
C=CC=C,CC(=O)/C=C(/C)OC(C)=O,2209,14153
C=CC=C,CC(=O)/C=C(\C)C(C)C,2209,14154
C=CC=C,CC(=O)/C=C(\O)C(F)(F)F,2209,14156
C=CC=C,CC(=O)/C=C/CCCCO,2209,14158
C=CC=C,CC(=O)/C=C/c1ccc[nH]1,2209,14159
C=CC=C,CC(=O)/C=C\CC(C)C,2209,14160
C=CC=C,CC(=O)/C=C\NC(C)(C)C,2209,14161
C=CC=C,CC(=O)/C=N/NC(C)(C)C,2209,14162
C=CC=C,CC(=O)/C=N\CC(=O)O,2209,14163
C=CC=C,CC(=O)C(=O)N(C)C,2209,14164
C=CC=C,CC(=O)C(=O)OCC(C)C,2209,14165
C=CC=C,CC(=O)C1=C(N)OCCC1,2209,14168
C=CC=C,CC(=O)C1=C(O)CNC1=O,2209,14169
C=CC=C,CC(=O)C1=CCN(C)CC1,2209,14170
C=CC=C,CC(=O)C1=CNC(=O)CC1,2209,14171
C=CC=C,CC(=O)CC(=O)C(C)=O,2209,14173
C=CC=C,CC(=O)Cc1cncnc1,2209,14179
C=CC=C,CC(=O)Cc1nnc(C)o1,2209,14181
C=CC=C,CC(=O)Cn1ccnc1,2209,14182
C=CC=C,CC(=O)Cn1ncnn1,2209,14183
C=CC=C,CC(=O)NCc1nc[nH]n1,2209,14200
C=CC=C,CC(=O)Nc1c[nH]cn1,2209,14204
C=CC=C,CC(=O)Nc1cc(N)no1,2209,14205
C=CC=C,CC(=O)Nc1ccco1,2209,14206
C=CC=C,CC(=O)Nc1cnoc1,2209,14207
C=CC=C,CC(=O)Nc1nc(C)n[nH]1,2209,14208
C=CC=C,CC(=O)Nc1nnn(C)n1,2209,14211
C=CC=C,CC(=O)Nc1noc(C)n1,2209,14212
C=CC=C,CC(=O)OCc1ccoc1,2209,14218
C=CC=C,CC(=O)ONC(=O)C(N)=O,2209,14220
C=CC=C,CC(=O)Oc1ccccn1,2209,14222
C=CC=C,CC(=O)[C@H]1COC(=O)C1=O,2209,14229
C=CC=C,CC(=O)c1[nH]c(=O)[nH]c1C,2209,14231
C=CC=C,CC(=O)c1c[nH]c(=O)cn1,2209,14232
C=CC=C,CC(=O)c1c[nH]cc1CO,2209,14234
C=CC=C,CC(=O)c1c[nH]n(C)c1=N,2209,14235
C=CC=C,CC(=O)c1cc(C)c(C)o1,2209,14236
C=CC=C,CC(=O)c1cc(C)n(C)n1,2209,14237
C=CC=C,CC(=O)c1cc(C)ncn1,2209,14238
C=CC=C,CC(=O)c1cc(C=O)c[nH]1,2209,14239
C=CC=C,CC(=O)c1ccc(F)cc1,2209,14241
C=CC=C,CC(=O)c1ccc(O)cn1,2209,14242
C=CC=C,CC(=O)c1cccc(N)n1,2209,14244
C=CC=C,CC(=O)c1ccccc1N,2209,14245
C=CC=C,CC(=O)c1ccnnc1,2209,14246
C=CC=C,CC(=O)c1ccon1,2209,14247
C=CC=C,CC(=O)c1cnc(C)n1C,2209,14249
C=CC=C,CC(=O)c1cnc(N)nc1,2209,14250
C=CC=C,CC(=O)c1cncc(O)c1,2209,14251
C=CC=C,CC(=O)c1cnccc1F,2209,14252
C=CC=C,CC(=O)c1n[nH]nc1C,2209,14253
C=CC=C,CC(=O)c1nc(C)c(C)o1,2209,14254
C=CC=C,CC(=O)c1nc(CO)c[nH]1,2209,14255
C=CC=C,CC(=O)c1ncc(F)cn1,2209,14256
C=CC=C,CC(=O)c1nccc(C)n1,2209,14257
C=CC=C,CC(=O)c1nccnc1N,2209,14258
C=CC=C,CC(=O)c1nncn1C,2209,14259
C=CC=C,CC(=O)c1nocc1C#N,2209,14261
C=CC=C,CC(=O)n1ccc(C#N)n1,2209,14263
C=CC=C,CC(=O)n1ccc(N)c1,2209,14264
C=CC=C,CC(C)(C#N)/N=N\C(N)=O,2209,14267
C=CC=C,CC(C)(C#N)c1c[nH]cn1,2209,14268
C=CC=C,CC(C)(C#N)c1nnn[nH]1,2209,14269
C=CC=C,CC(C)(C)C(=O)C=O,2209,14275
C=CC=C,CC(C)(C)C1=CC=CC1,2209,14276
C=CC=C,CC(C)(C)C1=CCC=C1,2209,14278
C=CC=C,CC(C)(C)NC(=O)/C=N/O,2209,14281
C=CC=C,CC(C)(C)c1ccn[nH]1,2209,14292
C=CC=C,CC(C)(C)c1ccno1,2209,14293
C=CC=C,CC(C)(C)c1cn[nH]c1,2209,14294
C=CC=C,CC(C)(C)c1coc(N)n1,2209,14295
C=CC=C,CC(C)(C)c1n[nH]c(N)n1,2209,14296
C=CC=C,CC(C)(C)c1nocc1N,2209,14298
C=CC=C,CC(C)(C)n1ccc(N)n1,2209,14301
C=CC=C,CC(C)(C)n1ccnc1N,2209,14302
C=CC=C,CC(C)(C)n1cncn1,2209,14303
C=CC=C,CC(C)(C)n1nccc1O,2209,14304
C=CC=C,CC(C)(C)n1nnnc1N,2209,14305
C=CC=C,CC(C)(CN)n1ccnc1,2209,14312
C=CC=C,CC(C)(CO)C(=O)C(=O)O,2209,14313
C=CC=C,CC(C)(CO)n1cccn1,2209,14314
C=CC=C,CC(C)(F)c1cc(N)n[nH]1,2209,14316
C=CC=C,CC(C)(F)c1cc(N)on1,2209,14317
C=CC=C,CC(C)(F)c1ccc(N)o1,2209,14318
C=CC=C,CC(C)(N)c1c[nH]nn1,2209,14319
C=CC=C,CC(C)(N)c1ccccn1,2209,14320
C=CC=C,CC(C)(N)c1cccnc1,2209,14321
C=CC=C,CC(C)(O)c1cc[nH]n1,2209,14322
C=CC=C,CC(C)(O)c1ccncc1,2209,14323
C=CC=C,CC(C)(O)c1nnc(N)o1,2209,14325
C=CC=C,CC(C)/C=C/C(=O)C(C)C,2209,14326
C=CC=C,CC(C)/C=C/C=C/CO,2209,14327
C=CC=C,CC(C)/C=C1/COCC1=O,2209,14329
C=CC=C,CC(C)/C=N\N=C\C(C)C,2209,14330
C=CC=C,CC(C)/N=C1/CCCC1=O,2209,14333
C=CC=C,CC(C)=C(C)C(C)=C(C)C,2209,14334
C=CC=C,CC(C)=C/C=C(\C)C(N)=O,2209,14336
C=CC=C,CC(C)=C/C=C/C(C)(C)C,2209,14337
C=CC=C,CC(C)=C/C=N/C(C)(C)C,2209,14338
C=CC=C,CC(C)=C1CC(=O)NC1=O,2209,14339
C=CC=C,CC(C)=C1NC(=O)NC1=O,2209,14341
C=CC=C,CC(C)=CC(=O)OCCF,2209,14346
C=CC=C,CC(C)=CC(C)=C(C)C,2209,14348
C=CC=C,CC(C)=Cc1ccno1,2209,14354
C=CC=C,CC(C)=Cc1cnn(C)c1,2209,14355
C=CC=C,CC(C)C(=O)C(=O)C(C)C,2209,14360
C=CC=C,CC(C)C(=O)C1=CCCC1,2209,14361
C=CC=C,CC(C)C/C=N/N=C(N)N,2209,14364
C=CC=C,CC(C)Cc1coc(N)n1,2209,14377
C=CC=C,CC(C)Cn1ccnc1N,2209,14378
C=CC=C,CC(C)N(O)C(=O)C(=O)O,2209,14380
C=CC=C,CC(C)Nc1ccncc1,2209,14385
C=CC=C,CC(C)Nc1cnn(C)c1,2209,14386
C=CC=C,CC(C)Nc1nccn1C,2209,14387
C=CC=C,CC(C)Oc1cc(N)n[nH]1,2209,14392
C=CC=C,CC(C)Oc1ccncc1,2209,14393
C=CC=C,CC(C)Oc1cn[nH]c1,2209,14394
C=CC=C,CC(C)Oc1nnc(N)[nH]1,2209,14395
C=CC=C,CC(C)[C@@H](N)c1nnc[nH]1,2209,14397
C=CC=C,CC(C)c1c(N)n[nH]c1N,2209,14404
C=CC=C,CC(C)c1c[nH]c(C#N)c1,2209,14405
C=CC=C,CC(C)c1cc(C=O)on1,2209,14407
C=CC=C,CC(C)c1cc(CO)no1,2209,14408
C=CC=C,CC(C)c1cc(N)nn1C,2209,14409
C=CC=C,CC(C)c1ccc(N)cn1,2209,14410
C=CC=C,CC(C)c1cccc(=O)[nH]1,2209,14411
C=CC=C,CC(C)c1ccn(C)n1,2209,14413
C=CC=C,CC(C)c1ccnnc1N,2209,14414
C=CC=C,CC(C)c1cnc(C=O)[nH]1,2209,14416
C=CC=C,CC(C)c1cnoc1N,2209,14417
C=CC=C,CC(C)c1conc1C=O,2209,14419
C=CC=C,CC(C)c1n[nH]cc1CN,2209,14421
C=CC=C,CC(C)c1nc(C=O)c[nH]1,2209,14422
C=CC=C,CC(C)c1nc(CN)co1,2209,14423
C=CC=C,CC(C)c1nc(O)no1,2209,14425
C=CC=C,CC(C)c1nc[nH]c1N,2209,14426
C=CC=C,CC(C)c1ncccc1O,2209,14427
C=CC=C,CC(C)c1nonc1N,2209,14428
C=CC=C,CC(C)c1oncc1CO,2209,14430
C=CC=C,CC(C)n1cc(CN)nn1,2209,14432
C=CC=C,CC(C)n1cc(N)c(N)n1,2209,14433
C=CC=C,CC(C)n1ccc(CN)c1,2209,14434
C=CC=C,CC(C)n1cccc1C=O,2209,14436
C=CC=C,CC(C)n1cnc(C=O)c1,2209,14438
C=CC=C,CC(C)n1cncc1CO,2209,14439
C=CC=C,CC(C)n1cnnc1C=O,2209,14440
C=CC=C,CC(C)n1ncnc1CN,2209,14441
C=CC=C,CC(F)(F)c1ccccc1,2209,14443
C=CC=C,CC(F)(F)c1nc[nH]n1,2209,14444
C=CC=C,CC/C(=N/N(C)C)C(=O)O,2209,14445
C=CC=C,CC/C=C(\C)C(=O)OCC,2209,14449
C=CC=C,CC/C=C(\C)C=C(C)C,2209,14450
C=CC=C,CC/C=C/C(=O)N(C)OC,2209,14452
C=CC=C,CC/C=C1\C(=O)ON=C1C,2209,14459
C=CC=C,CC/N=C(\N)C(=N)NCC,2209,14461
C=CC=C,CC/N=C\c1ccccc1,2209,14463
C=CC=C,CC1(C)C=C(O)C=C(O)C1,2209,14475
C=CC=C,CC1(C)CCC(=O)C(=O)C1,2209,14484
C=CC=C,CC1(C)CCC=C1C(=O)O,2209,14487
C=CC=C,CC1(C)CNC(=O)C1=O,2209,14491
C=CC=C,CC1(C)COC(=O)C1=O,2209,14494
C=CC=C,CC1(C)Cn2nccc2O1,2209,14499
C=CC=C,CC1(C)[C@@H]2C=CC=C[C@H]1C2,2209,14508
C=CC=C,CC1(c2cc(N)on2)CC1,2209,14515
C=CC=C,CC1(c2cc[nH]n2)CC1,2209,14516
C=CC=C,CC1(c2ccnnc2)CC1,2209,14517
C=CC=C,CC1=C(C(=O)O)CCC1=O,2209,14521
C=CC=C,CC1=C(C(=O)O)OCCO1,2209,14522
C=CC=C,CC1=C(C)C(C)C(C)=C1C,2209,14523
C=CC=C,CC1=CC(C)(C)C(C)=C1C,2209,14539
C=CC=C,CC1=CC(C)(C)CC(C)=C1,2209,14540
C=CC=C,CC1=CC(C)(C)NC(C)=C1,2209,14542
C=CC=C,CC1=CC(C)=C(C)[C@H]1C,2209,14545
C=CC=C,CC1=CC(C)=NCCN1,2209,14546
C=CC=C,CC1=CC(C)=NNC(=N)N1,2209,14547
C=CC=C,CC1=CC=C(C(C)C)CC1,2209,14548
C=CC=C,CC1=CC=CC=C(C)CC1,2209,14549
C=CC=C,CC1=CC=C[C@H](C)C(=O)N1,2209,14550
C=CC=C,CC1=CCC(C(=O)O)=CC1,2209,14551
C=CC=C,CC1=CCCCC(C)=C1,2209,14554
C=CC=C,CC1=CC[C@@H](C(C)C)C=C1,2209,14561
C=CC=C,CC1=CCc2ccccc21,2209,14565
C=CC=C,CC1=CCn2nncc21,2209,14566
C=CC=C,CC1=C[C@H](C)C(C)=C1C,2209,14572
C=CC=C,CC1=NC(N)=N[C@@H](O)[C@H]1C,2209,14583
C=CC=C,CC1=NCCc2[nH]ccc21,2209,14586
C=CC=C,CC1=NCCn2cccc21,2209,14587
C=CC=C,CC1=NN(C)C(=O)/C1=N\O,2209,14589
C=CC=C,CC1=NN=C(C)C1CCN,2209,14592
C=CC=C,CC1=NOC(=O)C1=C(C)C,2209,14598
C=CC=C,CC1CC(c2ccn[nH]2)C1,2209,14609
C=CC=C,CC1C[C@H]2C=CC=C[C@@H]2C1,2209,14610
C=CC=C,CC=C=CC(=O)OCC,2209,14613
C=CC=C,CC=CC=CCOC(C)=O,2209,14615
C=CC=C,CCC(/C=C\C(C)=O)CC,2209,14617
C=CC=C,CCC(=N/O)/C(C)=N\O,2209,14619
C=CC=C,CCC(=O)C1=NCCCC1,2209,14621
C=CC=C,CCC(=O)c1cc(N)on1,2209,14628
C=CC=C,CCC(=O)c1cn[nH]c1N,2209,14630
C=CC=C,CCC(=O)c1nc(C)c[nH]1,2209,14631
C=CC=C,CCC(=O)c1ncnn1C,2209,14632
C=CC=C,CCC(F)(F)c1ccc[nH]1,2209,14636
C=CC=C,CCC/C(N)=C/C(=O)OC,2209,14638
C=CC=C,CCC/C=C(\CC)C(C)=O,2209,14639
C=CC=C,CCC/C=C\C(N)=O,2209,14641
C=CC=C,CCC=C(C(=O)O)C(=O)O,2209,14649
C=CC=C,CCCC(=O)C(=O)CCC,2209,14652
C=CC=C,CCCC(=O)C1=CC=CC1,2209,14653
C=CC=C,CCCC(=O)c1ncco1,2209,14658
C=CC=C,CCCC(=O)n1ccnc1,2209,14659
C=CC=C,CCCCC1=CCC=C1,2209,14666
C=CC=C,CCCCC1C=CC=C1,2209,14668
C=CC=C,CCCCCc1nn[nH]n1,2209,14678
C=CC=C,CCCCCc1nnco1,2209,14679
C=CC=C,CCCCNn1cnnc1,2209,14683
C=CC=C,CCCCOC(=O)C(N)=O,2209,14684
C=CC=C,CCCCOc1cn[nH]c1,2209,14685
C=CC=C,CCCCc1cc(N)n[nH]1,2209,14688
C=CC=C,CCCCc1nc(O)c[nH]1,2209,14691
C=CC=C,CCCCn1cc(C)nn1,2209,14692
C=CC=C,CCCCn1nccc1O,2209,14693
C=CC=C,CCCNC(=O)C(=O)NC,2209,14700
C=CC=C,CCCNc1ccn(C)n1,2209,14704
C=CC=C,CCCNc1ccnnc1,2209,14705
C=CC=C,CCCNc1nonc1N,2209,14706
C=CC=C,CCCOCc1cn[nH]n1,2209,14709
C=CC=C,CCCOc1cc(C)n[nH]1,2209,14710
C=CC=C,CCCOc1nc(N)n[nH]1,2209,14711
C=CC=C,CCC[C@@H](N)c1nn[nH]n1,2209,14714
C=CC=C,CCCc1[nH]cnc1C=O,2209,14720
C=CC=C,CCCc1c[nH]nc1N,2209,14721
C=CC=C,CCCc1cc(CN)no1,2209,14723
C=CC=C,CCCc1ccc(C#N)[nH]1,2209,14725
C=CC=C,CCCc1ccc(N)cc1,2209,14727
C=CC=C,CCCc1ccc(O)cn1,2209,14728
C=CC=C,CCCc1cccc(N)n1,2209,14729
C=CC=C,CCCc1ccoc1C#N,2209,14730
C=CC=C,CCCc1cn[nH]c(=O)c1,2209,14731
C=CC=C,CCCc1cnc(=O)[nH]c1,2209,14732
C=CC=C,CCCc1n[nH]c(N)c1N,2209,14733
C=CC=C,CCCc1n[nH]cc1C=O,2209,14734
C=CC=C,CCCc1nc(C#N)co1,2209,14735
C=CC=C,CCCc1nc(N)no1,2209,14736
C=CC=C,CCCc1nc(OC)c[nH]1,2209,14737
C=CC=C,CCCc1nnc(O)o1,2209,14738
C=CC=C,CCCc1noc(C=O)n1,2209,14739
C=CC=C,CCCn1cc(CN)cn1,2209,14741
C=CC=C,CCCn1cc(N)c(C)n1,2209,14742
C=CC=C,CCCn1ccc(C=O)c1,2209,14744
C=CC=C,CCCn1ccc(C=O)n1,2209,14745
C=CC=C,CCCn1cccc1C#N,2209,14746
C=CC=C,CCCn1ccnc1CN,2209,14747
C=CC=C,CCCn1cnc(CN)c1,2209,14748
C=CC=C,CCCn1cncc1C=O,2209,14749
C=CC=C,CCCn1nc(N)nc1N,2209,14751
C=CC=C,CCCn1nccc1CN,2209,14752
C=CC=C,CCCn1ncnc1CO,2209,14754
C=CC=C,CCCn1nnnc1NN,2209,14755
C=CC=C,CCN(C)Cc1ccco1,2209,14757
C=CC=C,CCN(C)c1ccccn1,2209,14759
C=CC=C,CCN(N)c1ccccc1,2209,14766
C=CC=C,CCN/C=C/C(=O)OC,2209,14767
C=CC=C,CCN1CCC(=O)C1=O,2209,14771
C=CC=C,CCNC(=O)C(=O)OCC,2209,14779
C=CC=C,CCNC(=O)c1cnco1,2209,14784
C=CC=C,CCNC(=O)n1cccn1,2209,14785
C=CC=C,CCNCCn1ccnc1,2209,14789
C=CC=C,CCNCc1ccc(C)[nH]1,2209,14791
C=CC=C,CCNCc1ccc(C)o1,2209,14792
C=CC=C,CCNCc1cccn1C,2209,14793
C=CC=C,CCNCc1ccncc1,2209,14794
C=CC=C,CCNCc1cn(C)nn1,2209,14795
C=CC=C,CCNCc1nonc1C,2209,14796
C=CC=C,CCNCc1occc1C,2209,14797
C=CC=C,CCN[C@@H](C)c1cc[nH]c1,2209,14798
C=CC=C,CCNc1cc(N)ccn1,2209,14802
C=CC=C,CCNc1ccc(C)cc1,2209,14803
C=CC=C,CCNc1ccc(C)nn1,2209,14804
C=CC=C,CCNc1ccc(O)nc1,2209,14806
C=CC=C,CCNc1cccc(F)c1,2209,14807
C=CC=C,CCNc1cccc(F)n1,2209,14808
C=CC=C,CCNc1ccccc1F,2209,14809
C=CC=C,CCNc1cccnc1C,2209,14811
C=CC=C,CCNc1cnccc1N,2209,14813
C=CC=C,CCNc1ncc(F)cn1,2209,14814
C=CC=C,CCNc1nccc(C)n1,2209,14815
C=CC=C,CCNc1nccnc1N,2209,14816
C=CC=C,CCNc1ncncc1N,2209,14818
C=CC=C,CCO/C(N)=C/C(=O)O,2209,14820
C=CC=C,CCO/C=C(\C)C(=O)OC,2209,14822
C=CC=C,CCO/C=C/C(=O)C(F)F,2209,14823
C=CC=C,CCO/C=C1/CCCC1=O,2209,14824
C=CC=C,CCO/C=N/C(=O)OCC,2209,14826
C=CC=C,CCO/N=C(/CC)C(N)=O,2209,14827
C=CC=C,CCOC(=N)C(=O)OCC,2209,14828
C=CC=C,CCOC(=O)/C=C(\C)CC,2209,14831
C=CC=C,CCOC(=O)/C=C/CCO,2209,14833
C=CC=C,CCOC(=O)/C=C/N1CC1,2209,14834
C=CC=C,CCOC(=O)/C=N/NC,2209,14835
C=CC=C,CCOC(=O)C(=O)CC=O,2209,14837
C=CC=C,CCOC(=O)C(C#N)=NO,2209,14838
C=CC=C,CCOC(=O)C(C)=C1CC1,2209,14839
C=CC=C,CCOC(=O)C1=NCCO1,2209,14842
C=CC=C,CCOC(=O)C=C1CNC1,2209,14843
C=CC=C,CCOC(=O)c1cnoc1,2209,14852
C=CC=C,CCOC(=O)c1ncc[nH]1,2209,14853
C=CC=C,CCOC(=O)n1cccc1,2209,14854
C=CC=C,CCOC(=O)n1ccnn1,2209,14855
C=CC=C,CCOCc1ccccc1,2209,14867
C=CC=C,CCOCc1nc[nH]c1C,2209,14869
C=CC=C,CCOCc1nnc(N)o1,2209,14870
C=CC=C,CCOCn1cnc(N)c1,2209,14871
C=CC=C,CCO[C@@H](C)C(=O)C=O,2209,14874
C=CC=C,CCOc1c[nH]c(C)n1,2209,14881
C=CC=C,CCOc1cc(C)nn1C,2209,14882
C=CC=C,CCOc1cc(CO)on1,2209,14883
C=CC=C,CCOc1cc(N)ncn1,2209,14884
C=CC=C,CCOc1cc(N)no1,2209,14885
C=CC=C,CCOc1cc[nH]c(=O)n1,2209,14888
C=CC=C,CCOc1ccc(C)cn1,2209,14889
C=CC=C,CCOc1ccc(C=O)o1,2209,14890
C=CC=C,CCOc1ccc(F)cc1,2209,14891
C=CC=C,CCOc1ccc[nH]c1=O,2209,14892
C=CC=C,CCOc1cccc(O)c1,2209,14893
C=CC=C,CCOc1ccccc1N,2209,14895
C=CC=C,CCOc1cccnc1F,2209,14896
C=CC=C,CCOc1ccnc(F)c1,2209,14897
C=CC=C,CCOc1cnc(CC)[nH]1,2209,14898
C=CC=C,CCOc1cnc(N)nc1,2209,14899
C=CC=C,CCOc1cncc(C)c1,2209,14900
C=CC=C,CCOc1cncc(C)n1,2209,14901
C=CC=C,CCOc1cnccc1C,2209,14902
C=CC=C,CCOc1n[nH]c(C)c1C,2209,14903
C=CC=C,CCOc1nc(C)n[nH]1,2209,14904
C=CC=C,CCOc1nccc(N)n1,2209,14906
C=CC=C,CCOc1nccnc1C,2209,14907
C=CC=C,CCOc1nn(C)cc1N,2209,14908
C=CC=C,CCOc1nnc(C)o1,2209,14909
C=CC=C,CCOc1ocnc1C#N,2209,14910
C=CC=C,CC[C@@H](C)c1n[nH]c(N)n1,2209,14912
C=CC=C,CC[C@@H](N)Cc1nnn[nH]1,2209,14913
C=CC=C,CC[C@@H](N)c1ccnn1C,2209,14915
C=CC=C,CC[C@@H](N)c1cocn1,2209,14916
C=CC=C,CC[C@@H](N)c1ncc(C)[nH]1,2209,14917
C=CC=C,CC[C@@H](O)c1ccc(C)o1,2209,14918
C=CC=C,CC[C@@H]1O[C@H](C)C(=O)C1=O,2209,14928
C=CC=C,CC[C@@](C)(O)c1ccco1,2209,14929
C=CC=C,CC[C@@]1(C)C=C(C(=O)O)C1,2209,14930
C=CC=C,CC[C@@]1(C)CN=C(C)C=N1,2209,14931
C=CC=C,CC[C@H](C)NC(=O)C(N)=O,2209,14936
C=CC=C,CC[C@H](C)c1cc(N)on1,2209,14938
C=CC=C,CC[C@H](C)n1ncc(N)n1,2209,14940
C=CC=C,CC[C@H](CN)c1c[nH]cn1,2209,14941
C=CC=C,CC[C@H](N)c1n[nH]c(C)n1,2209,14943
C=CC=C,CC[C@H](N)c1nc(C)no1,2209,14944
C=CC=C,CC[C@H]1CCC(=O)C(=O)C1,2209,14949
C=CC=C,CC[C@H]1OC(=O)C(=O)[C@H]1C,2209,14953
C=CC=C,CC[C@]1(C)C=NN=C1C,2209,14957
C=CC=C,CCc1[nH]nc(CN)c1F,2209,14962
C=CC=C,CCc1[nH]ncc1CO,2209,14963
C=CC=C,CCc1c(C)c[nH]c1C,2209,14964
C=CC=C,CCc1c(F)cccc1F,2209,14966
C=CC=C,CCc1c(N)cccc1O,2209,14967
C=CC=C,CCc1c(N)cnn1C,2209,14968
C=CC=C,CCc1c(O)nc[nH]c1=O,2209,14969
C=CC=C,CCc1c[nH]c(C(=O)O)c1,2209,14971
C=CC=C,CCc1c[nH]c(C=O)n1,2209,14972
C=CC=C,CCc1c[nH]cc1CC,2209,14973
C=CC=C,CCc1cc(C#N)n(C)c1,2209,14975
C=CC=C,CCc1cc(C(=O)O)no1,2209,14976
C=CC=C,CCc1cc(C)[nH]c1C#N,2209,14977
C=CC=C,CCc1cc(CC)[nH]n1,2209,14978
C=CC=C,CCc1cc(CC)n(C)n1,2209,14979
C=CC=C,CCc1cc(N)cc(F)c1,2209,14981
C=CC=C,CCc1cc(N)ccc1N,2209,14982
C=CC=C,CCc1cc(O)cc(=O)[nH]1,2209,14984
C=CC=C,CCc1cc(O)cc(O)c1,2209,14985
C=CC=C,CCc1ccc(/C=N/O)o1,2209,14987
C=CC=C,CCc1ccc(C(C)=O)o1,2209,14988
C=CC=C,CCc1ccc(CNC)[nH]1,2209,14991
C=CC=C,CCc1ccc(CO)n1C,2209,14992
C=CC=C,CCc1ccc(N)c(N)c1,2209,14993
C=CC=C,CCc1ccc(O)c(C)c1,2209,14995
C=CC=C,CCc1ccc(O)cc1O,2209,14996
C=CC=C,CCc1ccc(OC)cc1,2209,14997
C=CC=C,CCc1cccc(C)c1C,2209,14998
C=CC=C,CCc1cccc(NC)c1,2209,15000
C=CC=C,CCc1cccnc1NN,2209,15002
C=CC=C,CCc1cccnn1,2209,15003
C=CC=C,CCc1ccnc(C#N)c1,2209,15004
C=CC=C,CCc1ccnn1C(C)C,2209,15005
C=CC=C,CCc1ccoc1C=O,2209,15006
C=CC=C,CCc1cn(C)nc1CO,2209,15007
C=CC=C,CCc1cnc(C)cc1N,2209,15008
C=CC=C,CCc1cnc(C=O)o1,2209,15009
C=CC=C,CCc1cnc(CC)cn1,2209,15010
C=CC=C,CCc1cnc(CN)nc1,2209,15011
C=CC=C,CCc1cnc(N)[nH]c1=O,2209,15012
C=CC=C,CCc1cncc(CC)c1,2209,15013
C=CC=C,CCc1cnccc1C#N,2209,15014
C=CC=C,CCc1coc(N)c1C#N,2209,15015
C=CC=C,CCc1n[nH]c(C(F)F)n1,2209,15018
C=CC=C,CCc1nc(C#N)c(N)o1,2209,15019
C=CC=C,CCc1nc(C)c(C)o1,2209,15020
C=CC=C,CCc1nc(C)cnc1C,2209,15022
C=CC=C,CCc1nc(C)nc(N)n1,2209,15023
C=CC=C,CCc1nc(C=O)c(C)[nH]1,2209,15024
C=CC=C,CCc1nc(CCN)c[nH]1,2209,15025
C=CC=C,CCc1nc(N)ncc1C,2209,15027
C=CC=C,CCc1ncc(C#N)cn1,2209,15028
C=CC=C,CCc1nccc(C)c1N,2209,15031
C=CC=C,CCc1nccc(CN)n1,2209,15032
C=CC=C,CCc1nccn1CC#N,2209,15033
C=CC=C,CCc1ncncc1F,2209,15035
C=CC=C,CCc1nn(C)c(N)c1N,2209,15037
C=CC=C,CCc1nn[nH]c1C(=O)O,2209,15038
C=CC=C,CCc1nnc(C(=O)O)[nH]1,2209,15039
C=CC=C,CCc1nnc(CNC)o1,2209,15041
C=CC=C,CCc1nnc(N)n1C,2209,15042
C=CC=C,CCc1nnc(NN)n1N,2209,15044
C=CC=C,CCc1noc(C)c1C#N,2209,15045
C=CC=C,CCc1noc(CC#N)n1,2209,15046
C=CC=C,CCc1noc(N)c1CC,2209,15047
C=CC=C,CCc1nonc1C=O,2209,15048
C=CC=C,CCc1ocnc1C(=O)O,2209,15049
C=CC=C,CCc1onc(C)c1CO,2209,15050
C=CC=C,CCc1oncc1C=O,2209,15051
C=CC=C,CCn1c(C)ccc1C=O,2209,15053
C=CC=C,CCn1c(C)cnc1NN,2209,15054
C=CC=C,CCn1c(CN)cnc1C,2209,15055
C=CC=C,CCn1c(O)nnc1CN,2209,15057
C=CC=C,CCn1cc(C#N)c(N)n1,2209,15058
C=CC=C,CCn1cc(C(=O)O)nn1,2209,15059
C=CC=C,CCn1cc(C)cc1N,2209,15060
C=CC=C,CCn1cc(C)nc1CO,2209,15061
C=CC=C,CCn1cc(C=O)cc1C,2209,15062
C=CC=C,CCn1cc(CC#N)cn1,2209,15063
C=CC=C,CCn1cc(CN)c(C)n1,2209,15064
C=CC=C,CCn1cc(N)ccc1=O,2209,15065
C=CC=C,CCn1cc[nH]c(=O)c1=O,2209,15066
C=CC=C,CCn1ccc(C(F)F)n1,2209,15068
C=CC=C,CCn1ccc(CC#N)n1,2209,15069
C=CC=C,CCn1ccc([C@H](C)N)c1,2209,15071
C=CC=C,CCn1cccc(O)c1=O,2209,15072
C=CC=C,CCn1cccc1CCN,2209,15074
C=CC=C,CCn1cccnc1=N,2209,15075
C=CC=C,CCn1ccnc1C(F)F,2209,15076
C=CC=C,CCn1cnc(C(C)=O)c1,2209,15078
C=CC=C,CCn1cnc(C)c1C=O,2209,15079
C=CC=C,CCn1cnc(CNC)c1,2209,15080
C=CC=C,CCn1cnc(CO)n1,2209,15081
C=CC=C,CCn1cncc1C(=O)O,2209,15082
C=CC=C,CCn1cnnc1CNC,2209,15084
C=CC=C,CCn1nc(C)c(C)c1N,2209,15085
C=CC=C,CCn1nc(C)c(CO)n1,2209,15087
C=CC=C,CCn1nc(C)cc1NN,2209,15088
C=CC=C,CCn1nc(N)cc1CO,2209,15089
C=CC=C,CCn1ncc(CCO)n1,2209,15090
C=CC=C,CCn1ncc(N=O)c1N,2209,15091
C=CC=C,CCn1ncc(O)cc1=O,2209,15092
C=CC=C,CCn1nccc(N)c1=O,2209,15093
C=CC=C,CCn1nccc1C1CC1,2209,15094
C=CC=C,CCn1nccc1CC#N,2209,15095
C=CC=C,CCn1ncnc1[C@H](C)N,2209,15096
C=CC=C,CCn1nnc(C)c1CO,2209,15098
C=CC=C,CCn1nnc(CN)n1,2209,15099
C=CC=C,CCn1nncc1C=O,2209,15100
C=CC=C,CN(C#N)c1ccccc1,2209,15102
C=CC=C,CN(C(=N)N)C(=O)C(=O)O,2209,15103
C=CC=C,CN(C)/C=C/C(=O)C1CC1,2209,15105
C=CC=C,CN(C)/C=C1\CCOC1=O,2209,15108
C=CC=C,CN(C)/C=N/N=C/N(C)C,2209,15109
C=CC=C,CN(C)/N=C\c1ccco1,2209,15111
C=CC=C,CN(C)C(=N)C(=N)N(C)C,2209,15112
C=CC=C,CN(C)C(=O)N=C(N)N,2209,15116
C=CC=C,CN(C)C(=O)c1ccno1,2209,15117
C=CC=C,CN(C)CC1=CC=CC1,2209,15123
C=CC=C,CN(C)CCc1ncc[nH]1,2209,15124
C=CC=C,CN(C)Cc1cc[nH]c1,2209,15125
C=CC=C,CN(C)c1ccc(F)nc1,2209,15130
C=CC=C,CN(C)c1cccc(F)n1,2209,15131
C=CC=C,CN(C)c1ccncc1N,2209,15134
C=CC=C,CN(C)c1ccncn1,2209,15135
C=CC=C,CN(C)c1cncnc1,2209,15136
C=CC=C,CN(C)c1ncc(O)cn1,2209,15139
C=CC=C,CN(C)c1ncccc1N,2209,15140
C=CC=C,CN(C)c1ncnc(N)n1,2209,15141
C=CC=C,CN(C)c1ncnn1C,2209,15142
C=CC=C,CN(C)c1nnc(CN)[nH]1,2209,15143
C=CC=C,CN(C)c1nnc(N)o1,2209,15144
C=CC=C,CN(N)c1ccc(F)cc1,2209,15146
C=CC=C,CN(N)c1cnccn1,2209,15147
C=CC=C,CN(O)c1ncccn1,2209,15150
C=CC=C,CN/C(C)=C/C(=O)OC,2209,15151
C=CC=C,CN/C=C/C(=O)C(F)(F)F,2209,15152
C=CC=C,CN/N=C\c1cccnc1,2209,15154
C=CC=C,CN1C(=O)C(=O)N(C)C1=O,2209,15155
C=CC=C,CN1C(=O)C(=O)N=C1N,2209,15156
C=CC=C,CN1C(=O)C/C(=N/O)C1=O,2209,15157
C=CC=C,CN1C=CC(CN)=CN1,2209,15168
C=CC=C,CN1C=CC(N(C)C)=CC1,2209,15169
C=CC=C,CN1C=CC=C/C1=C\N=O,2209,15171
C=CC=C,CN1C=CCC(=O)C1=O,2209,15172
C=CC=C,CN1C=CCC(C(N)=O)=C1,2209,15173
C=CC=C,CN1CC(C(=O)O)=CO1,2209,15176
C=CC=C,CN1CCCC=C1C(=O)O,2209,15184
C=CC=C,CN1CCN(N)C(=O)C1=O,2209,15189
C=CC=C,CN1CCNC(=O)C1=O,2209,15190
C=CC=C,CN1CCc2[nH]ccc2C1,2209,15193
C=CC=C,CN1CCc2n[nH]cc2C1,2209,15194
C=CC=C,CN1CCc2nc[nH]c2C1,2209,15195
C=CC=C,CN1CCn2ccnc2C1,2209,15196
C=CC=C,CN1C[C@H](C#N)C(=O)C1=O,2209,15202
C=CC=C,CN1Cc2ccccc2C1,2209,15206
C=CC=C,CN1Cc2cn[nH]c2C1,2209,15207
C=CC=C,CN1N=C(C(=O)O)CC1=O,2209,15208
C=CC=C,CN1N=NN2CC=CC=C12,2209,15210
C=CC=C,CN1NCc2cncnc21,2209,15211
C=CC=C,CNC(=O)/C=C/CN,2209,15217
C=CC=C,CNC(=O)C(=O)NC(C)C,2209,15219
C=CC=C,CNC(=O)N/C=C/C(=O)O,2209,15224
C=CC=C,CNC(=O)c1ccn(C)n1,2209,15235
C=CC=C,CNC(=O)c1ccoc1C,2209,15236
C=CC=C,CNC(=O)c1coc(N)n1,2209,15238
C=CC=C,CNC(=O)c1ncccn1,2209,15239
C=CC=C,CNC(=O)c1nn[nH]c1N,2209,15240
C=CC=C,CNC(=O)n1cnc(N)n1,2209,15241
C=CC=C,CNC(=O)n1nnnc1N,2209,15243
C=CC=C,CNC=C(C(C)=O)C(C)=O,2209,15247
C=CC=C,CNC=C1C(=O)CCC1=O,2209,15248
C=CC=C,CNCCCc1ccco1,2209,15254
C=CC=C,CNCCc1nc(N)n[nH]1,2209,15256
C=CC=C,CNCCc1ncccn1,2209,15257
C=CC=C,CNCCc1noc(C)n1,2209,15258
C=CC=C,CNCCn1ccnc1C,2209,15259
C=CC=C,CNC[C@@H](C)c1nnn[nH]1,2209,15262
C=CC=C,CNCc1c(C)noc1C,2209,15266
C=CC=C,CNCc1c[nH]c(C)n1,2209,15267
C=CC=C,CNCc1cc(C#N)on1,2209,15268
C=CC=C,CNCc1cc(C)n(C)n1,2209,15269
C=CC=C,CNCc1ccc(=O)[nH]c1,2209,15270
C=CC=C,CNCc1ccc(C)cn1,2209,15272
C=CC=C,CNCc1ccc(C)n1C,2209,15273
C=CC=C,CNCc1ccccc1O,2209,15275
C=CC=C,CNCc1ccnc(C)c1,2209,15276
C=CC=C,CNCc1ccncc1C,2209,15277
C=CC=C,CNCc1cn(C)nc1C,2209,15278
C=CC=C,CNCc1cnc(N)nc1,2209,15281
C=CC=C,CNCc1cncc(F)c1,2209,15282
C=CC=C,CNCc1n[nH]c(O)n1,2209,15283
C=CC=C,CNCc1nc(C)c(C)[nH]1,2209,15284
C=CC=C,CNCc1nc(CN)no1,2209,15286
C=CC=C,CNCc1ncccc1F,2209,15287
C=CC=C,CNCc1ncnn1C,2209,15288
C=CC=C,CNN=C(/C=N\O)/C=N/O,2209,15289
C=CC=C,CN[C@@H](C)c1ccoc1,2209,15293
C=CC=C,CN[C@@H](C)c1cnccn1,2209,15294
C=CC=C,CN[C@H](C)c1ccn(C)c1,2209,15299
C=CC=C,CN[C@H](C)c1ccon1,2209,15300
C=CC=C,CNc1c(C)cccc1F,2209,15302
C=CC=C,CNc1c(C)n[nH]c1C,2209,15303
C=CC=C,CNc1cc(C#N)n(C)n1,2209,15306
C=CC=C,CNc1cc(C(C)C)n[nH]1,2209,15307
C=CC=C,CNc1cc(C)cc(F)c1,2209,15308
C=CC=C,CNc1cc(C)ccc1C,2209,15309
C=CC=C,CNc1cc(CO)ccn1,2209,15312
C=CC=C,CNc1cc(F)nc(N)n1,2209,15314
C=CC=C,CNc1cc(OC)ncn1,2209,15316
C=CC=C,CNc1ccc(C)c(C)c1,2209,15317
C=CC=C,CNc1ccc(CN)cc1,2209,15318
C=CC=C,CNc1ccc(F)cc1N,2209,15319
C=CC=C,CNc1ccc(N)nc1,2209,15320
C=CC=C,CNc1ccc(N=O)cc1,2209,15321
C=CC=C,CNc1ccc(O)cc1C,2209,15322
C=CC=C,CNc1cccc(C)c1C,2209,15325
C=CC=C,CNc1cccc(NC)n1,2209,15327
C=CC=C,CNc1ccccc1C#N,2209,15328
C=CC=C,CNc1ccccc1C=O,2209,15329
C=CC=C,CNc1cccccc1=O,2209,15330
C=CC=C,CNc1cccnc1N,2209,15331
C=CC=C,CNc1cn[nH]c(=O)c1N,2209,15334
C=CC=C,CNc1cn[nH]c(=O)n1,2209,15335
C=CC=C,CNc1cnc(CN)cn1,2209,15336
C=CC=C,CNc1cnccc1OC,2209,15338
C=CC=C,CNc1nc(C(C)C)no1,2209,15340
C=CC=C,CNc1nc(C)ccc1N,2209,15341
C=CC=C,CNc1nc(C)nc(O)n1,2209,15342
C=CC=C,CNc1nc(F)cc(=O)[nH]1,2209,15343
C=CC=C,CNc1nc(F)ccc1F,2209,15344
C=CC=C,CNc1nc(N)nc(N)n1,2209,15345
C=CC=C,CNc1nc(N)nn1C,2209,15346
C=CC=C,CNc1nc[nH]c(=O)c1N,2209,15347
C=CC=C,CNc1ncc(C)cn1,2209,15348
C=CC=C,CNc1nccc(C=O)n1,2209,15350
C=CC=C,CNc1nccnc1C,2209,15352
C=CC=C,CNc1nnc(C)n1C,2209,15354
C=CC=C,CNc1nnccc1C#N,2209,15355
C=CC=C,CNc1nonc1C(=O)O,2209,15356
C=CC=C,CO/C=C/C(C)=O,2209,15357
C=CC=C,CO/N=C(/C)C(N)=O,2209,15359
C=CC=C,CO/N=C(\C#N)C(=N)N,2209,15361
C=CC=C,CO/N=C/C1=CCCNC1,2209,15362
C=CC=C,COC(=N)c1ccccc1,2209,15367
C=CC=C,COC(=O)/C=C(\N)C1CC1,2209,15370
C=CC=C,COC(=O)/C=C/C(F)(F)F,2209,15371
C=CC=C,COC(=O)/C=C/C=C=O,2209,15372
C=CC=C,COC(=O)/C=C/[C@@H]1O[C@@H]1C,2209,15373
C=CC=C,COC(=O)/C=C/[C@H](O)CO,2209,15374
C=CC=C,COC(=O)/C=C1\CCCO1,2209,15375
C=CC=C,COC(=O)C(=N)C(F)(F)F,2209,15377
C=CC=C,COC(=O)C(=O)N(C)OC,2209,15378
C=CC=C,COC(=O)C1=C(CO)CC1,2209,15381
C=CC=C,COC(=O)C1=CC(C)(C)C1,2209,15383
C=CC=C,COC(=O)C1=CCNCC1,2209,15385
C=CC=C,COC(=O)C1=COCCC1,2209,15386
C=CC=C,COC(=O)C1=C[C@H](O)NN1,2209,15387
C=CC=C,COC(=O)C1=NC[C@@H](C)O1,2209,15388
C=CC=C,COC(=O)C1=NNC(=O)C1,2209,15389
C=CC=C,COC(=O)C=C1NCCN1,2209,15391
C=CC=C,COC(=O)Cc1ccco1,2209,15397
C=CC=C,COC(=O)Cc1cn[nH]c1,2209,15398
C=CC=C,COC(=O)Cc1nnco1,2209,15399
C=CC=C,COC(=O)Cc1nnn[nH]1,2209,15400
C=CC=C,COC(=O)Cn1cccc1,2209,15401
C=CC=C,COC(=O)N1C=CC=CC1,2209,15403
C=CC=C,COC(=O)N=NC(=O)OC,2209,15405
C=CC=C,COC(=O)c1[nH]ccc1C,2209,15413
C=CC=C,COC(=O)c1c[nH]oc1=O,2209,15414
C=CC=C,COC(=O)c1cc(C)[nH]n1,2209,15415
C=CC=C,COC(=O)c1cc(N)c[nH]1,2209,15417
C=CC=C,COC(=O)c1cc(O)no1,2209,15418
C=CC=C,COC(=O)c1ccc(N)o1,2209,15419
C=CC=C,COC(=O)c1cccnn1,2209,15420
C=CC=C,COC(=O)c1ccn(C)c1,2209,15421
C=CC=C,COC(=O)c1ccnn1N,2209,15422
C=CC=C,COC(=O)c1cnnnc1,2209,15424
C=CC=C,COC(=O)c1cocc1C,2209,15426
C=CC=C,COC(=O)c1cocn1,2209,15427
C=CC=C,COC(=O)c1n[nH]c(=O)[nH]1,2209,15428
C=CC=C,COC(=O)c1nc[nH]c1C,2209,15429
C=CC=C,COC(=O)c1ncn(C)n1,2209,15430
C=CC=C,COC(=O)c1nnc(C)o1,2209,15432
C=CC=C,COC(=O)c1nnnn1C,2209,15433
C=CC=C,COC(=O)c1occc1F,2209,15434
C=CC=C,COC(=O)n1ccc(C)n1,2209,15435
C=CC=C,COC(OC)c1ncc[nH]1,2209,15441
C=CC=C,COC1=CC=CC=CC1,2209,15449
C=CC=C,COC1=CC=CC=CC=C1,2209,15450
C=CC=C,COC1=NC=CCC=CC1,2209,15453
C=CC=C,COC1=NC=NC=C(C)C1,2209,15454
C=CC=C,COC1C=CC=CC=C1,2209,15457
C=CC=C,COC1CC(=CC(=O)O)C1,2209,15458
C=CC=C,COC=Nc1ccccc1,2209,15463
C=CC=C,COCCNC(=O)C(=O)O,2209,15474
C=CC=C,COCCNc1ncn[nH]1,2209,15476
C=CC=C,COCCc1c[nH]nc1O,2209,15479
C=CC=C,COCCc1cc(N)on1,2209,15480
C=CC=C,COCCc1cnn(C)c1,2209,15481
C=CC=C,COCCc1nnn(C)n1,2209,15483
C=CC=C,COCCn1cccc1,2209,15485
C=CC=C,COCCn1cncc1N,2209,15487
C=CC=C,COCCn1nnnc1N,2209,15488
C=CC=C,COC[C@H](C)n1cccc1,2209,15493
C=CC=C,COC[C@H](N)c1ccco1,2209,15494
C=CC=C,COCc1cc(C=O)no1,2209,15499
C=CC=C,COCc1cc(CO)n[nH]1,2209,15500
C=CC=C,COCc1cc(N)n(C)n1,2209,15501
C=CC=C,COCc1cccc(C)n1,2209,15503
C=CC=C,COCc1cnccn1,2209,15504
C=CC=C,COCc1n[nH]c(CN)n1,2209,15506
C=CC=C,COCc1nc(C)n(C)n1,2209,15507
C=CC=C,COCc1ncc(N)cn1,2209,15509
C=CC=C,COCc1nccc(=O)[nH]1,2209,15510
C=CC=C,COCc1nnc(CO)o1,2209,15512
C=CC=C,COCc1noc(N)c1C,2209,15513
C=CC=C,COCc1noc(O)n1,2209,15514
C=CC=C,COCc1nocc1C=O,2209,15515
C=CC=C,COCc1ocnc1CN,2209,15516
C=CC=C,COCn1cc(C=O)nn1,2209,15519
C=CC=C,COCn1cnc(N)n1,2209,15520
C=CC=C,CON(C)C(=O)C1=CCC1,2209,15522
C=CC=C,CON1C(=O)NC(=O)C1=O,2209,15524
C=CC=C,CONC(=O)C(=O)OC,2209,15528
C=CC=C,CO[C@@H](C)c1nnnn1C,2209,15529
C=CC=C,CO[C@H]1C=NC(N)=NC1=O,2209,15540
C=CC=C,COc1c(C)cccc1O,2209,15547
C=CC=C,COc1c(C=O)cnn1C,2209,15548
C=CC=C,COc1c(F)cncc1F,2209,15550
C=CC=C,COc1c(N)cccc1F,2209,15552
C=CC=C,COc1cc(C)c(F)cn1,2209,15554
C=CC=C,COc1cc(C)cc(C)n1,2209,15555
C=CC=C,COc1cc(C)ccc1C,2209,15556
C=CC=C,COc1cc(C)oc(=O)c1,2209,15558
C=CC=C,COc1cc(CN)cnn1,2209,15560
C=CC=C,COc1cc(CO)n(C)n1,2209,15561
C=CC=C,COc1cc(F)cc(F)c1,2209,15562
C=CC=C,COc1cc(F)ccc1F,2209,15563
C=CC=C,COc1cc(F)cnc1F,2209,15564
C=CC=C,COc1cc(N)cc(=O)[nH]1,2209,15565
C=CC=C,COc1cc(N)cc(O)c1,2209,15566
C=CC=C,COc1cc(N)nc(N)n1,2209,15567
C=CC=C,COc1cc(N)ncc1N,2209,15568
C=CC=C,COc1cc(OC)[nH]n1,2209,15569
C=CC=C,COc1cc([C@H](C)O)on1,2209,15570
C=CC=C,COc1cc[nH]c1C=O,2209,15571
C=CC=C,COc1ccc(C#N)cn1,2209,15572
C=CC=C,COc1ccc(C(=O)O)o1,2209,15574
C=CC=C,COc1ccc(F)nc1N,2209,15575
C=CC=C,COc1ccc(N)c(C)c1,2209,15576
C=CC=C,COc1ccc(N)c(F)n1,2209,15577
C=CC=C,COc1ccc(N)cc1N,2209,15579
C=CC=C,COc1ccc(NN)nn1,2209,15580
C=CC=C,COc1ccc(O)c(C)n1,2209,15581
C=CC=C,COc1ccc(O)c(F)c1,2209,15582
C=CC=C,COc1ccc(O)cc1F,2209,15583
C=CC=C,COc1ccc2c(c1)CC2,2209,15584
C=CC=C,COc1cccc(=O)cc1,2209,15585
C=CC=C,COc1cccc(C)c1N,2209,15586
C=CC=C,COc1cccc(CN)n1,2209,15587
C=CC=C,COc1cccc(NN)c1,2209,15588
C=CC=C,COc1cccc(O)c1O,2209,15589
C=CC=C,COc1ccccc1CN,2209,15590
C=CC=C,COc1cccccc1=O,2209,15591
C=CC=C,COc1ccn(C)c(=O)n1,2209,15593
C=CC=C,COc1ccnc(C)c1C,2209,15594
C=CC=C,COc1ccnc(C=O)n1,2209,15595
C=CC=C,COc1ccnc(OC)c1,2209,15597
C=CC=C,COc1cnc(C)nc1C,2209,15601
C=CC=C,COc1cnc(C2CC2)[nH]1,2209,15602
C=CC=C,COc1cnc(CO)nc1,2209,15603
C=CC=C,COc1cnc(N)c(C)n1,2209,15606
C=CC=C,COc1cnc(N)c(F)c1,2209,15607
C=CC=C,COc1cnc[nH]c1=O,2209,15609
C=CC=C,COc1cncc(F)n1,2209,15610
C=CC=C,COc1cncc(N)c1C,2209,15611
C=CC=C,COc1cncnc1C=O,2209,15612
C=CC=C,COc1cnnc(CO)c1,2209,15613
C=CC=C,COc1cnncc1OC,2209,15614
C=CC=C,COc1n[nH]c(N)c1C#N,2209,15615
C=CC=C,COc1nc(C(C)=O)co1,2209,15617
C=CC=C,COc1nc(C)cc(=O)[nH]1,2209,15618
C=CC=C,COc1nc(C)ccc1C,2209,15619
C=CC=C,COc1nc(N)cc(F)n1,2209,15621
C=CC=C,COc1nc(N)nc(N)n1,2209,15622
C=CC=C,COc1nc(O)cc(O)n1,2209,15623
C=CC=C,COc1nc[nH]c(=O)n1,2209,15624
C=CC=C,COc1ncc(CN)cn1,2209,15625
C=CC=C,COc1ncc(F)c(O)n1,2209,15626
C=CC=C,COc1ncc(N)c(C)n1,2209,15627
C=CC=C,COc1ncc(O)cc1C,2209,15628
C=CC=C,COc1nccc(CO)n1,2209,15630
C=CC=C,COc1nccc(F)c1N,2209,15631
C=CC=C,COc1nccnc1CO,2209,15632
C=CC=C,COc1ncnc(N)c1C,2209,15634
C=CC=C,COc1ncnc(OC)n1,2209,15635
C=CC=C,COc1ncncc1CO,2209,15636
C=CC=C,COc1ncnnc1CN,2209,15637
C=CC=C,COc1nn(C)c(C)c1N,2209,15638
C=CC=C,COc1nn(C)cc1C#N,2209,15639
C=CC=C,COc1nnc(CN)o1,2209,15641
C=CC=C,COc1nnc(OC)n1N,2209,15642
C=CC=C,COc1nnccc1CO,2209,15643
C=CC=C,COc1noc(C)c1C,2209,15644
C=CC=C,COc1oncc1C(=O)O,2209,15645
C=CC=C,C[C@@H](C#N)n1cc(N)nn1,2209,15647
C=CC=C,C[C@@H](C(=O)O)c1ccn[nH]1,2209,15649
C=CC=C,C[C@@H](C(=O)O)n1cccc1,2209,15650
C=CC=C,C[C@@H](C(=O)O)n1cnnn1,2209,15652
C=CC=C,C[C@@H](C1=CC=CC1)N(C)C,2209,15653
C=CC=C,C[C@@H](CCN)c1nc[nH]n1,2209,15656
C=CC=C,C[C@@H](N)Cc1ccccc1,2209,15660
C=CC=C,C[C@@H](N)c1cccc(F)c1,2209,15661
C=CC=C,C[C@@H](N)c1ccccc1N,2209,15662
C=CC=C,C[C@@H](N)c1cnn(C)n1,2209,15663
C=CC=C,C[C@@H](N)c1n[nH]c(O)n1,2209,15664
C=CC=C,C[C@@H](N)c1ncccn1,2209,15666
C=CC=C,C[C@@H](N)c1nn(C)cc1O,2209,15667
C=CC=C,C[C@@H](NN)c1ccc[nH]1,2209,15668
C=CC=C,C[C@@H](O)c1cc(O)n[nH]1,2209,15670
C=CC=C,C[C@@H](O)c1cncnc1,2209,15673
C=CC=C,C[C@@H](O)c1ncc(F)cn1,2209,15674
C=CC=C,C[C@@H]1C(=O)C(=O)C=CN1C,2209,15675
C=CC=C,C[C@@H]1C(=O)c2ccccc21,2209,15678
C=CC=C,C[C@@H]1C=CN=NC1=O,2209,15681
C=CC=C,C[C@@H]1CC(=O)C(=O)[C@H]1C,2209,15686
C=CC=C,C[C@@H]1CC(=O)c2ncnn21,2209,15690
C=CC=C,C[C@@H]1CCC/C(=C\O)C1=O,2209,15693
C=CC=C,C[C@@H]1CCC/C1=C\C(=O)O,2209,15694
C=CC=C,C[C@@H]1CCC2=C1N=CCN2,2209,15695
C=CC=C,C[C@@H]1CCCc2nccn21,2209,15698
C=CC=C,C[C@@H]1CCNc2ccnn21,2209,15700
C=CC=C,C[C@@H]1CCc2nccnc21,2209,15705
C=CC=C,C[C@@H]1CNCc2c[nH]nc21,2209,15712
C=CC=C,C[C@@H]1CNCc2ccnn21,2209,15713
C=CC=C,C[C@@H]1CNCc2nncn21,2209,15714
C=CC=C,C[C@@H]1CNc2ccccc21,2209,15715
C=CC=C,C[C@@H]1CNc2cccnc21,2209,15716
C=CC=C,C[C@@H]1COc2ccnn21,2209,15717
C=CC=C,C[C@@H]1C[C@@H]1c1ccncc1,2209,15720
C=CC=C,C[C@@H]1Cc2[nH]ccc2C=N1,2209,15724
C=CC=C,C[C@@H]1Cc2[nH]ccc2CN1,2209,15725
C=CC=C,C[C@@H]1Cc2ccccc2O1,2209,15726
C=CC=C,C[C@@H]1Cc2cccnc2N1,2209,15727
C=CC=C,C[C@@H]1Cc2cnccc2N1,2209,15728
C=CC=C,C[C@@H]1Cn2nccc2CN1,2209,15729
C=CC=C,C[C@@H]1NC(=O)C(=O)O[C@H]1C,2209,15731
C=CC=C,C[C@@H]1NCCc2[nH]cnc21,2209,15733
C=CC=C,C[C@@H]1NCCn2cnnc21,2209,15735
C=CC=C,C[C@@H]1NCc2ccccc21,2209,15736
C=CC=C,C[C@@]1(O)Cc2ccccc21,2209,15746
C=CC=C,C[C@H](C#N)Cn1cccn1,2209,15753
C=CC=C,C[C@H](C#N)c1ccncc1,2209,15754
C=CC=C,C[C@H](C(=O)O)c1ccco1,2209,15756
C=CC=C,C[C@H](C1=CCC=C1)N(C)C,2209,15757
C=CC=C,C[C@H](C=O)c1ccccc1,2209,15758
C=CC=C,C[C@H](CCN)n1cccn1,2209,15759
C=CC=C,C[C@H](CCO)n1ccnc1,2209,15761
C=CC=C,C[C@H](CN)c1ncon1,2209,15762
C=CC=C,C[C@H](F)c1ccc(F)cc1,2209,15764
C=CC=C,C[C@H](N)Cc1nncn1C,2209,15766
C=CC=C,C[C@H](N)[C@@H](C)n1cncn1,2209,15767
C=CC=C,C[C@H](N)c1ccc(O)cc1,2209,15768
C=CC=C,C[C@H](N)c1ccnnc1,2209,15769
C=CC=C,C[C@H](O)Cn1cncn1,2209,15776
C=CC=C,C[C@H](O)c1ccc(=O)[nH]c1,2209,15779
C=CC=C,C[C@H](O)c1ccc(N)cc1,2209,15780
C=CC=C,C[C@H](O)c1cccc(O)c1,2209,15781
C=CC=C,C[C@H](O)c1ccccc1O,2209,15782
C=CC=C,C[C@H]1C(=O)CC(=O)C1=O,2209,15784
C=CC=C,C[C@H]1C(=O)NN=C1C(=O)O,2209,15786
C=CC=C,C[C@H]1C=C(C(=O)O)CC1,2209,15788
C=CC=C,C[C@H]1CCCC=C1C(=O)O,2209,15797
C=CC=C,C[C@H]1CCc2[nH]cnc2C1,2209,15801
C=CC=C,C[C@H]1CCc2c(N)n[nH]c21,2209,15802
C=CC=C,C[C@H]1CNc2ncnn2C1,2209,15807
C=CC=C,C[C@H]1C[C@@H](O)c2nccn21,2209,15811
C=CC=C,C[C@H]1C[C@@H]1c1nnc(N)o1,2209,15812
C=CC=C,C[C@H]1C[C@H](C)C(=O)C1=O,2209,15813
C=CC=C,C[C@H]1C[C@H]1c1n[nH]c(N)n1,2209,15814
C=CC=C,C[C@H]1Cn2ccnc2CN1,2209,15815
C=CC=C,C[C@H]1N=C1c1ccccc1,2209,15816
C=CC=C,C[C@H]1NCCc2[nH]ccc21,2209,15821
C=CC=C,C[C@H]1NCCc2occc21,2209,15822
C=CC=C,C[C@H]1NCCn2cccc21,2209,15823
C=CC=C,C[C@H]1N[C@H]1c1ccccc1,2209,15825
C=CC=C,C[C@H]1OC/C(=C\NN)C1=O,2209,15827
C=CC=C,C[C@]12CCC=C1C(=O)CC2,2209,15836
C=CC=C,Cc1[nH]c(C=O)c(C)c1C,2209,15839
C=CC=C,Cc1[nH]c(C=O)cc1C#N,2209,15840
C=CC=C,Cc1[nH]c(N)c(C#N)c1C,2209,15841
C=CC=C,Cc1[nH]ccc1C#N,2209,15843
C=CC=C,Cc1[nH]nc(C(C)C)c1C,2209,15846
C=CC=C,Cc1[nH]nc(C(N)=O)c1N,2209,15847
C=CC=C,Cc1[nH]nc(CO)c1F,2209,15848
C=CC=C,Cc1[nH]nc(O)c1C#N,2209,15849
C=CC=C,Cc1[nH]nc(O)c1CCO,2209,15850
C=CC=C,Cc1[nH]nc2c1CCCN2,2209,15851
C=CC=C,Cc1[nH]nc2c1CCCO2,2209,15852
C=CC=C,Cc1[nH]ncc1C(C)C,2209,15853
C=CC=C,Cc1[nH]ncc1CCCN,2209,15854
C=CC=C,Cc1c(C(=O)O)[nH][nH]c1=O,2209,15856
C=CC=C,Cc1c(C=O)nnn1C,2209,15860
C=CC=C,Cc1c(CO)ccnc1F,2209,15861
C=CC=C,Cc1c(CO)ncn1C,2209,15862
C=CC=C,Cc1c(F)ccc(F)c1F,2209,15863
C=CC=C,Cc1c(F)cccc1CN,2209,15865
C=CC=C,Cc1c(F)ncnc1F,2209,15866
C=CC=C,Cc1c(N)cc(C#N)n1C,2209,15868
C=CC=C,Cc1c(N)cc(F)cc1F,2209,15869
C=CC=C,Cc1c(N)ccc(N)c1C,2209,15871
C=CC=C,Cc1c(N)cnn1C(F)F,2209,15872
C=CC=C,Cc1c(N)nc(=O)[nH]c1F,2209,15873
C=CC=C,Cc1c(N)nc(F)nc1F,2209,15874
C=CC=C,Cc1c(N)noc1C(C)C,2209,15875
C=CC=C,Cc1c(O)ccc(=O)n1O,2209,15876
C=CC=C,Cc1c(O)cccc1NN,2209,15877
C=CC=C,Cc1c(O)cncc1F,2209,15878
C=CC=C,Cc1c(O)nc(N)[nH]c1=O,2209,15879
C=CC=C,Cc1c([C@@H](C)O)cnn1C,2209,15880
C=CC=C,Cc1c[nH]c(C(C)(C)C)n1,2209,15882
C=CC=C,Cc1c[nH]c(C=O)c1C#N,2209,15883
C=CC=C,Cc1c[nH]c(N)c1C(N)=O,2209,15884
C=CC=C,Cc1c[nH]c2c1CCCC2,2209,15885
C=CC=C,Cc1c[nH]c2ccncc12,2209,15887
C=CC=C,Cc1c[nH]c2ncccc12,2209,15888
C=CC=C,Cc1c[nH]c2nccnc12,2209,15889
C=CC=C,Cc1c[nH]cc(C=O)c1=O,2209,15891
C=CC=C,Cc1c[nH]cc1C(C)(C)O,2209,15892
C=CC=C,Cc1c[nH]nc1C,2209,15893
C=CC=C,Cc1cc(/C=N/N)oc1C,2209,15894
C=CC=C,Cc1cc(C#N)c(C)o1,2209,15897
C=CC=C,Cc1cc(C#N)ccc1F,2209,15898
C=CC=C,Cc1cc(C#N)nc(C)n1,2209,15899
C=CC=C,Cc1cc(C#N)ncc1N,2209,15900
C=CC=C,Cc1cc(C(=O)O)c(C)[nH]1,2209,15901
C=CC=C,Cc1cc(C(=O)O)cn1C,2209,15902
C=CC=C,Cc1cc(C(=O)O)cnn1,2209,15903
C=CC=C,Cc1cc(C(C)(C)C)n[nH]1,2209,15904
C=CC=C,Cc1cc(C(F)(F)F)co1,2209,15906
C=CC=C,Cc1cc(C(F)F)on1,2209,15907
C=CC=C,Cc1cc(C(N)=O)co1,2209,15908
C=CC=C,Cc1cc(C)[nH]c(=O)n1,2209,15910
C=CC=C,Cc1cc(C)c(/C=N/O)[nH]1,2209,15911
C=CC=C,Cc1cc(C)c(=O)[nH]n1,2209,15912
C=CC=C,Cc1cc(C)c(C)c(N)n1,2209,15913
C=CC=C,Cc1cc(C)c(C)cc1C,2209,15914
C=CC=C,Cc1cc(C)c(F)c(C)c1,2209,15916
C=CC=C,Cc1cc(C)c(F)c(C)n1,2209,15917
C=CC=C,Cc1cc(C)c(N)c(=O)[nH]1,2209,15919
C=CC=C,Cc1cc(C)c(N)c(N)c1,2209,15920
C=CC=C,Cc1cc(C)c(O)cn1,2209,15921
C=CC=C,Cc1cc(C)c2c(c1)CC2,2209,15922
C=CC=C,Cc1cc(C)cc(C=O)c1,2209,15923
C=CC=C,Cc1cc(C)cc(NN)c1,2209,15924
C=CC=C,Cc1cc(C)n(C(F)F)n1,2209,15925
C=CC=C,Cc1cc(C)n(C)c(=O)n1,2209,15926
C=CC=C,Cc1cc(C)n(CC=O)n1,2209,15928
C=CC=C,Cc1cc(C)n(CCO)c1,2209,15930
C=CC=C,Cc1cc(C)n(N)c(=O)c1,2209,15931
C=CC=C,Cc1cc(C)nc(CN)n1,2209,15934
C=CC=C,Cc1cc(C2CC2)ccn1,2209,15935
C=CC=C,Cc1cc(C=O)c(C)o1,2209,15937
C=CC=C,Cc1cc(C=O)cnc1F,2209,15938
C=CC=C,Cc1cc(C=O)n(C)n1,2209,15939
C=CC=C,Cc1cc(C=O)nnc1C,2209,15941
C=CC=C,Cc1cc(CC#N)n(C)n1,2209,15942
C=CC=C,Cc1cc(CC(=O)O)n[nH]1,2209,15943
C=CC=C,Cc1cc(CCN)no1,2209,15944
C=CC=C,Cc1cc(CN(C)C)on1,2209,15945
C=CC=C,Cc1cc(CN)c(C)n1C,2209,15946
C=CC=C,Cc1cc(CN)c(O)nn1,2209,15947
C=CC=C,Cc1cc(CN)cc(=O)[nH]1,2209,15948
C=CC=C,Cc1cc(CO)c(C)o1,2209,15950
C=CC=C,Cc1cc(CO)c[nH]c1=O,2209,15951
C=CC=C,Cc1cc(CO)cc(C)n1,2209,15952
C=CC=C,Cc1cc(C[C@H](C)O)[nH]n1,2209,15953
C=CC=C,Cc1cc(F)[nH]c(=O)c1,2209,15954
C=CC=C,Cc1cc(F)c(C)cc1O,2209,15955
C=CC=C,Cc1cc(F)c(N)cc1N,2209,15956
C=CC=C,Cc1cc(F)cc(C)c1O,2209,15957
C=CC=C,Cc1cc(F)cc(CO)c1,2209,15958
C=CC=C,Cc1cc(F)cnc1NN,2209,15959
C=CC=C,Cc1cc(N(C)C)no1,2209,15960
C=CC=C,Cc1cc(N)c(=O)[nH]c1C,2209,15961
C=CC=C,Cc1cc(N)c(C)nc1O,2209,15962
C=CC=C,Cc1cc(N)c(C)nn1,2209,15963
C=CC=C,Cc1cc(N)c(O)cc1C,2209,15965
C=CC=C,Cc1cc(N)cc(=O)n1C,2209,15967
C=CC=C,Cc1cc(N)cc(C#N)c1,2209,15968
C=CC=C,Cc1cc(N)cc(C)c1C,2209,15969
C=CC=C,Cc1cc(N)cc(C=O)n1,2209,15970
C=CC=C,Cc1cc(N)ccc1N=O,2209,15971
C=CC=C,Cc1cc(N)cn(C)c1=O,2209,15972
C=CC=C,Cc1cc(N)cnc1N,2209,15973
C=CC=C,Cc1cc(N)nn1C1CC1,2209,15975
C=CC=C,Cc1cc(N/C=N/O)on1,2209,15976
C=CC=C,Cc1cc(NC(=N)N)n[nH]1,2209,15977
C=CC=C,Cc1cc(NC(N)=O)no1,2209,15978
C=CC=C,Cc1cc(NN)ncn1,2209,15979
C=CC=C,Cc1cc(O)c(C#N)n1C,2209,15980
C=CC=C,Cc1cc(O)c(C)c(=O)[nH]1,2209,15981
C=CC=C,Cc1cc(O)c(F)c(F)c1,2209,15982
C=CC=C,Cc1cc(O)c(N)c(=O)o1,2209,15983
C=CC=C,Cc1cc(O)cc(CN)c1,2209,15985
C=CC=C,Cc1cc(O)cc(N)n1,2209,15986
C=CC=C,Cc1cc(O)cc(O)c1C,2209,15987
C=CC=C,Cc1cc(O)n(C(=N)N)n1,2209,15989
C=CC=C,Cc1cc(O)nc(O)c1,2209,15990
C=CC=C,Cc1cc(O)ncc1CN,2209,15991
C=CC=C,Cc1cc(O)nnc1O,2209,15992
C=CC=C,Cc1cc([C@H](C)N)c(C)o1,2209,15994
C=CC=C,Cc1cc([C@H]2CO2)n(C)n1,2209,15995
C=CC=C,Cc1cc2[nH]ccn2n1,2209,15996
C=CC=C,Cc1cc2c(cn1)CNC2,2209,15997
C=CC=C,Cc1cc2c(o1)CCNC2,2209,15998
C=CC=C,Cc1cc2ccccn2c1,2209,15999
C=CC=C,Cc1cc2cn[nH]c2cn1,2209,16000
C=CC=C,Cc1cc2n(n1)CC(=O)N2,2209,16002
C=CC=C,Cc1cc2n(n1)CCCO2,2209,16004
C=CC=C,Cc1cc2n(n1)CCN2,2209,16005
C=CC=C,Cc1cc2ncccn2n1,2209,16006
C=CC=C,Cc1cc[nH]c(=O)c1CN,2209,16009
C=CC=C,Cc1cc[nH]c1C(C)C,2209,16010
C=CC=C,Cc1cc[nH]c1CC(=O)O,2209,16011
C=CC=C,Cc1ccc(/C=N/O)cc1,2209,16012
C=CC=C,Cc1ccc(=N)n(N)c1,2209,16013
C=CC=C,Cc1ccc(=O)[nH]c1N,2209,16014
C=CC=C,Cc1ccc(C#N)c(N)n1,2209,16016
C=CC=C,Cc1ccc(C(=N)N)cn1,2209,16018
C=CC=C,Cc1ccc(C(=N)N)n1C,2209,16019
C=CC=C,Cc1ccc(C(=O)O)nn1,2209,16021
C=CC=C,Cc1ccc(C(F)(F)F)o1,2209,16023
C=CC=C,Cc1ccc(C(F)F)cc1,2209,16024
C=CC=C,Cc1ccc(C(N)=O)nc1,2209,16025
C=CC=C,Cc1ccc(C)c(CN)c1,2209,16026
C=CC=C,Cc1ccc(C)c(CO)n1,2209,16027
C=CC=C,Cc1ccc(C)c(F)c1C,2209,16028
C=CC=C,Cc1ccc(C)c(O)c1C,2209,16032
C=CC=C,Cc1ccc(C)n1C(C)C,2209,16033
C=CC=C,Cc1ccc(C)n1C1CC1,2209,16034
C=CC=C,Cc1ccc(C)n1CC#N,2209,16035
C=CC=C,Cc1ccc(C=O)c(O)c1,2209,16037
C=CC=C,Cc1ccc(C=O)cc1C,2209,16038
C=CC=C,Cc1ccc(CC#N)nn1,2209,16039
C=CC=C,Cc1ccc(CN)c(=O)[nH]1,2209,16040
C=CC=C,Cc1ccc(CN)c(C)n1,2209,16041
C=CC=C,Cc1ccc(CN)cc1N,2209,16042
C=CC=C,Cc1ccc(CO)c(N)c1,2209,16043
C=CC=C,Cc1ccc(CO)nc1C,2209,16044
C=CC=C,Cc1ccc(CON)cc1,2209,16045
C=CC=C,Cc1ccc(F)c(C#N)n1,2209,16046
C=CC=C,Cc1ccc(N(C)C)cc1,2209,16048
C=CC=C,Cc1ccc(N(C)N)nn1,2209,16049
C=CC=C,Cc1ccc(N)c(=O)n1C,2209,16050
C=CC=C,Cc1ccc(N)cc1C#N,2209,16051
C=CC=C,Cc1ccc(N)nc1C#N,2209,16053
C=CC=C,Cc1ccc(NN)c(F)c1,2209,16055
C=CC=C,Cc1ccc(NN=O)nc1,2209,16056
C=CC=C,Cc1ccc(O)c(C#N)c1,2209,16057
C=CC=C,Cc1ccc(O)c(F)n1,2209,16058
C=CC=C,Cc1ccc(O)c(N)c1C,2209,16059
C=CC=C,Cc1ccc(O)cc1CO,2209,16061
C=CC=C,Cc1ccc([C@@H]2CN2)cc1,2209,16062
C=CC=C,Cc1ccc([C@@H]2CO2)cn1,2209,16063
C=CC=C,Cc1ccc2[nH]ncc2n1,2209,16066
C=CC=C,Cc1ccc2c(c1)CC2=O,2209,16068
C=CC=C,Cc1ccc2c(c1)NCC2,2209,16069
C=CC=C,Cc1ccc2c(c1)OCO2,2209,16070
C=CC=C,Cc1ccc2c(n1)CNC2,2209,16071
C=CC=C,Cc1ccc2c(n1)[C@H](C)C2,2209,16073
C=CC=C,Cc1ccc2cc[nH]c2c1,2209,16074
C=CC=C,Cc1ccc2ccnn2c1,2209,16075
C=CC=C,Cc1ccc2ccoc2c1,2209,16076
C=CC=C,Cc1ccc2cn[nH]c2c1,2209,16077
C=CC=C,Cc1ccc2cnccn12,2209,16079
C=CC=C,Cc1ccc2n1CCNC2,2209,16080
C=CC=C,Cc1ccc2n[nH]nc2n1,2209,16081
C=CC=C,Cc1ccc2nc[nH]c2c1,2209,16082
C=CC=C,Cc1ccc2nccn2c1,2209,16083
C=CC=C,Cc1ccc2ncoc2c1,2209,16084
C=CC=C,Cc1ccc2nnnn2c1,2209,16085
C=CC=C,Cc1ccc2nnnn2n1,2209,16086
C=CC=C,Cc1cccc(/C=N/N)c1,2209,16087
C=CC=C,Cc1cccc(/C=N\O)n1,2209,16088
C=CC=C,Cc1cccc(=O)n1C,2209,16089
C=CC=C,Cc1cccc(C#N)c1O,2209,16090
C=CC=C,Cc1cccc(C(=N)N)c1,2209,16091
C=CC=C,Cc1cccc(C(C)C)c1,2209,16092
C=CC=C,Cc1cccc(C)c1N=O,2209,16094
C=CC=C,Cc1cccc(C2CC2)n1,2209,16096
C=CC=C,Cc1cccc(CCF)c1,2209,16097
C=CC=C,Cc1cccc(N(C)N)c1,2209,16098
C=CC=C,Cc1cccc(N)c1C#N,2209,16099
C=CC=C,Cc1cccc(NC#N)n1,2209,16100
C=CC=C,Cc1cccc(O)c(=O)c1,2209,16101
C=CC=C,Cc1cccc([C@@H]2CO2)c1,2209,16103
C=CC=C,Cc1cccc([C@H](C)N)n1,2209,16104
C=CC=C,Cc1cccc2c1C=CC2,2209,16105
C=CC=C,Cc1cccc2c1CC2=O,2209,16106
C=CC=C,Cc1cccc2c1CC=C2,2209,16107
C=CC=C,Cc1cccc2c1CCC2,2209,16108
C=CC=C,Cc1cccc2cn[nH]c12,2209,16111
C=CC=C,Cc1cccc2cnnn12,2209,16113
C=CC=C,Cc1cccc2nncn12,2209,16114
C=CC=C,Cc1cccc2nnnn12,2209,16115
C=CC=C,Cc1cccc2nonc12,2209,16116
C=CC=C,Cc1ccccc1C(=O)O,2209,16118
C=CC=C,Cc1ccccc1C(C)C,2209,16119
C=CC=C,Cc1ccccc1CCO,2209,16122
C=CC=C,Cc1ccccc1N(C)C,2209,16123
C=CC=C,Cc1ccccc1NN=N,2209,16124
C=CC=C,Cc1ccccc1[C@H]1CO1,2209,16125
C=CC=C,Cc1cccn1CCN,2209,16126
C=CC=C,Cc1cccn2ncnc12,2209,16128
C=CC=C,Cc1cccnc1C1CC1,2209,16129
C=CC=C,Cc1cccnc1CCN,2209,16130
C=CC=C,Cc1cccnc1NC=O,2209,16131
C=CC=C,Cc1ccn(C(C)C)n1,2209,16133
C=CC=C,Cc1ccn(C)c1C(C)C,2209,16134
C=CC=C,Cc1ccn(CCC#N)n1,2209,16136
C=CC=C,Cc1ccn(N)c1C#N,2209,16137
C=CC=C,Cc1ccn2ccnc2n1,2209,16139
C=CC=C,Cc1ccn2cnnc2c1,2209,16140
C=CC=C,Cc1ccn2nccc2n1,2209,16141
C=CC=C,Cc1ccn2ncnc2c1,2209,16142
C=CC=C,Cc1ccnc(C#N)c1C,2209,16143
C=CC=C,Cc1ccnc(C=O)c1F,2209,16144
C=CC=C,Cc1ccnc(N)c1CO,2209,16146
C=CC=C,Cc1ccnc(NC=O)c1,2209,16147
C=CC=C,Cc1ccnc([C@H](C)O)c1,2209,16148
C=CC=C,Cc1ccnc2[nH]ncc12,2209,16149
C=CC=C,Cc1ccnc2c1CCN2,2209,16150
C=CC=C,Cc1ccnc2cc[nH]c12,2209,16152
C=CC=C,Cc1ccnc2ccnn12,2209,16153
C=CC=C,Cc1ccncc1/C=N/O,2209,16154
C=CC=C,Cc1ccncc1NC=O,2209,16156
C=CC=C,Cc1ccncc1[C@@H](C)N,2209,16157
C=CC=C,Cc1ccnn1CC(F)F,2209,16158
C=CC=C,Cc1ccnnc1CN,2209,16160
C=CC=C,Cc1ccoc1C(=N)N,2209,16162
C=CC=C,Cc1ccoc1C(F)(F)F,2209,16163
C=CC=C,Cc1cn(C)c(C)c1C=O,2209,16164
C=CC=C,Cc1cn(C)c(N)n1,2209,16165
C=CC=C,Cc1cn(C)nc1CN,2209,16168
C=CC=C,Cc1cn(CCF)cn1,2209,16169
C=CC=C,Cc1cn(CCO)nc1N,2209,16170
C=CC=C,Cc1cn2c(n1)CNCC2,2209,16171
C=CC=C,Cc1cn[nH]c(=O)c1C,2209,16173
C=CC=C,Cc1cnc(=O)n(C)c1,2209,16174
C=CC=C,Cc1cnc(C(=O)O)nc1,2209,16175
C=CC=C,Cc1cnc(C(C)(C)N)[nH]1,2209,16176
C=CC=C,Cc1cnc(C(C)C)o1,2209,16177
C=CC=C,Cc1cnc(C(F)F)cn1,2209,16178
C=CC=C,Cc1cnc(C)c(C=O)c1,2209,16179
C=CC=C,Cc1cnc(C2CCC2)o1,2209,16180
C=CC=C,Cc1cnc(C=O)c(C)n1,2209,16181
C=CC=C,Cc1cnc(C=O)n1C,2209,16182
C=CC=C,Cc1cnc(CCN)nc1,2209,16183
C=CC=C,Cc1cnc(CNN)cn1,2209,16184
C=CC=C,Cc1cnc(CO)c(C)c1,2209,16185
C=CC=C,Cc1cnc(CO)cc1N,2209,16186
C=CC=C,Cc1cnc(F)c(C#N)c1,2209,16187
C=CC=C,Cc1cnc(F)cc1C,2209,16188
C=CC=C,Cc1cnc(N)c(O)c1,2209,16189
C=CC=C,Cc1cnc(N)c(O)c1F,2209,16190
C=CC=C,Cc1cnc2c(c1)CNC2,2209,16192
C=CC=C,Cc1cnc2n1CCNC2,2209,16193
C=CC=C,Cc1cnc2n1CC[C@@H]2O,2209,16194
C=CC=C,Cc1cnc2nn[nH]c2c1,2209,16196
C=CC=C,Cc1cnc2nonc2n1,2209,16197
C=CC=C,Cc1cncc(C#N)c1C,2209,16199
C=CC=C,Cc1cncc(C)c1C=O,2209,16200
C=CC=C,Cc1cncc(CCO)c1,2209,16201
C=CC=C,Cc1cncc2[nH]ccc12,2209,16204
C=CC=C,Cc1cnccc1C(=N)N,2209,16206
C=CC=C,Cc1cncn1C(C)(C)C,2209,16207
C=CC=C,Cc1cncnc1C(=O)O,2209,16208
C=CC=C,Cc1cnn(C)c(=O)c1,2209,16209
C=CC=C,Cc1cnn(C)c1C(F)F,2209,16210
C=CC=C,Cc1cnn(C2CNC2)c1,2209,16212
C=CC=C,Cc1cnn(CCF)c1N,2209,16213
C=CC=C,Cc1cnn([C@H](C)CN)c1,2209,16214
C=CC=C,Cc1cnnc(CN)c1,2209,16216
C=CC=C,Cc1cnncc1C=O,2209,16217
C=CC=C,Cc1cnncc1CO,2209,16218
C=CC=C,Cc1cnnn1CC(=O)O,2209,16219
C=CC=C,Cc1coc(C)c1C(=O)O,2209,16220
C=CC=C,Cc1coc(C)c1CN,2209,16221
C=CC=C,Cc1coc(C)c1[C@H](C)O,2209,16222
C=CC=C,Cc1coc2ccccc12,2209,16223
C=CC=C,Cc1cocc1CCCO,2209,16225
C=CC=C,Cc1n[nH]c(/N=C(/N)O)n1,2209,16226
C=CC=C,Cc1n[nH]c(C#N)c1N,2209,16228
C=CC=C,Cc1n[nH]c(C)c1CCN,2209,16230
C=CC=C,Cc1n[nH]c(C)c1[C@H](C)O,2209,16231
C=CC=C,Cc1n[nH]c(C2CC2)n1,2209,16232
C=CC=C,Cc1n[nH]c(CC(C)C)n1,2209,16233
C=CC=C,Cc1n[nH]c(N(C)C)n1,2209,16234
C=CC=C,Cc1n[nH]c(N)c1C(=O)O,2209,16235
C=CC=C,Cc1n[nH]c(O)c1C=O,2209,16236
C=CC=C,Cc1n[nH]c2c1CNC2,2209,16237
C=CC=C,Cc1n[nH]c2cccnc12,2209,16238
C=CC=C,Cc1n[nH]c2cn[nH]c12,2209,16239
C=CC=C,Cc1n[nH]c2cnccc12,2209,16240
C=CC=C,Cc1n[nH]c2ncncc12,2209,16241
C=CC=C,Cc1n[nH]nc1CCCN,2209,16242
C=CC=C,Cc1nc(/C(N)=N/O)no1,2209,16243
C=CC=C,Cc1nc(/C=N/O)n[nH]1,2209,16244
C=CC=C,Cc1nc(/C=N/O)nn1C,2209,16245
C=CC=C,Cc1nc(C#N)c(NN)o1,2209,16246
C=CC=C,Cc1nc(C#N)ccc1N,2209,16247
C=CC=C,Cc1nc(C(=N)N)co1,2209,16248
C=CC=C,Cc1nc(C(=N)O)c(N)[nH]1,2209,16249
C=CC=C,Cc1nc(C(C)(C)N)no1,2209,16250
C=CC=C,Cc1nc(C(C)C)[nH]c1C,2209,16251
C=CC=C,Cc1nc(C(F)(F)F)n[nH]1,2209,16252
C=CC=C,Cc1nc(C(N)=O)nn1C,2209,16253
C=CC=C,Cc1nc(C)c(=O)[nH]c1C,2209,16254
C=CC=C,Cc1nc(C)c(C(=O)O)o1,2209,16255
C=CC=C,Cc1nc(C)c(C)c(=O)[nH]1,2209,16256
C=CC=C,Cc1nc(C)c(CN)[nH]1,2209,16257
C=CC=C,Cc1nc(C)c(F)c(N)n1,2209,16258
C=CC=C,Cc1nc(C)c(N)nc1C,2209,16259
C=CC=C,Cc1nc(C)c(O)c(C)n1,2209,16260
C=CC=C,Cc1nc(C)n(C)c1C,2209,16261
C=CC=C,Cc1nc(C)nc(C)n1,2209,16264
C=CC=C,Cc1nc(C2CCC2)n[nH]1,2209,16265
C=CC=C,Cc1nc(C=O)c(C)o1,2209,16266
C=CC=C,Cc1nc(C=O)ccc1F,2209,16267
C=CC=C,Cc1nc(C=O)cn1C,2209,16268
C=CC=C,Cc1nc(CC#N)co1,2209,16269
C=CC=C,Cc1nc(CCN)cn1C,2209,16270
C=CC=C,Cc1nc(CCN)n[nH]1,2209,16271
C=CC=C,Cc1nc(CN)c(C)o1,2209,16272
C=CC=C,Cc1nc(CO)c(CO)[nH]1,2209,16273
C=CC=C,Cc1nc(CO)n(C)n1,2209,16275
C=CC=C,Cc1nc(F)ccc1C=O,2209,16276
C=CC=C,Cc1nc(N)c(F)c(=O)[nH]1,2209,16277
C=CC=C,Cc1nc(N)cc(CO)n1,2209,16278
C=CC=C,Cc1nc(N)cc(N)c1C,2209,16279
C=CC=C,Cc1nc(N)nc(C)c1C,2209,16281
C=CC=C,Cc1nc(N)nn1C(C)C,2209,16283
C=CC=C,Cc1nc(O)cc(=O)[nH]1,2209,16286
C=CC=C,Cc1nc(O)ncc1C#N,2209,16287
C=CC=C,Cc1nc([C@@H](C)N)c(C)[nH]1,2209,16289
C=CC=C,Cc1nc([C@@H](C)O)no1,2209,16290
C=CC=C,Cc1nc([C@H](C)C#N)c[nH]1,2209,16291
C=CC=C,Cc1nc2c([nH]1)CNCC2,2209,16293
C=CC=C,Cc1nc2c(o1)CCCC2,2209,16294
C=CC=C,Cc1nc2c(o1)CNC2,2209,16295
C=CC=C,Cc1nc2cnccn2n1,2209,16299
C=CC=C,Cc1nc2n(c1C)CCC2,2209,16300
C=CC=C,Cc1nc2n(n1)CCNC2,2209,16301
C=CC=C,Cc1nc[nH]c1C(F)F,2209,16303
C=CC=C,Cc1ncc(=O)[nH]c1C,2209,16304
C=CC=C,Cc1ncc(C(F)F)[nH]1,2209,16306
C=CC=C,Cc1ncc(C)c(=O)[nH]1,2209,16307
C=CC=C,Cc1ncc(C=O)c(N)n1,2209,16308
C=CC=C,Cc1ncc(CC#N)[nH]1,2209,16309
C=CC=C,Cc1ncc(CC#N)cn1,2209,16310
C=CC=C,Cc1ncc(CCN)o1,2209,16311
C=CC=C,Cc1ncc(CO)cc1F,2209,16312
C=CC=C,Cc1ncc(F)cc1O,2209,16313
C=CC=C,Cc1ncc(N)c(C)c1N,2209,16314
C=CC=C,Cc1ncc(N)n1CCO,2209,16316
C=CC=C,Cc1ncc(N)nc1C,2209,16317
C=CC=C,Cc1ncc([C@@H](C)N)cn1,2209,16318
C=CC=C,Cc1ncc2c[nH]nc2n1,2209,16319
C=CC=C,Cc1ncc2ccccn12,2209,16320
C=CC=C,Cc1ncc2n1CCCC2,2209,16321
C=CC=C,Cc1nccc(CNO)n1,2209,16322
C=CC=C,Cc1nccc(N)c1F,2209,16323
C=CC=C,Cc1nccc2[nH]ncc12,2209,16324
C=CC=C,Cc1nccc2c1N=NC2,2209,16325
C=CC=C,Cc1nccc2occc12,2209,16326
C=CC=C,Cc1ncccc1C(N)=O,2209,16327
C=CC=C,Cc1nccn1C1CNC1,2209,16328
C=CC=C,Cc1nccn1[C@H](C)CO,2209,16329
C=CC=C,Cc1nccnc1/C=N\O,2209,16330
C=CC=C,Cc1nccnc1CCO,2209,16331
C=CC=C,Cc1nccnc1N(C)C,2209,16332
C=CC=C,Cc1ncn(CCN)c1C,2209,16333
C=CC=C,Cc1ncn(O)c1C(=O)O,2209,16334
C=CC=C,Cc1ncn2c1CNCC2,2209,16335
C=CC=C,Cc1ncn2ccccc12,2209,16336
C=CC=C,Cc1ncnc(CO)c1C,2209,16337
C=CC=C,Cc1ncnc(N)c1C#N,2209,16338
C=CC=C,Cc1ncnc(NN)c1N,2209,16339
C=CC=C,Cc1ncnc2[nH]ccc12,2209,16341
C=CC=C,Cc1ncnc2c1CCC2,2209,16342
C=CC=C,Cc1ncnc2nc[nH]c12,2209,16343
C=CC=C,Cc1ncncc1CN,2209,16344
C=CC=C,Cc1nn(C)c(CO)c1F,2209,16345
C=CC=C,Cc1nn(C)c(F)c1C=O,2209,16346
C=CC=C,Cc1nn(C)c(N)c1N=O,2209,16348
C=CC=C,Cc1nn(C)c2[nH]ncc12,2209,16349
C=CC=C,Cc1nn(C)cc1/C=N\O,2209,16351
C=CC=C,Cc1nnc(=O)[nH]c1N,2209,16352
C=CC=C,Cc1nnc(C)c(C)c1C,2209,16353
C=CC=C,Cc1nnc(C2(N)CC2)[nH]1,2209,16354
C=CC=C,Cc1nnc(CC#N)n1C,2209,16355
C=CC=C,Cc1nnc(NN)nc1C,2209,16356
C=CC=C,Cc1nnc([C@H](C)O)o1,2209,16357
C=CC=C,Cc1nnc2ccccn12,2209,16358
C=CC=C,Cc1nnc2n1CCOC2,2209,16360
C=CC=C,Cc1nncn1CCCN,2209,16363
C=CC=C,Cc1nnn(CCN)n1,2209,16364
C=CC=C,Cc1nnnn1CC(N)=O,2209,16365
C=CC=C,Cc1noc(C)c1/C=N/O,2209,16366
C=CC=C,Cc1noc(C)c1[C@@H](C)N,2209,16368
C=CC=C,Cc1noc(C2(N)CC2)n1,2209,16369
C=CC=C,Cc1noc(C2CC2)c1N,2209,16370
C=CC=C,Cc1noc(C2CNC2)n1,2209,16371
C=CC=C,Cc1noc(CC(=O)O)n1,2209,16372
C=CC=C,Cc1noc(NC(C)C)n1,2209,16373
C=CC=C,Cc1noc2cnccc12,2209,16374
C=CC=C,Cc1nocc1CC#N,2209,16375
C=CC=C,Cc1nonc1/C(N)=N/N,2209,16376
C=CC=C,Cc1oc(C)c(C)c1C,2209,16381
C=CC=C,Cc1occc1CNN,2209,16383
C=CC=C,Cc1onc(O)c1CN,2209,16384
C=CC=C,Cc1oncc1C(F)(F)F,2209,16386
C=CC=C,Cc1oncc1C(N)=O,2209,16387
C=CC=C,Cc1oncc1CN(C)C,2209,16388
C=CC=C,Cc1onnc1C(=O)O,2209,16389
C=CC=C,Cn1[nH]c(C(=O)O)cc1=O,2209,16390
C=CC=C,Cn1c(C#N)ccc1C=O,2209,16392
C=CC=C,Cn1c(CN)cnc1C#N,2209,16396
C=CC=C,Cn1c(CO)cnc1N,2209,16397
C=CC=C,Cn1c(N)cc(N)nc1=O,2209,16398
C=CC=C,Cn1c(N)nccc1=O,2209,16400
C=CC=C,Cn1c(N)nnc1C1CC1,2209,16401
C=CC=C,Cn1cc(/C(N)=N/O)cn1,2209,16402
C=CC=C,Cn1cc(/C=N/N)nn1,2209,16403
C=CC=C,Cn1cc(C#CCN)cn1,2209,16404
C=CC=C,Cn1cc(C#N)ccc1=O,2209,16405
C=CC=C,Cn1cc(C(=O)O)c(F)n1,2209,16407
C=CC=C,Cn1cc(C(C)(C)O)nn1,2209,16408
C=CC=C,Cn1cc(C(F)(F)F)cn1,2209,16409
C=CC=C,Cn1cc(C2(N)CC2)cn1,2209,16410
C=CC=C,Cn1cc(C=O)c(N)n1,2209,16411
C=CC=C,Cn1cc(C=O)n(C)c1=O,2209,16412
C=CC=C,Cn1cc(CO)c(CO)c1,2209,16414
C=CC=C,Cn1cc(F)cc(N)c1=O,2209,16416
C=CC=C,Cn1cc(N)c(C2CC2)n1,2209,16417
C=CC=C,Cn1cc([C@H](N)C#N)cn1,2209,16418
C=CC=C,Cn1cc2c(n1)CC[C@H]2N,2209,16420
C=CC=C,Cn1cc2c(n1)CNC2,2209,16421
C=CC=C,Cn1ccc(C=O)cc1=O,2209,16429
C=CC=C,Cn1ccc(CCCO)n1,2209,16431
C=CC=C,Cn1ccc(N)c(N)c1=O,2209,16432
C=CC=C,Cn1ccc([C@@H]2C[C@@H]2N)n1,2209,16433
C=CC=C,Cn1ccc2c1CCN=C2,2209,16434
C=CC=C,Cn1ccc2c1CNCC2,2209,16435
C=CC=C,Cn1cccc(C#N)c1=O,2209,16437
C=CC=C,Cn1cccc1C(=O)O,2209,16438
C=CC=C,Cn1cccc1C1(N)CC1,2209,16439
C=CC=C,Cn1cccc1[C@@H](O)CN,2209,16440
C=CC=C,Cn1ccnc(N)c1=O,2209,16441
C=CC=C,Cn1ccnc1C(C)(C)O,2209,16442
C=CC=C,Cn1ccnc1C1(N)CC1,2209,16443
C=CC=C,Cn1ccnc1CC(=O)O,2209,16444
C=CC=C,Cn1ccnc1N=C(N)N,2209,16445
C=CC=C,Cn1cnc(C#N)c1C=O,2209,16447
C=CC=C,Cn1cnc(C(=O)O)c1N,2209,16448
C=CC=C,Cn1cnc(C(F)(F)F)c1,2209,16449
C=CC=C,Cn1cnc(C2(N)CC2)c1,2209,16450
C=CC=C,Cn1cnc(C2CC2)c1,2209,16451
C=CC=C,Cn1cnc(CCCN)n1,2209,16452
C=CC=C,Cn1cnc(N)c1C#N,2209,16453
C=CC=C,Cn1cnc(N)cc1=O,2209,16454
C=CC=C,Cn1cnc2c1CCNC2,2209,16456
C=CC=C,Cn1cncc(N)c1=O,2209,16458
C=CC=C,Cn1cncc1/C=N/O,2209,16459
C=CC=C,Cn1cncc1CC(=N)N,2209,16461
C=CC=C,Cn1cncc1[C@@H]1C[C@H]1N,2209,16462
C=CC=C,Cn1cncc1[C@H](N)CO,2209,16463
C=CC=C,Cn1cnnc1C(F)(F)F,2209,16464
C=CC=C,Cn1cnnc1C1CNC1,2209,16465
C=CC=C,Cn1nc(C(=O)O)[nH]c1=O,2209,16466
C=CC=C,Cn1nc(C(F)F)nc1N,2209,16467
C=CC=C,Cn1nc(C2CC2)cc1O,2209,16468
C=CC=C,Cn1nc(C2CC2)nc1N,2209,16469
C=CC=C,Cn1nc(N)c2c1CNC2,2209,16470
C=CC=C,Cn1nc(O)cc1C(F)F,2209,16471
C=CC=C,Cn1nc(O)ccc1=O,2209,16472
C=CC=C,Cn1nc2c(c1N)CNC2,2209,16474
C=CC=C,Cn1nc2c(c1O)CCC2,2209,16475
C=CC=C,Cn1ncc(/C=N/O)n1,2209,16476
C=CC=C,Cn1ncc(C(=O)O)n1,2209,16478
C=CC=C,Cn1ncc(C2CC2)c1N,2209,16479
C=CC=C,Cn1ncc(CC#N)n1,2209,16480
C=CC=C,Cn1ncc(CN)c1O,2209,16482
C=CC=C,Cn1ncc2c(N)n[nH]c21,2209,16483
C=CC=C,Cn1ncc2c1CCC2=O,2209,16484
C=CC=C,Cn1ncc2c1CNC2,2209,16485
C=CC=C,Cn1ncc2c1NCCC2,2209,16486
C=CC=C,Cn1nccc1CC1CC1,2209,16488
C=CC=C,Cn1ncnc1NCCN,2209,16489
C=CC=C,Cn1nnc(C(=N)N)c1N,2209,16490
C=CC=C,Cn1nnc(N)c1C(=O)O,2209,16491
C=CC=C,Cn1nnc([C@@H]2CO2)n1,2209,16493
C=CC=C,Cn1nnc([C@H](O)CN)n1,2209,16494
C=CC=C,Cn1nnc2c1CNC=N2,2209,16495
C=CC=C,Cn1nncc1C(=O)CF,2209,16496
C=CC=C,Cn1nncc1CCN,2209,16497
C=CC=C,Cn1nnnc1/C=N/O,2209,16498
C=CC=C,Cn1nnnc1CCO,2209,16499
C=CC=C,FC(F)(F)C1=CC=C=CN1,2209,16502
C=CC=C,FC(F)(F)c1cc[nH]c1,2209,16505
C=CC=C,FC(F)(F)c1ccnnc1,2209,16506
C=CC=C,FC(F)(F)c1ccon1,2209,16507
C=CC=C,FC(F)(F)c1cn[nH]n1,2209,16508
C=CC=C,FC(F)(F)c1cnc[nH]1,2209,16509
C=CC=C,FC(F)(F)c1cnccn1,2209,16510
C=CC=C,FC(F)(F)c1cncnc1,2209,16511
C=CC=C,FC(F)(F)c1ncc[nH]1,2209,16512
C=CC=C,FC(F)(F)c1ncon1,2209,16514
C=CC=C,FC(F)(F)c1nnco1,2209,16515
C=CC=C,FC(F)=C(F)C(F)=C(F)F,2209,16517
C=CC=C,FC(F)=Cc1ccccc1,2209,16522
C=CC=C,FC(F)COc1cc[nH]n1,2209,16523
C=CC=C,FC(F)Oc1ccccc1,2209,16525
C=CC=C,FC1=CCn2ccnc2O1,2209,16526
C=CC=C,FC1=COc2nccn2C1,2209,16527
C=CC=C,FCCCCn1cccn1,2209,16528
C=CC=C,FCCCc1ccccc1,2209,16529
C=CC=C,FCCCc1nnn[nH]1,2209,16530
C=CC=C,FCc1cc(F)cc(F)c1,2209,16532
C=CC=C,FCc1ccc(F)c(F)c1,2209,16533
C=CC=C,F[C@@H]1COc2ccnn2C1,2209,16534
C=CC=C,Fc1c[nH]c2ccccc12,2209,16537
C=CC=C,Fc1c[nH]c2ncncc12,2209,16538
C=CC=C,Fc1cc(F)c(F)c(F)c1,2209,16539
C=CC=C,Fc1cc(F)nc(F)n1,2209,16540
C=CC=C,Fc1cc2[nH]ccc2cn1,2209,16541
C=CC=C,Fc1ccc([C@@H]2CO2)nc1,2209,16544
C=CC=C,Fc1ccc2c(c1)CC=C2,2209,16546
C=CC=C,Fc1ccc2c(c1)CCC2,2209,16547
C=CC=C,Fc1ccc2c(c1)CCN2,2209,16548
C=CC=C,Fc1ccc2c(c1)OCC2,2209,16549
C=CC=C,Fc1ccc2cc[nH]c2n1,2209,16550
C=CC=C,Fc1ccc2cncn2c1,2209,16553
C=CC=C,Fc1ccc2n[nH]cc2c1,2209,16554
C=CC=C,Fc1ccc2nccn2n1,2209,16555
C=CC=C,Fc1ccc2occc2c1,2209,16556
C=CC=C,Fc1cccc(C2CC2)c1,2209,16557
C=CC=C,Fc1cccc2[nH]nnc12,2209,16558
C=CC=C,Fc1cccc2c1CNC2,2209,16560
C=CC=C,Fc1cccc2c1OCO2,2209,16561
C=CC=C,Fc1cccc2ccoc12,2209,16562
C=CC=C,Fc1cccc2nccn12,2209,16563
C=CC=C,Fc1cccc2ncnn12,2209,16564
C=CC=C,Fc1cccc2ocnc12,2209,16567
C=CC=C,Fc1ccccc1C(F)F,2209,16568
C=CC=C,Fc1cccn2ccnc12,2209,16569
C=CC=C,Fc1ccn2ccnc2c1,2209,16570
C=CC=C,Fc1ccnc2c1CCO2,2209,16572
C=CC=C,Fc1cnc(F)c(F)c1F,2209,16574
C=CC=C,Fc1cnc2[nH]ncc2c1,2209,16575
C=CC=C,Fc1cnc2c(c1)CCO2,2209,16576
C=CC=C,Fc1cnc2c(c1)NCC2,2209,16577
C=CC=C,Fc1cnc2cc[nH]c2c1,2209,16578
C=CC=C,Fc1cnc2ncnn2c1,2209,16579
C=CC=C,Fc1cncc(C(F)F)c1,2209,16580
C=CC=C,Fc1cncc2[nH]ncc12,2209,16581
C=CC=C,Fc1cncc2cc[nH]c12,2209,16582
C=CC=C,Fc1nc(F)c(F)c(F)n1,2209,16584
C=CC=C,Fc1nc(F)c(F)nc1F,2209,16585
C=CC=C,Fc1ncc(F)c(F)n1,2209,16586
C=CC=C,Fc1ncc2[nH]cnc2n1,2209,16587
C=CC=C,Fc1nccc2[nH]ccc12,2209,16588
C=CC=C,Fc1ncccc1C1CC1,2209,16590
C=CC=C,Fc1nccnc1F,2209,16591
C=CC=C,Fc1nnc(F)c(F)c1F,2209,16592
C=CC=C,N#C/C(=N\O)C(=N)NO,2209,16593
C=CC=C,N#C/C(=N\O)c1ncon1,2209,16594
C=CC=C,N#C/N=C(\N)c1ccco1,2209,16596
C=CC=C,N#CC#Cc1ccccc1,2209,16599
C=CC=C,N#CC(=O)c1ccccc1,2209,16601
C=CC=C,N#CC1(c2cocn2)CC1,2209,16606
C=CC=C,N#CC1C=CC=CC=C1,2209,16611
C=CC=C,N#CCC(=O)N=C(N)N,2209,16613
C=CC=C,N#CCC(=O)c1ccc[nH]1,2209,16616
C=CC=C,N#CCC1=CC=CO[C@@H]1O,2209,16618
C=CC=C,N#CCCCc1cn[nH]c1,2209,16622
C=CC=C,N#CCCc1ccncc1,2209,16625
C=CC=C,N#CCCc1cn[nH]n1,2209,16626
C=CC=C,N#CCCn1nccn1,2209,16628
C=CC=C,N#CCNc1ccccn1,2209,16632
C=CC=C,N#CCOc1nnco1,2209,16633
C=CC=C,N#CC[C@@H](O)c1ccco1,2209,16634
C=CC=C,N#CCc1cc(F)ccn1,2209,16636
C=CC=C,N#CCc1ccc(N)cn1,2209,16638
C=CC=C,N#CCc1ccc(O)cc1,2209,16639
C=CC=C,N#CCc1cccc(F)n1,2209,16640
C=CC=C,N#CCc1ccncc1N,2209,16643
C=CC=C,N#CCc1cnco1,2209,16644
C=CC=C,N#CCc1ncc(F)cn1,2209,16646
C=CC=C,N#CCc1ncnc(N)n1,2209,16647
C=CC=C,N#CNc1ccccc1N,2209,16650
C=CC=C,N#CNc1ncccn1,2209,16651
C=CC=C,N#COc1ccccc1,2209,16652
C=CC=C,N#C[C@@H]1CC(C(N)=O)=NO1,2209,16653
C=CC=C,N#C[C@H](F)c1ccccc1,2209,16656
C=CC=C,N#C[C@H]1C=CC=NC1=O,2209,16658
C=CC=C,N#Cc1[nH]nc2c1CNC2,2209,16661
C=CC=C,N#Cc1c(F)cncc1F,2209,16662
C=CC=C,N#Cc1c(N)nc[nH]c1=O,2209,16663
C=CC=C,N#Cc1c(O)cccc1O,2209,16664
C=CC=C,N#Cc1c[nH]cc1C#N,2209,16666
C=CC=C,N#Cc1c[nH]n2ccnc12,2209,16667
C=CC=C,N#Cc1c[nH]nc1C(F)F,2209,16668
C=CC=C,N#Cc1cc(C#N)[nH]n1,2209,16669
C=CC=C,N#Cc1cc(F)cc(F)c1,2209,16670
C=CC=C,N#Cc1cc(F)ccc1F,2209,16671
C=CC=C,N#Cc1cc(O)ccc1N,2209,16674
C=CC=C,N#Cc1cc(O)ncn1,2209,16675
C=CC=C,N#Cc1ccc(=O)[nH]c1O,2209,16677
C=CC=C,N#Cc1ccc(C#N)o1,2209,16678
C=CC=C,N#Cc1ccc(C(=O)O)[nH]1,2209,16679
C=CC=C,N#Cc1ccc(F)c(O)n1,2209,16683
C=CC=C,N#Cc1ccc(F)nc1F,2209,16684
C=CC=C,N#Cc1ccc(N)c(N)c1,2209,16685
C=CC=C,N#Cc1ccc(NN)cn1,2209,16686
C=CC=C,N#Cc1cccc(N)c1F,2209,16687
C=CC=C,N#Cc1cccc(ON)c1,2209,16688
C=CC=C,N#Cc1ccccc1C=O,2209,16689
C=CC=C,N#Cc1cccn1C(F)F,2209,16690
C=CC=C,N#Cc1cccnc1,2209,16691
C=CC=C,N#Cc1cccnc1CO,2209,16692
C=CC=C,N#Cc1ccn(CCF)n1,2209,16694
C=CC=C,N#Cc1ccnc(C#N)n1,2209,16695
C=CC=C,N#Cc1ccnc(N)c1N,2209,16696
C=CC=C,N#Cc1ccnc(NN)c1,2209,16697
C=CC=C,N#Cc1ccnn1C(F)F,2209,16698
C=CC=C,N#Cc1cn[nH]c1C(=O)O,2209,16700
C=CC=C,N#Cc1cnc(F)cn1,2209,16701
C=CC=C,N#Cc1cnc(N)c(N)c1,2209,16702
C=CC=C,N#Cc1cnc(N)cc1N,2209,16703
C=CC=C,N#Cc1cnc(O)[nH]c1=O,2209,16705
C=CC=C,N#Cc1cncc(C=O)c1,2209,16706
C=CC=C,N#Cc1cncc(N)n1,2209,16707
C=CC=C,N#Cc1cncnc1O,2209,16708
C=CC=C,N#Cc1cnn(CCO)c1,2209,16709
C=CC=C,N#Cc1cnoc1C#N,2209,16711
C=CC=C,N#Cc1coc(C(=O)O)c1,2209,16712
C=CC=C,N#Cc1n[nH]nc1C#N,2209,16714
C=CC=C,N#Cc1nc(C2CC2)n[nH]1,2209,16715
C=CC=C,N#Cc1nc(F)cnc1F,2209,16716
C=CC=C,N#Cc1nc(N)[nH]c1C#N,2209,16717
C=CC=C,N#Cc1nc[nH]c1C(N)=O,2209,16718
C=CC=C,N#Cc1ncc(C2CC2)[nH]1,2209,16719
C=CC=C,N#Cc1ncc(CO)cn1,2209,16720
C=CC=C,N#Cc1ncc(N)cc1F,2209,16721
C=CC=C,N#Cc1nccnc1O,2209,16723
C=CC=C,N#Cc1ncn(CCN)n1,2209,16724
C=CC=C,N#Cc1ncn(N)c1N,2209,16725
C=CC=C,N#Cc1nnc2n1CCC2,2209,16727
C=CC=C,N#Cc1nonc1C#N,2209,16728
C=CC=C,N#Cc1occc1C1CC1,2209,16729
C=CC=C,N/C(=N/O)c1[nH]cnc1N,2209,16730
C=CC=C,N/C(=N\O)c1ccc[nH]1,2209,16733
C=CC=C,N/C(=N\O)c1ncccn1,2209,16734
C=CC=C,N/C(Cn1cncn1)=N\O,2209,16738
C=CC=C,N/N=C(\N)c1cccnc1,2209,16740
C=CC=C,N/N=C/c1ccc(N)cc1,2209,16742
C=CC=C,N/N=C1\CC(F)=CC(F)=N1,2209,16744
C=CC=C,N=C(Cn1nccn1)NO,2209,16749
C=CC=C,N=C(N)CCn1cccc1,2209,16752
C=CC=C,N=C(N)Cc1ccccc1,2209,16754
C=CC=C,N=C(N)N/N=C/C(=O)O,2209,16755
C=CC=C,N=C(N)Nn1cnnc1,2209,16762
C=CC=C,N=C(N)c1ccc(F)cn1,2209,16765
C=CC=C,N=C(N)c1ccccc1O,2209,16768
C=CC=C,N=C(N)c1nc[nH]n1,2209,16769
C=CC=C,N=C(N)c1ncccc1F,2209,16770
C=CC=C,N=C(N)n1nc(N)nc1N,2209,16771
C=CC=C,N=C(NN)c1nnn[nH]1,2209,16775
C=CC=C,N=C(NN)c1nonc1N,2209,16776
C=CC=C,N=C(NO)c1ccccn1,2209,16777
C=CC=C,N=C(NO)c1cncnc1,2209,16778
C=CC=C,N=C(O)Nc1nnn[nH]1,2209,16780
C=CC=C,N=C(O)c1cc(F)ccn1,2209,16783
C=CC=C,N=C1Cc2ccccc2N1,2209,16785
C=CC=C,N=C1NCc2ccccc21,2209,16787
C=CC=C,N=C1NCc2cccnc21,2209,16788
C=CC=C,N=Cc1ccc(O)cc1O,2209,16790
C=CC=C,NC(=O)/C=C(\N)C(N)=O,2209,16796
C=CC=C,NC(=O)/C=C/c1ccco1,2209,16798
C=CC=C,NC(=O)/C=C/c1ncc[nH]1,2209,16799
C=CC=C,NC(=O)/C=C\[C@@H]1C[C@H]1N,2209,16800
C=CC=C,NC(=O)/N=C/NC(N)=O,2209,16801
C=CC=C,NC(=O)/N=C1\CCCN1,2209,16802
C=CC=C,NC(=O)C(=O)C(F)(F)F,2209,16805
C=CC=C,NC(=O)C(=O)NC1CC1,2209,16806
C=CC=C,NC(=O)C(=O)NCCCO,2209,16807
C=CC=C,NC(=O)C1=C(N)CCC1,2209,16813
C=CC=C,NC(=O)C1=CCCCO1,2209,16814
C=CC=C,NC(=O)C1=CNCCC1,2209,16815
C=CC=C,NC(=O)C=C1CCCC1,2209,16818
C=CC=C,NC(=O)CCC(=O)C(=O)O,2209,16819
C=CC=C,NC(=O)Cc1ccncn1,2209,16822
C=CC=C,NC(=O)Cc1nonc1N,2209,16823
C=CC=C,NC(=O)Cn1cccn1,2209,16824
C=CC=C,NC(=O)N/C=C(\F)C(=O)O,2209,16827
C=CC=C,NC(=O)NC(=O)C(=O)O,2209,16830
C=CC=C,NC(=O)Nc1ccccc1,2209,16834
C=CC=C,NC(=O)c1ccc(F)nc1,2209,16845
C=CC=C,NC(=O)c1ccc(N)cc1,2209,16846
C=CC=C,NC(=O)c1ccc(O)nn1,2209,16848
C=CC=C,NC(=O)c1cccc(=O)[nH]1,2209,16849
C=CC=C,NC(=O)c1cccc(F)c1,2209,16850
C=CC=C,NC(=O)c1cccc(F)n1,2209,16851
C=CC=C,NC(=O)c1ccnc(N)c1,2209,16852
C=CC=C,NC(=O)c1cnc(=O)[nH]c1,2209,16853
C=CC=C,NC(=O)c1cncn1N,2209,16855
C=CC=C,NC(=O)c1n[nH]c(N)n1,2209,16856
C=CC=C,NC(=O)c1ncc(N)cn1,2209,16857
C=CC=C,NC(=O)c1ncoc1N,2209,16858
C=CC=C,NC(=O)c1nn[nH]c1O,2209,16859
C=CC=C,NC(=O)c1nnc(N)o1,2209,16860
C=CC=C,NC(=O)c1nnccc1N,2209,16861
C=CC=C,NC(=O)n1nccc1N,2209,16862
C=CC=C,NC(N)=C1C(=O)COC1=O,2209,16863
C=CC=C,NC(N)=N/N=C\[C@@H](O)CO,2209,16865
C=CC=C,NC(N)=NN=C1CCCC1,2209,16867
C=CC=C,NC(N)=Nc1ccccc1,2209,16868
C=CC=C,NC/C=C/c1ccccn1,2209,16872
C=CC=C,NC1(c2cccnn2)CC1,2209,16877
C=CC=C,NC1(c2ccco2)CC1,2209,16878
C=CC=C,NC1(c2ccncc2)CC1,2209,16879
C=CC=C,NC1(c2ccoc2)CC1,2209,16880
C=CC=C,NC1(c2cnccn2)CC1,2209,16881
C=CC=C,NC1(c2ncccn2)CC1,2209,16882
C=CC=C,NC1(c2ncco2)CC1,2209,16883
C=CC=C,NC1(c2ncon2)CCC1,2209,16884
C=CC=C,NC1(c2nn[nH]n2)CCC1,2209,16885
C=CC=C,NC1(c2nnc[nH]2)CCC1,2209,16887
C=CC=C,NC1=C(C(=O)O)CCCN1,2209,16889
C=CC=C,NC1=C(O)C(O)=C(CO)C1,2209,16890
C=CC=C,NC1=C2NC=CN2CC=C1,2209,16891
C=CC=C,NC1=CC=C[C@H]2NN=N[C@H]12,2209,16894
C=CC=C,NC1=NC=C2CCN=C2N1,2209,16896
C=CC=C,NC1=NN[C@@H]2C=CC=CN12,2209,16899
C=CC=C,NC1=NON/C1=C(\N)N=O,2209,16901
C=CC=C,NC1Cc2nccnc2C1,2209,16907
C=CC=C,NC=C1C(=O)CCCC1=O,2209,16908
C=CC=C,NCC#Cc1cnccn1,2209,16909
C=CC=C,NCC(=O)Nc1cn[nH]c1,2209,16911
C=CC=C,NCC(=O)c1ccn[nH]1,2209,16914
C=CC=C,NCC(=O)c1nc[nH]c1N,2209,16915
C=CC=C,NCC1(c2ccon2)CC1,2209,16917
C=CC=C,NCC1(c2ncno2)CC1,2209,16918
C=CC=C,NCC1(n2cncn2)CC1,2209,16919
C=CC=C,NCCCCn1ccnn1,2209,16927
C=CC=C,NCCCNC(=O)/C=N/O,2209,16928
C=CC=C,NCCCc1cc(O)no1,2209,16931
C=CC=C,NCCCc1cc[nH]n1,2209,16932
C=CC=C,NCCCc1cnn[nH]1,2209,16933
C=CC=C,NCCCc1ncco1,2209,16935
C=CC=C,NCCCc1nnc[nH]1,2209,16936
C=CC=C,NCCNc1cccnn1,2209,16939
C=CC=C,NCCNc1ncccn1,2209,16940
C=CC=C,NCCOCc1c[nH]cn1,2209,16941
C=CC=C,NCCOc1ccncc1,2209,16943
C=CC=C,NCCOc1nonc1N,2209,16944
C=CC=C,NCC[C@H](O)c1ccoc1,2209,16945
C=CC=C,NCCc1ccc(F)cn1,2209,16947
C=CC=C,NCCc1ccc[nH]c1=O,2209,16948
C=CC=C,NCCc1cccc(=O)[nH]1,2209,16949
C=CC=C,NCCc1cccc(N)c1,2209,16950
C=CC=C,NCCc1ccnc(N)n1,2209,16951
C=CC=C,NCCc1cncc(O)c1,2209,16952
C=CC=C,NCCc1nccc(O)n1,2209,16953
C=CC=C,NCCc1noc(CO)n1,2209,16954
C=CC=C,NCCn1cccnc1=O,2209,16955
C=CC=C,NCCn1cnccc1=O,2209,16956
C=CC=C,NCCn1ncccc1=O,2209,16957
C=CC=C,NC[C@@H]1C[C@@H]1c1ccco1,2209,16963
C=CC=C,NC[C@H](O)Cn1ccnc1,2209,16965
C=CC=C,NC[C@H]1CNC(=O)C(=O)N1,2209,16967
C=CC=C,NCc1c(O)ncnc1O,2209,16969
C=CC=C,NCc1c[nH]nc1C1CC1,2209,16971
C=CC=C,NCc1cc(C2CC2)[nH]n1,2209,16972
C=CC=C,NCc1cc(F)ccc1N,2209,16973
C=CC=C,NCc1cc(O)ccc1O,2209,16975
C=CC=C,NCc1cc2n(n1)CCO2,2209,16976
C=CC=C,NCc1ccc(=O)[nH]n1,2209,16977
C=CC=C,NCc1ccc(CO)o1,2209,16978
C=CC=C,NCc1ccc(F)c(O)c1,2209,16979
C=CC=C,NCc1ccc(N)cc1O,2209,16982
C=CC=C,NCc1cccnc1O,2209,16983
C=CC=C,NCc1ccn2c1CCC2,2209,16984
C=CC=C,NCc1ccnn1C1CC1,2209,16985
C=CC=C,NCc1ccoc1C(=O)O,2209,16986
C=CC=C,NCc1cn(C2CC2)cn1,2209,16987
C=CC=C,NCc1cn[nH]c1C(F)F,2209,16988
C=CC=C,NCc1cnc(F)c(F)c1,2209,16989
C=CC=C,NCc1cncn1C1CC1,2209,16992
C=CC=C,NCc1cncn1CCF,2209,16993
C=CC=C,NCc1cnoc1C1CC1,2209,16995
C=CC=C,NCc1n[nH]nc1C1CC1,2209,16996
C=CC=C,NCc1nc(C(=O)O)c[nH]1,2209,16998
C=CC=C,NCc1nc(C(N)=O)no1,2209,16999
C=CC=C,NCc1nc(CN)n(N)n1,2209,17000
C=CC=C,NCc1ncc(F)cc1F,2209,17001
C=CC=C,NCc1nccc(F)n1,2209,17002
C=CC=C,NCc1nccn1C1CC1,2209,17003
C=CC=C,NCc1nccnc1N,2209,17004
C=CC=C,NCc1ncoc1C(F)F,2209,17006
C=CC=C,NCc1nnc(C2CC2)o1,2209,17007
C=CC=C,NCc1nnnn1C1CC1,2209,17008
C=CC=C,NCc1noc(C(F)F)n1,2209,17009
C=CC=C,NCc1noc(C2CC2)n1,2209,17010
C=CC=C,NN1CCc2ccccc21,2209,17013
C=CC=C,NNCOc1cccnc1,2209,17015
C=CC=C,NNCc1cccc(O)c1,2209,17017
C=CC=C,NNCc1ccnnc1,2209,17018
C=CC=C,NNc1cc(F)cc(F)c1,2209,17021
C=CC=C,NNc1cc(F)cc(F)n1,2209,17022
C=CC=C,NNc1cc(F)ccc1F,2209,17023
C=CC=C,NNc1cc[nH]c(=O)n1,2209,17024
C=CC=C,NNc1ccc(CO)cc1,2209,17025
C=CC=C,NNc1ccc(O)cn1,2209,17026
C=CC=C,NNc1cccc(F)c1F,2209,17027
C=CC=C,NNc1cccc(N)n1,2209,17028
C=CC=C,NNc1ccccc1CO,2209,17029
C=CC=C,NNc1ccnc(F)c1,2209,17030
C=CC=C,NNc1ccnc(NN)n1,2209,17031
C=CC=C,NNc1nc(N)cc(=O)[nH]1,2209,17034
C=CC=C,NNc1ncc(F)c(=O)[nH]1,2209,17035
C=CC=C,NNc1ncc(F)c(N)n1,2209,17036
C=CC=C,NNc1nccc(F)c1F,2209,17037
C=CC=C,N[C@@H](CO)Cc1c[nH]cn1,2209,17043
C=CC=C,N[C@@H]1CCCc2oncc21,2209,17050
C=CC=C,N[C@@H]1CCCn2cnnc21,2209,17051
C=CC=C,N[C@@H]1CCCn2ncnc21,2209,17052
C=CC=C,N[C@@H]1CCc2ccccc21,2209,17054
C=CC=C,N[C@@H]1CCc2cncn2C1,2209,17056
C=CC=C,N[C@@H]1CCc2cnoc2C1,2209,17057
C=CC=C,N[C@@H]1CCc2n[nH]nc2C1,2209,17058
C=CC=C,N[C@@H]1CCn2cnnc2C1,2209,17060
C=CC=C,N[C@@H]1CCn2nnnc2C1,2209,17061
C=CC=C,N[C@@H]1COc2ncccc21,2209,17062
C=CC=C,N[C@@H]1Cc2ccncc2C1,2209,17066
C=CC=C,N[C@H](C=O)Cc1cnc[nH]1,2209,17071
C=CC=C,N[C@H](CO)c1ccccc1,2209,17074
C=CC=C,N[C@H](c1nnn[nH]1)C1CC1,2209,17075
C=CC=C,N[C@H]1C=CC=C(C(=O)O)C1,2209,17078
C=CC=C,N[C@H]1C=NC=NC1=O,2209,17080
C=CC=C,N[C@H]1CCCc2n[nH]cc21,2209,17082
C=CC=C,N[C@H]1CCc2c[nH]nc2C1,2209,17084
C=CC=C,N[C@H]1CCc2cccnc21,2209,17085
C=CC=C,N[C@H]1CCc2nccn2C1,2209,17086
C=CC=C,N[C@H]1CCn2ccnc21,2209,17087
C=CC=C,N[C@H]1C[C@H](c2ccon2)C1,2209,17091
C=CC=C,N[C@H]1C[C@H](n2ccnn2)C1,2209,17092
C=CC=C,N[C@H]1N=CN=C2N=NC=C21,2209,17093
C=CC=C,Nc1[nH]nc(C2CC2)c1N,2209,17098
C=CC=C,Nc1[nH]nc2c1COCC2,2209,17099
C=CC=C,Nc1[nH]ncc1C1CCC1,2209,17102
C=CC=C,Nc1[nH]ncc1CCCO,2209,17103
C=CC=C,Nc1c(F)cc(O)cc1F,2209,17104
C=CC=C,Nc1c(F)ccc(F)c1N,2209,17105
C=CC=C,Nc1c(F)cccc1C=O,2209,17106
C=CC=C,Nc1c(O)cc[nH]c1=O,2209,17109
C=CC=C,Nc1c(O)n[nH]c(=O)c1N,2209,17110
C=CC=C,Nc1c[nH]c2cccnc12,2209,17112
C=CC=C,Nc1c[nH]c2cnccc12,2209,17113
C=CC=C,Nc1c[nH]nc1O,2209,17116
C=CC=C,Nc1cc(C(F)(F)F)on1,2209,17120
C=CC=C,Nc1cc(C(F)F)ncn1,2209,17121
C=CC=C,Nc1cc(C2CC2)ncn1,2209,17122
C=CC=C,Nc1cc(C2CCC2)no1,2209,17123
C=CC=C,Nc1cc(C2COC2)[nH]n1,2209,17124
C=CC=C,Nc1cc(CC2CC2)n[nH]1,2209,17125
C=CC=C,Nc1cc(CCO)ccn1,2209,17128
C=CC=C,Nc1cc(CCO)ncn1,2209,17129
C=CC=C,Nc1cc(CO)ccc1O,2209,17130
C=CC=C,Nc1cc(F)c(F)cc1N,2209,17133
C=CC=C,Nc1cc(F)c(F)cn1,2209,17134
C=CC=C,Nc1cc(F)c[nH]c1=O,2209,17135
C=CC=C,Nc1cc(F)cc(N)n1,2209,17136
C=CC=C,Nc1cc(F)cc(O)c1F,2209,17137
C=CC=C,Nc1cc(F)cnc1C=O,2209,17138
C=CC=C,Nc1cc(F)nc(F)c1F,2209,17139
C=CC=C,Nc1cc(N)[nH]c(=O)n1,2209,17140
C=CC=C,Nc1cc(N)c(N)nc1N,2209,17141
C=CC=C,Nc1cc(N)c(O)c(N)c1,2209,17142
C=CC=C,Nc1cc(N)cc(N)c1,2209,17143
C=CC=C,Nc1cc(OC(F)F)n[nH]1,2209,17145
C=CC=C,Nc1cc2[nH]cnc2cn1,2209,17146
C=CC=C,Nc1cc2[nH]ncc2cn1,2209,17147
C=CC=C,Nc1cc2ccccn2n1,2209,17148
C=CC=C,Nc1cc2n(n1)CCNC2,2209,17149
C=CC=C,Nc1cc2occc2cn1,2209,17152
C=CC=C,Nc1ccc(C2CC2)cc1,2209,17157
C=CC=C,Nc1ccc(C=O)c(N)c1,2209,17158
C=CC=C,Nc1ccc(C=O)cc1O,2209,17159
C=CC=C,Nc1ccc(F)c(CO)c1,2209,17162
C=CC=C,Nc1ccc(F)c(O)c1F,2209,17163
C=CC=C,Nc1ccc(N=O)c(N)n1,2209,17164
C=CC=C,Nc1ccc(O)c(=O)cc1,2209,17165
C=CC=C,Nc1ccc(O)c(O)c1O,2209,17166
C=CC=C,Nc1ccc2[nH]ccc2c1,2209,17167
C=CC=C,Nc1ccc2[nH]ccc2n1,2209,17168
C=CC=C,Nc1ccc2c(c1)C=C2,2209,17170
C=CC=C,Nc1ccc2c(c1)COC2,2209,17171
C=CC=C,Nc1ccc2c(c1)N=NC2,2209,17172
C=CC=C,Nc1ccc2c(n1)CCC2,2209,17174
C=CC=C,Nc1ccc2c(n1)CCO2,2209,17175
C=CC=C,Nc1ccc2c(n1)OCO2,2209,17176
C=CC=C,Nc1ccc2c[nH]nc2c1,2209,17177
C=CC=C,Nc1ccc2ccoc2n1,2209,17178
C=CC=C,Nc1ccc2cn[nH]c2n1,2209,17179
C=CC=C,Nc1ccc2nc[nH]c2n1,2209,17180
C=CC=C,Nc1ccc2nncn2c1,2209,17182
C=CC=C,Nc1ccc2nncn2n1,2209,17183
C=CC=C,Nc1ccc2nonc2c1,2209,17184
C=CC=C,Nc1cccc(C(F)F)c1,2209,17186
C=CC=C,Nc1cccc(C=NO)c1,2209,17187
C=CC=C,Nc1cccc(N)c1N,2209,17189
C=CC=C,Nc1cccc(NC=O)c1,2209,17190
C=CC=C,Nc1cccc2[nH]ncc12,2209,17191
C=CC=C,Nc1cccc2c1COC2,2209,17192
C=CC=C,Nc1cccc2c1NCC2,2209,17193
C=CC=C,Nc1cccc2cncn12,2209,17194
C=CC=C,Nc1cccc2n[nH]nc12,2209,17195
C=CC=C,Nc1cccc2oncc12,2209,17197
C=CC=C,Nc1ccccc1/C=N/O,2209,17198
C=CC=C,Nc1ccccc1N=O,2209,17199
C=CC=C,Nc1cccn2cnnc12,2209,17200
C=CC=C,Nc1cccn2nncc12,2209,17201
C=CC=C,Nc1ccn2ncncc12,2209,17203
C=CC=C,Nc1ccn2nnnc2c1,2209,17204
C=CC=C,Nc1ccnc(C2CC2)n1,2209,17205
C=CC=C,Nc1ccnc(F)c1C=O,2209,17206
C=CC=C,Nc1ccnc(N)c1N=O,2209,17207
C=CC=C,Nc1ccnc2[nH]ccc12,2209,17208
C=CC=C,Nc1ccnc2[nH]nnc12,2209,17209
C=CC=C,Nc1ccnc2c1CCC2,2209,17210
C=CC=C,Nc1ccnc2c[nH]nc12,2209,17212
C=CC=C,Nc1ccnc2ccoc12,2209,17213
C=CC=C,Nc1ccnc2nc[nH]c12,2209,17214
C=CC=C,Nc1ccnc2nccn12,2209,17215
C=CC=C,Nc1ccncc1C1CC1,2209,17217
C=CC=C,Nc1ccncc1C=O,2209,17218
C=CC=C,Nc1ccncc1CCF,2209,17219
C=CC=C,Nc1ccnn1CC1CC1,2209,17220
C=CC=C,Nc1ccnn2ccnc12,2209,17221
C=CC=C,Nc1cn(C(F)F)cn1,2209,17222
C=CC=C,Nc1cn(C2CC2)nn1,2209,17223
C=CC=C,Nc1cn(CC(F)F)nn1,2209,17224
C=CC=C,Nc1cn2cccnc2n1,2209,17225
C=CC=C,Nc1cn2ccnc2cn1,2209,17226
C=CC=C,Nc1cn2ccncc2n1,2209,17227
C=CC=C,Nc1cn2ncccc2n1,2209,17228
C=CC=C,Nc1cn[nH]c1C(F)(F)F,2209,17229
C=CC=C,Nc1cnc(C(=O)O)cn1,2209,17230
C=CC=C,Nc1cnc(C(F)F)nc1,2209,17232
C=CC=C,Nc1cnc(C2CC2)cn1,2209,17233
C=CC=C,Nc1cnc(F)cc1N,2209,17234
C=CC=C,Nc1cnc2c(c1)CCC2,2209,17235
C=CC=C,Nc1cnc2ccccn12,2209,17238
C=CC=C,Nc1cnc2cccnn12,2209,17239
C=CC=C,Nc1cnc2ccnn2c1,2209,17240
C=CC=C,Nc1cnc2cn[nH]c2c1,2209,17241
C=CC=C,Nc1cnc2n1CCOC2,2209,17242
C=CC=C,Nc1cnc2nc[nH]c2c1,2209,17243
C=CC=C,Nc1cnc2nccn2c1,2209,17244
C=CC=C,Nc1cncc(C2CC2)c1,2209,17245
C=CC=C,Nc1cncc(CO)c1,2209,17246
C=CC=C,Nc1cncc(F)c1N,2209,17247
C=CC=C,Nc1cncc2c1CCC2,2209,17248
C=CC=C,Nc1cncc2n[nH]cc12,2209,17249
C=CC=C,Nc1cncc2nc[nH]c12,2209,17250
C=CC=C,Nc1cncnc1C1CC1,2209,17251
C=CC=C,Nc1cnn(C2CCC2)n1,2209,17252
C=CC=C,Nc1cnn(C2COC2)c1,2209,17253
C=CC=C,Nc1cnn(CCCF)c1,2209,17254
C=CC=C,Nc1cnn(CCO)c1N,2209,17255
C=CC=C,Nc1cnn2c1CCCC2,2209,17256
C=CC=C,Nc1cnn2c1NCCC2,2209,17257
C=CC=C,Nc1cnn2c1OCC2,2209,17258
C=CC=C,Nc1cnn2cc[nH]c12,2209,17260
C=CC=C,Nc1cnn2cnnc2c1,2209,17262
C=CC=C,Nc1cnn2nnnc2c1,2209,17263
C=CC=C,Nc1cnnc2[nH]cnc12,2209,17264
C=CC=C,Nc1cnncc1N,2209,17265
C=CC=C,Nc1cnnn1C1CC1,2209,17266
C=CC=C,Nc1n[nH]c(=O)c(=O)n1N,2209,17267
C=CC=C,Nc1n[nH]c2[nH]ncc12,2209,17268
C=CC=C,Nc1n[nH]c2c1CCCN2,2209,17269
C=CC=C,Nc1n[nH]c2c1CCNC2,2209,17270
C=CC=C,Nc1n[nH]c2ccccc12,2209,17271
C=CC=C,Nc1n[nH]c2nccnc12,2209,17272
C=CC=C,Nc1n[nH]cc1C(F)(F)F,2209,17273
C=CC=C,Nc1n[nH]cc1C1CC1,2209,17274
C=CC=C,Nc1n[nH]nc1C(=O)O,2209,17276
C=CC=C,Nc1n[nH]nc1NC=O,2209,17277
C=CC=C,Nc1nc(C(F)(F)F)c[nH]1,2209,17279
C=CC=C,Nc1nc(C2CC2)c[nH]1,2209,17280
C=CC=C,Nc1nc(CC2CC2)no1,2209,17281
C=CC=C,Nc1nc(CCCO)n[nH]1,2209,17282
C=CC=C,Nc1nc(CF)cc(=O)[nH]1,2209,17283
C=CC=C,Nc1nc(F)cc(F)c1N,2209,17284
C=CC=C,Nc1nc(N)[nH]c(=O)n1,2209,17285
C=CC=C,Nc1nc(N)c(N)c(=O)[nH]1,2209,17286
C=CC=C,Nc1nc(N)c(N)c(N)n1,2209,17287
C=CC=C,Nc1nc(N)nc(CO)n1,2209,17288
C=CC=C,Nc1nc(NN=O)n[nH]1,2209,17289
C=CC=C,Nc1nc2[nH]nc(N)n2n1,2209,17290
C=CC=C,Nc1nc2c([nH]1)NON2,2209,17291
C=CC=C,Nc1nc2ccccn2n1,2209,17292
C=CC=C,Nc1nc2n(n1)CCCC2,2209,17296
C=CC=C,Nc1nc2n(n1)CCCN2,2209,17297
C=CC=C,Nc1nc2n(n1)[C@@H](N)N=N2,2209,17299
C=CC=C,Nc1nc2ncccn2n1,2209,17300
C=CC=C,Nc1nc2occ(O)c2o1,2209,17301
C=CC=C,Nc1nc[nH]c1NC=O,2209,17302
C=CC=C,Nc1ncc(C2CC2)o1,2209,17303
C=CC=C,Nc1ncc(CO)c(N)n1,2209,17306
C=CC=C,Nc1ncc2c(n1)CNC2,2209,17308
C=CC=C,Nc1ncc2c(n1)OCC2,2209,17309
C=CC=C,Nc1ncc2cc[nH]c2n1,2209,17310
C=CC=C,Nc1ncc2n1CCNC2,2209,17313
C=CC=C,Nc1ncc2n[nH]nc2n1,2209,17314
C=CC=C,Nc1nccc(F)c1O,2209,17315
C=CC=C,Nc1nccc2[nH]cnc12,2209,17316
C=CC=C,Nc1nccc2c1CCO2,2209,17318
C=CC=C,Nc1nccc2cc[nH]c12,2209,17319
C=CC=C,Nc1nccc2ccoc12,2209,17320
C=CC=C,Nc1nccc2n[nH]cc12,2209,17322
C=CC=C,Nc1nccc2nccn12,2209,17323
C=CC=C,Nc1nccc2ncnn12,2209,17324
C=CC=C,Nc1nccn2cncc12,2209,17327
C=CC=C,Nc1nccnc1C1CC1,2209,17328
C=CC=C,Nc1ncn(C2CC2)n1,2209,17329
C=CC=C,Nc1ncn2c1CCCC2,2209,17332
C=CC=C,Nc1ncnc(F)c1N,2209,17333
C=CC=C,Nc1ncnc(N)c1C=O,2209,17334
C=CC=C,Nc1ncnc2[nH]cnc12,2209,17335
C=CC=C,Nc1ncnc2[nH]ncc12,2209,17336
C=CC=C,Nc1ncnc2c1CCN2,2209,17338
C=CC=C,Nc1ncnc2c1CNC2,2209,17339
C=CC=C,Nc1ncnc2cn[nH]c12,2209,17340
C=CC=C,Nc1ncnc2ncnn12,2209,17341
C=CC=C,Nc1ncnc2nonc12,2209,17342
C=CC=C,Nc1ncnc2occc12,2209,17343
C=CC=C,Nc1ncnc2ocnc12,2209,17344
C=CC=C,Nc1ncnn1CC(=O)O,2209,17345
C=CC=C,Nc1ncnn2cccc12,2209,17346
C=CC=C,Nc1nnc(C(F)F)o1,2209,17348
C=CC=C,Nc1nnc(CC2CC2)o1,2209,17350
C=CC=C,Nc1nnc(N)c(N)c1N,2209,17351
C=CC=C,Nc1nnc(NC2CC2)[nH]1,2209,17352
C=CC=C,Nc1nnc(NCCO)[nH]1,2209,17353
C=CC=C,Nc1nnc2[nH]cnn12,2209,17354
C=CC=C,Nc1nnc2cnccn12,2209,17355
C=CC=C,Nc1nnc2n(N)cnn12,2209,17356
C=CC=C,Nc1nnc2n1CCCC2,2209,17357
C=CC=C,Nc1nnc2n1CCCN2,2209,17358
C=CC=C,Nc1nnc2ncccn12,2209,17359
C=CC=C,Nc1nnc2nccnn12,2209,17360
C=CC=C,Nc1nncc2occc12,2209,17361
C=CC=C,Nc1nncn1CC1CC1,2209,17362
C=CC=C,Nc1nncnc1C(=O)O,2209,17363
C=CC=C,Nc1nnn2ccccc12,2209,17364
C=CC=C,Nc1noc(C(F)(F)F)n1,2209,17367
C=CC=C,Nc1noc2c1CCCC2,2209,17368
C=CC=C,Nc1noc2cccnc12,2209,17370
C=CC=C,Nc1noc2ccncc12,2209,17371
C=CC=C,Nc1noc2ncccc12,2209,17372
C=CC=C,Nc1noc2nccnc12,2209,17373
C=CC=C,Nc1nocc1C1CC1,2209,17374
C=CC=C,Nc1nonc1C(F)(F)F,2209,17375
C=CC=C,Nc1nonc1C1CC1,2209,17376
C=CC=C,Nc1onc2c1CCCC2,2209,17377
C=CC=C,Nc1oncc1C1CC1,2209,17378
C=CC=C,Nn1c(CO)nnc1CO,2209,17380
C=CC=C,Nn1ccc(C(=O)O)c1,2209,17381
C=CC=C,O/N=C/C=N/O,2209,17388
C=CC=C,O/N=C/Nc1ccccc1,2209,17389
C=CC=C,O/N=C/Nc1ncccn1,2209,17390
C=CC=C,O/N=C/c1cccnc1F,2209,17391
C=CC=C,O/N=C/c1ccncn1,2209,17392
C=CC=C,O/N=C/c1ccnnc1,2209,17393
C=CC=C,O/N=C/c1cncc(F)c1,2209,17394
C=CC=C,O/N=C1/CCn2cccc21,2209,17397
C=CC=C,O/N=C1/CCn2cnnc21,2209,17398
C=CC=C,O/N=C1/NCCN/C1=N/O,2209,17399
C=CC=C,O/N=C1C(=N/O)\[C@H](O)[C@H]\1O,2209,17400
C=CC=C,O/N=C1\CCCC\C1=N/O,2209,17402
C=CC=C,O/N=C1\Cc2ccccc21,2209,17406
C=CC=C,O/N=C\C1=CCCCC1,2209,17407
C=CC=C,O/N=C\Cc1ccccc1,2209,17408
C=CC=C,O/N=N/c1cnccn1,2209,17409
C=CC=C,O=C(NO)c1cc(=O)[nH]o1,2209,17420
C=CC=C,O=C(O)/C(=N/O)C1CC1,2209,17421
C=CC=C,O=C(O)/C(O)=C(\O)C(=O)O,2209,17422
C=CC=C,O=C(O)/C=C/C1=CCCC1,2209,17423
C=CC=C,O=C(O)/C=C/NC1CC1,2209,17424
C=CC=C,O=C(O)/C=C/[C@H]1CCOC1,2209,17425
C=CC=C,O=C(O)/C=C/c1cc[nH]c1,2209,17426
C=CC=C,O=C(O)/C=C/c1ncco1,2209,17428
C=CC=C,O=C(O)/C=C1/CCC(=O)O1,2209,17429
C=CC=C,O=C(O)/C=C1/CCNC1,2209,17430
C=CC=C,O=C(O)/C=C\C(=O)O,2209,17432
C=CC=C,O=C(O)C#Cc1ccco1,2209,17433
C=CC=C,O=C(O)C(=O)C1CCCC1,2209,17435
C=CC=C,O=C(O)C(=O)CC(F)(F)F,2209,17436
C=CC=C,O=C(O)C(=O)C[C@H](O)CO,2209,17437
C=CC=C,O=C(O)C(=O)N1CCCC1,2209,17438
C=CC=C,O=C(O)C(=O)NCC(F)F,2209,17439
C=CC=C,O=C(O)C(=O)c1c[nH]cn1,2209,17440
C=CC=C,O=C(O)C(=O)c1ccoc1,2209,17441
C=CC=C,O=C(O)C(F)=C1CCCC1,2209,17442
C=CC=C,O=C(O)C1=C(F)CNCC1,2209,17445
C=CC=C,O=C(O)C1=CCCCN1,2209,17446
C=CC=C,O=C(O)C1=CCCOC1,2209,17447
C=CC=C,O=C(O)C1=CNCCC1=O,2209,17448
C=CC=C,O=C(O)C1=COCCO1,2209,17449
C=CC=C,O=C(O)C=C1CC(F)(F)C1,2209,17451
C=CC=C,O=C(O)CCc1c[nH]nn1,2209,17459
C=CC=C,O=C(O)CCc1cc[nH]c1,2209,17460
C=CC=C,O=C(O)CCc1ccno1,2209,17461
C=CC=C,O=C(O)CCc1cnc[nH]1,2209,17462
C=CC=C,O=C(O)CCn1cnnn1,2209,17463
C=CC=C,O=C(O)CNc1ccn[nH]1,2209,17466
C=CC=C,O=C(O)Cc1ccncc1,2209,17469
C=CC=C,O=C(O)Cc1cn[nH]c1O,2209,17470
C=CC=C,O=C(O)Cc1cocn1,2209,17471
C=CC=C,O=C(O)Cc1nonc1O,2209,17473
C=CC=C,O=C(O)Cn1cc(F)cn1,2209,17474
C=CC=C,O=C(O)Cn1cnnc1,2209,17475
C=CC=C,O=C(O)Cn1nnc(O)n1,2209,17477
C=CC=C,O=C(O)[C@@H](F)n1cccn1,2209,17479
C=CC=C,O=C(O)[C@H](O)c1cnc[nH]1,2209,17490
C=CC=C,O=C(O)[C@H](O)n1ccnc1,2209,17491
C=CC=C,O=C(O)c1[nH]cc(F)c1F,2209,17495
C=CC=C,O=C(O)c1c[nH]c(=O)o1,2209,17496
C=CC=C,O=C(O)c1c[nH]ncc1=O,2209,17497
C=CC=C,O=C(O)c1cc(=O)[nH]cn1,2209,17498
C=CC=C,O=C(O)c1cc(=O)cco1,2209,17499
C=CC=C,O=C(O)c1cc(F)n[nH]1,2209,17500
C=CC=C,O=C(O)c1cc[nH]n1,2209,17501
C=CC=C,O=C(O)c1ccc(=O)oc1,2209,17502
C=CC=C,O=C(O)c1ccc(O)nc1,2209,17504
C=CC=C,O=C(O)c1cccc(O)c1,2209,17505
C=CC=C,O=C(O)c1ccn(CO)n1,2209,17506
C=CC=C,O=C(O)c1ccnnc1O,2209,17508
C=CC=C,O=C(O)c1cn[nH]c(=O)c1,2209,17509
C=CC=C,O=C(O)c1cnc(CO)o1,2209,17510
C=CC=C,O=C(O)c1cncc(F)c1,2209,17511
C=CC=C,O=C(O)c1coc(F)n1,2209,17512
C=CC=C,O=C(O)c1ncc[nH]c1=O,2209,17514
C=CC=C,O=C(O)c1nocc1O,2209,17515
C=CC=C,O=C(c1ccco1)C1CC1,2209,17516
C=CC=C,O=C(c1cn[nH]c1)C(F)F,2209,17517
C=CC=C,O=C(c1nnc[nH]1)C1CC1,2209,17518
C=CC=C,O=C1C(=O)C2CCC1CC2,2209,17519
C=CC=C,O=C1CC(=O)C(=O)CC1=O,2209,17551
C=CC=C,O=C1CC(CO)=NC=C1O,2209,17555
C=CC=C,O=C1CC(c2ncc[nH]2)C1,2209,17557
C=CC=C,O=C1CC2=C(CC=C2)O1,2209,17558
C=CC=C,O=C1CCC(C(=O)O)=NN1,2209,17565
C=CC=C,O=C1CCCCC/C1=C/O,2209,17575
C=CC=C,O=C1CCCCC1=O,2209,17576
C=CC=C,O=C1CCCCNC1=O,2209,17583
C=CC=C,O=C1CCCc2[nH]cnc21,2209,17589
C=CC=C,O=C1CCCc2c[nH]nc21,2209,17591
C=CC=C,O=C1CCCc2cc[nH]c21,2209,17592
C=CC=C,O=C1CCCc2ccoc21,2209,17593
C=CC=C,O=C1CCCc2n[nH]cc21,2209,17594
C=CC=C,O=C1CCCc2nonc21,2209,17595
C=CC=C,O=C1CCCc2oncc21,2209,17596
C=CC=C,O=C1CCCn2cncc21,2209,17597
C=CC=C,O=C1CCN(C2CC2)C1=O,2209,17599
C=CC=C,O=C1CC[C@H]2C=CC=C12,2209,17617
C=CC=C,O=C1CCc2[nH]ccc2C1,2209,17622
C=CC=C,O=C1CCc2[nH]ncc21,2209,17623
C=CC=C,O=C1CCc2[nH]ncc2C1,2209,17624
C=CC=C,O=C1CCc2cccnc21,2209,17625
C=CC=C,O=C1CCc2ccncc21,2209,17626
C=CC=C,O=C1CCc2ncccc21,2209,17627
C=CC=C,O=C1CCn2ccnc21,2209,17629
C=CC=C,O=C1CCn2nccc2N1,2209,17630
C=CC=C,O=C1CCn2nnnc2N1,2209,17631
C=CC=C,O=C1CN2C=CC=CC2=N1,2209,17634
C=CC=C,O=C1COCc2[nH]ccc21,2209,17656
C=CC=C,O=C1COc2ccncc21,2209,17661
C=CC=C,O=C1COc2ncccc21,2209,17662
C=CC=C,O=C1C[C@H]2C=CC=C[C@H]2C1,2209,17673
C=CC=C,O=C1C[C@H]2CC=CC=C12,2209,17676
C=CC=C,O=C1Cc2cccc(F)c21,2209,17688
C=CC=C,O=C1Cc2ccccc2O1,2209,17690
C=CC=C,O=C1Cc2cccn2C1,2209,17691
C=CC=C,O=C1Cc2ccncc2N1,2209,17693
C=CC=C,O=C1Cc2cncnc2N1,2209,17694
C=CC=C,O=C1Cc2ncccc2N1,2209,17695
C=CC=C,O=C1Cc2ncccc2O1,2209,17696
C=CC=C,O=C1NC(=O)C(=O)NC1=O,2209,17710
C=CC=C,O=C1NC=C2C(=O)NC=C12,2209,17715
C=CC=C,O=C1NCCc2[nH]ccc21,2209,17724
C=CC=C,O=C1NCCc2c[nH]cc21,2209,17725
C=CC=C,O=C1NCCc2cncn21,2209,17726
C=CC=C,O=C1NCCc2nc[nH]c21,2209,17727
C=CC=C,O=C1NCCc2occc21,2209,17728
C=CC=C,O=C1NCCn2nccc21,2209,17730
C=CC=C,O=C1NCc2cnccc21,2209,17742
C=CC=C,O=C1NCc2nccn21,2209,17743
C=CC=C,O=C1NCc2nccnc21,2209,17744
C=CC=C,O=C1OCc2ccccc21,2209,17768
C=CC=C,O=C1OCc2cn[nH]c21,2209,17770
C=CC=C,O=C1OCc2nonc21,2209,17771
C=CC=C,O=C1O[C@@H]2C=CC=C[C@H]1C2,2209,17772
C=CC=C,O=CC(=O)[C@@H](O)[C@H](O)CO,2209,17789
C=CC=C,O=CC(=O)c1ccncc1,2209,17790
C=CC=C,O=CC1(n2nccn2)CC1,2209,17796
C=CC=C,O=CC1=NN[C@H](C(F)F)C1,2209,17799
C=CC=C,O=CC1=NOC2(COC2)C1,2209,17800
C=CC=C,O=CC1=NO[C@@H]2COC[C@H]12,2209,17801
C=CC=C,O=CC1=NO[C@@H]2OCC[C@H]12,2209,17802
C=CC=C,O=CCCc1ccccn1,2209,17813
C=CC=C,O=CCCc1cnoc1,2209,17814
C=CC=C,O=CCCc1nc[nH]n1,2209,17815
C=CC=C,O=CCc1ccccc1F,2209,17817
C=CC=C,O=CCc1ncccn1,2209,17818
C=CC=C,O=CNCc1ccccc1,2209,17828
C=CC=C,O=CNc1ccc(F)cc1,2209,17830
C=CC=C,O=CNc1ccccc1O,2209,17832
C=CC=C,O=COc1ccccc1,2209,17839
C=CC=C,O=C[C@H]1CCCC(=O)C1=O,2209,17852
C=CC=C,O=Cc1c(O)cccc1F,2209,17857
C=CC=C,O=Cc1c[nH]ccc1=O,2209,17858
C=CC=C,O=Cc1cc(=O)[nH]cc1F,2209,17859
C=CC=C,O=Cc1cc(=O)c(O)co1,2209,17860
C=CC=C,O=Cc1cc(=O)nc[nH]1,2209,17861
C=CC=C,O=Cc1cc(C(=O)O)c[nH]1,2209,17862
C=CC=C,O=Cc1cc(C(F)F)[nH]n1,2209,17863
C=CC=C,O=Cc1cc(C2CC2)n[nH]1,2209,17864
C=CC=C,O=Cc1cc(C2CC2)on1,2209,17866
C=CC=C,O=Cc1cc(F)nc(F)c1,2209,17867
C=CC=C,O=Cc1cc(F)ncc1F,2209,17868
C=CC=C,O=Cc1cc(O)cc(F)c1,2209,17869
C=CC=C,O=Cc1cc(O)ccc1O,2209,17870
C=CC=C,O=Cc1cc2n(n1)CCC2,2209,17871
C=CC=C,O=Cc1cc[nH]c1C(=O)O,2209,17872
C=CC=C,O=Cc1ccc(C(F)F)o1,2209,17873
C=CC=C,O=Cc1ccc(C2CC2)o1,2209,17874
C=CC=C,O=Cc1ccc(C=O)nc1,2209,17875
C=CC=C,O=Cc1ccc(CF)cc1,2209,17876
C=CC=C,O=Cc1ccc(F)c(F)c1,2209,17877
C=CC=C,O=Cc1ccc(F)cc1F,2209,17878
C=CC=C,O=Cc1ccc2n1CCC2,2209,17882
C=CC=C,O=Cc1cccc(CF)n1,2209,17883
C=CC=C,O=Cc1cccc(O)c1O,2209,17884
C=CC=C,O=Cc1cccn1C1CC1,2209,17885
C=CC=C,O=Cc1ccn(C2CC2)c1,2209,17886
C=CC=C,O=Cc1ccn(C2CC2)n1,2209,17887
C=CC=C,O=Cc1ccnc(CO)c1,2209,17889
C=CC=C,O=Cc1ccnn1CCF,2209,17891
C=CC=C,O=Cc1ccoc1C(F)F,2209,17892
C=CC=C,O=Cc1cn(CCO)cn1,2209,17893
C=CC=C,O=Cc1cn2c(n1)CCC2,2209,17895
C=CC=C,O=Cc1cncc(F)c1O,2209,17896
C=CC=C,O=Cc1cnccn1,2209,17897
C=CC=C,O=Cc1cnn(C(F)F)c1,2209,17898
C=CC=C,O=Cc1cnn2c1CCC2,2209,17899
C=CC=C,O=Cc1coc(C(F)F)n1,2209,17901
C=CC=C,O=Cc1cocc1CO,2209,17902
C=CC=C,O=Cc1conc1C1CC1,2209,17903
C=CC=C,O=Cc1n[nH]c2c1CCC2,2209,17904
C=CC=C,O=Cc1nc2c(o1)CCC2,2209,17906
C=CC=C,O=Cc1ncc(O)cn1,2209,17908
C=CC=C,O=Cc1ncoc1C1CC1,2209,17909
C=CC=C,O=Cc1nncn1C1CC1,2209,17910
C=CC=C,O=Cc1noc2c1COC2,2209,17912
C=CC=C,O=Cc1occc1C1CC1,2209,17913
C=CC=C,O=Cn1ccnc1,2209,17914
C=CC=C,O=N/C=C1/C=CC=CN1,2209,17915
C=CC=C,O=NC(=O)C1=CNC=CN1,2209,17916
C=CC=C,O=NC1=C(NO)CCCC1,2209,17918
C=CC=C,O=NC=C1C=CNC=C1,2209,17919
C=CC=C,O=NN(O)c1ccccc1,2209,17922
C=CC=C,O=NNc1nccnn1,2209,17928
C=CC=C,O=Nc1c[nH]c(=O)[nH]c1=O,2209,17930
C=CC=C,O=Nc1cccnc1N=O,2209,17932
C=CC=C,O=c1[nH]c(O)nnc1F,2209,17933
C=CC=C,O=c1[nH]c2ccccc2o1,2209,17936
C=CC=C,O=c1[nH]c2cccnc2[nH]1,2209,17937
C=CC=C,O=c1[nH]c2ccncc2[nH]1,2209,17938
C=CC=C,O=c1[nH]c2nonc2[nH]1,2209,17939
C=CC=C,O=c1[nH]ccc(F)c1F,2209,17940
C=CC=C,O=c1[nH]ccc2[nH]ncc12,2209,17942
C=CC=C,O=c1[nH]ccc2c1CCN2,2209,17943
C=CC=C,O=c1[nH]ccc2c1CCO2,2209,17944
C=CC=C,O=c1[nH]ccc2c1OCC2,2209,17945
C=CC=C,O=c1[nH]ccc2ccoc12,2209,17946
C=CC=C,O=c1[nH]ccc2cn[nH]c12,2209,17947
C=CC=C,O=c1[nH]ccc2occc12,2209,17948
C=CC=C,O=c1[nH]cccc1C1CC1,2209,17949
C=CC=C,O=c1[nH]cnc2[nH]cnc12,2209,17950
C=CC=C,O=c1[nH]cnc2[nH]ncc12,2209,17951
C=CC=C,O=c1[nH]cnc2c1CCC2,2209,17952
C=CC=C,O=c1[nH]cnc2c1CCN2,2209,17953
C=CC=C,O=c1[nH]cnc2c1CN=N2,2209,17954
C=CC=C,O=c1[nH]cnc2ccoc12,2209,17955
C=CC=C,O=c1[nH]cnc2cn[nH]c12,2209,17956
C=CC=C,O=c1[nH]cnc2occc12,2209,17959
C=CC=C,O=c1[nH]cnn2cncc12,2209,17960
C=CC=C,O=c1[nH]ncc2[nH]cnc12,2209,17964
C=CC=C,O=c1[nH]nccc1CO,2209,17965
C=CC=C,O=c1[nH]ncn2cccc12,2209,17966
C=CC=C,O=c1[nH]ncn2ccnc12,2209,17967
C=CC=C,O=c1[nH]oc2cnccc12,2209,17969
C=CC=C,O=c1c(=O)c2ccccc12,2209,17970
C=CC=C,O=c1oc2ccccc2o1,2209,18006
C=CC=C,OC/C=C/c1ccncc1,2209,18008
C=CC=C,OC1(c2c[nH]nn2)CNC1,2209,18009
C=CC=C,OC1(c2ccccc2)CC1,2209,18010
C=CC=C,OC1(c2ccccn2)CC1,2209,18011
C=CC=C,OC1(c2nc[nH]n2)CCC1,2209,18012
C=CC=C,OC1(c2ncc[nH]2)CCC1,2209,18013
C=CC=C,OC1(c2nnn[nH]2)CNC1,2209,18014
C=CC=C,OC1Cc2ccccc2C1,2209,18017
C=CC=C,OCC#Cc1cncnc1,2209,18018
C=CC=C,OCC#Cc1ncccn1,2209,18019
C=CC=C,OCCC#Cc1cn[nH]c1,2209,18028
C=CC=C,OCCCc1ccoc1,2209,18032
C=CC=C,OCCCn1cnnc1,2209,18033
C=CC=C,OCCNCc1cc[nH]n1,2209,18035
C=CC=C,OCCNc1ccccc1,2209,18036
C=CC=C,OCCNc1cnccn1,2209,18037
C=CC=C,OCCOc1ccccc1,2209,18038
C=CC=C,OCCc1ccc(F)nc1,2209,18040
C=CC=C,OCCc1ccc[nH]1,2209,18041
C=CC=C,OCCc1ncc(O)cn1,2209,18042
C=CC=C,OCCc1nccnn1,2209,18043
C=CC=C,OC[C@@H](O)Cn1cccc1,2209,18045
C=CC=C,OC[C@@H](O)c1cn[nH]n1,2209,18046
C=CC=C,OC[C@@H]1CCc2nncn21,2209,18048
C=CC=C,OC[C@H]1CCc2ncnn21,2209,18050
C=CC=C,OC[C@H]1C[C@@H]1c1c[nH]cn1,2209,18051
C=CC=C,OC[C@H]1NCc2[nH]ncc21,2209,18052
C=CC=C,OCc1[nH]nc2c1CCC2,2209,18054
C=CC=C,OCc1c(F)cncc1F,2209,18055
C=CC=C,OCc1c[nH]c(C2CC2)n1,2209,18056
C=CC=C,OCc1c[nH]nc1CO,2209,18057
C=CC=C,OCc1cc(C(F)F)n[nH]1,2209,18058
C=CC=C,OCc1cc(C2CC2)no1,2209,18059
C=CC=C,OCc1ccc(F)cc1F,2209,18062
C=CC=C,OCc1ccc2c(c1)C=C2,2209,18063
C=CC=C,OCc1ccc2c(c1)CC2,2209,18064
C=CC=C,OCc1cccc(O)c1F,2209,18065
C=CC=C,OCc1cccn1C1CC1,2209,18067
C=CC=C,OCc1ccn(C(F)F)n1,2209,18068
C=CC=C,OCc1ccncc1CO,2209,18070
C=CC=C,OCc1cn(CCF)nn1,2209,18072
C=CC=C,OCc1cnc(C2CC2)o1,2209,18073
C=CC=C,OCc1cnc2n1CCC2,2209,18074
C=CC=C,OCc1cnn(C2CC2)c1,2209,18075
C=CC=C,OCc1coc(C2CC2)n1,2209,18076
C=CC=C,OCc1coc(CO)c1,2209,18077
C=CC=C,OCc1n[nH]c(CO)n1,2209,18079
C=CC=C,OCc1nc(F)ccc1F,2209,18080
C=CC=C,OCc1nc[nH]c1CO,2209,18081
C=CC=C,OCc1nccn1C(F)F,2209,18082
C=CC=C,OCc1ncno1,2209,18083
C=CC=C,OCc1nnn2c1CCC2,2209,18085
C=CC=C,OCc1nonc1CO,2209,18086
C=CC=C,ON=Cc1ccc[nH]1,2209,18093
C=CC=C,O[C@@H]1/C=C\C=C/C/C=C\C1,2209,18096
C=CC=C,O[C@@H]1C(F)=CC=C[C@@H]1O,2209,18097
C=CC=C,O[C@@H]1CCCc2c[nH]nc21,2209,18103
C=CC=C,O[C@@H]1CCCc2occc21,2209,18104
C=CC=C,O[C@@H]1CCc2cnccc21,2209,18107
C=CC=C,O[C@@H]1CCc2nc[nH]c2C1,2209,18108
C=CC=C,O[C@@H]1CCc2ncccc21,2209,18109
C=CC=C,O[C@@H]1CCn2ccnc2C1,2209,18110
C=CC=C,O[C@@H]1CCn2nccc2C1,2209,18111
C=CC=C,O[C@H](c1ncn[nH]1)C1CC1,2209,18116
C=CC=C,O[C@H]1C=CN=CN1,2209,18120
C=CC=C,O[C@H]1CCCc2[nH]cnc21,2209,18126
C=CC=C,O[C@H]1CC[C@@H]1n1ccnc1,2209,18127
C=CC=C,O[C@H]1CCc2[nH]ncc2C1,2209,18129
C=CC=C,O[C@H]1CCc2oncc2C1,2209,18130
C=CC=C,O[C@H]1CNc2ccnn2C1,2209,18131
C=CC=C,O[C@H]1COc2ccccc21,2209,18132
C=CC=C,O[C@H]1COc2nccn2C1,2209,18134
C=CC=C,O[C@H]1C[C@H](n2cnnc2)C1,2209,18135
C=CC=C,O[C@H]1Cc2cccc(F)c21,2209,18136
C=CC=C,Oc1[nH]nc2c1CNCC2,2209,18139
C=CC=C,Oc1cc(C2CNC2)[nH]n1,2209,18142
C=CC=C,Oc1cc(F)c(F)cc1F,2209,18144
C=CC=C,Oc1cc(F)cc(F)c1O,2209,18146
C=CC=C,Oc1cc(O)c(O)cc1O,2209,18147
C=CC=C,Oc1cc2c(cn1)NCC2,2209,18148
C=CC=C,Oc1cc2c(nn1)CNC2,2209,18149
C=CC=C,Oc1cc2cc[nH]c2cn1,2209,18150
C=CC=C,Oc1cc2n(n1)CCCC2,2209,18152
C=CC=C,Oc1ccc(C(F)F)cn1,2209,18153
C=CC=C,Oc1ccc(C(F)F)nn1,2209,18154
C=CC=C,Oc1ccc(C2CC2)cn1,2209,18155
C=CC=C,Oc1ccc(F)c(F)c1F,2209,18156
C=CC=C,Oc1ccc(F)cc1,2209,18158
C=CC=C,Oc1ccc(F)cc1O,2209,18159
C=CC=C,Oc1ccc([C@H]2CO2)cc1,2209,18160
C=CC=C,Oc1ccc2[nH]cnc2c1,2209,18161
C=CC=C,Oc1ccc2[nH]ncc2c1,2209,18162
C=CC=C,Oc1ccc2c(c1)CCO2,2209,18163
C=CC=C,Oc1ccc2c(c1)CNC2,2209,18164
C=CC=C,Oc1ccc2n[nH]nc2c1,2209,18166
C=CC=C,Oc1ccc2ncnn2c1,2209,18167
C=CC=C,Oc1ccc2ocnc2c1,2209,18169
C=CC=C,Oc1cccc(N2CC2)c1,2209,18170
C=CC=C,Oc1cccc2[nH]ccc12,2209,18171
C=CC=C,Oc1cccc2c1CCN2,2209,18172
C=CC=C,Oc1cccc2c1CCO2,2209,18173
C=CC=C,Oc1cccc2c1OCC2,2209,18175
C=CC=C,Oc1cccc2cc[nH]c12,2209,18177
C=CC=C,Oc1cccc2cnoc12,2209,18179
C=CC=C,Oc1cccc2nc[nH]c12,2209,18181
C=CC=C,Oc1cccc2ncoc12,2209,18182
C=CC=C,Oc1cccc2occc12,2209,18183
C=CC=C,Oc1ccccc1C1CC1,2209,18184
C=CC=C,Oc1cccn2nnnc12,2209,18186
C=CC=C,Oc1ccn2nccc2c1,2209,18187
C=CC=C,Oc1ccn2ncnc2n1,2209,18188
C=CC=C,Oc1ccnc2[nH]cnc12,2209,18189
C=CC=C,Oc1ccnc2c1CNC2,2209,18191
C=CC=C,Oc1ccnc2cn[nH]c12,2209,18192
C=CC=C,Oc1ccnc2ncnn12,2209,18193
C=CC=C,Oc1ccnn2cccc12,2209,18194
C=CC=C,Oc1cn2ccccc2n1,2209,18195
C=CC=C,Oc1cnc(C2CC2)nc1,2209,18196
C=CC=C,Oc1cnc(CF)cc1O,2209,18197
C=CC=C,Oc1cnc(F)cc1F,2209,18198
C=CC=C,Oc1cnc2[nH]ccc2c1,2209,18199
C=CC=C,Oc1cnc2[nH]cnc2c1,2209,18200
C=CC=C,Oc1cnc2c(c1)CCN2,2209,18201
C=CC=C,Oc1cnc2ccoc2c1,2209,18203
C=CC=C,Oc1cnc2cn[nH]c2n1,2209,18204
C=CC=C,Oc1cnccc1C(F)F,2209,18206
C=CC=C,Oc1cnn(CC(F)F)c1,2209,18207
C=CC=C,Oc1cnn2c1CNCC2,2209,18209
C=CC=C,Oc1cnnc2[nH]ccc12,2209,18210
C=CC=C,Oc1cnnc2ccnn12,2209,18211
C=CC=C,Oc1coc2cccnc12,2209,18213
C=CC=C,Oc1n[nH]c2c1CCCC2,2209,18214
C=CC=C,Oc1n[nH]c2ccncc12,2209,18215
C=CC=C,Oc1n[nH]c2ncccc12,2209,18216
C=CC=C,Oc1nc(C(F)(F)F)no1,2209,18217
C=CC=C,Oc1nc(C2CC2)no1,2209,18218
C=CC=C,Oc1nc(F)c(F)cc1F,2209,18219
C=CC=C,Oc1ncc(O)c(O)n1,2209,18221
C=CC=C,Oc1nccc2cccn12,2209,18222
C=CC=C,Oc1nccc2nncn12,2209,18224
C=CC=C,Oc1nccn2cnnc12,2209,18225
C=CC=C,Oc1ncnc(CF)c1F,2209,18226
C=CC=C,Oc1ncnc2nncn12,2209,18227
C=CC=C,Oc1ncnn2ccnc12,2209,18228
C=CC=C,Oc1nnc(C(F)(F)F)o1,2209,18229
C=CC=C,Oc1nnc2n1NCCC2,2209,18230
C=CC=C,Oc1nncc2c[nH]nc12,2209,18231
C=CC=C,Oc1nncc2ccnn12,2209,18232
C=CC=C,Oc1nncn2nccc12,2209,18234
C=CC=C,Oc1nnnc2n[nH]cc12,2209,18235
C=CC=C,Oc1nnnn1C1CCC1,2209,18236
C=CC=C,Oc1noc2c1CCNC2,2209,18237
C=CC=C,Oc1noc2ccccc12,2209,18238
C=CC=C,c1[nH]cc2c1CCCC2,2209,18240
C=CC=C,c1[nH]cc2c1OCCCO2,2209,18241
C=CC=C,c1[nH]nc2c1CCNCC2,2209,18242
C=CC=C,c1[nH]nc2c1CCOC2,2209,18243
C=CC=C,c1[nH]nc2c1CNCCC2,2209,18244
C=CC=C,c1[nH]nc2c1NCCCC2,2209,18245
C=CC=C,c1c2c(cc3c1CC3)CC2,2209,18247
C=CC=C,c1c[nH]c(C2=NCCC2)c1,2209,18248
C=CC=C,c1c[nH]c(CNC2CC2)c1,2209,18249
C=CC=C,c1c[nH]c(CNC2CC2)n1,2209,18250
C=CC=C,c1c[nH]c([C@H]2CCCN2)c1,2209,18251
C=CC=C,c1cc(C2CCCC2)n[nH]1,2209,18254
C=CC=C,c1cc(C2CNC2)on1,2209,18255
C=CC=C,c1cc(CNC2CC2)co1,2209,18256
C=CC=C,c1cc(C[C@H]2CO2)ccn1,2209,18258
C=CC=C,c1cc2[nH]ccc2cn1,2209,18259
C=CC=C,c1cc2c([nH]1)CCCNC2,2209,18260
C=CC=C,c1cc2c(cn1)CCCO2,2209,18261
C=CC=C,c1cc2c(cn1)COC2,2209,18262
C=CC=C,c1cc2c(cn1)NCCN2,2209,18263
C=CC=C,c1cc2c(nn1)CCNC2,2209,18264
C=CC=C,c1cc2c(o1)CNCC2,2209,18265
C=CC=C,c1cc2cc[nH]c2nn1,2209,18266
C=CC=C,c1cc2ccoc2cn1,2209,18267
C=CC=C,c1cc2cn[nH]c2cn1,2209,18268
C=CC=C,c1cc2n(c1)CCCN2,2209,18271
C=CC=C,c1cc2n(c1)CCCNC2,2209,18272
C=CC=C,c1cc2n(n1)CCCNC2,2209,18273
C=CC=C,c1cc2nc[nH]c2cn1,2209,18274
C=CC=C,c1cc2ocnc2cn1,2209,18275
C=CC=C,c1ccc(C2=NC2)cc1,2209,18276
C=CC=C,c1ccc(C2CC2)nc1,2209,18277
C=CC=C,c1ccc(C2COC2)cc1,2209,18279
C=CC=C,c1ccc(C[C@H]2CN2)cc1,2209,18280
C=CC=C,c1ccc([C@@H]2CCN2)cc1,2209,18281
C=CC=C,c1ccc2[nH]ccc2c1,2209,18282
C=CC=C,c1ccc2[nH]nnc2c1,2209,18283
C=CC=C,c1ccc2c(c1)CCCN2,2209,18284
C=CC=C,c1ccc2c(c1)CCNC2,2209,18285
C=CC=C,c1ccc2c(c1)CCOC2,2209,18286
C=CC=C,c1ccc2c(c1)CNCO2,2209,18287
C=CC=C,c1ccc2c(c1)CNN2,2209,18288
C=CC=C,c1ccc2c(c1)CNOC2,2209,18289
C=CC=C,c1ccc2c(c1)C[C@H]1O[C@@H]21,2209,18290
C=CC=C,c1ccc2c(c1)NCN2,2209,18292
C=CC=C,c1ccc2c(c1)OCCO2,2209,18293
C=CC=C,c1ccc2ccccc2c1,2209,18294
C=CC=C,c1ccc2ncncc2c1,2209,18296
C=CC=C,c1ccc2nnccc2c1,2209,18297
C=CC=C,c1ccc2nncnc2c1,2209,18298
C=CC=C,c1ccc2nocc2c1,2209,18299
C=CC=C,c1ccc2occc2c1,2209,18300
C=CC=C,c1ccc2oncc2c1,2209,18301
C=CC=C,c1ccn(CC[C@H]2CO2)c1,2209,18302
C=CC=C,c1ccn([C@@H]2CCNC2)c1,2209,18303
C=CC=C,c1ccn2nncc2c1,2209,18304
C=CC=C,c1cn(CC2CC2)nn1,2209,18305
C=CC=C,c1cn(CC2CNC2)cn1,2209,18306
C=CC=C,c1cn2c(n1)CCCCC2,2209,18308
C=CC=C,c1cn2c(n1)CNCCC2,2209,18309
C=CC=C,c1cn2c(n1)COCC2,2209,18310
C=CC=C,c1cn2cncc2cn1,2209,18312
C=CC=C,c1cn2cnnc2cn1,2209,18313
C=CC=C,c1cn2ncnc2cn1,2209,18314
C=CC=C,c1cnc(C2CNC2)cn1,2209,18315
C=CC=C,c1cnc(C2CNC2)nc1,2209,18316
C=CC=C,c1cnc(NC2CC2)nc1,2209,18317
C=CC=C,c1cnc2[nH]ccc2n1,2209,18318
C=CC=C,c1cnc2[nH]cnc2n1,2209,18319
C=CC=C,c1cnc2[nH]ncc2c1,2209,18320
C=CC=C,c1cnc2c(c1)CCCO2,2209,18321
C=CC=C,c1cnc2c(c1)CNC2,2209,18322
C=CC=C,c1cnc2c(c1)OCCC2,2209,18323
C=CC=C,c1cnc2c(c1)OCCN2,2209,18324
C=CC=C,c1cnc2c(n1)CCCC2,2209,18325
C=CC=C,c1cnc2c(n1)CNC2,2209,18326
C=CC=C,c1cnc2c(n1)NCCN2,2209,18327
C=CC=C,c1cnc2cc[nH]c2c1,2209,18328
C=CC=C,c1cnc2ccnn2c1,2209,18329
C=CC=C,c1cnc2ccoc2c1,2209,18330
C=CC=C,c1cnc2cnccc2c1,2209,18331
C=CC=C,c1cnc2n[nH]nc2n1,2209,18332
C=CC=C,c1cnc2nc[nH]c2c1,2209,18333
C=CC=C,c1cnc2nccnc2c1,2209,18334
C=CC=C,c1cnc2ncoc2c1,2209,18336
C=CC=C,c1cnc2nnnn2c1,2209,18337
C=CC=C,c1cnc2occc2c1,2209,18338
C=CC=C,c1cnc2ocnc2c1,2209,18339
C=CC=C,c1cncc(NC2CC2)c1,2209,18340
C=CC=C,c1cnn(C2CCCC2)c1,2209,18341
C=CC=C,c1cnn(C2CNC2)n1,2209,18342
C=CC=C,c1cnn(C[C@H]2CO2)c1,2209,18343
C=CC=C,c1cnn2nnnc2n1,2209,18344
C=CC=C,c1cnnc([C@H]2CCN2)c1,2209,18346
C=CC=C,c1coc(C2=NCCC2)c1,2209,18347
C=CC=C,c1coc(C2OCCO2)c1,2209,18348
C=CC=C,c1coc([C@@H]2CCCN2)n1,2209,18349
C=CC=C,c1coc([C@@H]2CCNC2)c1,2209,18350
C=CC=C,c1n[nH]c2c1CCCCC2,2209,18351
C=CC=C,c1n[nH]c2c1CCCN2,2209,18352
C=CC=C,c1n[nH]c2c1CCNC2,2209,18353
C=CC=C,c1n[nH]cc1OC1CCC1,2209,18356
C=CC=C,c1n[nH]cc1[C@@H]1CCOC1,2209,18357
C=CC=C,c1n[nH]nc1[C@@H]1CCNC1,2209,18358
C=CC=C,c1nc(C2CCC2)n[nH]1,2209,18359
C=CC=C,c1nc(CNC2CC2)c[nH]1,2209,18360
C=CC=C,c1nc([C@H]2CCNC2)no1,2209,18361
C=CC=C,c1nc2c([nH]1)CCNCC2,2209,18362
C=CC=C,c1nc2c([nH]1)CCOC2,2209,18363
C=CC=C,c1nc2c(o1)CCNC2,2209,18364
C=CC=C,c1ncc(C2CNC2)cn1,2209,18366
C=CC=C,c1ncc([C@H]2CCCO2)[nH]1,2209,18368
C=CC=C,c1ncc2[nH]cnc2n1,2209,18369
C=CC=C,c1ncc2[nH]ncc2n1,2209,18370
C=CC=C,c1ncc2c(n1)CCCC2,2209,18371
C=CC=C,c1ncc2c(n1)NCCN2,2209,18372
C=CC=C,c1ncc2n[nH]nc2n1,2209,18373
C=CC=C,c1ncc2ncoc2n1,2209,18374
C=CC=C,c1ncn(C2CNC2)n1,2209,18376
C=CC=C,c1ncn2c1CNCC2,2209,18378
C=CC=C,c1nnc(NC2CC2)o1,2209,18379
C=CC=C,c1nnc2n1CCNCC2,2209,18380
C=CC=C,c1nnc2n1NCCC2,2209,18381
C=CC=C,c1nnn2c1CCCC2,2209,18382
C=CC=C,c1noc2c1CNCC2,2209,18383
