index,Diene,Diene_Index,Ene,Ene_Index,Product,Unreverse,Title,Structure_Id,Diene_Distort_p,Ene_Distort_p,Interaction_p,G_E_p,deltaEa_dimp,deltaGa_dimp,Times_1_Diene_Distort_var,Times_1_Distort_var,Times_1_Interaction_var,Times_1_Ene_Distort_var,Times_1_G_mean,Times_2_Diene_Distort_var,Times_2_Ene_Distort_var,Times_2_Interaction_var,Times_2_G_mean,deltaG_pred,deltaG_p,deltaGa_p,deltaGa(Solvent)_p
444,C=CC=C,2209,N#CC(C#N)N=O,16602,[H]C1=C([H])C([H])([H])N(C([H])(C#N)C#N)OC1([H])[H],0,0 3 5 6 10 0,5,22.04361468931833,7.471250095540205,19.60024064511634,15.14391633466872,9.9689135911424,25.11282992581112,0.003035371823655,0.0010728379966559,6.253960201292225e-05,0.0010728379966559,-13.455663915346795,0.031859418534432,0.0051199741164967,0.0001038829860285,-11.613402793735313,-12.740695252899728,-11.531572527310708,22.76667242021422,18.71386637032167
1423,C=CC=C,2209,N[C@H]1N=CN=C2N=NC=C21,17093,[H]C1=N[C@]([H])(N([H])[H])C23C(=N1)N=NC2([H])C([H])([H])C([H])=C([H])C3([H])[H],1,0 3 8 9 10 1,0,18.726275344423016,9.498971968374343,18.21293192465097,15.123419801475595,11.18392343465987,26.307343236135463,0.0753540505044936,0.0123039214488949,0.0361182355321876,0.0123039214488949,-22.623826612297982,0.179870759090304,0.0688459063557568,0.0298285381138231,-21.534732901558847,-20.946024256448013,-20.86915469180257,24.64194086897183,21.822576733830427
1888,C=CC=C,2209,Nc1nc2n(n1)[C@@H](N)N=N2,17299,[H]C1=C([H])C([H])([H])N2N(c3nc(N([H])[H])nn3[C@@]2([H])N([H])[H])C1([H])[H],1,0 3 8 9 10 1,2,21.48103321201848,6.043538745001364,18.45906076544766,15.895917757095246,11.725166976623662,27.62108473371891,0.0007012007652042,0.0006418298250512,0.0001432900086339,0.0006418298250512,-12.124852251388887,0.0013998862682732,0.0176358446136002,2.8402583947168605e-05,-7.432221471457311,-8.670366206404424,-11.10693821577317,24.845811179964823,22.434546098892763
2226,C=CC=C,2209,O=C1C=C(C(F)(F)F)N=N1,17526,[H]C1=C([H])C([H])([H])C2(C(F)(F)F)N=NC(=O)C2([H])C1([H])[H],0,0 3 2 3 10 0,1,17.59736740215817,10.401332771899703,18.607929044330653,15.34963829453599,6.522316287707422,21.87195458224341,0.0034789512345073,0.0017621752716836,0.0025049487197117,0.0017621752716836,-35.36566924227674,0.0014626959742512,0.0077257400265215,0.0010983563220022,-32.87636225875493,-33.21209964215283,-27.317888392526847,25.25321222583957,21.826812904647326
2244,C=CC=C,2209,O=C1C=CC(=O)C(F)=C1,17533,[H]C1=C(F)C(=O)C2([H])C([H])(C1=O)C([H])([H])C([H])=C([H])C2([H])[H],0,0 3 2 3 10 0,1,19.955484125598723,9.500875295515687,19.5658304947654,15.001940844125937,9.346745273893532,24.348686118019465,0.0914533331963017,0.0153836198303812,0.0393766278271853,0.0153836198303812,-19.99263217981396,0.0966087192089792,0.0670819109850806,0.0384734904682746,-19.62232130120424,-22.134049414265185,-19.61761402876684,24.13298876864635,20.28003454700496
2248,C=CC=C,2209,O=C1C=CC(=O)N1C1CC1,17534,[H]C1=C([H])C([H])([H])C2([H])C(=O)N(C3([H])C([H])([H])C3([H])[H])C(=O)C2([H])C1([H])[H],0,0 3 2 3 10 0,1,18.33249589280841,8.49289174336765,16.84822644176294,15.066346372587564,10.13159538919546,25.197941761783024,0.0056140867748568,0.0017790474582627,0.0058643185296117,0.0017790474582627,-23.17464096327213,0.0062578859326044,0.0151488291146414,0.0104763136379186,-22.353723657092736,-23.20692368252697,-22.240872587911475,26.006347197401496,23.410972854114146
2250,C=CC=C,2209,O=C1C=CC(=O)N1CO,17535,[H]OC([H])([H])N1C(=O)C2([H])C([H])(C1=O)C([H])([H])C([H])=C([H])C2([H])[H],0,0 3 2 3 10 0,1,18.125412720004075,7.521342746297981,16.89853241531825,15.031071617556734,9.404934189800844,24.43600580735757,0.0182465418919438,0.0018180369391837,0.0039758616713746,0.0018180369391837,-23.485556179048537,0.0055152448473247,0.022845508403114,0.011347072672275,-22.7028566569996,-25.15277084673039,-24.06213055779668,24.99563732854515,23.00124073579644
2569,C=CC=C,2209,O=C1N=C(O)C(=O)C(=O)N1,17697,[H]OC1=NC(=O)N([H])C(=O)C12OC([H])([H])C([H])=C([H])C2([H])[H],0,0 3 5 6 10 0,5,24.350672952647376,11.556389871582317,28.414259301945805,15.35940962119681,7.319872751199412,22.679282372396223,0.0589651499538343,0.0044527158137109,0.0130598539890279,0.0044527158137109,-8.234099774545456,0.0863542551448669,0.0028319658364322,0.0147181398216561,-9.539598555092176,-6.309067670925806,-7.021827229751196,22.111160714267506,19.343387841023727
2589,C=CC=C,2209,O=C1N=CC2=CC=NC2=N1,17702,[H]C1=NC2=NC(=O)N=C([H])C23C1([H])C([H])([H])C([H])=C([H])C3([H])[H],1,0 3 4 5 10 1,0,20.73231644794873,10.243295991231792,21.7976548357367,14.954670382280916,7.645104317623012,22.59977469990393,0.0162515892289717,0.0147733323081612,0.006008506237106,0.0147733323081612,-22.41057410827939,0.0454649488994513,0.0407606086638226,0.0022361443150268,-21.06540061561189,-22.39781734709712,-19.390964162422428,23.213303429320234,16.007707847109852
2615,C=CC=C,2209,O=C1N=NC(C2CC2)=N1,17707,[H]C1=C([H])C([H])([H])n2c(=O)nc(C3([H])C([H])([H])C3([H])[H])n2C1([H])[H],1,0 3 2 3 10 1,2,20.191135254854693,6.933978640445553,19.839001549823752,15.175775877382025,8.097897383283485,23.27367326066551,0.0065591658844946,0.0169273470160623,0.0002776341662276,0.0169273470160623,-30.81474428057504,0.0159050918598655,0.0896514185295097,0.0006862591996909,-12.707921004170936,-19.315393628415805,-17.79650704720502,22.34817857965032,18.26900631464016
2620,C=CC=C,2209,O=C1N=Nc2ccccc21,17709,[H]C1=C([H])C([H])([H])n2c3c([H])c([H])c([H])c([H])c3c(=O)n2C1([H])[H],1,0 3 2 3 10 1,2,20.63243197530978,4.476175983957818,19.108326335538823,15.302823717606865,8.425344967483433,23.728168685090296,0.0224157086346269,0.014997766258936,0.0005734948170726,0.014997766258936,-23.51018847865789,0.0898302899584727,0.0876127856410668,0.0015400406084874,-16.33413099371927,-18.06536634244999,-16.854183559468446,21.46297917129765,19.21143123737387
2628,C=CC=C,2209,O=C1NC(=O)C2=C1CCC2,17711,[H]C1=C([H])C([H])([H])C23C(=O)N([H])C(=O)C2(C([H])([H])C([H])([H])C3([H])[H])C1([H])[H],0,0 3 5 6 10 0,1,17.24661911958418,10.47898130871901,17.016990698048726,15.753188018400706,9.702049518901449,25.45523753730216,0.0162022378201763,0.0032607235470334,0.0435048953466133,0.0032607235470334,-24.69094747688287,0.0312343164602485,0.0160654151860882,0.0453429779731417,-23.58916791390306,-24.17321725971153,-22.91266633904548,25.808631750476444,23.174483881340016
3011,C=CC=C,2209,O=NC(F)(F)F,17917,[H]C1=C([H])C([H])([H])N(C(F)(F)F)OC1([H])[H],1,0 3 0 1 10 1,0,18.68794127322788,7.01090065575372,19.7384807813257,15.262706423215292,7.827516922086549,23.09022334530184,0.0001808315484343,2.11504533020544e-06,3.1082470575836366e-05,2.11504533020544e-06,-18.2461067108922,0.000135344569676,0.0008187098464488,1.5558316846796944e-05,-16.8164906515861,-17.522730752390885,-17.42323401535144,20.62740728355481,15.684056917093727
3016,C=CC=C,2209,O=NCNCCO,17920,[H]OC([H])([H])C([H])([H])N([H])C([H])([H])N1OC([H])([H])C([H])=C([H])C1([H])[H],0,0 3 0 1 10 0,1,20.80321466024364,4.478642832822935,13.95077257046913,15.386993173235458,10.369818618557463,25.75681179179292,0.000348121259884,0.0242589231490642,0.0001391519445661,0.0242589231490642,-10.927810116505825,0.0108811488033784,0.022969949526797,0.0008471676837603,-9.726281594622913,-8.558953050088974,-9.085574883702591,24.46527729505684,23.21947314708765
3062,C=CC=C,2209,O=Nc1cccnc1N=O,17932,[H]C1=C([H])C([H])([H])N(c2nc([H])c([H])c([H])c2N=O)OC1([H])[H],0,0 3 8 9 10 0,9,22.597144329968653,4.578192899993789,17.91935525544473,15.19930638578606,9.994391349213188,25.193697734999247,0.009153946543664,0.0020270791195965,0.0011700640803761,0.0020270791195965,-12.134720717338425,0.0684172210401878,0.0084784800200653,0.0084562770618128,-8.91271713867674,-10.524981887697017,-9.034845587117111,23.858641087695425,20.59053052351869
4753,C=CC=C,2209,C1=NCC2=CC=NC2=N1,13799,[H]C1=NC([H])([H])C23C(=N1)N=C([H])C2([H])C([H])([H])C([H])=C([H])C3([H])[H],1,0 3 3 4 10 1,0,19.711975064350867,10.600096743714222,18.500306113100635,15.00235135312772,11.041030846496412,26.043382199624133,0.0520369113500567,0.0142125161898959,0.0084576506362555,0.0142125161898959,-18.693422850439617,0.0502839006498101,0.0446646916852069,0.0137901361262372,-19.170277353460666,-18.98408338853914,-17.55879635911085,26.84863268332871,23.47653656653056
1423,CC1=C(C)C(C)=C(C)C1,3001,N[C@H]1N=CN=C2N=NC=C21,17093,[H]C1=N[C@]([H])(N([H])[H])C23C(=N1)N=NC2([H])C1(C([H])([H])[H])C(C([H])([H])[H])=C(C([H])([H])[H])C3(C([H])([H])[H])C1([H])[H],1,1 6 8 9 23 1,0,19.99117216240679,12.141870520515443,26.860609019594527,16.05606670785234,5.650766533717487,21.70683324156983,0.0693699011231792,0.0085843070999479,0.01607751706694,0.0085843070999479,-8.002714876049524,0.1379617550724125,0.0117144662666466,0.0551105053264436,-7.123997847472111,-5.926085525974141,-6.68035196101923,22.95659091113349,21.937391435773627
2225,CC1=C(C)C(C)=C(C)C1,3001,O=C1C=C(C(F)(F)F)N=N1,17526,[H]C([H])([H])C1=C(C([H])([H])[H])C2(C([H])([H])[H])C([H])([H])C1(C([H])([H])[H])C1([H])C(=O)N=NC12C(F)(F)F,1,1 6 2 3 23 1,0,17.309786248115387,11.281476661356768,27.59788739994505,16.32564300589153,-0.6500025128697189,15.67564049302181,0.0068291296143708,0.0006021193292112,0.0025330134419581,0.0006021193292112,-18.851204782336325,0.0006548443270215,0.0068083281962711,0.0030368699324579,-18.16700141560573,-18.676273206308053,-15.116923701303726,18.72511398374141,17.020466740031416
2248,CC1=C(C)C(C)=C(C)C1,3001,O=C1C=CC(=O)N1C1CC1,17534,[H]C([H])([H])C1=C(C([H])([H])[H])C2(C([H])([H])[H])C([H])([H])C1(C([H])([H])[H])C1([H])C(=O)N(C3([H])C([H])([H])C3([H])[H])C(=O)C12[H],0,1 6 2 3 23 0,1,18.76772673297495,10.177405326674036,25.18403471016368,15.60127080762631,3.523518839978085,19.124789647604395,0.002085469339625,0.0072510235599737,0.0070275720898503,0.0072510235599737,-7.282502834717498,0.0062513181546157,0.0102281116217028,0.0273426240609487,-8.96890033083794,-8.088880704540536,-7.740849519990299,22.6262494957948,21.1317373897582
2250,CC1=C(C)C(C)=C(C)C1,3001,O=C1C=CC(=O)N1CO,17535,[H]OC([H])([H])N1C(=O)C2([H])C([H])(C1=O)C1(C([H])([H])[H])C(C([H])([H])[H])=C(C([H])([H])[H])C2(C([H])([H])[H])C1([H])[H],0,1 6 2 3 23 0,1,18.452118277955563,8.851614401179216,24.89196085606025,15.733886385795964,1.936567208246956,17.670453594042918,0.0059780630562174,0.0078469689785377,0.0065744491952958,0.0078469689785377,-9.570281936609211,0.0066508858259034,0.0136275755758667,0.0226052879565496,-10.86774926171566,-11.091856364409344,-10.909386687053257,21.71540952515652,19.80138756440744
2581,CC1=C(C)C(C)=C(C)C1,3001,O=C1N=CC(F)=C[C@H]1F,17700,[H]C1=NC(=O)[C@]([H])(F)C2([H])C1(F)C1(C([H])([H])[H])C(C([H])([H])[H])=C(C([H])([H])[H])C2(C([H])([H])[H])C1([H])[H],0,1 6 4 6 23 0,1,19.98258140164795,14.655198911596228,27.936159387377145,15.665712526417092,6.677415423229469,22.34312794964656,0.0651203497088991,0.0485440646146475,0.0554440798255279,0.0485440646146475,-6.6048896375841935,0.1098725937616213,0.0853688478693223,0.0447651639753135,-7.223731382773671,-5.853219944262989,-6.729646194669197,24.76065118878461,21.956223793191487
2589,CC1=C(C)C(C)=C(C)C1,3001,O=C1N=CC2=CC=NC2=N1,17702,[H]C1=NC2=NC(=O)N=C([H])C23C1([H])C1(C([H])([H])[H])C(C([H])([H])[H])=C(C([H])([H])[H])C3(C([H])([H])[H])C1([H])[H],1,1 6 4 5 23 1,0,20.156533807303493,12.059890319601,30.825655343900195,15.668113228383795,0.2100524715865077,15.878165699970303,0.0078603883452119,0.0109460710608514,0.0032359720373457,0.0109460710608514,-8.034337959813534,0.0103842914802966,0.014665997973404,0.0040386944124276,-7.593434979556228,-8.573557689479834,-7.800770597633736,19.00573029286309,14.557570954003214
2627,CC1=C(C)C(C)=C(C)C1,3001,O=C1NC(=O)C2=C1CCC2,17711,[H]N1C(=O)C23C([H])([H])C([H])([H])C([H])([H])C2(C1=O)C1(C([H])([H])[H])C(C([H])([H])[H])=C(C([H])([H])[H])C3(C([H])([H])[H])C1([H])[H],1,1 6 5 6 23 1,0,19.446978310835377,13.560391133947777,26.33442223406085,16.970539161942792,4.734582560795708,21.7051217227385,0.0076546260930096,0.0032347459877939,0.0084174167552448,0.0032347459877939,-8.371950763254596,0.0104828599116865,0.0159520174814717,0.0277403840305014,-8.118989757775992,-8.08392860534208,-6.633264793785436,23.484895847870213,23.04246884531424
2720,CC1=C(C)C(C)=C(C)C1,3001,O=CC#CC(F)(F)F,17787,[H]C(=O)C1=C(C(F)(F)F)C2(C([H])([H])[H])C(C([H])([H])[H])=C(C([H])([H])[H])C1(C([H])([H])[H])C2([H])[H],1,1 6 2 3 23 1,0,12.384571410425115,13.697423347800088,22.45926032721136,15.478316151625442,4.766980130777604,20.245296282403046,0.0039682711224147,0.0022109131590029,0.0122889058689535,0.0022109131590029,-21.5988854722516,0.0020174235029103,0.0201046264616807,0.0035510991975758,-18.538566567345804,-20.794144401742884,-26.44164996373157,21.148668808639723,21.658819947090297
3011,CC1=C(C)C(C)=C(C)C1,3001,O=NC(F)(F)F,17917,[H]C([H])([H])C1=C(C([H])([H])[H])C2(C([H])([H])[H])N(C(F)(F)F)OC1(C([H])([H])[H])C2([H])[H],1,1 6 0 1 23 1,0,18.00788722941044,8.040113324612353,29.31038776463113,15.396012043265245,-3.886131974466643,11.5098800687986,0.0002429278433356,3.167393084427951e-05,7.354421572280011e-05,3.167393084427951e-05,-8.459630200925432,7.619008968927542e-05,0.0015952218928037,0.0002389551963137,-7.708246176464691,-7.702837497220898,-5.728522351721537,15.673348714263224,11.873334386055395
3406,CC1=C(C)C(C)=C(C)C1,3001,OC1=C(O)c2ccccc21,18015,[H]OC12c3c([H])c([H])c([H])c([H])c3C1(O[H])C1(C([H])([H])[H])C(C([H])([H])[H])=C(C([H])([H])[H])C2(C([H])([H])[H])C1([H])[H],1,1 6 1 2 23 1,0,14.682983873170436,12.727517418247892,19.74736148779363,15.799016533748706,6.565712787878212,22.36472932162692,0.0161747062674476,0.0080982474954313,0.0187368171851789,0.0080982474954313,-27.741616390532528,0.0282049544260868,0.0235394885448846,0.0090032770087663,-28.94634410369025,-27.35125956484456,-24.16719276060429,21.489008529413105,22.53149827669536
3421,CC1=C(C)C(C)=C(C)C1,3001,OCC1=Cc2ccccc21,18025,[H]OC([H])([H])C12c3c([H])c([H])c([H])c([H])c3C1([H])C1(C([H])([H])[H])C(C([H])([H])[H])=C(C([H])([H])[H])C2(C([H])([H])[H])C1([H])[H],1,1 6 2 3 23 1,0,14.225075115576312,9.740819458103749,19.67496047529882,15.450897298769776,3.240977561082939,18.69187485985272,0.0196680272362566,0.0170176778419547,0.0951007996417879,0.0170176778419547,-20.91947513473029,0.0718050410805804,0.0314117990840792,0.1074052664741567,-20.41640093899428,-24.857237416201343,-25.25289367103609,19.9586025657294,21.19679232430264
3521,CC1=C(C)C(C)=C(C)C1,3001,O[C@@H]1CC/C=C/CCC1,18100,[H]O[C@@]1([H])C([H])([H])C([H])([H])C([H])([H])C2([H])C3(C([H])([H])[H])C(C([H])([H])[H])=C(C([H])([H])[H])C(C([H])([H])[H])(C3([H])[H])C2([H])C([H])([H])C1([H])[H],0,1 6 6 5 23 0,1,16.43544480189604,1.515102541445447,12.791201045151563,14.893136386087098,3.1808274156640106,18.07396380175111,0.088286394598326,0.1072108208899784,0.035031254279008,0.1072108208899784,-17.438743553616398,0.4006845533349502,0.0355830093269008,0.0087422995826409,-16.91039244576607,-16.282271074583107,-14.562500682551963,20.15321017227369,20.91650412461702
5016,CC1=C(C)C(C)=C(C)C1,3001,C=CC(=O)NC(=N)NC#N,13956,[H]N=C(N([H])C#N)N([H])C(=O)C1([H])C2(C([H])([H])[H])C(C([H])([H])[H])=C(C([H])([H])[H])C(C([H])([H])[H])(C2([H])[H])C1([H])[H],1,1 6 0 1 23 1,0,20.26041799724085,10.956367761901992,23.97176618134988,15.84835866861994,6.110546302225785,21.95890497084572,0.0078050382234427,0.0047266723384215,0.0030506903040584,0.0047266723384215,-5.799747185094674,0.0056977982606937,0.0074436172559393,0.009985350550321,-6.804753255767984,-6.7016516610630354,-5.46998274283802,23.90554414852829,23.633928309192417
444,C=C(C)C(=C)C,11946,N#CC(C#N)N=O,16602,[H]C([H])([H])C1=C(C([H])([H])[H])C([H])([H])N(C([H])(C#N)C#N)OC1([H])[H],0,0 4 5 6 16 0,5,22.85744973462373,8.264087387342538,23.19915373092604,14.485027286831624,6.868518412310891,21.353545699142515,8.388835840094384e-05,0.0003987435708926,0.0001117363438119,0.0003987435708926,-14.831301222512836,0.013446941549562,0.0041426915307626,0.0001124962599187,-14.744924929785554,-13.3832076287868,-11.60585775693469,21.878055405971207,16.505319364933598
1423,C=C(C)C(=C)C,11946,N[C@H]1N=CN=C2N=NC=C21,17093,[H]C1=N[C@]([H])(N([H])[H])C23C(=N1)N=NC2([H])C([H])([H])C(C([H])([H])[H])=C(C([H])([H])[H])C3([H])[H],1,0 4 8 9 16 1,0,19.4240027429702,9.313668506874777,20.559498588447774,14.611808046268104,10.274160796442144,24.88596884271025,0.0416754851926106,0.0129463895103727,0.0588077676754744,0.0129463895103727,-22.52265216392101,0.1750557661367609,0.049923678394307,0.0750887710024516,-20.617429746612068,-22.079205489588595,-23.287524403607023,22.86349583219948,19.04591287078249
1888,C=C(C)C(=C)C,11946,Nc1nc2n(n1)[C@@H](N)N=N2,17299,[H]N([H])c1nc2n(n1)[C@@]([H])(N([H])[H])N1N2C([H])([H])C(C([H])([H])[H])=C(C([H])([H])[H])C1([H])[H],1,0 4 8 9 16 1,2,23.85235263811605,8.009619503223412,23.256185068123663,15.637731056046832,10.237512878373296,25.875243934420126,0.0001285148686932,0.0021089512313144,0.0003358325285564,0.0021089512313144,-9.936718291161952,0.0003591036906031,0.0330181898105616,2.4465588085717968e-05,-9.659152834392287,-9.799605625014578,-8.599645620845727,25.76171352955255,22.812807397564377
2174,C=C(C)C(=C)C,11946,O=C(O)[C@@H]1C=CC=NC1=O,17480,[H]OC(=O)[C@@]1([H])C(=O)N=C([H])C2([H])C1([H])C([H])([H])C(C([H])([H])[H])=C(C([H])([H])[H])C2([H])[H],0,0 4 4 5 16 0,1,21.44760297805349,11.86157884405519,22.46376046528326,15.079336115128177,9.384545766334398,24.463881881462576,0.0214257427829203,0.0220574802418084,0.0679409489303797,0.0220574802418084,-18.50637070088916,0.0919825615493185,0.0479220823978881,0.1588588155292289,-19.759704685809385,-21.00337793484888,-19.667136196481582,27.07074136529319,23.337584298347544
2226,C=C(C)C(=C)C,11946,O=C1C=C(C(F)(F)F)N=N1,17526,[H]C([H])([H])C1=C(C([H])([H])[H])C([H])([H])C2(C(F)(F)F)N=NC(=O)C2([H])C1([H])[H],0,0 4 2 3 16 0,1,18.65174164449844,10.708383507245465,21.84361262791941,14.798845753170095,4.558193920659846,19.35703967382994,0.0012755081523361,0.0026585480653673,0.0039533418600403,0.0026585480653673,-36.53685420824429,0.0017926174159582,0.0091893965133791,0.0022216577083567,-33.95886307895607,-34.80067137193383,-29.24794985547989,22.96926429184104,19.45040349426529
2244,C=C(C)C(=C)C,11946,O=C1C=CC(=O)C(F)=C1,17533,[H]C1=C(F)C(=O)C2([H])C([H])(C1=O)C([H])([H])C(C([H])([H])[H])=C(C([H])([H])[H])C2([H])[H],0,0 4 2 3 16 0,1,21.467551904601788,9.767979302730131,23.73894083183172,14.66176517443214,7.024314120977884,21.686079295410025,0.0275210537550119,0.013361729101825,0.1751151496036902,0.013361729101825,-20.06696217429758,0.0408984007153825,0.0233713860484368,0.2637268427761925,-20.19814122060096,-22.80580876512632,-20.70604650234818,21.785720301395507,16.680116342054134
2248,C=C(C)C(=C)C,11946,O=C1C=CC(=O)N1C1CC1,17534,[H]C([H])([H])C1=C(C([H])([H])[H])C([H])([H])C2([H])C(=O)N(C3([H])C([H])([H])C3([H])[H])C(=O)C2([H])C1([H])[H],0,0 4 2 3 16 0,1,19.34128070478629,8.813701398448208,19.44253460606958,14.588678919253365,8.602969111271335,23.191648030524696,0.0010943617683692,0.0063427707045035,0.0149051695715737,0.0063427707045035,-22.9266862375448,0.0048441914787412,0.035301751004996,0.0451104457166874,-22.69855313926133,-24.381645763159987,-23.764272614807915,23.810521130856053,21.16736098131453
2250,C=C(C)C(=C)C,11946,O=C1C=CC(=O)N1CO,17535,[H]OC([H])([H])N1C(=O)C2([H])C([H])(C1=O)C([H])([H])C(C([H])([H])[H])=C(C([H])([H])[H])C2([H])[H],0,0 4 2 3 16 0,1,19.35375904330164,8.32507410779793,19.917258439507528,14.617346181240144,7.449939478786778,22.06728566002692,0.0055257172185368,0.008605705256989,0.0163231120716101,0.008605705256989,-23.96832857350816,0.0038576629682059,0.032444863932776,0.0612083377990406,-24.85185425124478,-26.83829782840197,-25.600384778640617,23.75088674028288,21.169002259247208
2292,C=C(C)C(=C)C,11946,O=C1C=Cc2ccccc21,17549,[H]c1c([H])c([H])c2c(c1[H])C(=O)C1([H])C2([H])C([H])([H])C(C([H])([H])[H])=C(C([H])([H])[H])C1([H])[H],0,0 4 2 3 16 0,1,20.648887121041906,8.36344522313679,18.405697492744448,14.19244766217416,9.885036221323231,24.0774838834974,0.0103555369018042,0.0345232760705199,0.1643452636203765,0.0345232760705199,-22.416492967523148,0.0151610354597641,0.0704876193784896,0.250206953019177,-22.45188632084588,-22.011308473127585,-20.261713261197933,25.88671245289053,22.77275790043793
2294,C=C(C)C(=C)C,11946,O=C1C=c2ccccc2=N1,17550,[H]C1=C([H])C([H])=C([H])C23C1=NC(=O)C2([H])C([H])([H])C(C([H])([H])[H])=C(C([H])([H])[H])C3([H])[H],0,0 4 2 3 16 0,1,21.573146902193542,12.047336335217349,22.531543271401787,14.530781479581522,10.84775674368572,25.37853822326724,0.0245728805431574,0.016570724435588,0.0772043616214963,0.016570724435588,-15.070884359972297,0.068904372442671,0.0326857080030567,0.1293366749366095,-14.811976994161943,-14.689731244318772,-16.6834784252912,25.92879050980205,22.06488966802123
2569,C=C(C)C(=C)C,11946,O=C1N=C(O)C(=O)C(=O)N1,17697,[H]OC1=NC(=O)N([H])C(=O)C12OC([H])([H])C(C([H])([H])[H])=C(C([H])([H])[H])C2([H])[H],0,0 4 5 6 16 0,5,25.0426090437542,13.190085393963686,31.389817673510223,14.984963068573538,7.043768151502992,22.02873122007653,0.0032995362017355,0.0023333853049863,0.0347080901477169,0.0023333853049863,-7.979799876380795,0.0144588613988493,0.0076021921745447,0.0207784516020413,-8.404024650020347,-7.29144330452155,-6.381180282552002,21.64647960381668,17.482546718229273
2580,C=C(C)C(=C)C,11946,O=C1N=CC(F)=C[C@H]1F,17700,[H]C1=NC(=O)[C@]([H])(F)C2([H])C1(F)C([H])([H])C(C([H])([H])[H])=C(C([H])([H])[H])C2([H])[H],1,0 4 4 6 16 1,0,19.560619554175283,13.520074222199444,19.767598160416696,14.120105021734847,12.980250360144993,27.10035538187984,0.0078893681214688,0.0179434697382899,0.1094753308049534,0.0179434697382899,-23.71850560232661,0.0583565813740704,0.0674956642472779,0.0309856700990795,-24.72564084168817,-24.175031194365985,-25.30463538911326,26.457450911320706,22.65421340527476
2584,C=C(C)C(=C)C,11946,O=C1N=CC2(N=N2)C(=O)N1,17701,[H]N1C(=O)N2C([H])(C3(N=N3)C1=O)C([H])([H])C(C([H])([H])[H])=C(C([H])([H])[H])C2([H])[H],1,0 4 2 3 16 1,2,23.374215815260925,12.196487998793224,25.87705417865083,15.178490329027309,11.46634434140942,26.64483467043673,8.24990465559305e-05,0.0247577760090258,0.0340017880447926,0.0247577760090258,-20.48093402571661,0.0318202931252373,0.0527307543709686,0.0751290088076055,-20.4996202980604,-19.691175147774672,-17.145978153970496,25.515630991881483,21.90721978693972
2589,C=C(C)C(=C)C,11946,O=C1N=CC2=CC=NC2=N1,17702,[H]C1=NC2=NC(=O)N=C([H])C23C1([H])C([H])([H])C(C([H])([H])[H])=C(C([H])([H])[H])C3([H])[H],1,0 4 4 5 16 1,0,21.59353542218809,10.260699607523836,26.208103997346853,14.525985071039557,4.83706908647024,19.3630541575098,0.0060961896330975,0.0257877669479934,0.0159965946977473,0.0257877669479934,-21.74799063151191,0.0498426923160451,0.0463304475939434,0.013250166129837,-20.078934827262145,-23.188298415801803,-22.28680562085525,20.151909524215643,11.338955094764366
2592,C=C(C)C(=C)C,11946,O=C1N=CC=C2N=CN=C12,17703,[H]C1=NC23C(=N1)C(=O)N=C([H])C2([H])C([H])([H])C(C([H])([H])[H])=C(C([H])([H])[H])C3([H])[H],0,0 4 4 5 16 0,1,23.021723620984208,13.95863839338988,22.65070209715718,14.529917271764235,12.748905773409176,27.27882304517341,0.0611317805943004,0.0280429691241619,0.0654340393352451,0.0280429691241619,-17.320138148404894,0.1502145146408922,0.0653611483406802,0.0944332442560372,-17.484609432848224,-17.062551643118447,-17.045570348789802,27.85146720854595,21.65449936835057
2615,C=C(C)C(=C)C,11946,O=C1N=NC(C2CC2)=N1,17707,[H]C([H])([H])C1=C(C([H])([H])[H])C([H])([H])n2c(=O)nc(C3([H])C([H])([H])C3([H])[H])n2C1([H])[H],1,0 4 2 3 16 1,2,23.13306528542793,8.526468055095641,25.90364292961753,14.78211829257935,5.779561831049648,20.561680123629,0.0006999462613682,0.020660829245176,0.0011173532878736,0.020660829245176,-25.443075325983337,0.0056650523282016,0.0274240032763672,0.0007213783876713,-14.001892519037128,-18.491797331709748,-13.481395909928947,22.129035229170483,16.80226682385968
2620,C=C(C)C(=C)C,11946,O=C1N=Nc2ccccc21,17709,[H]c1c([H])c([H])c2c(c1[H])c(=O)n1n2C([H])([H])C(C([H])([H])[H])=C(C([H])([H])[H])C1([H])[H],1,0 4 2 3 16 1,2,22.788136341089785,6.273639134705697,24.973210012729464,14.901091623746844,6.084858768268038,20.98595039201488,0.0021633986249716,0.0323973893905052,0.0020217692780002,0.0323973893905052,-21.16619410099304,0.0134133515012536,0.0371329423829813,0.0012787547109187,-19.032846500985087,-18.533415497664485,-15.73710487894988,20.862478712864263,17.761720290572857
2628,C=C(C)C(=C)C,11946,O=C1NC(=O)C2=C1CCC2,17711,[H]N1C(=O)C23C([H])([H])C([H])([H])C([H])([H])C2(C1=O)C([H])([H])C(C([H])([H])[H])=C(C([H])([H])[H])C3([H])[H],0,0 4 5 6 16 0,1,18.239607237029404,10.465157174023396,19.53702235100053,15.200441854523978,8.117118108276713,23.317559962800694,0.008141203363408,0.0041120323730731,0.0351078686389295,0.0041120323730731,-26.55019917477181,0.0268019171007447,0.0066930019685365,0.035762042643846,-27.66992510233242,-25.571470743108264,-23.74830141903898,23.97852169482676,21.424364599028287
2672,C=C(C)C(=C)C,11946,O=C1NCN=C2N=CN=C12,17733,[H]C1=NC2=NC([H])([H])N([H])C(=O)C23N1C([H])([H])C(C([H])([H])[H])=C(C([H])([H])[H])C3([H])[H],1,0 4 8 9 16 1,6,22.93943710726119,12.667973642075196,23.54716211078713,15.041378618689585,11.348964197577036,26.39034281626662,0.0158903574403506,0.0147598226945966,0.0133705552887291,0.0147598226945966,-15.747540260341786,0.0245261586856623,0.0508213436904049,0.0272853826319876,-16.02111979841296,-16.359544686961463,-14.424499672932178,26.146570124150195,22.37664819585522
2722,C=C(C)C(=C)C,11946,O=CC(=O)/C=C\[C@H](O)CO,17788,[H]OC([H])([H])[C@@]([H])(O[H])C1([H])C([H])([H])C(C([H])([H])[H])=C(C([H])([H])[H])C([H])([H])C1([H])C(=O)C([H])=O,0,0 4 4 5 16 0,1,22.338557113876348,13.116137649625632,23.05784807547776,15.024721799814158,11.030480767378698,26.055202567192858,0.0424501069252314,0.0131632594914046,0.1246648976347334,0.0131632594914046,-17.270830580346555,0.0710194893435426,0.037083720302903,0.2460459346888425,-17.190405001071255,-19.03767552702364,-17.56551693182901,27.703326578521207,23.82496065136762
3011,C=C(C)C(=C)C,11946,O=NC(F)(F)F,17917,[H]C([H])([H])C1=C(C([H])([H])[H])C([H])([H])N(C(F)(F)F)OC1([H])[H],1,0 4 0 1 16 1,0,20.672027937366813,8.655860125970777,24.979922763661364,14.651406626849878,5.273823923989141,19.92523055083901,3.615176037167407e-05,1.2292864662757428e-05,1.4602611858974231e-05,1.2292864662757428e-05,-20.99513715547438,4.5321181016028185e-05,0.0018614314671917,7.278825604750311e-05,-19.82920046426181,-19.29505283277144,-15.998261422237036,19.66465038515468,13.775296837075793
3016,C=C(C)C(=C)C,11946,O=NCNCCO,17920,[H]OC([H])([H])C([H])([H])N([H])C([H])([H])N1OC([H])([H])C(C([H])([H])[H])=C(C([H])([H])[H])C1([H])[H],0,0 4 0 1 16 0,1,22.5864294172802,5.153689797700324,16.845995828235825,14.63505468765673,8.591265049988472,23.2263197376452,0.0001134020527155,0.0176703380375152,0.0001408168069188,0.0176703380375152,-14.049655540475356,0.0140975072628081,0.0080072739039931,0.0006292728460227,-13.529423882971066,-10.458393022847332,-7.855765812180898,25.23579377277167,23.126687491983542
3062,C=C(C)C(=C)C,11946,O=Nc1cccnc1N=O,17932,[H]c1nc(N2OC([H])([H])C(C([H])([H])[H])=C(C([H])([H])[H])C2([H])[H])c(N=O)c([H])c1[H],0,0 4 8 9 16 0,9,24.05519953847849,5.961804088387847,21.088804663899705,14.462399855091777,8.48766284654966,22.95006270164144,0.0010956042188119,0.0019653041892386,0.0018592120294933,0.0019653041892386,-11.88730463107668,0.0158633864270088,0.0049531930558521,0.0121338194832757,-9.308783839537114,-11.424559751954687,-7.711065888311445,24.94235166557761,21.04107070204243
3421,C=C(C)C(=C)C,11946,OCC1=Cc2ccccc21,18025,[H]OC([H])([H])C12c3c([H])c([H])c([H])c([H])c3C1([H])C([H])([H])C(C([H])([H])[H])=C(C([H])([H])[H])C2([H])[H],1,0 4 2 3 16 1,0,15.030069782380949,9.69081537120556,15.7318623291391,14.150612660872827,8.0902732062393,22.240885867112127,0.0021151782505133,0.0408917255105664,0.2015913316758212,0.0408917255105664,-37.78460345873226,0.1570378787003042,0.0509373930091382,0.1895428228365565,-36.811493198553165,-41.53318899858587,-42.84378427788421,23.01660983407703,22.740355612040503
4289,C=C(C)C(=C)C,11946,N#CC(=N)C(=N)C#N,13033,[H]N=C(C#N)C1(C#N)N([H])C([H])([H])C(C([H])([H])[H])=C(C([H])([H])[H])C1([H])[H],1,0 4 4 5 16 1,4,23.70570194315725,12.547872174354682,23.71772087789789,14.51084581420997,12.20249593053203,26.713341744742003,0.0056293746916584,0.000700842576544,0.0111731376148318,0.000700842576544,-14.156253328025166,0.0091928785532197,0.0472011881706091,0.0067854561471566,-14.90017126113736,-14.346952998591547,-11.32568836537076,27.769493435893704,23.831604497702426
4617,C=C(C)C(=C)C,11946,C/N=C(\C#N)C(=O)C(=O)O,13744,[H]OC(=O)C1(/C(C#N)=N/C([H])([H])[H])OC([H])([H])C(C([H])([H])[H])=C(C([H])([H])[H])C1([H])[H],1,0 4 5 6 16 1,4,24.59129641983393,15.394970124610664,29.99817422922868,15.619465045589688,11.404638839761464,27.02410388535116,0.0018336559506628,0.0023275446831499,0.0062850693845806,0.0023275446831499,-6.339951517736367,0.0059915420975166,0.0211146534802838,0.0035654161022685,-7.191680064321581,-5.920790342088388,-5.253067604903148,26.717393637427296,23.022983771908528
4753,C=C(C)C(=C)C,11946,C1=NCC2=CC=NC2=N1,13799,[H]C1=NC([H])([H])C23C(=N1)N=C([H])C2([H])C([H])([H])C(C([H])([H])[H])=C(C([H])([H])[H])C3([H])[H],1,0 4 3 4 16 1,0,20.816652593779605,10.333907627818569,21.546332967767707,14.490958281293864,8.684937358715136,23.175895640009,0.0145327782356133,0.016862488521301,0.0267376751521948,0.016862488521301,-19.186542256989327,0.0367701435826376,0.0505687873352684,0.0561573703390159,-19.6836887164746,-20.174446673650262,-19.748605392798545,24.403014570452548,20.46657865790925
5652,C=C(C)C(=C)C,11946,CC1=C(CCO)C(=O)N=N1,14530,[H]OC([H])([H])C([H])([H])C12C(=O)N=NC1(C([H])([H])[H])C([H])([H])C(C([H])([H])[H])=C(C([H])([H])[H])C2([H])[H],0,0 4 1 2 16 0,1,21.99642102335622,15.025166094403398,23.1856260639693,15.35615778726843,14.464199608526876,29.820357395795305,0.0316778188136412,0.0242081873179079,0.0810570368733775,0.0242081873179079,-17.73050031627126,0.0914264422134797,0.055278101883815,0.0551759403701751,-17.759049670444874,-17.418458357154343,-15.834484848395846,28.34887683896548,23.665811447808903
5662,C=C(C)C(=C)C,11946,CC1=CC(=O)C=C(C)C1=O,14535,[H]C1=C(C([H])([H])[H])C(=O)C2(C([H])([H])[H])C([H])(C1=O)C([H])([H])C(C([H])([H])[H])=C(C([H])([H])[H])C2([H])[H],0,0 4 5 6 16 0,3,22.104714077394004,12.736674403947678,23.6263004598277,15.290741723956344,11.129005043288046,26.41974676724439,0.0499514236079969,0.0341265422404439,0.0985282112431722,0.0341265422404439,-12.846635055591648,0.0631610030476946,0.0278075442959137,0.0902039692296496,-15.795706847493513,-15.539480686865945,-16.401820929629913,27.664168827223527,22.86076505444626
5419,C#Cc1ccoc1C,11977,O=CC#CC(F)(F)F,17787,[H]C#CC1=C([H])C2([H])OC1(C([H])([H])[H])C(C(F)(F)F)=C2C([H])=O,1,6 4 3 2 14 1,1,14.601276610867966,15.191845656031608,22.13429099159205,15.578508023749746,9.419494769407011,24.99800279315676,5.622067582649948e-05,0.0265813278498261,0.0096356264915235,0.0265813278498261,-4.285266921728272,0.0023475631367679,0.0178580700404319,0.023353697148516,-4.343007731871552,-5.409402862568989,-8.341997036043239,23.041593529730257,22.82284778089468
6804,C#Cc1ccoc1C,11977,OCC1=Cc2ccccc21,18025,[H]C#CC1=C([H])C2([H])OC1(C([H])([H])[H])C1([H])c3c([H])c([H])c([H])c([H])c3C21C([H])([H])O[H],1,6 4 3 2 14 1,2,15.280191539915194,12.25484943813338,20.152779377013648,14.993976171339582,8.184811076594375,23.17878724793396,0.0797934684312385,0.0196061198528706,0.1261797307518964,0.0196061198528706,-10.285017296620689,0.4367807610525142,0.0088688958690549,0.2934396285648508,-11.05297412990688,-12.439191477160463,-14.195854794140928,21.647145084731,22.70279430233802
5160,C/C(=C\N=O)NO,11985,O=C1N=CC2=CC=NC2=N1,17702,[H]ON([H])C1(C([H])([H])[H])C([H])=NOC23C([H])=NC(=O)N=C2N=C([H])C31[H],1,1 4 5 4 13 1,2,22.92111535344561,9.86979075848848,24.855943273583403,15.899279014457791,8.30192662751141,24.201205641969203,0.0133875823048357,0.0086680366935731,0.0076026386347067,0.0086680366935731,-9.962459980836265,0.0282181951431057,0.0502780872794668,0.0316647179561657,-9.256942392298022,-11.188629947608874,-12.811379508964356,24.49662081860632,19.896285360178585
4439,C/C=C(C)/C=N\NC,11994,O=C1C=C(C(F)(F)F)N=N1,17526,[H]C1=C(C([H])([H])[H])C([H])(C([H])([H])[H])C2([H])C(=O)N=NC2(C(F)(F)F)N1N([H])C([H])([H])[H],1,1 5 2 3 20 1,0,17.40653940542972,13.351285508600938,23.90102495436989,16.50163973749082,6.285434683391038,22.78707442088185,0.0015905312922137,0.0001963409995843,0.0019936321072588,0.0001963409995843,-20.651076101202023,0.0018521169001811,0.0035131284321466,0.0012045486233607,-20.78621265602205,-20.3897220229728,-14.472106314035097,24.78693413000886,23.3998501312792
5160,C/C=C(C)/C=N\NC,11994,O=C1N=CC2=CC=NC2=N1,17702,[H]C1=NC(=O)N=C2N=C([H])C3([H])C12N(N([H])C([H])([H])[H])C([H])=C(C([H])([H])[H])C3([H])C([H])([H])[H],1,1 5 5 4 20 1,2,18.826197209727248,13.85998431430381,26.564404977115068,16.075095151296082,6.111570778027208,22.18666592932329,0.0341291037648236,0.0066107908896679,0.0129982750903758,0.0066107908896679,-11.603920148953712,0.0348092127059941,0.0329419725744319,0.0386470746609456,-10.790420369740083,-9.870202832028,-9.091016795924531,23.941298997435368,18.30144155639376
1761,C/C=C/C=C/C=N\O,12006,N#CC(C#N)N=O,16602,[H]O/N=C(/[H])C1([H])ON(C([H])(C#N)C#N)C([H])(C([H])([H])[H])C([H])=C1[H],0,1 4 5 6 17 0,9,24.24972410058092,8.550792940373514,25.20277709911228,16.420088563929863,7.21617457724583,23.636263141175693,0.0047710041710503,0.0009767070355608,0.0001012069613244,0.0009767070355608,-5.432485931369506,0.0183259327226478,0.0101764134879952,0.0001622012644231,-3.840360929954748,-7.192751632072373,-8.24363987466571,22.155853385025576,20.07182121347223
5681,C/C=C/C=C/C=N\O,12006,N[C@H]1N=CN=C2N=NC=C21,17093,[H]O/N=C(/[H])C1([H])C([H])=C([H])C([H])(C([H])([H])[H])C23C(=NC([H])=N[C@]2([H])N([H])[H])N=NC31[H],0,1 4 9 8 17 0,3,21.446722228351213,12.658091625565628,24.77080214816764,16.726630066972326,9.11514623660308,25.841776303575408,0.0174143660637426,0.0876176569899721,0.0198004259741247,0.0876176569899721,-13.246015394995167,0.0338343205495424,0.1007001279719783,0.0286349968082418,-11.17118348261095,-13.329707505639456,-14.186404131378822,24.27521146401385,22.78361022841916
8881,C/C=C/C=C/C=N\O,12006,O=C1C=C(C(F)(F)F)N=N1,17526,[H]O/N=C(/[H])C1([H])C([H])=C([H])C([H])(C([H])([H])[H])C2(C(F)(F)F)N=NC(=O)C21[H],0,1 4 3 2 17 0,3,19.959592672426453,12.328856344437089,24.31181054052815,16.3239710921881,6.530028483534547,22.853999575722646,1.3161181064697706e-05,0.0268898569402799,0.0059221536796518,0.0268898569402799,-25.58797039397983,0.0011703421579228,0.0187007931649664,0.0051737393407477,-24.083905351999483,-24.436623466400995,-20.96040595789692,23.55225138444204,22.24210796374737
8953,C/C=C/C=C/C=N\O,12006,O=C1C=CC(=O)C(F)=C1,17533,[H]O/N=C(/[H])C1([H])C([H])=C([H])C([H])(C([H])([H])[H])C2([H])C(=O)C(F)=C([H])C(=O)C21[H],0,1 4 3 2 17 0,3,22.5166385437347,12.23387439027777,25.985809082059014,16.043769554185143,9.286103629724645,25.329873183909783,0.017167715243372,0.0559168656358606,0.0879558960409866,0.0559168656358606,-9.901985138180391,0.0600074528783346,0.0642963543222559,0.0942625527471779,-9.188072230259344,-13.286502158120342,-12.118887504972328,24.575142847588268,22.30532924092008
10316,C/C=C/C=C/C=N\O,12006,O=C1N=CC2=CC=NC2=N1,17702,[H]O/N=C(/[H])C1([H])C([H])=C([H])C([H])(C([H])([H])[H])C23C([H])=NC(=O)N=C2N=C([H])C31[H],1,1 4 4 5 17 1,0,22.79552056347991,12.408887426267157,28.341213738878626,16.107839258370056,5.425125121765209,21.532964380135265,0.0050525867800077,0.0398889867941222,0.0109874042501134,0.0398889867941222,-12.97594094960136,0.0270136141133144,0.0613487306330585,0.0073310822818223,-12.926380636552956,-14.878497425586277,-14.48116925619302,22.167589893410028,17.699841804507738
10417,C/C=C/C=C/C=N\O,12006,O=C1N=NC(C2CC2)=N1,17707,[H]O/N=C(/[H])C1([H])C([H])=C([H])C([H])(C([H])([H])[H])n2c(C3([H])C([H])([H])C3([H])[H])nc(=O)n21,1,1 4 3 2 17 1,5,24.86451971517994,8.447237354628873,28.271881031824456,16.245237950665878,7.521807816388744,23.767045767054626,0.0006262201797381,0.008973896415838,0.0004117091156771,0.008973896415838,-7.363821386148601,0.0012837722328864,0.0343987362584583,0.000461688497154,-1.7459879184141158,-7.644095196014355,-7.257032753536805,21.65818879121036,20.36814804563579
10436,C/C=C/C=C/C=N\O,12006,O=C1N=Nc2ccccc21,17709,[H]O/N=C(/[H])C1([H])C([H])=C([H])C([H])(C([H])([H])[H])n2c(=O)c3c([H])c([H])c([H])c([H])c3n21,1,1 4 2 3 17 1,4,24.310726855285544,5.931533656683149,26.5624100694345,16.329957059938774,7.512776193762058,23.842733253700832,0.0055235242288736,0.0411797506421427,0.0019040348473147,0.0411797506421427,-10.878725965907122,0.0151801792223101,0.0657451620986483,0.0020489583732082,-6.270738539912571,-10.775761229907635,-10.564401565779932,21.60046395055835,21.071608342296297
12003,C/C=C/C=C/C=N\O,12006,O=NC(F)(F)F,17917,[H]O/N=C(/[H])C1([H])ON(C(F)(F)F)C([H])(C([H])([H])[H])C([H])=C1[H],0,1 4 1 0 17 0,3,20.38453987769978,7.683413827463871,24.624944136513072,16.227878694385957,4.2100380541282725,20.43791674851423,1.847041666028521e-05,4.273768072882786e-05,2.069936584949608e-05,4.273768072882786e-05,-10.144040160175557,9.10859093136056e-05,0.0005891611079357,5.355488157977691e-05,-10.215823144543442,-11.940069284932209,-15.458487318905654,19.44958390306861,17.644312388866272
12181,C/C=C/C=C/C=N\O,12006,O=Nc1cccnc1N=O,17932,[H]O/N=C(/[H])C1([H])ON(c2nc([H])c([H])c([H])c2N=O)C([H])(C([H])([H])[H])C([H])=C1[H],0,1 4 8 9 17 0,17,25.739488160283813,6.473681306765862,24.343642998870035,16.325421448688353,7.517621636931835,23.843043085620188,0.0061899748464993,0.0048581314590488,0.0021430541462802,0.0048581314590488,-3.720401202463087,0.0220624036622547,0.0140724075184274,0.0251093857937005,-0.109107761766257,-5.573804725841775,-6.046421321978254,24.008935873907483,22.84838980505583
5158,C/C=C/C=C\[C@H](C)O,12009,O=C1N=CC2=CC=NC2=N1,17702,[H]O[C@@]([H])(C([H])([H])[H])C1([H])C([H])=C([H])C([H])(C([H])([H])[H])C23C([H])=NC(=O)N=C2N=C([H])C31[H],1,1 4 4 5 20 1,0,24.97514896071666,11.720122727879309,28.88336771766886,16.50457507976167,8.100765152324634,24.605340232086306,0.0373272841709849,0.0213359772432691,0.0093326845172623,0.0213359772432691,-19.98679746699912,0.0914715031922755,0.0487753778016485,0.0175672453942446,-21.153191638337667,-20.42993083524182,-20.43711138053025,25.044113860249347,21.746706274370773
5210,C/C=C/C=C\[C@H](C)O,12009,O=C1N=NC(C2CC2)=N1,17707,[H]O[C@@]([H])(C([H])([H])[H])C1([H])C([H])=C([H])C([H])(C([H])([H])[H])n2c(=O)nc(C3([H])C([H])([H])C3([H])[H])n21,1,1 4 2 3 20 1,4,26.10829416228965,7.657274923492534,27.128042635630173,16.621501090571787,9.307491709785571,25.92899280035736,0.006424143836777,0.0173068844047039,0.0017852520022678,0.0173068844047039,-22.83714148087953,0.0065450207032597,0.0709947793414171,0.0022560214285473,-9.4492458403746,-17.587239804521516,-14.84317507579322,24.05702456214812,23.57809120587704
6000,C/C=C/C=C\[C@H](C)O,12009,O=NC(F)(F)F,17917,[H]O[C@@]([H])(C([H])([H])[H])C1([H])C([H])=C([H])C([H])(C([H])([H])[H])ON1C(F)(F)F,1,1 4 0 1 20 1,0,22.949541770197715,7.723841921130562,25.004280815605284,16.87102446424647,7.175034982851429,24.0460594470979,0.0007902443793225,2.332047540534177e-06,0.0004107097121993,2.332047540534177e-06,-20.69285435769953,0.0003822206624614,0.000313512546182,6.667357321573417e-05,-17.989876331610844,-19.74959307119255,-21.345419152583368,22.558581461799427,20.68987717478643
5158,C/C=C\C(F)=C(F)F,12021,O=C1N=CC2=CC=NC2=N1,17702,[H]C1=NC2=NC(=O)N=C([H])C23C1([H])C(F)(F)C(F)=C([H])C3([H])C([H])([H])[H],1,1 5 4 5 13 1,0,27.31595039721943,9.847831808011971,25.0789527595114,15.55165540867601,11.31656443854228,26.86821984721829,0.009194723362373,0.0105338639935783,0.0053403524857472,0.0105338639935783,-29.799006872001804,0.0219105721909884,0.0320698010607728,0.0128650284818074,-29.81693238020637,-31.84204147734436,-29.059349778320268,28.29561909479241,20.532026713726765
2225,C1=CC2(C=C1)CC2,12037,O=C1C=C(C(F)(F)F)N=N1,17526,[H]C1=C([H])C2([H])C3(C(F)(F)F)N=NC(=O)C3([H])C1([H])C21C([H])([H])C1([H])[H],1,3 1 2 3 15 1,0,16.86757992109299,11.15802563417705,23.08018094888199,16.079979796375454,4.001790731330708,20.08177052770616,0.0045988437514747,0.001769908438294,0.0028979252933601,0.001769908438294,-15.6873887565367,0.0012922675417637,0.0076271305717714,0.0015650968443557,-16.74904212614974,-16.266512894691736,-11.871157732567871,20.84391725375036,19.28703878468755
2250,C1=CC2(C=C1)CC2,12037,O=C1C=CC(=O)N1CO,17535,[H]OC([H])([H])N1C(=O)C2([H])C([H])(C1=O)C1([H])C([H])=C([H])C2([H])C12C([H])([H])C2([H])[H],0,3 1 2 3 15 0,1,17.57369744524971,9.04536355592606,20.02250728604364,15.285777283665258,7.58000046312608,22.865777746791338,0.0265232637352525,0.0095753807353531,0.021689502198823,0.0095753807353531,-6.941132172643435,0.0118673281963522,0.0321179587249593,0.0218145021119993,-7.968581466059255,-8.02902377864077,-7.190153385766667,23.66748804238026,22.07302933471588
2589,C1=CC2(C=C1)CC2,12037,O=C1N=CC2=CC=NC2=N1,17702,[H]C1=NC2=NC(=O)N=C([H])C23C1([H])C1([H])C([H])=C([H])C3([H])C12C([H])([H])C2([H])[H],1,3 1 4 5 15 1,0,18.974504857990468,13.130373154022829,25.46708496277672,15.442093616961364,5.79609208334535,21.238185700306715,0.0173312848634065,0.0224962267408009,0.0098372146068722,0.0224962267408009,-3.6768444756870977,0.0224177712353342,0.0156265018501216,0.0096645983384363,-6.6045628023362255,-6.181494618351316,-5.3307903507892505,21.13647742989894,16.57388286223341
2720,C1=CC2(C=C1)CC2,12037,O=CC#CC(F)(F)F,17787,[H]C(=O)C1=C(C(F)(F)F)C2([H])C([H])=C([H])C1([H])C21C([H])([H])C1([H])[H],1,3 1 2 3 15 1,0,11.92439353808984,12.52620920583332,18.5679813239011,15.474857561178268,8.802254132208471,24.277111693386736,0.0056500669090843,0.0029387128406036,0.0056809853117254,0.0029387128406036,-19.687948063744543,0.0052864707575607,0.0326159643809263,0.0010428249424796,-18.98949343600684,-19.48280345409109,-22.22468274134136,22.69985642542672,22.89574471514292
3421,C1=CC2(C=C1)CC2,12037,OCC1=Cc2ccccc21,18025,[H]OC([H])([H])C12c3c([H])c([H])c([H])c([H])c3C1([H])C1([H])C([H])=C([H])C2([H])C12C([H])([H])C2([H])[H],1,3 1 2 3 15 1,0,13.517180297731764,9.349975044193974,16.29300129613221,15.224635176538843,7.066009933281215,22.290645109820066,0.0151617677424522,0.018822234737165,0.0537675730959883,0.018822234737165,-17.52464959235226,0.0994956538501291,0.0232477329566316,0.117949175689461,-17.83396367535846,-22.527804210688902,-22.41755159326908,22.375443811114287,22.615144881773453
10316,C1=CC=CCC=C1,12041,O=C1N=CC2=CC=NC2=N1,17702,[H]C1=NC2=NC(=O)N=C([H])C23C2([H])C([H])=C([H])C([H])([H])C([H])(C([H])=C2[H])C13[H],1,0 3 4 5 15 1,0,27.2509672392772,11.771038342446206,25.43577529450186,14.985128589856744,13.205752000819404,28.190880590676148,0.0133867514759008,0.010554138398691,0.0086842627209626,0.010554138398691,-11.969209603820175,0.0236727844030056,0.0145491941975992,0.0070461803054811,-12.417558889495892,-11.376098763456362,-12.270214474062648,26.22217558409009,20.60896781579514
10436,C1=CC=CCC=C1,12041,O=C1N=Nc2ccccc21,17709,[H]C1=C([H])C([H])([H])C2([H])C([H])=C([H])C1([H])n1c(=O)c3c([H])c([H])c([H])c([H])c3n12,1,0 3 2 3 15 1,4,28.663755308067348,4.80746681858176,23.153398367538347,15.106215169682702,12.839073678303052,27.94528884798576,0.0141410377444934,0.0058846549374119,0.0008710975319532,0.0058846549374119,-9.949617757975396,0.0161005851566849,0.0238950083821529,0.0010964763627853,-4.007886687417383,-5.811575348801483,-7.207003460469256,24.42256303718627,23.89372669280472
12000,C1=CC=CCC=C1,12041,O=NC(F)(F)F,17917,[H]C1=C([H])C([H])([H])C2([H])C([H])=C([H])C1([H])ON2C(F)(F)F,1,0 3 0 1 15 1,0,25.55983492508512,6.617942444672762,23.252911827643704,15.085146207083929,8.849012829958333,23.93415903704226,6.28929398850467e-05,1.7908478621942794e-05,1.508159943595998e-05,1.7908478621942794e-05,-8.261320621960728,0.0004418917861619,0.0005662975993304,1.527699432091825e-05,-7.577489571294443,-7.054361297688061,-8.498603776244423,22.33780639198819,18.595277325645824
1423,C=C(OC)C(=C)OC,12108,N[C@H]1N=CN=C2N=NC=C21,17093,[H]C1=N[C@]([H])(N([H])[H])C23C(=N1)N=NC2([H])C([H])([H])C(OC([H])([H])[H])=C(OC([H])([H])[H])C3([H])[H],1,0 5 8 9 18 1,0,22.902521037512937,11.567309391766113,21.02383894789269,15.045565909543622,13.55533623393508,28.600902143478702,0.0799074759964347,0.0131171235327473,0.020736353392264,0.0131171235327473,-16.091909153757335,0.0865300204968045,0.0189155094555606,0.0222768547977752,-15.626482603134235,-16.428342216907375,-16.952109283206774,27.241067782998776,23.25012111394146
2226,C=C(OC)C(=C)OC,12108,O=C1C=C(C(F)(F)F)N=N1,17526,[H]C([H])([H])OC1=C(OC([H])([H])[H])C([H])([H])C2(C(F)(F)F)N=NC(=O)C2([H])C1([H])[H],0,0 5 2 3 18 0,1,22.159714149190066,11.957080053449587,22.8710934703799,15.614085738991545,7.160807972130186,22.77489371112173,0.0009700195506923,0.0015973451703314,0.0035825133124604,0.0015973451703314,-30.0748345631267,0.0004587681914583,0.0026094855267786,0.0012879685673347,-27.07327541893396,-28.71941442732947,-23.66553747921596,24.60029249390988,20.539714900559296
2244,C=C(OC)C(=C)OC,12108,O=C1C=CC(=O)C(F)=C1,17533,[H]C1=C(F)C(=O)C2([H])C([H])(C1=O)C([H])([H])C(OC([H])([H])[H])=C(OC([H])([H])[H])C2([H])[H],0,0 5 2 3 18 0,1,23.71540329719793,11.713258276157172,23.68474735321088,15.321891833182972,9.407650140406696,24.72954197358967,0.0293488661826142,0.0046206341344822,0.0599220464558105,0.0046206341344822,-14.672551105229276,0.0129696563521895,0.0073089548310845,0.1085024605677891,-13.715762345033532,-17.00879264965001,-15.272596018640384,25.14208551330328,19.662076349204952
2250,C=C(OC)C(=C)OC,12108,O=C1C=CC(=O)N1CO,17535,[H]OC([H])([H])N1C(=O)C2([H])C([H])(C1=O)C([H])([H])C(OC([H])([H])[H])=C(OC([H])([H])[H])C2([H])[H],0,0 5 2 3 18 0,1,22.70176736230876,9.625474680480435,20.5153264021675,15.31656131218602,9.879778825366037,25.196340137552056,0.0091404358327916,0.0051559407570847,0.0105192904137981,0.0051559407570847,-18.970022193471024,0.0019308979673828,0.0093615258657797,0.0451764773395852,-18.10817253797801,-21.05350889667432,-19.89568634647094,27.032328827594387,23.610745783033163
2589,C=C(OC)C(=C)OC,12108,O=C1N=CC2=CC=NC2=N1,17702,[H]C1=NC2=NC(=O)N=C([H])C23C1([H])C([H])([H])C(OC([H])([H])[H])=C(OC([H])([H])[H])C3([H])[H],1,0 5 4 5 18 1,0,24.126740813885192,11.974799968268746,25.641011814022885,15.264825516114492,6.793883198913648,22.05870871502814,0.0063661101843595,0.0082734410469811,0.0065413473630124,0.0082734410469811,-16.076873787353904,0.0050442400164723,0.0182826516944274,0.0045095515249162,-13.90309314052088,-17.357886267001348,-17.84801473520382,23.97699501468404,15.27324926960794
2620,C=C(OC)C(=C)OC,12108,O=C1N=Nc2ccccc21,17709,[H]c1c([H])c([H])c2c(c1[H])c(=O)n1n2C([H])([H])C(OC([H])([H])[H])=C(OC([H])([H])[H])C1([H])[H],1,0 5 2 3 18 1,2,25.944272768045305,7.346979949028999,25.05144429715548,15.558849239550849,9.016358067031604,24.575207306582453,0.0021601241649552,0.0153222247150052,0.0011834688227352,0.0153222247150052,-14.779618318600278,0.0015918253389976,0.0177985462790616,0.0005940935800135,-12.59823906066849,-11.14795605396985,-6.804391203457115,24.829123541270125,21.89432347502532
3011,C=C(OC)C(=C)OC,12108,O=NC(F)(F)F,17917,[H]C([H])([H])OC1=C(OC([H])([H])[H])C([H])([H])N(C(F)(F)F)OC1([H])[H],1,0 5 0 1 18 1,0,24.40296033381337,9.837103748849517,27.304263314852484,15.049159681419624,7.083499192342629,22.132658873762253,0.0001078524698931,8.441193474463636e-06,5.46597218222513e-05,8.441193474463636e-06,-13.53608115438916,5.38088452072703e-05,0.0001281425051564,4.2543553088697945e-05,-13.346111688919729,-11.90817255128364,-10.22267193578766,22.234826086295467,14.511902977625102
884,C=C/C=C(\C)CO,12110,N#CC(C#N)N=O,16602,[H]OC([H])([H])C1(C([H])([H])[H])ON(C([H])(C#N)C#N)C([H])([H])C([H])=C1[H],1,0 3 5 6 17 1,8,27.5139943751184,8.50648053758265,28.3822387161438,17.380936893326226,6.484021250036296,23.86495814336252,0.0020811102741262,0.0046732660205529,0.0006415849746827,0.0046732660205529,-16.373086870329836,0.0788276641103118,0.0441570516690024,0.0001841101433427,-16.353819022079833,-14.23593579924536,-14.469964537363694,23.64644728126779,21.853850496437325
5118,C=C/C=C(\C)CO,12110,O=C1N=C(O)C(=O)C(=O)N1,17697,[H]OC1=NC(=O)N([H])C(=O)C12OC(C([H])([H])[H])(C([H])([H])O[H])C([H])=C([H])C2([H])[H],0,0 3 5 6 17 0,9,29.76116027998368,13.313498390665336,36.64439286843784,17.010409507299592,5.109006628062019,22.11941613536161,0.0233241175601302,0.013099726445417,0.1057977168070736,0.013099726445417,-10.415821788488875,0.1182762951856364,0.0139406186319523,0.339731299301924,-12.469930802318784,-9.136194262709644,-12.017773052587508,21.596279632539243,21.67932801045501
5158,C=C/C=C(\C)CO,12110,O=C1N=CC2=CC=NC2=N1,17702,[H]OC([H])([H])C1(C([H])([H])[H])C([H])=C([H])C([H])([H])C23C([H])=NC(=O)N=C2N=C([H])C31[H],1,0 3 4 5 17 1,0,26.459190685897493,11.811011965404996,28.97229195014271,16.380221927186426,9.325385652688514,25.70560757987494,0.0136113492159991,0.0149360848771528,0.0201248099125251,0.0149360848771528,-20.427941533048404,0.0641267105921614,0.0382590307365209,0.0195460572935498,-20.41568423511217,-19.53917621229825,-19.49566775213193,25.70133651589417,21.11012639632809
5211,C=C/C=C(\C)CO,12110,O=C1N=NC(C2CC2)=N1,17707,[H]OC([H])([H])C1(C([H])([H])[H])C([H])=C([H])C([H])([H])n2c(C3([H])C([H])([H])C3([H])[H])nc(=O)n21,1,0 3 3 2 17 1,5,27.405600159769552,8.520500381810571,28.288648266621685,16.718911105727507,9.98702329195484,26.70593439768235,0.0016498789136006,0.0043947588784504,0.000827660813973,0.0043947588784504,-17.432154701271614,0.0043849459671728,0.0224545568379663,0.001377950551092,-13.638697175516109,-14.221902998914402,-14.99914800147927,23.404212616823973,22.864592012027
5220,C=C/C=C(\C)CO,12110,O=C1N=Nc2ccccc21,17709,[H]OC([H])([H])C1(C([H])([H])[H])C([H])=C([H])C([H])([H])n2c(=O)c3c([H])c([H])c([H])c([H])c3n21,1,0 3 2 3 17 1,4,27.08042375955379,6.555459848507537,27.424987985868565,16.97111417148888,9.568755807694917,26.539869979183795,0.0097057609295448,0.0095758047257411,0.0031368838241996,0.0095758047257411,-22.258677907193025,0.0140251966336744,0.0654889189858735,0.004733521037944,-17.258875773400987,-16.857884293140238,-17.125277911134575,23.693424374154823,23.897745049615715
6002,C=C/C=C(\C)CO,12110,O=NC(F)(F)F,17917,[H]OC([H])([H])C1(C([H])([H])[H])ON(C(F)(F)F)C([H])([H])C([H])=C1[H],1,0 3 1 0 17 1,2,23.80921767714596,7.01805788169201,25.275954652814903,16.965216287044115,4.847236974141367,21.81245326118548,4.401458458607249e-06,1.3196270843275374e-05,1.5746357797086167e-05,1.3196270843275374e-05,-21.326698687835385,0.0029286576508264,0.0002394652539917,4.3830005097513576e-05,-22.687206849313263,-19.65261939434445,-20.244526738667663,21.780312890951283,19.405610971853243
885,C=C/C=C/CC(=O)O,12113,N#CC(C#N)N=O,16602,[H]OC(=O)C([H])([H])C1([H])ON(C([H])(C#N)C#N)C([H])([H])C([H])=C1[H],0,0 3 5 6 16 0,9,21.19678198152683,7.385538267288515,26.26836909680123,16.973892005350702,2.521559810226787,19.49545181557749,0.0068699603230791,0.0029035741710765,0.0006491160836954,0.0029035741710765,-11.19100353689629,0.0124008567407126,0.0053888738994091,0.0012538870114032,-8.854251460155417,-10.434102459542522,-9.487978389697744,18.37360657566433,18.089503907440296
2842,C=C/C=C/CC(=O)O,12113,N[C@H]1N=CN=C2N=NC=C21,17093,[H]OC(=O)C([H])([H])C1([H])C([H])=C([H])C([H])([H])C23C(=NC([H])=N[C@]2([H])N([H])[H])N=NC31[H],0,0 3 9 8 16 0,3,17.45320813056264,10.858344748833089,24.711621026160017,17.144120195488515,4.598342948502033,21.74246314399055,0.0379852359663409,0.0151279663050715,0.0218029817865397,0.0151279663050715,-19.38918192087474,0.0311732916546769,0.0470570989300075,0.0629568219946311,-19.98579149848973,-18.60564272265328,-21.158369985508266,20.578094451694973,19.795726458310703
4442,C=C/C=C/CC(=O)O,12113,O=C1C=C(C(F)(F)F)N=N1,17526,[H]OC(=O)C([H])([H])C1([H])C([H])=C([H])C([H])([H])C2(C(F)(F)F)N=NC(=O)C21[H],0,0 3 3 2 16 0,3,15.96922956669783,11.174468637216377,23.927370144369824,16.835505269018075,3.04763429537816,19.883139564396235,3.60026634056869e-05,0.0114487747642469,0.0066259923413843,0.0114487747642469,-33.24149946361067,0.0052083604121715,0.0190427419198403,0.0050688321917585,-32.269094928997774,-29.12979850545064,-25.80317974832173,20.97470573283661,20.50491965065945
4476,C=C/C=C/CC(=O)O,12113,O=C1C=CC(=O)C(F)=C1,17533,[H]OC(=O)C([H])([H])C1([H])C([H])=C([H])C([H])([H])C2([H])C(=O)C([H])=C(F)C(=O)C21[H],0,0 3 2 3 16 0,1,18.95640021316901,10.830971060890974,24.831877747515545,16.497191153903387,6.287027667863846,22.78421882176724,0.1024423493047911,0.026819023426097,0.0577713900155263,0.026819023426097,-15.65572871733606,0.159006732126168,0.0522165865068179,0.1080129532052735,-15.48715352321343,-17.150227261751724,-17.261196966993815,21.207938549562414,20.100771645553493
4484,C=C/C=C/CC(=O)O,12113,O=C1C=CC(=O)N1C1CC1,17534,[H]OC(=O)C([H])([H])C1([H])C([H])=C([H])C([H])([H])C2([H])C(=O)N(C3([H])C([H])([H])C3([H])[H])C(=O)C21[H],0,0 3 2 3 16 0,1,17.582568775783418,9.239128080198157,21.41879612678595,16.5223815566535,6.997115180657925,23.519496737311425,0.0052831844887173,0.0080323958441429,0.0123836205937016,0.0080323958441429,-20.69796201190532,0.0321920917540681,0.0235954968729882,0.0495331512528243,-20.987036484550245,-19.76698743711102,-21.4297420054494,23.682442689127846,22.7969604854282
4486,C=C/C=C/CC(=O)O,12113,O=C1C=CC(=O)N1CO,17535,[H]OC(=O)C([H])([H])C1([H])C([H])=C([H])C([H])([H])C2([H])C(=O)N(C([H])([H])O[H])C(=O)C21[H],0,0 3 2 3 16 0,1,16.986223222737088,8.464689670933275,21.972715191211567,16.66630767154994,6.046105548432841,22.712413219982786,0.009830424881345,0.0079443675147386,0.0173068686853688,0.0079443675147386,-21.459277117263845,0.018444159267413,0.0258940667728688,0.0457449949195596,-20.98761829247001,-21.64169798625593,-23.771641094079406,22.263724802938874,22.4720236801242
4568,C=C/C=C/CC(=O)O,12113,O=C1C=Cc2ccccc21,17549,[H]OC(=O)C([H])([H])C1([H])C([H])=C([H])C([H])([H])C2([H])C(=O)c3c([H])c([H])c([H])c([H])c3C21[H],0,0 3 2 3 16 0,1,18.17124199403205,9.039443399477152,20.632669675909057,16.123520597986005,7.565171776806661,23.688692374792662,0.0848188572915387,0.0216990683650028,0.0724958719131453,0.0216990683650028,-19.069827363977296,0.0697956531790576,0.092414312031445,0.2041425548224182,-19.46558309748947,-17.49522738003703,-17.59735164162567,24.75909053563204,23.76327962091933
4574,C=C/C=C/CC(=O)O,12113,O=C1C=c2ccccc2=N1,17550,[H]OC(=O)C([H])([H])C1([H])C([H])=C([H])C([H])([H])C23C(=NC(=O)C21[H])C([H])=C([H])C([H])=C3[H],0,0 3 3 2 16 0,3,19.32309849907441,12.216268014055204,24.90160107031239,16.353320466738055,8.248284679962488,24.601605146700543,0.0564757617063213,0.0342645060324765,0.0249284546426168,0.0342645060324765,-8.097821161536409,0.0849871257834971,0.0481492542973406,0.0415915061588141,-8.754536991925718,-8.10699152302059,-14.738127831129283,22.97302611143934,23.018493159936824
5118,C=C/C=C/CC(=O)O,12113,O=C1N=C(O)C(=O)C(=O)N1,17697,[H]OC(=O)C([H])([H])C1([H])OC2(C(=O)N([H])C(=O)N=C2O[H])C([H])([H])C([H])=C1[H],0,0 3 5 6 16 0,9,23.237532033155126,12.770120657256273,35.674796681440135,17.011200376336816,1.862949945972062,18.87415032230888,0.0912342754414247,0.0126624255540515,0.159769514781649,0.0126624255540515,-5.330099315161846,0.0534367816324213,0.0076482866460062,0.1579949977464564,-5.275900793713973,-3.37951695969129,-6.318711998115262,18.79006935799512,20.20779705513741
5151,C=C/C=C/CC(=O)O,12113,O=C1N=CC2(N=N2)C(=O)N1,17701,[H]OC(=O)C([H])([H])C1([H])C([H])=C([H])C([H])([H])C2([H])N1C(=O)N([H])C(=O)C21N=N1,1,0 3 3 2 16 1,6,20.62041882001065,12.34740102977511,28.978300864401675,17.15367636065016,6.922976479719363,24.076652840369523,0.0085196181948449,0.0041269999774274,0.0312371398794226,0.0041269999774274,-13.625465258527475,0.0175375772302073,0.0489987439249022,0.0063608024625036,-12.445312206775007,-15.015140426945765,-13.172862249922929,23.023516260514107,23.784185046115795
5158,C=C/C=C/CC(=O)O,12113,O=C1N=CC2=CC=NC2=N1,17702,[H]OC(=O)C([H])([H])C1([H])C([H])=C([H])C([H])([H])C23C([H])=NC(=O)N=C2N=C([H])C31[H],1,0 3 4 5 16 1,0,18.76660752970238,10.555856983659693,26.962102196210186,16.433070043789293,2.7573764086066,19.190446452395893,0.0185397883203713,0.01268618442553,0.0088794109197671,0.01268618442553,-17.860421689863124,0.0660056334781653,0.0369851984684266,0.0115491403511318,-19.750880037117817,-19.43596850253978,-21.04781431636,18.23766106276648,14.279979619589405
5165,C=C/C=C/CC(=O)O,12113,O=C1N=CC=C2N=CN=C12,17703,[H]OC(=O)C([H])([H])C1([H])C([H])=C([H])C([H])([H])C23N=C([H])N=C2C(=O)N=C([H])C31[H],0,0 3 5 4 16 0,3,20.362087468087672,14.641733302919429,25.047843550142392,16.43288398169216,8.659740668161085,25.09262464985325,0.1373677108421735,0.0451963277258615,0.0171983274900746,0.0451963277258615,-13.342602939095542,0.2546058497630932,0.052557918272461,0.0269224871030464,-13.897707207249155,-12.7924465284852,-14.22114528940324,25.63924488680609,23.826332103409385
5211,C=C/C=C/CC(=O)O,12113,O=C1N=NC(C2CC2)=N1,17707,[H]OC(=O)C([H])([H])C1([H])C([H])=C([H])C([H])([H])n2c(C3([H])C([H])([H])C3([H])[H])nc(=O)n21,1,0 3 3 2 16 1,5,20.73475844883969,7.548298027548865,26.616880101258914,16.659225204627045,5.224241022403682,21.883466227030727,0.0033996574046549,0.0055130797173107,0.0003428253781538,0.0055130797173107,-11.757377782032036,0.0038752961374015,0.0111263970840837,0.0007469588749405,-7.1972575533848016,-11.145978026996453,-8.207067606231618,19.432494348620377,19.923343920603017
5220,C=C/C=C/CC(=O)O,12113,O=C1N=Nc2ccccc21,17709,[H]OC(=O)C([H])([H])C1([H])C([H])=C([H])C([H])([H])n2c(=O)c3c([H])c([H])c([H])c([H])c3n21,1,0 3 2 3 16 1,4,20.254105861270727,5.028651635206105,24.912562937905268,16.855920912552,4.01522269865481,20.87114361120681,0.0177180601221712,0.023426307531839,0.0013464158393755,0.023426307531839,-15.079489333755513,0.0333513169443691,0.0390036919960591,0.0023199161110875,-9.313786546206876,-13.030417203390698,-11.276671920494492,19.39457807059528,19.895636615178866
5235,C=C/C=C/CC(=O)O,12113,O=C1NC(=O)C2=C1CCC2,17711,[H]OC(=O)C([H])([H])C1([H])C([H])=C([H])C([H])([H])C23C(=O)N([H])C(=O)C21C([H])([H])C([H])([H])C3([H])[H],0,0 3 5 6 16 0,1,17.10496824741515,11.36985736806587,23.390094805112334,17.83696124296738,5.652173667984986,23.48913491095237,0.0251516416020203,0.003159398193415,0.0718424980277518,0.003159398193415,-23.791025675966004,0.0462199995869275,0.0104910296210991,0.0926647295024726,-22.376219561154024,-21.10682009343843,-20.373075098778976,23.240694683473272,22.88887385433369
5324,C=C/C=C/CC(=O)O,12113,O=C1NCN=C2N=CN=C12,17733,[H]OC(=O)C([H])([H])C1([H])C([H])=C([H])C([H])([H])C23C(=O)N([H])C([H])([H])N=C2N=C([H])N31,1,0 3 9 8 16 1,14,20.86401583330817,11.262851934722832,27.823245057992253,16.924531160302244,4.833915338963358,21.7584464992656,0.0099710596719734,0.0082369332452252,0.013150943785148,0.0082369332452252,-12.5202924258299,0.0131708318690823,0.0465585719095012,0.0312264859371031,-13.122680084218947,-11.218223010396803,-11.628967421763114,21.670212386991626,22.854295736705986
6003,C=C/C=C/CC(=O)O,12113,O=NC(F)(F)F,17917,[H]OC(=O)C([H])([H])C1([H])ON(C(F)(F)F)C([H])([H])C([H])=C1[H],0,0 3 1 0 16 0,3,17.679417245675378,6.724182584151904,24.95841701570418,16.68307894664815,-0.3770987372726324,16.305980209375516,0.0003641453829888,6.610055471264329e-06,0.0005260054602028,6.610055471264329e-06,-16.209191210321585,0.0001701275553911,0.0002293242585016,0.0002631305491262,-17.014084893454353,-14.525607149765136,-15.220123723189069,16.300110921567896,16.000107521054908
6010,C=C/C=C/CC(=O)O,12113,O=NCNCCO,17920,[H]OC(=O)C([H])([H])C1([H])ON(C([H])([H])N([H])C([H])([H])C([H])([H])O[H])C([H])([H])C([H])=C1[H],1,0 3 1 0 16 1,2,20.65392834091252,4.212371942481068,21.87418150928092,16.837556049331,3.7821433834850353,20.619699432816034,0.0037048781204979,0.0125603534255902,0.003016624709525,0.0125603534255902,-9.800442550448636,0.004507906641914,0.0205512935458291,0.0055519978779718,-8.21249303304051,-6.469226486310912,-6.098440868381804,22.070443866682623,22.81629061683612
6099,C=C/C=C/CC(=O)O,12113,O=Nc1cccnc1N=O,17932,[H]OC(=O)C([H])([H])C1([H])ON(c2nc([H])c([H])c([H])c2N=O)C([H])([H])C([H])=C1[H],0,0 3 8 9 16 0,17,22.27276768428917,5.140655295358263,24.92781468818076,16.762056384664202,3.6053865900705615,20.367442974734765,0.0360291035126508,0.0042084144003577,0.0116960563813043,0.0042084144003577,-7.738801879624241,0.0333135377502943,0.0176431469509074,0.0349669337316708,-3.553383900789364,-7.643671694495072,-6.827531650598921,21.78256202071546,21.868233891251283
9416,C=C/C=C/CC(=O)O,12113,C1=NCC2=CC=NC2=N1,13799,[H]OC(=O)C([H])([H])C1([H])C([H])=C([H])C([H])([H])C23C(=NC([H])=NC2([H])[H])N=C([H])C31[H],1,0 3 3 4 16 1,0,18.336131741473363,11.30035187205365,24.009980340317338,16.574010425652837,5.592866047939939,22.166876473592776,0.0502159215292749,0.0113199148373739,0.0149915992816128,0.0113199148373739,-17.283060645769382,0.0381187473422003,0.0436905258157826,0.0706438539322035,-18.50340634679681,-16.990375266380703,-17.513331733358804,22.71068062896557,21.81717871024442
885,C=C/C=C/OC,12116,N#CC(C#N)N=O,16602,[H]C1=C([H])C([H])(OC([H])([H])[H])ON(C([H])(C#N)C#N)C1([H])[H],0,0 3 5 6 14 0,9,22.57098760640212,7.868416189458052,26.488782640708592,15.320444869135908,3.612249939750157,18.932694808886065,0.0029220484522172,0.0031959469734398,9.627346644819182e-05,0.0031959469734398,-13.615153874258333,0.0099550781481961,0.0181843773211146,0.0001832435941253,-13.71191832107734,-13.713356495718614,-14.676767856366894,17.463316263658296,15.185167565269378
2842,C=C/C=C/OC,12116,N[C@H]1N=CN=C2N=NC=C21,17093,[H]C1=N[C@]([H])(N([H])[H])C23C(=N1)N=NC2([H])C([H])(OC([H])([H])[H])C([H])=C([H])C3([H])[H],0,0 3 9 8 14 0,3,19.920023822663097,11.357870117913176,23.99180447107601,15.660269810032055,8.54982045640017,24.210090266432225,0.062528928231738,0.0349735601743031,0.0328742630617972,0.0349735601743031,-20.10287704005838,0.0619934113313383,0.0678649595035441,0.0787828963666813,-18.90542662513908,-17.51640050155362,-18.814487061070945,22.248543118143765,19.728094852135115
3770,C=C/C=C/OC,12116,Nc1nc2n(n1)[C@@H](N)N=N2,17299,[H]C1=C([H])C([H])(OC([H])([H])[H])N2N(c3nc(N([H])[H])nn3[C@@]2([H])N([H])[H])C1([H])[H],1,0 3 9 8 14 1,5,23.788744452072223,6.79941693402715,25.019186333467665,15.819123502439904,8.624703028562585,24.44382653100249,2.7622811877057005e-05,0.0028681331803445,0.0002613032488687,0.0028681331803445,-9.542467418840268,0.0010840174728719,0.0065642559638878,0.000451429782738,-9.680118756087984,-6.770027403464468,-7.576570243773247,22.955568048614307,20.776782119311715
4442,C=C/C=C/OC,12116,O=C1C=C(C(F)(F)F)N=N1,17526,[H]C1=C([H])C([H])(OC([H])([H])[H])C2([H])C(=O)N=NC2(C(F)(F)F)C1([H])[H],0,0 3 3 2 14 0,3,17.873146144791253,10.770404755680474,23.732568009590825,15.275800181990254,4.007922202531404,19.28372238452166,5.375044671278757e-05,0.0140146080290375,0.0085826298762325,0.0140146080290375,-32.88204212098073,0.0010120501785835,0.0129826672753016,0.0055290295979245,-34.778670041757394,-28.429487649817688,-24.793442519760667,20.914001188229104,18.129009446362804
4478,C=C/C=C/OC,12116,O=C1C=CC(=O)C(F)=C1,17533,[H]C1=C(F)C(=O)C2([H])C([H])([H])C([H])=C([H])C([H])(OC([H])([H])[H])C2([H])C1=O,0,0 3 3 2 14 0,3,21.516537571082697,11.26956810889154,25.0840520147226,15.20356656143433,8.169633716493088,23.373200277927417,0.0586246991212327,0.0371732291529015,0.074429361024274,0.0371732291529015,-15.895354611338313,0.0680730067373454,0.087528996345002,0.1137303179197106,-16.93420776550486,-17.364986057064726,-15.715307958984525,21.512304331973176,18.10774706937533
4484,C=C/C=C/OC,12116,O=C1C=CC(=O)N1C1CC1,17534,[H]C1=C([H])C([H])(OC([H])([H])[H])C2([H])C(=O)N(C3([H])C([H])([H])C3([H])[H])C(=O)C2([H])C1([H])[H],0,0 3 2 3 14 0,1,20.16403795903132,10.00377693709143,21.20894663061092,15.081580632244131,9.259225776510196,24.340806408754325,0.0054878028311019,0.0059730167415445,0.0147555571325358,0.0059730167415445,-20.382471652435346,0.0060234221349,0.0226771318198852,0.0621844278419568,-20.893063543318675,-18.03976572057592,-18.02251659556789,25.140625768955587,22.707532558535483
4486,C=C/C=C/OC,12116,O=C1C=CC(=O)N1CO,17535,[H]OC([H])([H])N1C(=O)C2([H])C([H])([H])C([H])=C([H])C([H])(OC([H])([H])[H])C2([H])C1=O,0,0 3 2 3 14 0,1,19.947474360344017,8.98767264954413,21.859420410601658,15.136099681323948,8.340322536631714,23.476422217955665,0.015909538601915,0.0114042921072856,0.0202349025306814,0.0114042921072856,-21.20554493924621,0.0037292388340894,0.0372623853415995,0.0707800835481518,-22.021744955772128,-20.41261203471941,-20.64336960448784,24.30861681012415,21.923052162273446
4574,C=C/C=C/OC,12116,O=C1C=c2ccccc2=N1,17550,[H]C1=C([H])C([H])=C([H])C23C1=NC(=O)C2([H])C([H])(OC([H])([H])[H])C([H])=C([H])C3([H])[H],0,0 3 3 2 14 0,3,22.57179158058061,12.779011419343483,25.345527773673687,15.022463380088524,11.35553296816844,26.377996348256964,0.0789580192702266,0.0668121004620068,0.0329154669538214,0.0668121004620068,-8.699071646330644,0.0533335189982534,0.0637449877605534,0.046439374985038,-10.043618653852306,-6.503557743990715,-12.428376937720373,25.181848315930857,23.241965996449785
5118,C=C/C=C/OC,12116,O=C1N=C(O)C(=O)C(=O)N1,17697,[H]OC1=NC(=O)N([H])C(=O)C12OC([H])(OC([H])([H])[H])C([H])=C([H])C2([H])[H],0,0 3 5 6 14 0,9,26.289060712338053,12.0373961927597,39.89431361845287,15.54979318156465,-2.352473433155126,13.197319748409525,0.0679737442216095,0.0225261757756327,0.4078547864103621,0.0225261757756327,-10.33905038773166,0.0562592902642529,0.0199837349971795,0.5375119014351692,-10.274508076171536,-7.077787234767996,-9.97092652264054,14.16208508464543,11.86414926241022
5151,C=C/C=C/OC,12116,O=C1N=CC2(N=N2)C(=O)N1,17701,[H]C1=C([H])C([H])(OC([H])([H])[H])N2C(=O)N([H])C(=O)C3(N=N3)C2([H])C1([H])[H],1,0 3 3 2 14 1,6,23.30591942605454,12.194175701143529,30.268317821621697,15.59725806686299,9.19571978336592,24.792977850228908,0.00912333279446,0.0060366808947597,0.0285340450276269,0.0060366808947597,-16.30043785837124,0.0072852612666921,0.02928455544074,0.0077095644548384,-16.16070440257132,-16.372488095262476,-16.544628421124074,22.24536387322987,20.73777468961809
5158,C=C/C=C/OC,12116,O=C1N=CC2=CC=NC2=N1,17702,[H]C1=NC(=O)N=C2N=C([H])C3([H])C12C([H])([H])C([H])=C([H])C3([H])OC([H])([H])[H],1,0 3 4 5 14 1,0,21.630886007410368,11.393654693661317,27.06913078112997,15.038143296656116,4.593919920163756,19.63206321681988,0.0181213736992786,0.0586087012622914,0.0141058630444415,0.0586087012622914,-18.184341711790303,0.041537862903029,0.0605613431864282,0.0175540425429881,-19.5668177390425,-18.89381637439453,-18.877360019361824,19.727377707004635,13.089887915272264
5165,C=C/C=C/OC,12116,O=C1N=CC=C2N=CN=C12,17703,[H]C1=NC23C(=N1)C(=O)N=C([H])C2([H])C([H])(OC([H])([H])[H])C([H])=C([H])C3([H])[H],0,0 3 5 4 14 0,3,23.285751856419097,15.038183626253163,24.74604031437932,15.083088131391762,10.951927482305578,26.03501561369734,0.1170270101928048,0.0726599145600364,0.0339617941290513,0.0726599145600364,-13.842275162837469,0.1210145823025728,0.1072332552889774,0.0451837339904937,-15.377425026374697,-13.572883451456455,-12.78418776796321,27.42538256676638,23.92207352530714
5211,C=C/C=C/OC,12116,O=C1N=NC(C2CC2)=N1,17707,[H]C1=C([H])C([H])(OC([H])([H])[H])n2c(=O)nc(C3([H])C([H])([H])C3([H])[H])n2C1([H])[H],1,0 3 3 2 14 1,5,23.126243563962365,8.015312103182087,28.445768784524,15.352808091708154,5.839897197215496,21.192705288923648,0.0025144078193123,0.0048619348273754,0.0001999794482864,0.0048619348273754,-14.53773169402217,0.0030759084836452,0.0126240917931267,0.0005889964834033,-12.012727160133435,-13.457103531715925,-12.844979802707982,17.370284061575394,14.950886876637398
5220,C=C/C=C/OC,12116,O=C1N=Nc2ccccc21,17709,[H]C1=C([H])C([H])(OC([H])([H])[H])n2c3c([H])c([H])c([H])c([H])c3c(=O)n2C1([H])[H],1,0 3 2 3 14 1,4,22.542728003290183,5.832252147663299,25.88346293663195,15.545087269214406,5.31526843799028,20.86035570720469,0.0079601992274587,0.0133199285439537,0.0012791282235928,0.0133199285439537,-18.98066537461367,0.012291636110115,0.0313060761592967,0.0019943108750652,-17.241730017173417,-15.828429482837734,-15.03477092817458,18.404255981868165,16.903880551146607
5235,C=C/C=C/OC,12116,O=C1NC(=O)C2=C1CCC2,17711,[H]C1=C([H])C([H])(OC([H])([H])[H])C23C(=O)N([H])C(=O)C2(C1([H])[H])C([H])([H])C([H])([H])C3([H])[H],0,0 3 5 6 14 0,1,18.63385050086305,11.606743160751597,21.205814965999423,16.036253899389074,8.275812789342343,24.312066688731417,0.0171577246923702,0.003127581065678,0.0396483223942639,0.003127581065678,-22.300286145876896,0.0313548821244989,0.0080388137830632,0.0838187643719395,-22.19103621711028,-19.873042911994823,-18.101620736011093,25.306516900315167,23.47235839926988
5324,C=C/C=C/OC,12116,O=C1NCN=C2N=CN=C12,17733,[H]C1=NC2=NC([H])([H])N([H])C(=O)C23N1C([H])(OC([H])([H])[H])C([H])=C([H])C3([H])[H],1,0 3 9 8 14 1,14,23.287758712276226,11.487109631875915,28.918841779229574,15.536232375817145,6.584306957981518,22.12053933379866,0.018837489295423,0.0181440425463048,0.0199025740773926,0.0181440425463048,-17.110144678678836,0.0063787047448815,0.0544174170174961,0.0386130076086438,-17.1050886514614,-12.109740711085353,-13.974101054407337,21.60402021924109,18.62954608510778
5419,C=C/C=C/OC,12116,O=CC#CC(F)(F)F,17787,[H]C(=O)C1=C(C(F)(F)F)C([H])([H])C([H])=C([H])C1([H])OC([H])([H])[H],1,0 3 3 2 14 1,1,13.737197928791824,13.505859343811792,19.3399930829167,15.279202209011505,8.172870309963713,23.452072518975218,9.008669878847098e-05,0.0147639891866306,0.0153648308344394,0.0147639891866306,-43.34801404011286,0.0050184610930685,0.0612560317980366,0.0190087630159844,-43.19519581115173,-40.98721306216926,-42.427028536918186,25.37472259936642,23.974451596028374
5427,C=C/C=C/OC,12116,O=CC(=O)c1cnccn1,17791,[H]C1=C([H])C([H])(OC([H])([H])[H])OC([H])(C(=O)c2nc([H])c([H])nc2[H])C1([H])[H],0,0 3 1 0 14 0,3,25.214311410928545,12.595261320938947,29.282020400836146,15.546783986487892,10.8377546326136,26.38453861910149,0.0030966937563672,0.0131197259860754,0.0032979791282492,0.0131197259860754,-8.683017371584583,0.0108749411318367,0.0238012468633183,0.0102570122169067,-8.341559956240765,-6.241383807194758,-7.321956594659401,23.94568345069093,22.20203680570432
6003,C=C/C=C/OC,12116,O=NC(F)(F)F,17917,[H]C1=C([H])C([H])(OC([H])([H])[H])ON(C(F)(F)F)C1([H])[H],0,0 3 1 0 14 0,3,19.499975242487352,6.178213040394757,26.26502893989964,15.14981165623134,-0.170265778564886,14.979545877666457,5.0936678271406944e-05,1.6562916556246456e-05,6.605406699344137e-05,1.6562916556246456e-05,-20.00529781537245,4.506896051042436e-05,0.0008417439341732,9.51404937740758e-05,-21.706718556119107,-18.508501474765,-21.301850448944258,14.76078621610845,11.607383267834102
6010,C=C/C=C/OC,12116,O=NCNCCO,17920,[H]OC([H])([H])C([H])([H])N([H])C([H])([H])N1OC([H])(OC([H])([H])[H])C([H])=C([H])C1([H])[H],1,0 3 1 0 14 1,2,23.0075687025452,4.137637312472389,21.0594309976792,15.344064727026192,5.229534204879556,20.57359893190575,0.004763915726671,0.0131649824115648,0.000531688928165,0.0131649824115648,-10.088936299565963,0.0022315813368915,0.0266514463769171,0.0012960517767129,-10.63171757995675,-8.456567878685945,-9.5108967124444,20.683363424323424,20.416133323423136
6067,C=C/C=C/OC,12116,O=Nc1ccc(N=O)cc1,17931,[H]C1=C([H])C([H])(OC([H])([H])[H])ON(c2c([H])c([H])c(N=O)c([H])c2[H])C1([H])[H],0,0 3 1 0 14 0,3,25.800958109402035,6.320741810269922,21.23679824939005,15.23593473348647,6.315987075684422,21.55192180917089,0.0019850023519342,0.0089535846239654,0.0019966295229361,0.0089535846239654,-11.306174503179754,0.0030220490300455,0.0017442868844483,0.0020636046273291,-12.185370276674426,-11.809798637475945,-6.834495055298795,25.41967399631753,23.80020047765555
6098,C=C/C=C/OC,12116,O=Nc1cccnc1N=O,17932,[H]C1=C([H])C([H])(OC([H])([H])[H])ON(c2nc([H])c([H])c([H])c2N=O)C1([H])[H],1,0 3 8 9 14 1,16,24.380057050652773,5.275341218732416,25.260967016303766,15.624601394358097,4.476705048412494,20.10130644277059,0.0356927107138547,0.00625888127872,0.0009534585143126,0.00625888127872,-9.4539718166264,0.0856729650827578,0.0405327131455781,0.0057894286204963,-8.861466342007319,-10.188458436081495,-9.887367425862564,19.59673985531268,17.085952160788015
6802,C=C/C=C/OC,12116,OCC1=Cc2ccccc21,18025,[H]OC([H])([H])C12c3c([H])c([H])c([H])c([H])c3C1([H])C([H])(OC([H])([H])[H])C([H])=C([H])C2([H])[H],1,0 3 2 3 14 1,0,15.089422579331364,10.553721884493946,17.146709609841377,14.85296137980647,7.309464310362856,22.162425690169325,0.0971767575955529,0.0431766037083228,0.0676117236481909,0.0431766037083228,-34.781410485328266,0.3400095596135697,0.04305637289265,0.3436576347304186,-33.811650984810726,-35.709962194939884,-36.500487863986535,22.9708926677516,22.80953602898766
8512,C=C/C=C/OC,12116,N#CC(=N)C(=N)C#N,13033,[H]N=C(C#N)C1(C#N)N([H])C([H])(OC([H])([H])[H])C([H])=C([H])C1([H])[H],0,0 3 4 5 14 0,9,25.51268953873596,12.870033101445776,28.51114270907116,15.166524733904453,10.92663701589624,26.093161749800693,0.0306621910603229,0.0057463310246284,0.022083126721574,0.0057463310246284,-13.686126028329204,0.0094281593422056,0.06557546011798,0.0338186276937128,-15.150116492766912,-11.911006442292674,-11.87826898741001,24.231133329552748,21.961693074781103
9160,C=C/C=C/OC,12116,C/N=C(\C#N)C(=O)C(=O)O,13744,[H]OC(=O)C1(/C(C#N)=N/C([H])([H])[H])OC([H])(OC([H])([H])[H])C([H])=C([H])C1([H])[H],1,0 3 5 6 14 1,8,25.58672217268228,14.285400405515988,35.77973663894466,16.12649330566964,4.801859736411089,20.92835304208073,0.0291037357294221,0.0262749370392045,0.0425475888117963,0.0262749370392045,-7.396918535654898,0.0241530033809071,0.0590373678778846,0.018415493623567,-7.568187841125265,-5.145302441333449,-8.655035283845578,20.6843769370405,18.30544412895039
9416,C=C/C=C/OC,12116,C1=NCC2=CC=NC2=N1,13799,[H]C1=NC([H])([H])C23C(=N1)N=C([H])C2([H])C([H])(OC([H])([H])[H])C([H])=C([H])C3([H])[H],1,0 3 3 4 14 1,0,21.082558637654675,11.972101258321382,23.36540597408056,15.144038394897008,9.206059390562096,24.350097785459106,0.0534313444649322,0.0330329407465885,0.0236110307846062,0.0330329407465885,-17.249061234097304,0.068957749313839,0.0566205708720981,0.0833415990791859,-16.025637696851277,-15.150914401962956,-14.7737277442166,24.989154850684194,21.76918250849125
884,C=C/C=C\CCCC,12121,N#CC(C#N)N=O,16602,[H]C1=C([H])C([H])(C([H])([H])C([H])([H])C([H])([H])C([H])([H])[H])ON(C([H])(C#N)C#N)C1([H])[H],1,0 3 5 6 22 1,8,26.96970232849978,6.682357008239396,23.842715125046112,16.250152129506418,10.105820042657296,26.35597217216372,0.0022215334630761,0.0156152774139727,0.0004828502027333,0.0156152774139727,-11.721733704827002,0.0301122192668046,0.0569815646324643,0.0004201008892876,-12.478039572946557,-12.682392067198066,-12.855110383145949,23.90410742944024,21.87665173412361
5118,C=C/C=C\CCCC,12121,O=C1N=C(O)C(=O)C(=O)N1,17697,[H]OC1=NC(=O)N([H])C(=O)C12OC([H])(C([H])([H])C([H])([H])C([H])([H])C([H])([H])[H])C([H])=C([H])C2([H])[H],0,0 3 5 6 22 0,9,28.93904860098793,11.602912705766776,32.851844796726056,16.533010018606635,6.434588051146385,22.96759806975302,0.0231773230822122,0.01763362705122,0.0472083811716878,0.01763362705122,-8.743446702866997,0.0210313666227278,0.0223987426529548,0.1932058241299283,-9.727071042793256,-7.355302838616435,-10.590560467600175,22.58272902786154,22.48197878126308
5158,C=C/C=C\CCCC,12121,O=C1N=CC2=CC=NC2=N1,17702,[H]C1=NC(=O)N=C2N=C([H])C3([H])C12C([H])([H])C([H])=C([H])C3([H])C([H])([H])C([H])([H])C([H])([H])C([H])([H])[H],1,0 3 4 5 22 1,0,25.169159830769367,10.6470043575595,24.8277444603176,15.78026153785468,8.871203958550716,24.6514654964054,0.0053797254346506,0.0306584467755543,0.0096149376932338,0.0306584467755543,-21.136198893666418,0.0301601598842141,0.0558724801393765,0.0050646786064145,-22.81197053312127,-21.971147542641965,-19.8726997839324,24.830533295695272,19.77026189868616
5211,C=C/C=C\CCCC,12121,O=C1N=NC(C2CC2)=N1,17707,[H]C1=C([H])C([H])(C([H])([H])C([H])([H])C([H])([H])C([H])([H])[H])n2c(=O)nc(C3([H])C([H])([H])C3([H])[H])n2C1([H])[H],1,0 3 3 2 22 1,5,26.21590186362433,6.920696006570608,23.99611067019789,15.913649290969447,11.71077625192126,27.624425542890705,0.0035930048819041,0.0070693816804204,0.000965465776189,0.0070693816804204,-19.57428239724345,0.0060492357461983,0.0447414458273347,0.0011987846214618,-13.083682668399426,-15.705761391888778,-14.235321120466333,23.29852286992368,22.35452181428409
5220,C=C/C=C\CCCC,12121,O=C1N=Nc2ccccc21,17709,[H]C1=C([H])C([H])(C([H])([H])C([H])([H])C([H])([H])C([H])([H])[H])n2c3c([H])c([H])c([H])c([H])c3c(=O)n2C1([H])[H],1,0 3 2 3 22 1,4,25.673563956661788,4.438698052707238,21.98597844009552,16.03023975169864,10.921909901157557,26.9521496528562,0.0129818182404028,0.0612030194553018,0.0020748135804906,0.0612030194553018,-21.59650498184046,0.0441000155448662,0.0786551214034915,0.003940609777888,-15.738943682501043,-17.710191049030513,-16.32598457401238,22.9801718630022,23.364915582226807
6003,C=C/C=C\CCCC,12121,O=NC(F)(F)F,17917,[H]C1=C([H])C([H])(C([H])([H])C([H])([H])C([H])([H])C([H])([H])[H])ON(C(F)(F)F)C1([H])[H],0,0 3 1 0 22 0,3,22.643524547140206,6.026636362406959,22.89788490885164,16.06866637904955,5.814890069852439,21.883556448901988,1.8676301330433e-05,1.3815055426817288e-05,0.0001062719939039,1.3815055426817288e-05,-20.24718859937912,0.0001031593760144,0.0013729164450312,0.0003441364476368,-19.896825828348938,-19.463464897906377,-21.605286119161065,22.25960065285443,19.797486918564907
10316,C=C/C=N/N=C(/C)N,12123,O=C1N=CC2=CC=NC2=N1,17702,[H]C1=NC2=NC(=O)N=C([H])C23C([H])([H])C([H])=C([H])N(/N=C(\N([H])[H])C([H])([H])[H])C13[H],1,0 3 4 5 17 1,0,21.98265825347319,13.724634555364032,24.144867499451628,15.719692435818342,11.689522020742553,27.409214456560893,0.0091248527302128,0.0352512069784848,0.0022027907258368,0.0352512069784848,-5.474586213388676,0.0288378621534908,0.0227815556681672,0.0020305211642886,-5.142152249917146,-6.90632307659239,-5.16099159376758,27.836810334755405,22.742893236257945
885,C=CC(=C)CCCO,12158,N#CC(C#N)N=O,16602,[H]OC([H])([H])C([H])([H])C([H])([H])C1=C([H])C([H])([H])N(C([H])(C#N)C#N)OC1([H])[H],0,0 3 5 6 20 0,9,24.751813444488533,7.475897095866443,24.17018799467297,15.594773391149392,6.9576476322638285,22.55242102341322,0.0034793962366991,0.0007349046733924,0.0001223162926059,0.0007349046733924,-12.37032826603584,0.0878036622013753,0.003774282158055,0.0002931672090978,-9.127753051825124,-12.993902218507747,-10.37030195350748,21.71317172430004,20.123246257755923
2842,C=CC(=C)CCCO,12158,N[C@H]1N=CN=C2N=NC=C21,17093,[H]OC([H])([H])C([H])([H])C([H])([H])C1=C([H])C([H])([H])C23C(=NC([H])=N[C@]2([H])N([H])[H])N=NC3([H])C1([H])[H],0,0 3 9 8 20 0,3,21.13556227631156,10.106616014830056,25.07514226402224,16.85619486393047,6.801921365889065,23.658116229819534,0.0441084170595247,0.0136704701704566,0.0168258596304745,0.0136704701704566,-22.58166413489648,0.176556058794254,0.1403761231072234,0.1082921745738806,-20.421963969518146,-23.12223882495645,-23.76422355245204,21.78281811853867,21.271710023408907
4442,C=CC(=C)CCCO,12158,O=C1C=C(C(F)(F)F)N=N1,17526,[H]OC([H])([H])C([H])([H])C([H])([H])C1=C([H])C([H])([H])C2(C(F)(F)F)N=NC(=O)C2([H])C1([H])[H],0,0 3 3 2 20 0,3,19.320818179551765,9.924191240271703,24.21433881966321,16.42202847545584,3.5312640035162524,19.95329247897209,6.776243581318756e-05,0.0046115176658776,0.0029031217123541,0.0046115176658776,-33.26131919951922,0.004814567910104,0.0333393153066371,0.0178577443940909,-31.401785094573924,-33.97917539434317,-29.459313808937573,22.22842407363771,20.971146010560368
4476,C=CC(=C)CCCO,12158,O=C1C=CC(=O)C(F)=C1,17533,[H]OC([H])([H])C([H])([H])C([H])([H])C1=C([H])C([H])([H])C2([H])C(=O)C([H])=C(F)C(=O)C2([H])C1([H])[H],0,0 3 2 3 20 0,1,23.167562488805704,9.9652635046697,26.406542399175983,16.417354837366396,7.014244125304259,23.43159896267065,0.0832873666707137,0.0099317218685382,0.0692552301262864,0.0099317218685382,-19.351726172170864,0.2315347287130626,0.0654287784547881,0.5447154403970648,-18.322336761584737,-22.52742431740309,-20.83118062241533,22.84611484263392,20.989731192320964
4484,C=CC(=C)CCCO,12158,O=C1C=CC(=O)N1C1CC1,17534,[H]OC([H])([H])C([H])([H])C([H])([H])C1=C([H])C([H])([H])C2([H])C(=O)N(C3([H])C([H])([H])C3([H])[H])C(=O)C2([H])C1([H])[H],0,0 3 2 3 20 0,1,21.40276220388023,8.88192728781025,23.271562562326963,16.38283311487722,7.7304566570005875,24.11328977187781,0.0043539467727803,0.0027617338265804,0.0116119658465173,0.0027617338265804,-22.513705679742444,0.0437225403903024,0.0424431154594228,0.1378997796396835,-22.20169241383312,-24.19706272530216,-23.449168486877007,24.04707856251772,23.60604714754336
4486,C=CC(=C)CCCO,12158,O=C1C=CC(=O)N1CO,17535,[H]OC([H])([H])N1C(=O)C2([H])C([H])(C1=O)C([H])([H])C(C([H])([H])C([H])([H])C([H])([H])O[H])=C([H])C2([H])[H],0,0 3 2 3 20 0,1,21.36420131827685,8.184458391450544,24.612783132369053,16.550431799263865,6.165833196140291,22.71626499540416,0.0121935970140344,0.0035844174845329,0.0112615873849032,0.0035844174845329,-23.30584879717191,0.0282109751400428,0.0706681735291333,0.1956443839650612,-23.0436237245073,-26.11146759360303,-25.6959249054769,23.847724117628893,23.69753089910416
5118,C=CC(=C)CCCO,12158,O=C1N=C(O)C(=O)C(=O)N1,17697,[H]OC1=NC(=O)N([H])C(=O)C12OC([H])([H])C(C([H])([H])C([H])([H])C([H])([H])O[H])=C([H])C2([H])[H],0,0 3 5 6 20 0,9,27.693168569919525,12.364382500409532,33.39024449274518,16.27146455739525,6.920622121211238,23.19208667860649,0.0312174033960086,0.0028903756294123,0.0343144728159032,0.0028903756294123,-5.559974854584453,0.0850855031582735,0.0073012945493408,0.108217761514481,-6.364268884951109,-6.512350091725114,-6.23467361704056,21.843483303326792,21.99670304587302
5158,C=CC(=C)CCCO,12158,O=C1N=CC2=CC=NC2=N1,17702,[H]OC([H])([H])C([H])([H])C([H])([H])C1=C([H])C([H])([H])C23C([H])=NC(=O)N=C2N=C([H])C3([H])C1([H])[H],1,0 3 4 5 20 1,0,23.357831391568343,9.61916159701422,29.38384834638825,16.093175081285075,3.7148704765218064,19.80804555780688,0.0137473949178096,0.0135274374494359,0.0103535898036111,0.0135274374494359,-20.13987797012105,0.1137551989260231,0.1237627249945192,0.0234309814360731,-18.10001900006764,-24.134691840195394,-23.70981234762018,19.02205678295173,14.307239484812914
5211,C=CC(=C)CCCO,12158,O=C1N=NC(C2CC2)=N1,17707,[H]OC([H])([H])C([H])([H])C([H])([H])C1=C([H])C([H])([H])n2c(C3([H])C([H])([H])C3([H])[H])nc(=O)n2C1([H])[H],1,0 3 3 2 20 1,5,26.641994002140866,8.415273141480927,29.158356671508088,16.181026356262368,6.767591092368647,22.94861744863101,0.0047377981552089,0.0036824968311129,8.623962115930695e-05,0.0036824968311129,-15.251232774206509,0.0285662470924641,0.0259128291698173,0.0009181083727899,-7.893133231134762,-15.086066637546644,-12.780102012209134,20.92043335290361,21.330658725429736
5220,C=CC(=C)CCCO,12158,O=C1N=Nc2ccccc21,17709,[H]OC([H])([H])C([H])([H])C([H])([H])C1=C([H])C([H])([H])n2c(=O)c3c([H])c([H])c([H])c([H])c3n2C1([H])[H],1,0 3 2 3 20 1,4,25.098438827929726,5.457848814869905,27.003269543751003,16.283203222207025,6.067437007469554,22.35064022967658,0.0151410690219681,0.0129513626209779,0.0005574264011883,0.0129513626209779,-17.96483314391203,0.1448405792043152,0.0588361675188175,0.0031885981334639,-13.18129380087914,-17.988160366767204,-16.290961991408075,20.528991223251808,21.766099284846284
5235,C=CC(=C)CCCO,12158,O=C1NC(=O)C2=C1CCC2,17711,[H]OC([H])([H])C([H])([H])C([H])([H])C1=C([H])C([H])([H])C23C(=O)N([H])C(=O)C2(C([H])([H])C([H])([H])C3([H])[H])C1([H])[H],0,0 3 5 6 20 0,1,19.67090764180339,10.745343336946966,20.928052443026065,16.180681844541425,8.40500870940307,24.58569055394449,0.0209051447202141,0.002757972093971,0.042603341700653,0.002757972093971,-23.45848173369219,0.1040267967150264,0.0083387141072744,0.0875998853274311,-23.28374082682074,-25.677234983779684,-23.573596766025982,25.125147683375296,23.9752681451411
6003,C=CC(=C)CCCO,12158,O=NC(F)(F)F,17917,[H]OC([H])([H])C([H])([H])C([H])([H])C1=C([H])C([H])([H])N(C(F)(F)F)OC1([H])[H],0,0 3 1 0 20 0,3,21.359883659098088,6.083150800123503,22.84097287484443,15.584854784717546,3.0189199054865696,18.60377469020412,0.0001030658218733,1.4916738603507766e-05,5.381292771448341e-05,1.4916738603507766e-05,-17.59075148885941,0.0005137701893917,0.0005237276881798,7.721967826368864e-05,-16.675837794680156,-18.215478599003887,-16.21382930060245,19.07549814570503,17.355787357575803
9416,C=CC(=C)CCCO,12158,C1=NCC2=CC=NC2=N1,13799,[H]OC([H])([H])C([H])([H])C([H])([H])C1=C([H])C([H])([H])C23C(=NC([H])=NC2([H])[H])N=C([H])C3([H])C1([H])[H],1,0 3 3 4 20 1,0,22.64773974909014,10.28249717368018,24.72921316894532,16.100817002178456,7.658397636909115,23.75921463908757,0.0262493210056429,0.0142185596828737,0.0154174266511856,0.0142185596828737,-19.15999644760449,0.15015764219681,0.113567319511834,0.1634270527731126,-19.13788737372233,-21.211203765186745,-20.085559875296862,24.355501063946416,23.53863551277324
5160,C=CC(=N)N,12160,O=C1N=CC2=CC=NC2=N1,17702,[H]C1=NC(=O)N=C2N=C([H])C3([H])C12N([H])C(N([H])[H])=C([H])C3([H])[H],1,0 3 5 4 11 1,2,17.435159784021117,11.7526979916975,20.346843611958658,15.575093859128252,9.729705417519938,25.30479927664819,0.0185276826943818,0.0024874471775743,0.004792692968941,0.0024874471775743,-11.753331032132763,0.0313884560831207,0.026154492782653,0.0054128259963139,-9.503851828926962,-12.182770716704354,-11.303501038024606,24.783863393611032,22.15742372609653
8882,C=CC1=CC=CC1,12183,O=C1C=C(C(F)(F)F)N=N1,17526,[H]C1=C([H])C2(C([H])=C([H])[H])C([H])([H])C1([H])C1(C(F)(F)F)N=NC(=O)C21[H],1,2 5 2 3 15 1,4,17.18220660235232,11.284589001219407,23.03734223164958,15.931472655632026,2.9220455186698864,18.85351817430191,0.0034168560886522,0.0005291714018437,0.0007448280522828,0.0005291714018437,-13.650010363292113,0.0010763085295901,0.0070347132165866,0.0005675076183245,-12.91133439193952,-13.010866209909324,-9.055610700569892,21.71813230850121,20.313655418532537
10839,C=CC1=CC=CC1,12183,O=CC#CC(F)(F)F,17787,[H]C(=O)C1=C(C(F)(F)F)C2(C([H])=C([H])[H])C([H])=C([H])C1([H])C2([H])[H],1,2 5 3 2 15 1,3,11.937655450524325,12.779170561855258,18.119238798643245,15.498351843182595,6.545993931116364,22.04434577429896,3.200019765995572e-05,0.0251710213228948,0.0043490334416057,0.0251710213228948,-16.55519639463776,0.0017924353722564,0.0204014589257247,0.0158824440858828,-17.106061035025604,-17.989822452383834,-19.398725309295003,24.06831945687644,23.85113781103821
13608,C=CC1=CC=CC1,12183,OCC1=Cc2ccccc21,18025,[H]OC([H])([H])C12c3c([H])c([H])c([H])c([H])c3C1([H])C1([H])C([H])=C([H])C2(C([H])=C([H])[H])C1([H])[H],1,2 5 2 3 15 1,4,14.42065962292559,9.72722983724716,17.52411187472925,15.296403656808632,5.847497552551818,21.14390120936045,0.0201704293410117,0.0300854177118542,0.0545369369026706,0.0300854177118542,-15.995135470183868,0.0809075619036023,0.0279860912045373,0.112380211131488,-15.301878984508283,-20.095154231100835,-20.5700411245606,22.80818020741959,23.33218682551628
8881,C=Cc1cnc[nH]1,12259,O=C1C=C(C(F)(F)F)N=N1,17526,[H]C1=NC2([H])C(=C([H])C([H])([H])C3(C(F)(F)F)N=NC(=O)C23[H])N1[H],0,0 3 3 2 13 0,3,17.727593085369634,13.941384518862616,24.26292673010424,16.201694467210785,7.819463602390993,24.02115806960178,7.874493819149859e-06,0.0053078935175619,0.0028279009967109,0.0053078935175619,-17.685875830442797,0.0006128339992315,0.0102191330713456,0.0026029110363094,-18.28737555342883,-14.390325994284538,-11.943790890707383,26.390011403771645,23.61289016708779
10316,C=Cc1cnc[nH]1,12259,O=C1N=CC2=CC=NC2=N1,17702,[H]C1=NC2([H])C(=C([H])C([H])([H])C34C([H])=NC(=O)N=C3N=C([H])C24[H])N1[H],1,0 3 4 5 13 1,0,21.385365535203967,14.58509956284574,27.527697973331563,15.766726117959772,8.748309127181173,24.515035245140943,0.0024288369312603,0.0072840335632555,0.0065404553003707,0.0072840335632555,-4.653971498271289,0.0059272800039469,0.0300684200190264,0.0044560040241734,-4.9111727097989615,-4.4200813051621,-6.275925978889429,26.160360386077173,21.11590819593752
2589,C=NN=C,12278,O=C1N=CC2=CC=NC2=N1,17702,[H]C1=NC2=NC(=O)N=C([H])C23C1([H])C([H])([H])N=NC3([H])[H],1,0 3 4 5 8 1,0,31.73828328177684,8.423975010047238,21.996796679088337,15.054000723777932,17.513277969914213,32.567278693692145,0.0030705851136319,0.0486570876024528,0.0058992562563633,0.0486570876024528,-11.580400011485544,0.0112403205746205,0.0662512818227926,0.0018742741531355,-12.358431516694246,-11.42103324551303,-10.532478040629506,33.65848114179419,23.273702264153982
3011,C=NN=C,12278,O=NC(F)(F)F,17917,[H]C1([H])N=NC([H])([H])N(C(F)(F)F)O1,1,0 3 0 1 8 1,0,30.822914322968074,3.293814151186416,17.393953348084683,15.284484532544065,16.943366210098148,32.22785074264221,6.6518527705348e-05,9.362896194970488e-06,1.7436991293484154e-05,9.362896194970488e-06,-9.375008988302357,0.0001094598809383,0.0001694615704823,3.889676294598503e-06,-8.714955035114365,-9.930994853526045,-6.43427200868253,30.217030815746703,23.894866248307693
1423,CC(C)C1C=CC=C1,12331,N[C@H]1N=CN=C2N=NC=C21,17093,[H]C1=N[C@]([H])(N([H])[H])C23C(=N1)N=NC2([H])C1([H])C([H])=C([H])C3([H])C1([H])C([H])(C([H])([H])[H])C([H])([H])[H],1,4 7 8 9 20 1,0,17.163257553908934,11.247765957333538,21.113481677773244,15.903759967519091,7.774001904633117,23.67776187215221,0.099190085280735,0.0139782616956502,0.0164817941642334,0.0139782616956502,-9.412231462903868,0.1964247153201673,0.01847293737171,0.0401391770971638,-8.54604259935887,-5.974235807052597,-7.671469752617988,22.69865804887177,22.23371410069076
2225,CC(C)C1C=CC=C1,12331,O=C1C=C(C(F)(F)F)N=N1,17526,[H]C1=C([H])C2([H])C([H])(C([H])(C([H])([H])[H])C([H])([H])[H])C1([H])C1([H])C(=O)N=NC12C(F)(F)F,1,4 7 2 3 20 1,0,15.05765149132192,10.65027068234054,22.002743738897784,16.088847014029184,1.8417289823207668,17.93057599634995,0.0029328332933004,0.0003544683089767,0.0021422315073007,0.0003544683089767,-18.102935828725712,0.0025010745309708,0.0056182377434566,0.00050692010718,-19.70535133816297,-17.13117924516959,-15.295363619955635,18.959224692026098,17.921027954835715
2248,CC(C)C1C=CC=C1,12331,O=C1C=CC(=O)N1C1CC1,17534,[H]C1=C([H])C2([H])C3([H])C(=O)N(C4([H])C([H])([H])C4([H])[H])C(=O)C3([H])C1([H])C2([H])C([H])(C([H])([H])[H])C([H])([H])[H],0,4 7 2 3 20 0,1,16.192113759487047,9.389385708531687,18.752670801643635,15.301376505741077,6.259091158510604,21.56046766425168,0.0025160657815323,0.0028918209039202,0.0089854081311798,0.0028918209039202,-8.68818150965388,0.0148753836795476,0.0072979182898854,0.021233099148669,-9.802582345984874,-7.25567877648259,-7.976965162718869,22.97526232943057,21.88207786109012
2250,CC(C)C1C=CC=C1,12331,O=C1C=CC(=O)N1CO,17535,[H]OC([H])([H])N1C(=O)C2([H])C([H])(C1=O)C1([H])C([H])=C([H])C2([H])C1([H])C([H])(C([H])([H])[H])C([H])([H])[H],0,4 7 2 3 20 0,1,16.08261803613317,8.120085951020144,19.20021631495629,15.384059880152538,5.30215482018756,20.6862147003401,0.0096018908283703,0.003191008675274,0.0101279245182106,0.003191008675274,-9.469387618419098,0.0104062493404926,0.0151345455501897,0.0254528300012128,-10.975246472563157,-9.618931637655066,-10.878128095815631,22.189919959894347,20.971312035982468
2292,CC(C)C1C=CC=C1,12331,O=C1C=Cc2ccccc21,17549,[H]C1=C([H])C2([H])C3([H])c4c([H])c([H])c([H])c([H])c4C(=O)C3([H])C1([H])C2([H])C([H])(C([H])([H])[H])C([H])([H])[H],0,4 7 2 3 20 0,1,16.644395086426286,9.53887061166602,17.820347909718752,14.93714584373,7.806787790926915,22.743933634656912,0.0742016736123546,0.0137206217209321,0.0796085111595158,0.0137206217209321,-7.742691773030792,0.0487637252792054,0.0204676117393323,0.1037584184171105,-8.755893576443754,-4.896498727921667,-5.051686503450291,24.7854940469702,23.510947762000384
2589,CC(C)C1C=CC=C1,12331,O=C1N=CC2=CC=NC2=N1,17702,[H]C1=NC2=NC(=O)N=C([H])C23C1([H])C1([H])C([H])=C([H])C3([H])C1([H])C([H])(C([H])([H])[H])C([H])([H])[H],1,4 7 4 5 20 1,0,17.70811148629965,11.64452701354354,24.37582579928284,15.469520085359871,3.37445815948928,18.84397824484915,0.0107089438383263,0.0114105644627831,0.0031633739755473,0.0114105644627831,-6.699233007825256,0.0302525508061467,0.0066958602844265,0.0047117261529137,-8.726980926194905,-7.2319081398527345,-8.403682288120706,19.611583452771058,15.283847075657562
2720,CC(C)C1C=CC=C1,12331,O=CC#CC(F)(F)F,17787,[H]C(=O)C1=C(C(F)(F)F)C2([H])C([H])=C([H])C1([H])C2([H])C([H])(C([H])([H])[H])C([H])([H])[H],1,4 7 2 3 20 1,0,10.569892334964472,12.492318276509812,17.687964407433846,15.522076847664923,6.353645124183334,21.875721971848257,0.0048389734144961,0.0015623881044684,0.0051766765531725,0.0015623881044684,-24.085399238076207,0.0041682244736015,0.0216351954229337,0.0014607589118392,-22.25945390612292,-21.628776695828364,-25.57617705922455,21.998704043978574,22.102358982691666
3011,CC(C)C1C=CC=C1,12331,O=NC(F)(F)F,17917,[H]C1=C([H])C2([H])N(C(F)(F)F)OC1([H])C2([H])C([H])(C([H])([H])[H])C([H])([H])[H],1,4 7 0 1 20 1,0,15.151168204005394,6.139599760473494,23.11193903601941,15.504841340264315,-2.3333372669895844,13.171504073274733,6.183116134607541e-05,1.0077912345216362e-05,4.86636390385609e-05,1.0077912345216362e-05,-6.303603743032532,0.0005107683761087,0.0016910953060416,2.348689834912888e-05,-5.813488765758514,-5.112821803884465,-6.197577667735903,14.699306017872477,12.143800902554236
3421,CC(C)C1C=CC=C1,12331,OCC1=Cc2ccccc21,18025,[H]OC([H])([H])C12c3c([H])c([H])c([H])c([H])c3C1([H])C1([H])C([H])=C([H])C2([H])C1([H])C([H])(C([H])([H])[H])C([H])([H])[H],1,4 7 2 3 20 1,0,12.217619957420256,8.924001775608513,15.387541392617932,15.223764380216116,5.308030366760743,20.531794746976857,0.0109178135182936,0.0117797080216241,0.0374218476444788,0.0117797080216241,-21.11129808640724,0.087373651560285,0.010044517336317,0.0690747847747429,-20.279472746756326,-24.87665250759501,-26.24640680924912,20.05454539947293,21.26866484408537
3521,CC(C)C1C=CC=C1,12331,O[C@@H]1CC/C=C/CCC1,18100,[H]O[C@@]1([H])C([H])([H])C([H])([H])C([H])([H])C2([H])C3([H])C([H])=C([H])C([H])(C3([H])C([H])(C([H])([H])[H])C([H])([H])[H])C2([H])C([H])([H])C1([H])[H],0,4 7 6 5 20 0,1,14.39468027613947,1.8607621246815604,9.915580906401956,14.716470320102388,5.650092336208944,20.36656265631133,0.0644295550180293,0.0445537770295083,0.0135329220142778,0.0445537770295083,-16.88763695320214,0.2216362774996833,0.0211474627945202,0.0274391950195486,-16.86411922996156,-14.874543231410286,-13.8982607794811,22.189322933954674,22.12978539978874
5160,CC/C=C/C(=N)N,12349,O=C1N=CC2=CC=NC2=N1,17702,[H]C1=NC(=O)N=C2N=C([H])C3([H])C12N([H])C(N([H])[H])=C([H])C3([H])C([H])([H])C([H])([H])[H],1,2 5 5 4 17 1,2,20.279417508487807,12.78904475642156,22.316401658251017,15.329913843141698,11.503724391440636,26.83363823458233,0.0110835271939709,0.007944002010087,0.0078566643506206,0.007944002010087,-8.489455172424499,0.0192920973887397,0.0261216705886073,0.013258794953936,-6.448725577828036,-7.167196105795924,-10.2830516289643,25.578088913265503,22.98331131192356
2225,CC1(CO)C=CC=C1,12373,O=C1C=C(C(F)(F)F)N=N1,17526,[H]OC([H])([H])C1(C([H])([H])[H])C2([H])C([H])=C([H])C1([H])C1(C(F)(F)F)N=NC(=O)C21[H],1,4 7 2 3 18 1,0,17.777993056623437,10.646213136005931,24.03038520871087,16.665861782602295,3.773626247367624,20.43948802996992,0.003945963181166,0.0009654637215727,0.0019988047528225,0.0009654637215727,-14.268535403011882,0.0017472512113826,0.0070967515138983,0.001260340515852,-14.84661696009364,-15.540856496202146,-12.275829623500286,21.15682928047129,20.58059474551361
2248,CC1(CO)C=CC=C1,12373,O=C1C=CC(=O)N1C1CC1,17534,[H]OC([H])([H])C1(C([H])([H])[H])C2([H])C([H])=C([H])C1([H])C1([H])C(=O)N(C3([H])C([H])([H])C3([H])[H])C(=O)C12[H],0,4 7 2 3 18 0,1,18.3305275335561,9.742834053572764,20.34619517304968,15.91459227823321,8.538617636846485,24.453209915079697,0.0039208349718128,0.0046744233757771,0.0103090033577503,0.0046744233757771,-6.128865472047735,0.0103511145656032,0.0134041418862539,0.0327911932218486,-6.892750445636295,-5.993781350109693,-5.778063700771295,24.81039960258725,23.899629051429976
2250,CC1(CO)C=CC=C1,12373,O=C1C=CC(=O)N1CO,17535,[H]OC([H])([H])N1C(=O)C2([H])C([H])(C1=O)C1([H])C([H])=C([H])C2([H])C1(C([H])([H])[H])C([H])([H])O[H],0,4 7 2 3 18 0,1,17.808265650787046,7.7604840421577075,20.714554148895573,15.967908378477288,7.308065458397781,23.275973836875067,0.0179987634144268,0.0052312667552892,0.0085722843509683,0.0052312667552892,-6.909764997589114,0.0098505022966115,0.0167488724025531,0.0355225890784932,-8.253188702036155,-8.582869769375407,-8.819613049065943,23.54709615844136,22.67117735125305
2589,CC1(CO)C=CC=C1,12373,O=C1N=CC2=CC=NC2=N1,17702,[H]OC([H])([H])C1(C([H])([H])[H])C2([H])C([H])=C([H])C1([H])C13C([H])=NC(=O)N=C1N=C([H])C23[H],1,4 7 4 5 18 1,0,20.02057007520721,11.678125956457288,26.68230711192165,16.080572128227644,5.72155807690816,21.802130205135803,0.0145238837624758,0.0128757732114951,0.0040971577673261,0.0128757732114951,-4.793267817632362,0.0207979309371734,0.0095981617439074,0.0128456900780927,-6.751197719500539,-5.860835573753587,-6.377190307945185,21.537414042614888,17.16911833652619
2720,CC1(CO)C=CC=C1,12373,O=CC#CC(F)(F)F,17787,[H]OC([H])([H])C1(C([H])([H])[H])C2([H])C([H])=C([H])C1([H])C(C(F)(F)F)=C2C([H])=O,1,4 7 2 3 18 1,0,12.272199260278674,12.045536803585671,18.79499820228614,16.028375736386884,9.254805470945008,25.283181207331893,0.0053187771908651,0.0024756033253591,0.0032132427447672,0.0024756033253591,-19.86754883846701,0.0053326273975392,0.0170963781913372,0.0008245209517097,-18.78187133312965,-19.403027956431963,-23.052602549969848,23.09800192266968,23.575288631035704
3421,CC1(CO)C=CC=C1,12373,OCC1=Cc2ccccc21,18025,[H]OC([H])([H])C12c3c([H])c([H])c([H])c([H])c3C1([H])C1([H])C([H])=C([H])C2([H])C1(C([H])([H])[H])C([H])([H])O[H],1,4 7 2 3 18 1,0,14.201670181186204,8.974114964429123,17.019257628649477,15.732673705414037,7.065085054595258,22.79775876000929,0.0072960975903364,0.012512021483806,0.0312063568406863,0.012512021483806,-17.98789677039207,0.077477781301917,0.0202912543164909,0.1538107881229599,-17.574380490129712,-22.44916881196901,-23.19540321311224,21.449269285779632,22.86541544006245
10320,CC1C=CC=CC=C1,12418,O=C1N=CC2=CC=NC2=N1,17702,[H]C1=NC2=NC(=O)N=C([H])C23C2([H])C([H])=C([H])C([H])(C([H])([H])[H])C([H])(C([H])=C2[H])C13[H],1,4 7 4 5 18 1,4,26.70773863063956,12.298610903167118,25.34854158850713,15.261394500953148,13.696266535030144,28.957661035983293,0.0097635245603331,0.0263102622735856,0.0083032500820244,0.0263102622735856,-7.827564102834025,0.0130170449586004,0.0302153847181805,0.0065001395356009,-9.00171456300572,-9.40492021135944,-9.719244040047576,26.360400512936533,20.63862836661597
10454,CC1C=CC=CC=C1,12418,O=C1N=Nc2ccccc21,17709,[H]C1=C([H])C2([H])n3c4c([H])c([H])c([H])c([H])c4c(=O)n3C1([H])C([H])=C([H])C2([H])C([H])([H])[H],1,4 7 2 3 18 1,22,27.727381657577936,4.640175697007821,22.119728293414003,15.262683836938276,12.373352497817235,27.63603633475552,0.0142718766462695,0.0128349273675093,0.0008867371460277,0.0128349273675093,-8.436133002916513,0.0282131516681942,0.0426632662929895,0.0021149643666312,-2.5758118153041,-5.421862374322704,-6.380028504587088,23.63867234961396,23.170881824200965
12000,CC1C=CC=CC=C1,12418,O=NC(F)(F)F,17917,[H]C1=C([H])C2([H])ON(C(F)(F)F)C1([H])C([H])=C([H])C2([H])C([H])([H])[H],1,2 5 0 1 18 1,0,23.385445260961948,5.754776118740589,22.62513227883163,15.223258667404554,6.321503421009538,21.54476208841409,0.0003249803380447,1.5646109385064224e-05,6.54155154985397e-05,1.5646109385064224e-05,-6.760676425045794,0.0001202576633407,0.0011160228720876,5.1890363274936025e-05,-6.459361731138543,-8.123372097211345,-7.530870512524622,21.269325947310048,18.15034080607776
2842,CCC1=CCC(C)=C1,12437,N[C@H]1N=CN=C2N=NC=C21,17093,[H]C1=N[C@]([H])(N([H])[H])C23C(=N1)N=NC2([H])C1([H])C(C([H])([H])C([H])([H])[H])=C([H])C3(C([H])([H])[H])C1([H])[H],0,5 3 9 8 20 0,3,17.510213122518405,12.40482327035023,25.50984293583651,16.27665917004186,5.940666000361471,22.21732517040333,0.0312381622811265,0.0448456438866232,0.0069121978043878,0.0448456438866232,-8.277200148232971,0.0215687313972535,0.0405457312089683,0.0193934700488838,-7.679304481289051,-6.947344768665754,-7.850847599829002,20.883530266926485,19.673112034285072
4440,CCC1=CCC(C)=C1,12437,O=C1C=C(C(F)(F)F)N=N1,17526,[H]C1=C(C([H])([H])C([H])([H])[H])C2([H])C([H])([H])C1(C([H])([H])[H])C1([H])C(=O)N=NC21C(F)(F)F,0,5 3 2 3 20 0,1,16.04635803419512,12.298016246097554,25.9746403835092,16.06318661667307,1.0452063475698845,17.108392964242956,0.00506687726619,0.0022792626595633,0.0031990621698149,0.0022792626595633,-19.166130681013776,0.0009691900780971,0.0119163125825252,0.0019641192545227,-20.7893752163856,-18.80004720443604,-14.967779067125036,18.46748500079415,16.416649980337322
4484,CCC1=CCC(C)=C1,12437,O=C1C=CC(=O)N1C1CC1,17534,[H]C1=C(C([H])([H])C([H])([H])[H])C2([H])C([H])([H])C1(C([H])([H])[H])C1([H])C(=O)N(C3([H])C([H])([H])C3([H])[H])C(=O)C21[H],0,5 3 2 3 20 0,1,17.356816416141303,10.534672546683018,22.45889414803149,15.606627728422,6.430228450067364,22.03685617848937,0.0035775431517218,0.0109429829989639,0.010488134188137,0.0109429829989639,-8.19620612554047,0.010738519401192,0.0124551466978545,0.0296321736088013,-8.834785095086445,-7.427708014371358,-7.585957468755318,22.303934829573848,20.95670416676043
4486,CCC1=CCC(C)=C1,12437,O=C1C=CC(=O)N1CO,17535,[H]OC([H])([H])N1C(=O)C2([H])C3([H])C(C([H])([H])C([H])([H])[H])=C([H])C(C([H])([H])[H])(C3([H])[H])C2([H])C1=O,0,5 3 2 3 20 0,1,16.83472992538666,9.141944758454606,22.896482303216388,15.69706212184644,4.60268481487504,20.299746936721483,0.0067155329042034,0.0109068714685573,0.0100923037743724,0.0109068714685573,-9.832283584436574,0.0058687943840701,0.0174760903741674,0.0323158743316749,-10.755532738432125,-10.46016572993934,-10.449838740591195,21.376568129167367,19.551971559188416
5144,CCC1=CCC(C)=C1,12437,O=C1N=CC(F)=C[C@H]1F,17700,[H]C1=NC(=O)[C@]([H])(F)C2([H])C1(F)C1([H])C(C([H])([H])C([H])([H])[H])=C([H])C2(C([H])([H])[H])C1([H])[H],0,5 3 6 4 20 0,3,18.367401849285383,15.73078122467695,25.76524022804428,15.84993811752575,9.868126193038492,25.718064310564245,0.1114640653750415,0.0583618625503892,0.0259610202601041,0.0583618625503892,-6.666036157321635,0.0965278092326491,0.0653768453735258,0.0676835939550608,-7.492604234397781,-6.338242216656305,-6.80007774728033,24.199001874035773,22.077562618763853
5160,CCC1=CCC(C)=C1,12437,O=C1N=CC2=CC=NC2=N1,17702,[H]C1=NC2=NC(=O)N=C([H])C23C2([H])C(C([H])([H])C([H])([H])[H])=C([H])C(C([H])([H])[H])(C2([H])[H])C13[H],1,5 3 5 4 20 1,2,18.62583699482192,11.995639357367065,28.70355531689297,15.674292074148005,2.671092889623104,18.345384963771107,0.028148569906085,0.0334038084978623,0.0071387119567405,0.0334038084978623,-10.038819607552227,0.0332008779373228,0.0415806876313001,0.0415740945876704,-11.719532358640222,-9.7525267378549,-9.211581061844385,18.437306663085867,13.280303842796854
5235,CCC1=CCC(C)=C1,12437,O=C1NC(=O)C2=C1CCC2,17711,[H]C1=C(C([H])([H])C([H])([H])[H])C2([H])C([H])([H])C1(C([H])([H])[H])C13C(=O)N([H])C(=O)C21C([H])([H])C([H])([H])C3([H])[H],0,5 3 5 6 20 0,1,17.693299074285278,13.172888987222793,23.616999850969336,16.74205923042748,7.790069216328856,24.53212844675633,0.0119053287474414,0.0045646126073525,0.0287456786974166,0.0045646126073525,-9.519516010118998,0.0354917241505642,0.0037099688040263,0.0206201211094156,-9.705317727679072,-8.312477850242367,-7.048171261665942,23.42122848480164,22.75039641048499
5419,CCC1=CCC(C)=C1,12437,O=CC#CC(F)(F)F,17787,[H]C(=O)C1=C(C(F)(F)F)C2(C([H])([H])[H])C([H])=C(C([H])([H])C([H])([H])[H])C1([H])C2([H])[H],1,5 3 3 2 20 1,1,10.224994737038545,13.713369570871931,20.620717861856324,15.81580032544861,4.651576274001879,20.46737659945049,2.2317474220041985e-05,0.0288829948060714,0.0040902275569126,0.0288829948060714,-22.154162555821948,0.0003100210514645,0.034218151014469,0.0174157319811572,-21.369353891015777,-23.25784203197089,-25.687524449269453,20.93282428489508,20.654881682388552
6000,CCC1=CCC(C)=C1,12437,O=NC(F)(F)F,17917,[H]C1=C(C([H])([H])C([H])([H])[H])C2([H])N(C(F)(F)F)OC1(C([H])([H])[H])C2([H])[H],1,5 3 0 1 20 1,0,16.729083284499,8.324247761075185,27.36475750027762,15.694508475860385,-2.1848828258772954,13.509625649983088,0.0001208962643623,2.412658050482394e-05,3.458951350375445e-05,2.412658050482394e-05,-8.220389339827669,0.0001180524099677,0.0003547531282041,5.674451678783983e-05,-8.07055153818797,-6.836733060033872,-5.25851098357856,14.6257127002721,11.52013811786516
6802,CCC1=CCC(C)=C1,12437,OCC1=Cc2ccccc21,18025,[H]OC([H])([H])C12c3c([H])c([H])c([H])c([H])c3C1([H])C1([H])C(C([H])([H])C([H])([H])[H])=C([H])C2(C([H])([H])[H])C1([H])[H],1,5 3 2 3 20 1,0,12.731080324728344,9.597378174598486,17.76628540845071,15.42845490505976,4.266026313537342,19.6944812185971,0.0106538628824521,0.0428566386600264,0.060468416707788,0.0428566386600264,-21.19606314209782,0.0973136061079114,0.0288127016540401,0.1392331997950785,-20.042119148059747,-25.282435444762434,-26.138020111348368,19.54875564073179,20.68626941685253
7000,CCC1=CCC(C)=C1,12437,O[C@@H]1CC/C=C/CCC1,18100,[H]O[C@@]1([H])C([H])([H])C([H])([H])C([H])([H])C2([H])C3(C([H])([H])[H])C([H])=C(C([H])([H])C([H])([H])[H])C([H])(C3([H])[H])C2([H])C([H])([H])C1([H])[H],1,5 3 5 6 20 1,2,15.063008142682476,2.1983870666718364,12.118519896023614,14.853736978041578,4.997486677687984,19.85122365572956,0.0822264925656303,0.108085042199213,0.0478226983106402,0.108085042199213,-16.36337645341358,0.3328113361575249,0.0492758172498552,0.0427794913241731,-16.10137047858705,-16.930464342830902,-15.032010088445992,21.31834317439084,21.65674044962148
9939,CCC1=CCC(C)=C1,12437,C=CC(=O)NC(=N)NC#N,13956,[H]N=C(N([H])C#N)N([H])C(=O)C1([H])C2(C([H])([H])[H])C([H])=C(C([H])([H])C([H])([H])[H])C([H])(C2([H])[H])C1([H])[H],1,5 3 1 0 20 1,2,18.673410639289266,10.432750028452435,22.624978329128304,15.59983309302137,8.567373733485585,24.16720682650696,7.774321220133785e-06,0.0281778404793051,0.0030260706069541,0.0281778404793051,-5.938669081662049,0.0059175631809427,0.0065501524144667,0.0168972812127688,-7.118681162560726,-6.517311959203177,-5.500841671436589,23.404018695865787,23.57275948204105
5419,CNc1cnco1,12571,O=CC#CC(F)(F)F,17787,[H]C(=O)C1=C(C(F)(F)F)C2(N([H])C([H])([H])[H])OC1([H])N=C2[H],1,2 5 3 2 13 1,1,14.474430148982645,14.84195642787253,21.870641328907823,15.54951661829993,8.937350837923738,24.486867456223667,8.645592474970598e-05,0.0081039221867221,0.0029199986376041,0.0081039221867221,-4.551612360556469,0.001717194797219,0.0038787881968829,0.0126466457212614,-4.424831778942277,-4.544490643967542,-8.462571572055978,23.445765731771527,22.931559796226693
6804,CNc1cnco1,12571,OCC1=Cc2ccccc21,18025,[H]OC([H])([H])C12c3c([H])c([H])c([H])c([H])c3C1([H])C1(N([H])C([H])([H])[H])OC2([H])N=C1[H],1,2 5 3 2 13 1,2,16.17928363851691,12.157640209989395,20.80498609431812,15.34196133272131,7.213608451466797,22.55556978418811,0.1028088884004935,0.008064521215835,0.0344133465990439,0.008064521215835,-7.982641171959493,0.1517968928690454,0.0069689224381032,0.1932527213294615,-8.97491158934541,-10.794889333247568,-13.5006546886519,21.96839472564222,23.29307846346479
7000,CNc1cnco1,12571,O[C@@H]1CC/C=C/CCC1,18100,[H]O[C@@]1([H])C([H])([H])C([H])([H])C([H])([H])C2([H])C3(N([H])C([H])([H])[H])OC([H])(N=C3[H])C2([H])C([H])([H])C1([H])[H],1,2 5 5 6 13 1,2,18.33391770251524,4.659083305012455,16.415365399080223,15.115250007931422,6.358992337933131,21.47424234586456,0.0436831701453583,0.0691330649713419,0.0442157996945694,0.0691330649713419,-5.995185251275188,0.0512136716619647,0.0552604167176991,0.030427127076505,-6.81328691652184,-5.338057643385508,-5.673505335394449,22.23528840779205,22.28949045991952
888,CNc1cocn1,12574,N#CC(F)(F)C(F)=C(F)F,16603,[H]N(C1=NC2([H])OC1([H])C(F)(F)C2(F)C(F)(F)C#N)C([H])([H])[H],1,5 3 5 7 13 1,0,15.924284082635776,17.36320540902571,22.825226903160228,14.797024419043254,11.228181020827346,26.0252054398706,0.0073917010158432,0.0083541257644833,0.0186017519101767,0.0083541257644833,-8.273389525112322,0.0203636547394444,0.0115596130895603,0.0229257070344436,-6.861155094033315,-10.04589547047705,-9.189287631518674,24.996429121549504,23.17696483520432
2056,CNc1cocn1,12574,NC(=O)C#CC(N)=O,16803,[H]N([H])C(=O)C1=C(C(=O)N([H])[H])C2([H])OC1([H])N=C2N([H])C([H])([H])[H],1,5 3 3 4 13 1,0,14.557538544972603,12.489794862460434,19.43064618840113,15.47260260290918,9.23978754941816,24.712390152327337,0.2336956582533552,0.0165402185327081,0.040690730950888,0.0165402185327081,-10.395392337994425,0.2386640918346942,0.0355905596728512,0.0940460260139456,-9.185414135201412,-9.296015166676112,-10.545773092647693,22.03742880991651,23.4016791680209
4440,CNc1cocn1,12574,O=C1C=C(C(F)(F)F)N=N1,17526,[H]N(C1=NC2([H])OC1([H])C1(C(F)(F)F)N=NC(=O)C21[H])C([H])([H])[H],0,5 3 2 3 13 0,1,17.944510263111752,11.887442872696475,26.58201425412821,15.741549855082836,1.147930756876164,16.889480611959,0.0020710697068282,0.0011580329263898,0.006706156524569,0.0011580329263898,-11.306591089662753,0.0012341652050842,0.0068906744985945,0.0060397931802749,-11.28594682763189,-10.099089766612543,-6.618765138885273,18.96268075062921,17.118368902589424
5419,CNc1cocn1,12574,O=CC#CC(F)(F)F,17787,[H]C(=O)C1=C(C(F)(F)F)C2([H])N=C(N([H])C([H])([H])[H])C1([H])O2,1,5 3 3 2 13 1,1,13.048534715551185,12.979586779605572,21.38297175116865,15.363007778803702,6.068275244375684,21.431283023179382,2.033408069299719e-05,0.0074401004192225,0.011392951190392,0.0074401004192225,-10.282921136814489,0.0026771223570646,0.016422910591437,0.0536415103040524,-9.516055774012251,-11.093295688981186,-12.523260081110712,20.49322535096224,19.56223886530823
6780,CNc1cocn1,12574,OC1=C(O)c2ccccc21,18015,[H]OC12c3c([H])c([H])c([H])c([H])c3C1(O[H])C1([H])OC2([H])N=C1N([H])C([H])([H])[H],1,5 3 1 2 13 1,0,15.599241186761882,12.929773366750746,20.614091778343628,15.642217485906608,6.573509845094943,22.21572733100156,0.0358200385387577,0.0116472374025606,0.0382261367512553,0.0116472374025606,-18.332903953102075,0.0664722569118094,0.01957320131994,0.0724804077412142,-19.21902172086847,-19.15734798294087,-17.042717395178002,21.897879048990685,23.33110977383689
6804,CNc1cocn1,12574,OCC1=Cc2ccccc21,18025,[H]OC([H])([H])C12c3c([H])c([H])c([H])c([H])c3C1([H])C1([H])N=C(N([H])C([H])([H])[H])C2([H])O1,1,5 3 3 2 13 1,2,14.063860665475149,10.053429033239166,20.031463158510952,15.184156509790844,4.011610553990948,19.1957670637818,0.1127896739184117,0.008150427342853,0.0349105564727545,0.008150427342853,-15.65571540987856,0.3834431280681872,0.0115787355543951,0.2219572682091953,-14.55773583563836,-17.835902667768934,-18.54226597028778,19.194284016489583,19.66484578619572
7000,CNc1cocn1,12574,O[C@@H]1CC/C=C/CCC1,18100,[H]O[C@@]1([H])C([H])([H])C([H])([H])C([H])([H])C2([H])C3([H])N=C(N([H])C([H])([H])[H])C([H])(O3)C2([H])C([H])([H])C1([H])[H],1,5 3 5 6 13 1,2,17.057532653871203,3.2489781474573274,16.057314720153144,14.863612401920538,5.061208296885695,19.92482069880624,0.0392856151919071,0.1136626150074881,0.0612578755891593,0.1136626150074881,-12.93125723174682,0.1704345464703473,0.0454421981700482,0.0536481338630727,-11.347950059940452,-11.3344197389252,-10.5427959976087,20.873419477474545,21.24281782228488
2842,COC1=CC=CCC1,12610,N[C@H]1N=CN=C2N=NC=C21,17093,[H]C1=N[C@]([H])(N([H])[H])C23C(=N1)N=NC2([H])C1([H])C([H])=C([H])C3(OC([H])([H])[H])C([H])([H])C1([H])[H],0,2 5 9 8 18 0,3,22.57791945694317,12.238122792519942,24.95092852849836,16.07034162675771,11.946538552169162,28.016880178926872,0.0798175673827114,0.04531629371868,0.0045895711757392,0.04531629371868,-8.494629608153232,0.1118793636528843,0.0727401222158023,0.0193890724145318,-8.953286411661495,-7.952299733325518,-10.864662650404595,24.44758372700059,22.68016607200647
4439,COC1=CC=CCC1,12610,O=C1C=C(C(F)(F)F)N=N1,17526,[H]C1=C([H])C2(OC([H])([H])[H])C([H])([H])C([H])([H])C1([H])C1(C(F)(F)F)N=NC(=O)C21[H],1,2 5 2 3 18 1,0,19.983543531058,11.861612897478407,25.48606601392953,15.94587583677064,4.379257299961331,20.32513313673197,0.0066855030582187,0.0009320985400403,0.0008281985361612,0.0009320985400403,-21.60656615072628,0.0014586803178567,0.0092748456804155,0.0024794256362353,-22.487415074518573,-20.664942614180816,-18.082203592729968,21.790428607837903,19.57718703626574
4478,COC1=CC=CCC1,12610,O=C1C=CC(=O)C(F)=C1,17533,[H]C1=C(F)C(=O)C2([H])C([H])(C1=O)C1([H])C([H])=C([H])C2(OC([H])([H])[H])C([H])([H])C1([H])[H],0,2 5 3 2 18 0,3,24.271733199545864,11.604897951603332,26.6547544036444,15.284738680478224,9.514849135574377,24.7995878160526,0.1274140029342692,0.0602499756514583,0.0374858697091725,0.0602499756514583,-5.305831791413951,0.1970068787955644,0.0905654634268834,0.0691831825417743,-6.594102123059663,-7.53165840067803,-7.304251277862544,23.522564855322763,20.253996152643136
4484,COC1=CC=CCC1,12610,O=C1C=CC(=O)N1C1CC1,17534,[H]C1=C([H])C2(OC([H])([H])[H])C([H])([H])C([H])([H])C1([H])C1([H])C(=O)N(C3([H])C([H])([H])C3([H])[H])C(=O)C12[H],0,2 5 2 3 18 0,1,22.32868199761137,9.99169548935199,22.167077588205306,15.211651113097313,10.480836932704513,25.692488045801824,0.0051042998240847,0.0075562260932289,0.0112150244290009,0.0075562260932289,-10.71608482151013,0.0217999499425119,0.0151888188997042,0.034939523812237,-10.963898645865598,-9.668149245460173,-10.966061475481872,25.490182474860905,23.55454590661021
4486,COC1=CC=CCC1,12610,O=C1C=CC(=O)N1CO,17535,[H]OC([H])([H])N1C(=O)C2([H])C3([H])C([H])=C([H])C(OC([H])([H])[H])(C([H])([H])C3([H])[H])C2([H])C1=O,0,2 5 2 3 18 0,1,21.3152113863596,9.170628380803493,22.275907851113057,15.305369676099142,9.37591885104069,24.681288527139834,0.0257728615391363,0.0094025104459878,0.0126586702256748,0.0094025104459878,-11.498785493674518,0.0178737068743582,0.0311816145450335,0.0297272473358021,-12.31377035389059,-12.58639240898028,-14.130420685061829,24.461900162303547,22.367290868422305
5149,COC1=CC=CCC1,12610,O=C1N=CC2(N=N2)C(=O)N1,17701,[H]C1=C([H])C2([H])C([H])([H])C([H])([H])C1(OC([H])([H])[H])N1C(=O)N([H])C(=O)C3(N=N3)C12[H],1,2 5 2 3 18 1,4,25.242797855038614,12.653446425086106,30.36703441578568,15.883460809002608,10.22725065628874,26.110711465291345,0.000731445571173,0.031594041212338,0.0168827668347763,0.031594041212338,-7.925183157256619,0.0396792071118717,0.0701388592530256,0.1286922091539057,-7.500313240016823,-8.330247744707187,-7.834956716215821,23.600386819561088,21.01802646581175
5160,COC1=CC=CCC1,12610,O=C1N=CC2=CC=NC2=N1,17702,[H]C1=NC2=NC(=O)N=C([H])C23C2([H])C([H])=C([H])C(OC([H])([H])[H])(C([H])([H])C2([H])[H])C13[H],1,2 5 5 4 18 1,2,23.05986469287897,12.349777552186476,28.645949340178987,15.323208713089734,6.561152372364184,21.88436108545392,0.0565386418857107,0.0243852545644464,0.0102876664679261,0.0243852545644464,-11.642336179301438,0.1053992273111704,0.0596435290887636,0.0553862153963513,-12.333943639364977,-11.43269551027285,-12.601810823230238,21.85521811824033,16.03363334000599
5220,COC1=CC=CCC1,12610,O=C1N=Nc2ccccc21,17709,[H]C1=C([H])C2(OC([H])([H])[H])n3c(=O)c4c([H])c([H])c([H])c([H])c4n3C1([H])C([H])([H])C2([H])[H],1,2 5 2 3 18 1,4,23.833237935677403,4.811781333674478,25.54060969935177,15.397087521822552,3.991211040643325,19.38829856246588,0.0413875616039675,0.0102378976258987,0.0011863434211216,0.0102378976258987,-10.343545412572162,0.028651138345738,0.0195373260896263,0.000784839122369,-7.64663528053233,-7.054725179327452,-8.234001840714342,18.60207402100366,17.612244828023837
5322,COC1=CC=CCC1,12610,O=C1NCN=C2N=CN=C12,17733,[H]C1=NC2=NC([H])([H])N([H])C(=O)C23N1C1(OC([H])([H])[H])C([H])=C([H])C3([H])C([H])([H])C1([H])[H],1,2 5 8 9 18 1,12,25.47928996014015,13.38544012832982,28.20809719485121,15.870017814191652,10.076421624775918,25.94643943896757,0.041197333821684,0.0069707057559166,0.0041892338669697,0.0069707057559166,-5.531787399892309,0.0361611500273822,0.0236329727095851,0.0172271149622219,-8.280258177523422,-5.894037589484213,-6.193832111218953,25.08427654844972,22.68560958108629
5419,COC1=CC=CCC1,12610,O=CC#CC(F)(F)F,17787,[H]C(=O)C1=C(C(F)(F)F)C2(OC([H])([H])[H])C([H])=C([H])C1([H])C([H])([H])C2([H])[H],1,2 5 3 2 18 1,1,12.756914986332175,14.330039270007036,20.13593526157027,15.406906855817098,6.685328551343407,22.092235407160505,0.0001044913853698,0.0258576842953007,0.0053183177385909,0.0258576842953007,-30.27184175614417,0.0015902016919936,0.0395277215312152,0.0120106096912162,-30.964165874196745,-29.454452276217268,-31.06684565545644,23.75911118847337,23.0241249556272
6000,COC1=CC=CCC1,12610,O=NC(F)(F)F,17917,[H]C1=C([H])C2([H])N(C(F)(F)F)OC1(OC([H])([H])[H])C([H])([H])C2([H])[H],1,2 5 0 1 18 1,0,20.606312103076192,7.334678204934035,27.10464942587027,15.317447755766038,1.468409134078712,16.78585688984475,0.0003314408204653,1.5148827435027111e-05,4.299897325604995e-05,1.5148827435027111e-05,-11.938979411554762,0.0004418876205676,0.0002894155153697,4.744881512038099e-05,-11.939751705729016,-10.428449986810357,-10.161357146799643,15.578954609389031,11.865202585959905
5419,COc1ccco1,12640,O=CC#CC(F)(F)F,17787,[H]C(=O)C1=C(C(F)(F)F)C2(OC([H])([H])[H])OC1([H])C([H])=C2[H],1,2 5 3 2 13 1,1,15.408069576894222,15.473403557255947,22.063575072069323,15.832099339795375,8.41439136630921,24.246490706104588,0.0002494859468977,0.0078875363781373,0.0005413918039394,0.0078875363781373,-5.7394351734570535,0.0009350663736136,0.0011997155584046,0.0061704710627553,-4.553481547963294,-5.072699888524188,-6.4890806853241045,24.04842679333036,22.246852651713173
5419,COc1ccoc1,12645,O=CC#CC(F)(F)F,17787,[H]C(=O)C1=C(C(F)(F)F)C2([H])OC1([H])C([H])=C2OC([H])([H])[H],1,6 4 3 2 13 1,1,13.90503887848326,13.801184143703017,19.89620280123489,15.100540128967944,9.085981543458931,24.18652167242688,7.200840517671448e-05,0.0053538752482603,0.0052683386567062,0.0053538752482603,-8.390656633486053,0.0064164416062579,0.0012560047006216,0.0085038621862853,-7.454078129253268,-8.31626618855357,-9.149267231224734,22.9580825377762,22.33533508793932
6804,COc1ccoc1,12645,OCC1=Cc2ccccc21,18025,[H]OC([H])([H])C12c3c([H])c([H])c([H])c([H])c3C1([H])C1([H])OC2([H])C([H])=C1OC([H])([H])[H],1,6 4 3 2 13 1,2,14.61004501397714,11.102987251717115,18.13159731931917,14.775510151612316,7.7630462599200065,22.538556411532323,0.1372677026267883,0.0040852081170303,0.0356131215173882,0.0040852081170303,-10.304251188305678,0.4849110272312695,0.0022521023379252,0.0996570606852436,-10.971935655919602,-13.641764790980504,-14.203459104175067,22.199212669287,22.24533692075053
7000,COc1ccoc1,12645,O[C@@H]1CC/C=C/CCC1,18100,[H]O[C@@]1([H])C([H])([H])C([H])([H])C([H])([H])C2([H])C3([H])OC([H])(C([H])=C3OC([H])([H])[H])C2([H])C([H])([H])C1([H])[H],1,6 4 5 6 13 1,2,17.246715223751636,4.67192096301091,13.82069454640319,14.465402312406844,8.664888483287573,23.130290795694417,0.0853455309265852,0.0982535901712048,0.0337769212718836,0.0982535901712048,-7.874312415342274,0.1105534343657861,0.0100826306251053,0.0108616621125315,-7.377673859757053,-7.6228681950184765,-5.817550121637634,23.663495785636755,23.50902003116132
6802,COc1cnc(C)o1,12646,OCC1=Cc2ccccc21,18025,[H]OC([H])([H])C12c3c([H])c([H])c([H])c([H])c3C1([H])C1(C([H])([H])[H])N=C([H])C2(OC([H])([H])[H])O1,1,2 5 2 3 15 1,0,17.86647972581819,11.919906779361908,22.05409578290559,15.470392940270614,7.69537526763931,23.165768207909924,0.0102950173264562,0.0040686941979416,0.1651878351689446,0.0040686941979416,-7.210671726883156,0.0282971649566291,0.0098584549102168,0.0922960780893098,-7.277052819649718,-9.656903843037334,-9.556697423452832,23.786239983392548,23.907641971080736
2842,C[C@H]1C=CC=CC1,12691,N[C@H]1N=CN=C2N=NC=C21,17093,[H]C1=N[C@]([H])(N([H])[H])C23C(=N1)N=NC2([H])C1([H])C([H])=C([H])C3([H])[C@]([H])(C([H])([H])[H])C1([H])[H],0,2 5 9 8 17 0,3,20.632368927639423,10.906852426158526,22.814887583182102,15.980554103562522,10.487987081300492,26.46854118486301,0.061322375360696,0.0313374032285184,0.0098337198854467,0.0313374032285184,-14.61847473687684,0.0293854578836376,0.0510679232666686,0.0286401282739,-14.88042462576805,-13.020312842003264,-15.132239992085054,24.462410171081995,21.14063338418289
4441,C[C@H]1C=CC=CC1,12691,O=C1C=C(C(F)(F)F)N=N1,17526,[H]C1=C([H])C2([H])C3(C(F)(F)F)N=NC(=O)C3([H])C1([H])C([H])([H])[C@@]2([H])C([H])([H])[H],1,2 5 3 2 17 1,2,19.826197011598847,10.771755371860012,24.152703607440884,15.847619182495643,5.895163865512529,21.74278304800817,4.987861795540108e-05,0.0110597294582053,0.0025203961125495,0.0110597294582053,-25.7746041049198,0.0011035188901792,0.0211681264209296,0.0047869724809114,-27.86421300532428,-23.5168502170621,-20.105627093344104,22.277991710846536,19.7455170000001
4478,C[C@H]1C=CC=CC1,12691,O=C1C=CC(=O)C(F)=C1,17533,[H]C1=C(F)C(=O)C2([H])C([H])(C1=O)C1([H])C([H])=C([H])C2([H])[C@]([H])(C([H])([H])[H])C1([H])[H],0,2 5 3 2 17 0,3,22.306332019433388,10.222398247261811,23.67670674939888,15.22770691169188,9.087551506999985,24.31525841869186,0.0711472440166888,0.0312018868089234,0.0435345340475532,0.0312018868089234,-10.650623566322714,0.0518826724830415,0.0606402432081367,0.0685598164276793,-12.38998232264496,-12.840428760802112,-11.739217771796191,22.72276732334044,19.73389927414925
4484,C[C@H]1C=CC=CC1,12691,O=C1C=CC(=O)N1C1CC1,17534,[H]C1=C([H])C2([H])C3([H])C(=O)N(C4([H])C([H])([H])C4([H])[H])C(=O)C3([H])C1([H])C([H])([H])[C@@]2([H])C([H])([H])[H],0,2 5 2 3 17 0,1,20.12008415481781,8.460993030818237,20.32237343744001,15.234961509720833,9.236956478017843,24.47191798773868,0.0016527963461175,0.0070953634679644,0.0102752808025568,0.0070953634679644,-16.234653745960394,0.0037950175084837,0.0150103473964235,0.0327365043484901,-16.309457341965086,-14.618028813824864,-15.707783616592591,24.31465234989548,21.584672395549816
4486,C[C@H]1C=CC=CC1,12691,O=C1C=CC(=O)N1CO,17535,[H]OC([H])([H])N1C(=O)C2([H])C3([H])C([H])=C([H])C([H])(C2([H])C1=O)[C@]([H])(C([H])([H])[H])C3([H])[H],0,2 5 2 3 17 0,1,19.608559084299458,7.51184276636362,20.27683667054673,15.249386741272808,8.63778470916839,23.8871714504412,0.0105421591160048,0.0082142708188933,0.0118617956986676,0.0082142708188933,-17.10549002863703,0.0033446940849072,0.0290458791184787,0.0329788226279125,-16.945802878339748,-17.03091371753039,-18.569177432990926,23.307759586419166,21.209612355074057
5149,C[C@H]1C=CC=CC1,12691,O=C1N=CC2(N=N2)C(=O)N1,17701,[H]C1=C([H])C2([H])N3C(=O)N([H])C(=O)C4(N=N4)C3([H])C1([H])C([H])([H])[C@@]2([H])C([H])([H])[H],1,2 5 2 3 17 1,4,23.78614692922365,11.301897562965028,27.881796055145703,15.872751641238128,10.647213337692904,26.51996497893103,0.0006841576123761,0.032443243061089,0.046214715923922,0.032443243061089,-13.900313448070849,0.0258417650257399,0.0777038414293688,0.1736572243547905,-12.498238402262947,-12.136474409892529,-9.720530544159637,23.515327168005417,21.136780961346066
5160,C[C@H]1C=CC=CC1,12691,O=C1N=CC2=CC=NC2=N1,17702,[H]C1=NC2=NC(=O)N=C([H])C23C2([H])C([H])=C([H])C([H])(C13[H])[C@]([H])(C([H])([H])[H])C2([H])[H],1,2 5 5 4 17 1,2,21.47675478406684,11.366432085517085,25.569279111252264,15.192107594499335,6.225475370672136,21.41758296517147,0.0242892760457158,0.0250414237003833,0.0218171180197527,0.0250414237003833,-15.863977723632177,0.0345040949369294,0.0661532696168743,0.0570725609253418,-17.27066980346485,-15.748529464507191,-15.46783334447315,21.79679238791176,14.985914262171129
5210,C[C@H]1C=CC=CC1,12691,O=C1N=NC(C2CC2)=N1,17707,[H]C1=C([H])C2([H])n3c(=O)nc(C4([H])C([H])([H])C4([H])[H])n3C1([H])C([H])([H])[C@@]2([H])C([H])([H])[H],1,2 5 2 3 17 1,4,22.89092417113628,6.724703611306491,25.78282111571753,15.475502739521108,5.034254621302203,20.50975736082331,0.0026966406849546,0.0188320727292947,0.0005551124606551,0.0188320727292947,-16.118432561661486,0.0019762962770026,0.0242019702878214,0.0007287164086067,-5.4807979746795255,-10.668747894999896,-7.245710906679527,19.77464982022187,16.806297734914914
5220,C[C@H]1C=CC=CC1,12691,O=C1N=Nc2ccccc21,17709,[H]C1=C([H])C2([H])n3c(=O)c4c([H])c([H])c([H])c([H])c4n3C1([H])C([H])([H])[C@@]2([H])C([H])([H])[H],1,2 5 2 3 17 1,4,22.170144913545016,4.247229006332404,23.781895940401363,15.50851390583153,4.974456399980912,20.482970305812444,0.0115830319656612,0.0224742027209197,0.0013870994858329,0.0224742027209197,-14.533156582975607,0.0145519347298901,0.0211144661214034,0.0009099682975871,-12.237443179894392,-10.897145966478815,-9.953870088569367,18.14624745302189,17.414216915363422
5322,C[C@H]1C=CC=CC1,12691,O=C1NCN=C2N=CN=C12,17733,[H]C1=NC2=NC([H])([H])N([H])C(=O)C23N1C1([H])C([H])=C([H])C3([H])C([H])([H])[C@@]1([H])C([H])([H])[H],1,2 5 8 9 17 1,12,24.037035053208832,11.847314290272852,25.43068103933168,15.823981026258114,10.334767435966691,26.158748462224807,0.0359943886622304,0.0092001318545008,0.0118549695977339,0.0092001318545008,-9.322671997903967,0.0218990473326509,0.0261344240463803,0.0290808772789408,-10.326806224724995,-9.365480457829449,-7.73798380236126,25.14248027036476,23.016319256860825
5418,C[C@H]1C=CC=CC1,12691,O=CC#CC(F)(F)F,17787,[H]C(=O)C1=C(C(F)(F)F)C2([H])C([H])=C([H])C1([H])[C@]([H])(C([H])([H])[H])C2([H])[H],1,2 5 2 3 17 1,0,14.069350037628992,13.157920450759011,18.801801605729302,15.4444086260374,8.32570382317861,23.770112449216008,0.0021946963361445,0.0017747098163172,0.0067822227779006,0.0017747098163172,-34.683969153341195,0.0014665368495044,0.0309306928581853,0.0010294592312241,-33.76159959661183,-33.63973362932481,-34.39242790064999,25.003569275331,23.720475009999333
6000,C[C@H]1C=CC=CC1,12691,O=NC(F)(F)F,17917,[H]C1=C([H])C2([H])ON(C(F)(F)F)C1([H])C([H])([H])[C@@]2([H])C([H])([H])[H],1,2 5 0 1 17 1,0,20.120766732939646,6.48700933464842,24.691242064917382,15.49693019125029,2.7530231387514874,18.249953330001777,0.0001120379658432,2.936577878979088e-05,0.0001469709720806,2.936577878979088e-05,-13.23263844703996,0.0001071670687053,0.001231659090907,7.249355803171059e-05,-13.89017670015545,-11.949911232614262,-10.947623765308244,16.24334107264601,12.456359691920934
6804,C[C@H]1C=CC=CC1,12691,OCC1=Cc2ccccc21,18025,[H]OC([H])([H])C12c3c([H])c([H])c([H])c([H])c3C1([H])C1([H])C([H])=C([H])C2([H])C([H])([H])[C@@]1([H])C([H])([H])[H],1,2 5 3 2 17 1,2,15.30336514968578,10.089401780077123,16.51031630427584,15.171833189555676,8.534498542836019,23.706331732391696,0.0255360025461874,0.0244984322587632,0.0328344065738766,0.0244984322587632,-27.720057582570654,0.1116547770033043,0.0198503423163867,0.2168064430988611,-29.81908765284301,-32.06593060212602,-34.36870136887253,23.72419629643132,23.687612265719352
9418,C[C@H]1C=CC=CC1,12691,C1=NCC2=CC=NC2=N1,13799,[H]C1=NC([H])([H])C23C(=N1)N=C([H])C2([H])C1([H])C([H])=C([H])C3([H])C([H])([H])[C@@]1([H])C([H])([H])[H],1,2 5 4 3 17 1,2,21.78556718118642,11.441274597666911,22.845967629039528,15.488763835429324,11.853213930427778,27.341977765857106,0.0718054325853663,0.0246892521956728,0.0431190261842299,0.0246892521956728,-10.487070954017511,0.0350423835130536,0.0744394885619802,0.0487548471789012,-11.487921173770545,-9.887637786553276,-11.628725452125046,25.95630308480722,23.73813452449947
4440,Cc1coc(O)c1,12830,O=C1C=C(C(F)(F)F)N=N1,17526,[H]OC12OC([H])(C(C([H])([H])[H])=C1[H])C1(C(F)(F)F)N=NC(=O)C21[H],0,4 2 2 3 13 0,1,18.893395358976463,13.476679589440588,28.69260235390624,16.044694058299296,2.940468790544585,18.98516284884388,0.0014613867679448,0.0011034458698813,0.000869415668825,0.0011034458698813,-8.812959279846389,0.0009325870673402,0.0014829445180116,0.0012194187777143,-8.784410104599843,-7.855879709068311,-6.55339171992178,18.8706595648298,18.42608817382445
5419,Cc1coc(O)c1,12830,O=CC#CC(F)(F)F,17787,[H]OC12OC([H])(C(C([H])=O)=C1C(F)(F)F)C(C([H])([H])[H])=C2[H],1,4 2 3 2 13 1,1,13.76148042569935,14.989966531070182,24.286144334267085,15.794033783404029,7.08331352575015,22.87734730915417,4.135607811249193e-05,0.0168485814014432,0.0016922910254832,0.0168485814014432,-6.539812208936048,0.0010721464728037,0.0022453158463037,0.0054135302794887,-6.651889704217588,-8.543922379433667,-12.825430902173755,20.45802477956824,20.84818544076124
6804,Cc1coc(O)c1,12830,OCC1=Cc2ccccc21,18025,[H]OC([H])([H])C12c3c([H])c([H])c([H])c([H])c3C1([H])C1(O[H])OC2([H])C(C([H])([H])[H])=C1[H],1,4 2 3 2 13 1,2,14.890997195601289,11.37479579453017,20.48567111078393,15.28812502445627,6.861778962488828,22.14990398694509,0.1259604882993051,0.006300273990853,0.003111053784243,0.006300273990853,-12.6101977122727,0.2186035104774328,0.0027110444562484,0.1021201577179947,-13.408472619462472,-15.88844144697903,-18.492867055635344,20.34995929660314,21.26885621631771
7000,Cc1coc(O)c1,12830,O[C@@H]1CC/C=C/CCC1,18100,[H]OC12OC([H])(C(C([H])([H])[H])=C1[H])C1([H])C([H])([H])C([H])([H])[C@@]([H])(O[H])C([H])([H])C([H])([H])C([H])([H])C21[H],1,4 2 5 6 13 1,2,17.813459330255604,2.9823962344060533,14.692630559542003,15.098911418263787,6.472480933236442,21.57139235150023,0.0266686952347543,0.0916565763272393,0.0043053227596142,0.0916565763272393,-9.723870360838127,0.0759855435428563,0.0215866573813305,0.0295780234010868,-9.465714136100928,-9.127676293715185,-10.14900269498628,21.02299767318649,21.62163862560444
5419,Cc1ncoc1C,12873,O=CC#CC(F)(F)F,17787,[H]C(=O)C1=C(C(F)(F)F)C2(C([H])([H])[H])OC1([H])N=C2C([H])([H])[H],1,5 3 3 2 14 1,1,14.238807940111782,13.597830138854585,21.384038124186112,15.54664481544302,7.815442272698455,23.36208708814147,1.6549343968416243e-05,0.0089980814059362,0.0099014582385787,0.0089980814059362,-7.706987232200149,0.0018392888924719,0.0044736052791694,0.0070198898090371,-7.182890478255878,-7.735407676012144,-9.39863919290147,23.61237815699648,22.80086967438843
6804,Cc1ncoc1C,12873,OCC1=Cc2ccccc21,18025,[H]OC([H])([H])C12c3c([H])c([H])c([H])c([H])c3C1([H])C1(C([H])([H])[H])OC2([H])N=C1C([H])([H])[H],1,5 3 3 2 14 1,2,15.555548695983967,11.504592035770884,20.781831119450057,15.38109223694692,5.511087524154089,20.89217976110101,0.0498180559843671,0.0131830673569871,0.075837478693094,0.0131830673569871,-11.927426178449052,0.0685502698824674,0.0040708057969261,0.2185803764722875,-12.76234407740248,-15.043202490032364,-15.575053116335674,21.394707024695656,21.43019609000489
7000,Cc1ncoc1C,12873,O[C@@H]1CC/C=C/CCC1,18100,[H]O[C@@]1([H])C([H])([H])C([H])([H])C([H])([H])C2([H])C3(C([H])([H])[H])OC([H])(N=C3C([H])([H])[H])C2([H])C([H])([H])C1([H])[H],1,5 3 5 6 14 1,2,18.23160624574268,3.661695003387495,16.21094977657856,15.086147883969158,5.932623408547446,21.018771292516604,0.0482909772818667,0.0474400730033659,0.0621855587342874,0.0474400730033659,-9.584725240547025,0.0543643414098821,0.009915672780153,0.0156187147152619,-9.561382718544415,-8.512182890489129,-7.169820401082831,22.43106140466039,21.91967496685294
2589,FC(F)=CC=C(F)F,12998,O=C1N=CC2=CC=NC2=N1,17702,[H]C1=NC2=NC(=O)N=C([H])C23C1([H])C(F)(F)C([H])=C([H])C3(F)F,1,1 5 4 5 10 1,0,29.9293157240188,9.00647998602819,23.19414064394328,15.085687596343464,14.481012712103391,29.56670030844685,0.0044681265872235,0.0073835006438958,0.003887104213025,0.0073835006438958,-25.70058588273988,0.0265610458210455,0.0368724848455298,0.002533705928439,-23.38526039997689,-27.544725552765705,-25.30402933183537,30.496993477790635,21.46825299798812
6804,N#CCc1ccco1,13040,OCC1=Cc2ccccc21,18025,[H]OC([H])([H])C12c3c([H])c([H])c([H])c([H])c3C1([H])C1(C([H])([H])C#N)OC2([H])C([H])=C1[H],1,3 6 3 2 13 1,2,15.606200273717285,11.954802972510391,19.636711765277727,14.894480979000448,7.594089253065071,22.48857023206552,0.1070619923077247,0.0162763876714983,0.0637491114660136,0.0162763876714983,-10.030297578390872,0.3440824635064957,0.0179085876930846,0.3746791938492556,-10.693266223505248,-11.349774134823877,-11.14002692845719,22.915612010674057,23.84307187004532
6804,N#Cc1ccoc1N,13070,OCC1=Cc2ccccc21,18025,[H]OC([H])([H])C12c3c([H])c([H])c([H])c([H])c3C1([H])C1(N([H])[H])OC2([H])C([H])=C1C#N,1,6 4 3 2 12 1,2,15.3213835646938,12.33589931061136,19.185661491505584,14.780478554363723,8.337466148517478,23.117944702881204,0.4918526710901491,0.0089518460748453,0.1552844857289813,0.0089518460748453,-12.403932427350362,0.925719802686351,0.0110186947714419,0.2649011854420064,-12.762003002956815,-12.19606104700135,-13.80572029255255,22.60335218187035,23.87271786992533
10316,N=C(N)/N=N/C(=N)N,13100,O=C1N=CC2=CC=NC2=N1,17702,[H]/N=C(/N([H])[H])N1N=C(N([H])[H])N([H])C23C([H])=NC(=O)N=C2N=C([H])C13[H],1,0 4 4 5 14 1,0,21.79148714406988,10.034259379737488,20.1040446682746,15.44911840259525,12.55468476189257,28.00380316448782,0.0054534203924126,0.0211689754999441,0.0091243977145498,0.0211689754999441,-14.053628157993764,0.0123142897590538,0.033476836043742,0.0060231018093774,-14.08477066331995,-17.177497973853036,-13.86117202775518,27.24606184874805,22.73410543671219
2842,NC1=CC=C(CO)C1,13148,N[C@H]1N=CN=C2N=NC=C21,17093,[H]OC([H])([H])C12C([H])=C([H])C(N([H])[H])(C1([H])[H])C13C(=NC([H])=N[C@]1([H])N([H])[H])N=NC23[H],0,1 4 9 8 17 0,3,18.3554200818722,13.376921256563476,28.34808855151007,16.592579918149198,3.949429427376153,20.54200934552535,0.0391346301960839,0.0273309426431946,0.0058584479278926,0.0273309426431946,-7.028477605012107,0.0171854253138588,0.0249271786545102,0.023339362113088,-6.7283861430611225,-6.312114345498717,-6.17364785972498,19.49064050335868,20.513000974784568
4441,NC1=CC=C(CO)C1,13148,O=C1C=C(C(F)(F)F)N=N1,17526,[H]OC([H])([H])C12C([H])=C([H])C(N([H])[H])(C1([H])[H])C1(C(F)(F)F)N=NC(=O)C12[H],1,1 4 3 2 17 1,2,16.17114778267623,12.546196246597296,28.29542192315153,16.356943123249103,0.8863682490483313,17.243311372297434,2.7233523752584283e-05,0.0080535804500347,0.0018229660293932,0.0080535804500347,-15.67673477303152,0.0042981268052407,0.0402126725425372,0.0041640693005959,-15.471232125519537,-15.79148429024955,-11.140113710794148,17.308693717144607,17.479610026307995
4484,NC1=CC=C(CO)C1,13148,O=C1C=CC(=O)N1C1CC1,17534,[H]OC([H])([H])C12C([H])=C([H])C(N([H])[H])(C1([H])[H])C1([H])C(=O)N(C3([H])C([H])([H])C3([H])[H])C(=O)C12[H],0,1 4 2 3 17 0,1,18.11465405029559,12.02358079639471,24.997374869505933,15.724908915009598,5.440506599290508,21.165415514300108,0.0057551724850467,0.004351963079398,0.0061675320997835,0.004351963079398,-5.859339001594883,0.0198937811039885,0.0087571594492832,0.0193153160351065,-7.349832730412906,-5.584437778219268,-5.295563848255782,22.29114322310288,21.47401041653027
4486,NC1=CC=C(CO)C1,13148,O=C1C=CC(=O)N1CO,17535,[H]OC([H])([H])N1C(=O)C2([H])C([H])(C1=O)C1(C([H])([H])O[H])C([H])=C([H])C2(N([H])[H])C1([H])[H],0,1 4 2 3 17 0,1,17.127026427735316,9.806741233359231,25.35229818178695,15.933322242474915,2.5284157273953944,18.46173796987032,0.0126879857178835,0.0049089398099559,0.005985602257263,0.0049089398099559,-7.664928386230777,0.0143765643755529,0.0115944398034333,0.018679467294861,-8.552740359132272,-8.878563754851925,-8.420778350939898,20.38420318645296,19.75781845385803
5158,NC1=CC=C(CO)C1,13148,O=C1N=CC2=CC=NC2=N1,17702,[H]OC([H])([H])C12C([H])=C([H])C(N([H])[H])(C1([H])[H])C13C([H])=NC(=O)N=C1N=C([H])C32[H],1,1 4 4 5 17 1,0,19.07117250246382,12.986269375420248,31.05129316210698,15.961728880398868,1.0548979689100797,17.01662684930895,0.0222246793156742,0.01631471198062,0.0063132483746264,0.01631471198062,-7.084442017018098,0.0169262058326373,0.0251942147408476,0.0051683905294085,-7.761342961162114,-7.1124368523787,-6.028170926492873,17.602159807663075,14.315409792686143
5235,NC1=CC=C(CO)C1,13148,O=C1NC(=O)C2=C1CCC2,17711,[H]OC([H])([H])C12C([H])=C([H])C(N([H])[H])(C1([H])[H])C13C(=O)N([H])C(=O)C21C([H])([H])C([H])([H])C3([H])[H],0,1 4 5 6 17 0,1,18.541412619814224,14.000588318067107,27.43476006251341,17.04349730994631,4.911294325784724,21.95479163573104,0.0275658139867328,0.0031620977379214,0.0133439656818646,0.0031620977379214,-4.714963558985488,0.0635788473526049,0.0040663331295688,0.0287812564208298,-2.455955131222169,-5.7708449286667545,-5.055650976119001,22.60093486609268,23.2317380987443
5419,NC1=CC=C(CO)C1,13148,O=CC#CC(F)(F)F,17787,[H]OC([H])([H])C12C([H])=C([H])C(N([H])[H])(C(C(F)(F)F)=C1C([H])=O)C2([H])[H],1,1 4 3 2 17 1,1,10.501570623957424,14.155180739686596,23.167262413433225,15.926907425354711,4.503748077668906,20.43065550302362,2.137949431061984e-05,0.0125828049933418,0.0054171009613493,0.0125828049933418,-18.66796783351259,0.001278541846634,0.0220009589861079,0.0334597972065229,-16.740659377809983,-19.85759222818863,-21.57029596203525,20.02854434633588,21.27073791854785
6780,NC1=CC=C(CO)C1,13148,OC1=C(O)c2ccccc21,18015,[H]OC([H])([H])C12C([H])=C([H])C(N([H])[H])(C1([H])[H])C1(O[H])c3c([H])c([H])c([H])c([H])c3C12O[H],1,1 4 1 2 17 1,0,14.222072420277671,13.409024315840185,20.889193588018685,16.204826518888147,5.452417784025776,21.657244302913924,0.032202940717798,0.0100256726798149,0.0247175768300215,0.0100256726798149,-26.454143620205546,0.0765839603227017,0.0358724550955385,0.0210111042887456,-29.1761996625644,-25.56023461395442,-22.460947610620373,20.216751421874985,21.52139631235317
6802,NC1=CC=C(CO)C1,13148,OCC1=Cc2ccccc21,18025,[H]OC([H])([H])C12C([H])=C([H])C(N([H])[H])(C1([H])[H])C1(C([H])([H])O[H])c3c([H])c([H])c([H])c([H])c3C21[H],1,1 4 2 3 17 1,0,13.319805317304905,10.463141576538892,21.221273219126097,15.68689977358402,2.6982983245934946,18.385198098177515,0.0413769796883083,0.0211712897893352,0.0932814967222531,0.0211712897893352,-20.820197467959467,0.1336253881499538,0.0563839271195134,0.2257059081982098,-19.924319568134464,-23.3388729703666,-23.4323712221024,17.708463462368652,19.11162669529517
7000,NC1=CC=C(CO)C1,13148,O[C@@H]1CC/C=C/CCC1,18100,[H]OC([H])([H])C12C([H])=C([H])C(N([H])[H])(C1([H])[H])C1([H])C([H])([H])C([H])([H])C([H])([H])[C@]([H])(O[H])C([H])([H])C([H])([H])C21[H],1,1 4 5 6 17 1,2,15.5610968890229,2.4843851833180963,14.446697226971969,15.298563858252574,3.138426790766488,18.436990649019062,0.2628378566660244,0.1547296187701692,0.0665964720930032,0.1547296187701692,-13.227696861181784,0.6681336864291346,0.1710626961635472,0.0786620096457178,-12.878164876828848,-14.99798560791745,-13.902252366366293,18.587400817421504,20.221854748374508
2842,NC1=CC=CCO1,13149,N[C@H]1N=CN=C2N=NC=C21,17093,[H]C1=N[C@]([H])(N([H])[H])C23C(=N1)N=NC2([H])C1([H])C([H])=C([H])C3(N([H])[H])OC1([H])[H],0,1 4 9 8 14 0,3,21.77056990369787,14.326314831770572,28.0637736130642,16.427461909728375,10.870307257281787,27.297769167010163,0.0575016897311567,0.0265252788223198,0.0096263944833816,0.0265252788223198,-5.564532869724729,0.049421189677654,0.0250537852039556,0.0298899449513591,-6.72130354516765,-6.486626406475423,-7.088710233419072,24.41733603614069,23.42807878572549
4442,NC1=CC=CCO1,13149,O=C1C=C(C(F)(F)F)N=N1,17526,[H]C1=C([H])C2([H])C([H])([H])OC1(N([H])[H])C1(C(F)(F)F)N=NC(=O)C21[H],0,1 4 3 2 14 0,3,19.68815230358292,14.150801676056002,27.79331201134276,16.010274879109236,6.4727195450295305,22.482994424138766,4.566380819712636e-05,0.0096708398889851,0.0037101349569849,0.0096708398889851,-16.777183083722342,0.0017614272603415,0.0065695577679513,0.0055970230395062,-17.485822295104647,-15.897741456890271,-11.735279412920724,21.48560015018948,19.9607866313698
4486,NC1=CC=CCO1,13149,O=C1C=CC(=O)N1CO,17535,[H]OC([H])([H])N1C(=O)C2([H])C3(N([H])[H])OC([H])([H])C([H])(C([H])=C3[H])C2([H])C1=O,0,1 4 2 3 14 0,1,21.557746261772323,11.059423280841788,24.44774844832716,15.627159992008252,9.738798268909438,25.36595826091769,0.0145208698646092,0.0063285459872696,0.0040539445344274,0.0063285459872696,-7.859162072793048,0.0134764973029553,0.010222124942035,0.0314693809659388,-8.760494028655096,-9.042814509833612,-9.008921533602056,25.10180514234145,23.753413364559727
5160,NC1=CC=CCO1,13149,O=C1N=CC2=CC=NC2=N1,17702,[H]C1=NC2=NC(=O)N=C([H])C23C2([H])C([H])=C([H])C(N([H])[H])(OC2([H])[H])C13[H],1,1 4 5 4 14 1,2,22.809071370786945,14.000990679350677,31.387619009421417,15.743242502891794,6.33134123401566,22.074583736907456,0.0422339840709176,0.0283281756798138,0.0094045118856295,0.0283281756798138,-8.813502626038343,0.0825364292419131,0.0300492303623472,0.0296031024183281,-10.676341499755472,-9.508116656225354,-8.226510086792835,22.066638072276227,16.503634027005006
885,NC1=CNCC=C1,13153,N#CC(C#N)N=O,16602,[H]C1=C(N([H])[H])C2([H])ON(C([H])(C#N)C#N)C1([H])C([H])([H])N2[H],0,5 2 5 6 15 0,9,20.174067783707613,8.741064411505391,30.94035647710588,15.804598386952115,-1.5056870973759828,14.298911289576132,0.0029486605132425,0.0034608766223618,5.845325344995005e-05,0.0034608766223618,-10.250461019167794,0.0221606435767517,0.0028886053713048,0.0007543148454029,-6.898744291196479,-9.86730968697745,-10.359924762123311,12.002308736833012,10.511719926713148
1585,NC1=CNCC=C1,13153,N#Cc1cnoc1C#N,16711,[H]C1=C(N([H])[H])C2([H])N=C(c3onc([H])c3C#N)C1([H])C([H])([H])N2[H],0,5 2 7 8 15 0,9,19.99143007230591,15.555118862030833,26.21542243157922,14.560269620637705,11.252814660065589,25.813084280703293,0.0185238365477018,0.0600710262972539,0.0650341929131459,0.0600710262972539,-7.991791120466949,0.0872072466896471,0.0218933659892154,0.0255125919293051,-6.262188641860504,-8.425743730775892,-9.25690757021917,23.55441447657089,23.42570610425692
1694,NC1=CNCC=C1,13153,N#Cc1nonc1C#N,16728,[H]C1=C(N([H])[H])C2([H])N=C(c3nonc3C#N)C1([H])C([H])([H])N2[H],1,5 2 1 0 15 1,2,19.853997847801686,15.16612075363242,25.99806921687552,14.316133588773132,10.848630595000284,25.16476418377341,0.0102157330617788,0.0094420774918296,0.0244554942420019,0.0094420774918296,-9.20088673308816,0.063147737981194,0.0380283866833543,0.0376562263269764,-7.815149363183508,-10.955417016167011,-9.040321818210188,22.971471932268148,23.146800620157485
2842,NC1=CNCC=C1,13153,N[C@H]1N=CN=C2N=NC=C21,17093,[H]C1=N[C@]([H])(N([H])[H])C23C(=N1)N=NC2([H])C1([H])C(N([H])[H])=C([H])C3([H])C([H])([H])N1[H],0,5 2 9 8 15 0,3,17.59481207265904,11.887412650749456,28.479780455733483,16.150797679963674,3.4551601005073778,19.60595778047105,0.0511152342708243,0.0230872905318519,0.0139073424427693,0.0230872905318519,-17.992939339027302,0.0219931349323157,0.0323339179705432,0.058120014275598,-16.7740647961611,-15.855396621769644,-18.179774859618743,16.940747915164287,16.455789770809968
3770,NC1=CNCC=C1,13153,Nc1nc2n(n1)[C@@H](N)N=N2,17299,[H]C1=C(N([H])[H])C2([H])N([H])C([H])([H])C1([H])N1c3nc(N([H])[H])nn3[C@@]([H])(N([H])[H])N12,1,5 2 9 8 15 1,5,21.09214348937593,7.129853687584897,29.179360111053427,16.091674512167017,2.433375806156583,18.5250503183236,4.84222123071366e-06,0.0065879369495837,0.0003770811316924,0.0065879369495837,-9.065851888854697,0.0011729647506957,0.0030811411551012,0.0004650002218534,-4.975367378363735,-4.801847932802389,-6.799056797083118,16.695193575093793,16.056979879676952
4200,NC1=CNCC=C1,13153,O/N=C1\C=CC=C\C1=N/O,17401,[H]O/N=C1\C([H])=C([H])C2([H])C3([H])C([H])=C(N([H])[H])C([H])(N([H])C3([H])[H])C2([H])\C1=N/O[H],0,5 2 5 6 15 0,5,22.63572092139056,12.094650135728203,29.69240670331369,16.54820443833398,5.609300873085573,22.157505311419552,0.0395936264239221,0.0718289539932257,0.0980357076375547,0.0718289539932257,-5.486279988520678,0.0965205742769216,0.0853586507214074,1.2673966832593853,-4.960905410523168,-4.700700991030217,-6.066672271467322,21.76730442472292,21.240977843771656
4336,NC1=CNCC=C1,13153,O=C(O)[C@@H]1C=CC=NC1=O,17480,[H]OC(=O)[C@@]1([H])C(=O)N=C([H])C2([H])C3([H])C(N([H])[H])=C([H])C([H])(C([H])([H])N3[H])C21[H],0,5 2 4 5 15 0,1,20.025016848363297,13.437322664023489,28.02010137586672,16.00557017920762,5.814289511720347,21.819859690927967,0.0574556344801648,0.0395954039257598,0.0632048686032279,0.0395954039257598,-11.59996663774141,0.1684133589921825,0.0706656714794602,0.2275379912293427,-11.199352806807395,-12.325939227547522,-12.053703697245531,21.97432007504079,21.65073008134299
4406,NC1=CNCC=C1,13153,O=C1C(F)=C(F)C1(F)F,17521,[H]C1=C(N([H])[H])C2([H])N([H])C([H])([H])C1([H])C1(F)C(F)(F)C(=O)C21F,0,5 2 4 2 15 0,3,16.84741394355369,17.478585738470144,25.686056532224683,15.667817678872671,8.561871678940648,24.22968935781332,0.005772285764865,0.0136417081012119,0.0120440351178234,0.0136417081012119,-16.70619581632893,0.0163983472805928,0.0161361271967054,0.0169569798018032,-15.20474186499652,-16.733197493689417,-15.539546703472231,22.601295284845666,22.929885092683502
4416,NC1=CNCC=C1,13153,O=C1C(O)=Nc2ncnn21,17523,[H]OC12C(=O)n3nc([H])nc3N1C1([H])C(N([H])[H])=C([H])C2([H])C([H])([H])N1[H],0,5 2 2 4 15 0,5,20.2163572346698,13.279768781045943,28.25969129890837,15.659807606664204,4.877013679146582,20.536821285810788,0.0002936655484741,0.0014085884862656,0.0097468191096215,0.0014085884862656,-13.86690526685002,0.0010648933146577,0.0212197308932976,0.0064822306628843,-13.809705107459642,-13.786141114322362,-12.521493814489276,20.87047332145226,21.58307942563013
4441,NC1=CNCC=C1,13153,O=C1C=C(C(F)(F)F)N=N1,17526,[H]C1=C(N([H])[H])C2([H])N([H])C([H])([H])C1([H])C1(C(F)(F)F)N=NC(=O)C21[H],1,5 2 3 2 15 1,2,15.96790371970363,11.31832846054138,28.348863603378646,15.787625972539471,0.4978229713088353,16.28544894384831,1.1062485486463636e-05,0.0151501652065948,0.0058107527282667,0.0151501652065948,-27.89506695369237,0.0011731013110832,0.0222578012879455,0.0040681935281296,-28.22472079129306,-26.57241422510432,-23.2801038883102,15.703219228427136,15.228636834231908
4450,NC1=CNCC=C1,13153,O=C1C=C(O)C(=O)C=C1O,17528,[H]OC1=C([H])C(=O)C2(O[H])C3([H])C([H])=C(N([H])[H])C([H])(N([H])C3([H])[H])C2([H])C1=O,0,5 2 3 2 15 0,3,22.05664118089872,16.49481860123781,30.327239060155165,15.795557024300033,6.31926774556354,22.11482476986357,0.0393031079281416,0.0149176538078955,0.0181713102352767,0.0149176538078955,-8.991280008945921,0.0045257669160416,0.0328286708975811,0.0433910395104089,-6.785915439672415,-7.629460439790883,-6.282679018749356,23.50512716937716,23.40038259250413
4458,NC1=CNCC=C1,13153,O=C1C=C(O)C(=O)[C@@H]2O[C@H]12,17529,[H]OC12C(=O)[C@]3([H])O[C@]3([H])C(=O)C1([H])C1([H])C(N([H])[H])=C([H])C2([H])C([H])([H])N1[H],0,5 2 3 2 15 0,3,22.51750907430298,17.121195767655955,32.704964593592244,16.341327099562207,6.447967179271821,22.789294278834028,0.0283879725899559,0.0132700917703253,0.0208186630900642,0.0132700917703253,-6.378834843114504,0.0270823051046552,0.0528043861783135,0.0245821466453435,-6.655699069734247,-7.189412020447257,-5.989980533408634,23.921198721917552,22.939503573805364
4478,NC1=CNCC=C1,13153,O=C1C=CC(=O)C(F)=C1,17533,[H]C1=C(F)C(=O)C2([H])C3([H])C([H])=C(N([H])[H])C([H])(N([H])C3([H])[H])C2([H])C1=O,0,5 2 3 2 15 0,3,20.14502971864302,11.725219458882158,30.346964735442214,15.397259640919383,3.328094010360747,18.72535365128013,0.0334287478273415,0.0472532303551434,0.0654107180491628,0.0472532303551434,-12.604370921170329,0.1808910668439852,0.0457485400890518,0.0999429090330856,-12.676200731614223,-13.574389830016692,-13.56984112679281,15.50971173767709,13.81601493942186
4484,NC1=CNCC=C1,13153,O=C1C=CC(=O)N1C1CC1,17534,[H]C1=C(N([H])[H])C2([H])N([H])C([H])([H])C1([H])C1([H])C(=O)N(C3([H])C([H])([H])C3([H])[H])C(=O)C21[H],0,5 2 2 3 15 0,1,18.66090059921089,10.380001219060128,25.84341190359353,15.255967075144524,4.531129962042929,19.78709703718745,0.0012586994535938,0.0074820813564856,0.0089018422656933,0.0074820813564856,-17.357974193275297,0.0348955846228508,0.0024843140561472,0.0361063535001693,-17.752743697040536,-16.174979845149167,-16.870828853791885,19.241397792582152,18.12100995030664
4486,NC1=CNCC=C1,13153,O=C1C=CC(=O)N1CO,17535,[H]OC([H])([H])N1C(=O)C2([H])C3([H])C(N([H])[H])=C([H])C([H])(C([H])([H])N3[H])C2([H])C1=O,0,5 2 2 3 15 0,1,18.393476696891817,9.500768896661215,26.0272733244194,15.415179112311966,2.988801890049576,18.40398100236154,0.0033880094822228,0.0079942775219409,0.0072368740136994,0.0079942775219409,-18.67137771687227,0.0236954950006894,0.0070263759334642,0.0419277434934835,-18.81403349993941,-18.92853370281474,-19.94356413610077,18.54779030834573,17.592495142183907
4488,NC1=CNCC=C1,13153,O=C1C=CC2(C=C1)CO2,17536,[H]C1=C([H])C2(OC2([H])[H])C2([H])C3([H])C(N([H])[H])=C([H])C([H])(C([H])([H])N3[H])C2([H])C1=O,0,5 2 2 3 15 0,1,20.824011400594813,12.605532128991529,25.539005335127257,16.09047813870648,8.736988491785766,24.827466630492246,0.0275836022163204,0.0808511694820987,0.1236248748136297,0.0808511694820987,-10.193508556340582,0.1720584428339239,0.1031392182299057,0.1405462387447305,-9.02797600565848,-10.09457907363626,-9.575108206472237,22.501972648137844,23.10940136940377
4568,NC1=CNCC=C1,13153,O=C1C=Cc2ccccc21,17549,[H]C1=C(N([H])[H])C2([H])N([H])C([H])([H])C1([H])C1([H])C(=O)c3c([H])c([H])c([H])c([H])c3C21[H],0,5 2 2 3 15 0,1,19.35230976527137,9.660666741058147,24.75387313585892,15.15345135783082,6.088121195599335,21.24157255343016,0.0236474861677406,0.0343099413702076,0.1288276457719608,0.0343099413702076,-15.988469411580128,0.1146432469057722,0.0496234571855311,0.2594290504668542,-15.599708505364696,-13.852073484302087,-13.841929180045035,21.31461350083477,20.372106306266176
4574,NC1=CNCC=C1,13153,O=C1C=c2ccccc2=N1,17550,[H]C1=C([H])C([H])=C([H])C23C1=NC(=O)C2([H])C1([H])C(N([H])[H])=C([H])C3([H])C([H])([H])N1[H],0,5 2 3 2 15 0,3,20.385052529504904,13.12444271151348,28.788163735432008,15.559799788972882,6.898274119319424,22.458073908292302,0.0212557726581575,0.0299712585248272,0.011068152478495,0.0299712585248272,-7.297235134975288,0.0440184956231164,0.0227290587465549,0.0564765854308499,-5.978500252585974,-4.389416328409432,-11.303684172852876,19.308830428834668,19.74175813286077
5141,NC1=CNCC=C1,13153,O=C1N=CC(F)=C[C@H]1F,17700,[H]C1=NC(=O)[C@]([H])(F)C2([H])C3([H])C(N([H])[H])=C([H])C([H])(C([H])([H])N3[H])C12F,1,5 2 4 6 15 1,0,18.064534990006948,15.31605364784372,27.603925862727102,15.546879725704718,8.619180825113773,24.166060550818493,0.0764980467969811,0.0335465469128927,0.0808197423558666,0.0335465469128927,-15.065862275728191,0.0871019615888105,0.04982813048279,0.0977037701303964,-14.71916181843072,-14.645916171168125,-16.61096958502703,20.141030672737163,21.14991977178117
5151,NC1=CNCC=C1,13153,O=C1N=CC2(N=N2)C(=O)N1,17701,[H]C1=C(N([H])[H])C2([H])N([H])C([H])([H])C1([H])C1([H])N2C(=O)N([H])C(=O)C12N=N2,1,5 2 3 2 15 1,6,20.476441927138453,12.921270725681566,33.0912190318807,15.819312487496882,4.424385848833531,20.24369833633041,0.0058867525136949,0.0039176655336525,0.0070361241792291,0.0039176655336525,-12.47677138442323,0.013947793981868,0.0139176874676793,0.0060256630945812,-10.056465569541004,-13.899627796921829,-12.658827562050751,17.12382029820713,17.042883483339068
5158,NC1=CNCC=C1,13153,O=C1N=CC2=CC=NC2=N1,17702,[H]C1=NC2=NC(=O)N=C([H])C23C2([H])C([H])=C(N([H])[H])C([H])(N([H])C2([H])[H])C13[H],1,5 2 4 5 15 1,0,19.38860467743782,12.188035588699451,32.01506160075088,15.550490877413482,1.375394623918968,16.925885501332452,0.0063759352047398,0.0372184554124345,0.0108124592180436,0.0372184554124345,-18.190936781211462,0.0130297630338233,0.0173089610515293,0.0221030801923455,-17.12279693520174,-16.5740242111139,-18.309629281540538,14.120702947869816,10.419787346543789
5165,NC1=CNCC=C1,13153,O=C1N=CC=C2N=CN=C12,17703,[H]C1=NC23C(=N1)C(=O)N=C([H])C2([H])C1([H])C(N([H])[H])=C([H])C3([H])C([H])([H])N1[H],0,5 2 5 4 15 0,3,20.980044374241984,15.283109509995937,29.43450418567753,15.68035707474483,6.848582409575194,22.528939484320023,0.0359473956565723,0.0482179144019005,0.04550178542704,0.0482179144019005,-9.600722914666475,0.1422003020794402,0.0438757733780856,0.0492588089175524,-10.588701264309002,-9.103675233513002,-9.856959553163342,21.59398338659988,20.128969596114104
5211,NC1=CNCC=C1,13153,O=C1N=NC(C2CC2)=N1,17707,[H]C1=C(N([H])[H])C2([H])N([H])C([H])([H])C1([H])n1c(C3([H])C([H])([H])C3([H])[H])nc(=O)n12,1,5 2 3 2 15 1,5,20.105027065259097,8.062824600175022,31.66052475936275,15.663819946012598,0.0130783341653604,15.67689828017796,0.0017256304392819,0.0063010155797078,8.583688047961331e-05,0.0063010155797078,-13.785144250286407,0.0072405147273376,0.0016199125268954,0.000413167732571,-6.880664374546917,-10.668122979958994,-10.755722601425012,11.466464259006486,10.906809295650746
5220,NC1=CNCC=C1,13153,O=C1N=Nc2ccccc21,17709,[H]C1=C(N([H])[H])C2([H])N([H])C([H])([H])C1([H])n1c(=O)c3c([H])c([H])c([H])c([H])c3n12,1,5 2 2 3 15 1,4,19.616662733568308,6.224273066148511,30.264644277902946,15.804175009803318,0.140143040254177,15.944318050057497,0.007948421696781,0.0189812171509561,0.0006227887228123,0.0189812171509561,-16.47091962616166,0.0315603712063262,0.0267758531254396,0.0014744557286965,-10.770471629820136,-12.48616812597892,-13.936178315281978,12.113929701231545,12.414465733686177
5235,NC1=CNCC=C1,13153,O=C1NC(=O)C2=C1CCC2,17711,[H]C1=C(N([H])[H])C2([H])N([H])C([H])([H])C1([H])C13C(=O)N([H])C(=O)C21C([H])([H])C([H])([H])C3([H])[H],0,5 2 5 6 15 0,1,18.094882201388423,11.792760198545375,26.72792332651364,16.688741517363127,2.665594897769452,19.35433641513258,0.0198051547543801,0.0041161132195487,0.0584292459776218,0.0041161132195487,-18.690084677925405,0.0413131687952361,0.0034830546583839,0.0476302127240908,-18.2596279021501,-18.03154519164198,-16.38261298636067,18.9872110886832,19.46552945351664
5324,NC1=CNCC=C1,13153,O=C1NCN=C2N=CN=C12,17733,[H]C1=NC2=NC([H])([H])N([H])C(=O)C23N1C1([H])C(N([H])[H])=C([H])C3([H])C([H])([H])N1[H],1,5 2 9 8 15 1,14,20.6282850974096,12.118260103074288,31.806163188300843,16.227061071629052,1.875132923214906,18.10219399484396,0.0037944668635818,0.0145931730450629,0.0096265296661073,0.0145931730450629,-12.323786806815797,0.006021019170927,0.0185569589602027,0.0393775028550465,-11.9198758105547,-9.397783065899423,-11.13421576903123,16.33145947848885,16.089344813435925
5419,NC1=CNCC=C1,13153,O=CC#CC(F)(F)F,17787,[H]C(=O)C1=C(C(F)(F)F)C2([H])C([H])=C(N([H])[H])C1([H])N([H])C2([H])[H],1,5 2 3 2 15 1,1,11.424265505527266,14.830627765246502,23.630883711082973,15.45158832988464,4.127040701275909,19.57862903116055,6.733963487957199e-06,0.0253940644645696,0.0084631766771313,0.0253940644645696,-34.36445501307688,0.0012062083605107,0.0305715753595744,0.0383413196733574,-34.40742836591447,-35.1424514529339,-36.18671583170641,20.424134981048148,20.7078646689534
5421,NC1=CNCC=C1,13153,O=CC(=O)/C=C\[C@H](O)CO,17788,[H]OC([H])([H])[C@@]([H])(O[H])C1([H])C2([H])C(N([H])[H])=C([H])C([H])(C([H])([H])N2[H])C1([H])C(=O)C([H])=O,0,5 2 4 5 15 0,1,21.335014825947766,14.340577804356297,30.12403437762584,15.85834181021952,6.470839040213889,22.32918085043341,0.0438309554913733,0.0311087182050043,0.1664643281156423,0.0311087182050043,-9.72348365584392,0.1597951092851502,0.0386136734700968,0.2692022478494839,-8.089173335258302,-9.534331549933228,-9.506207555964076,22.06130986889865,21.90049949126332
5588,NC1=CNCC=C1,13153,O=CNC(=O)/C=C\C(=O)O,17824,[H]OC(=O)C1([H])C2([H])C(N([H])[H])=C([H])C([H])(C([H])([H])N2[H])C1([H])C(=O)N([H])C([H])=O,1,5 2 5 6 15 1,0,19.63379375455892,13.667742299658592,24.29751319737224,15.785715016343612,7.156878962954146,22.94259397929776,0.0312215534832066,0.0192079946280423,0.0039218633083416,0.0192079946280423,-14.750559520222758,0.0306278644471464,0.0200147172767196,0.0721639677599765,-13.828062247436783,-13.80644498302668,-13.963422423253398,21.27922576609117,23.07360879113056
6002,NC1=CNCC=C1,13153,O=NC(F)(F)F,17917,[H]C1=C(N([H])[H])C2([H])ON(C(F)(F)F)C1([H])C([H])([H])N2[H],1,5 2 1 0 15 1,2,16.904524258617002,7.14524570660565,29.07715361708,15.36826673307753,-5.596633912332244,9.771632820745284,4.328225046215232e-06,1.7154633753058162e-05,2.7716391767681183e-05,1.7154633753058162e-05,-15.52315838201703,0.003698905864682,0.0002513643130878,1.827189472090005e-05,-16.604763979216905,-14.262937328513296,-14.327303658458916,9.60934288321883,7.166034709575637
6010,NC1=CNCC=C1,13153,O=NCNCCO,17920,[H]OC([H])([H])C([H])([H])N([H])C([H])([H])N1OC2([H])C(N([H])[H])=C([H])C1([H])C([H])([H])N2[H],1,5 2 1 0 15 1,2,19.79096139575704,3.917931248488133,25.06867980166596,15.473562081824184,-0.7669032042313617,14.706658877592822,0.0025202570128517,0.019069527573474,0.0009825998411499,0.019069527573474,-8.15260737243937,0.004924212164476,0.0247545183528098,0.0011039156108975,-5.251417928304015,-4.988545689912559,-6.40551819919768,14.783221665748249,15.150036132895568
6098,NC1=CNCC=C1,13153,O=Nc1cccnc1N=O,17932,[H]C1=C(N([H])[H])C2([H])ON(c3nc([H])c([H])c([H])c3N=O)C1([H])C([H])([H])N2[H],1,5 2 8 9 15 1,16,21.715057118223665,6.156398703586358,29.00313961287578,15.89407808227184,-0.5448003653422937,15.349277716929546,0.0127100971127589,0.0028888196587279,0.0010375086565069,0.0028888196587279,-6.302413319760831,0.159421869146642,0.0090824153289139,0.0050756474849527,-1.6545811229116725,-5.903188743883078,-6.448632531010173,15.409371706281956,14.30287698062525
6513,NC1=CNCC=C1,13153,O=c1ccc(=O)n(CO)[nH]1,17988,[H]OC([H])([H])N1C(=O)C2([H])C3([H])C(N([H])[H])=C([H])C([H])(C([H])([H])N3[H])C2([H])C(=O)N1[H],0,5 2 2 3 15 0,5,20.746674797495466,13.205747233219146,28.282199514773648,15.788605823017484,6.157390775256612,21.945996598274096,0.0010444180306991,0.0142701055090036,0.0008317621347771,0.0142701055090036,-7.856680910793067,0.0063717252549656,0.0238177636507982,0.0213236897689995,-6.643736524806954,-5.364333737227703,-10.373998668486609,20.72599679254905,21.43614635652173
6780,NC1=CNCC=C1,13153,OC1=C(O)c2ccccc21,18015,[H]OC12c3c([H])c([H])c([H])c([H])c3C1(O[H])C1([H])C([H])=C(N([H])[H])C2([H])N([H])C1([H])[H],1,5 2 1 2 15 1,0,14.427587996401574,13.829348168053588,20.447086112155016,15.496681552207082,5.8298538328036855,21.326535385010768,0.0198703994540655,0.0218619517148421,0.0403502907876351,0.0218619517148421,-37.85571772466725,0.0690445905032539,0.0297117726181446,0.1061964290985687,-38.88589042951364,-37.09403898232868,-34.56931362025267,21.25759690313789,23.5908870252023
6804,NC1=CNCC=C1,13153,OCC1=Cc2ccccc21,18025,[H]OC([H])([H])C12c3c([H])c([H])c([H])c([H])c3C1([H])C1([H])C([H])=C(N([H])[H])C2([H])N([H])C1([H])[H],1,5 2 3 2 15 1,2,13.341711282046816,10.999447202233505,20.047867480691213,15.182102285256192,3.798976284824992,18.981078570081184,0.0418314323796158,0.0236684769306757,0.0603815213078857,0.0236684769306757,-31.9663624523496,0.2699162724619127,0.0149165941005119,0.1973342051449241,-32.59740810817287,-34.453868506958635,-35.39222629285017,18.44060524612062,20.6828007307604
6999,NC1=CNCC=C1,13153,O[C@@H]1CC/C=C/CCC1,18100,[H]O[C@@]1([H])C([H])([H])C([H])([H])C([H])([H])C2([H])C3([H])C(N([H])[H])=C([H])C([H])(C([H])([H])N3[H])C2([H])C([H])([H])C1([H])[H],0,5 2 6 5 15 0,1,15.694291268404433,3.0105262151647274,12.10207568276954,14.446360253631694,7.226884629105093,21.67324488273679,0.0725408936653486,0.1857660767718315,0.0707421965521429,0.1857660767718315,-26.097093163559123,0.2512158757163745,0.1378243986207308,0.0422591023146215,-25.926476306612805,-25.08942195470968,-24.36124218844858,22.45256695855653,23.20275781105064
8208,NC1=CNCC=C1,13153,C=C1C=CC(=O)O1,12125,[H]C1=C(N([H])[H])C2([H])N([H])C([H])([H])C1([H])C1([H])C(=C([H])[H])OC(=O)C21[H],0,5 2 2 3 15 0,5,21.365901180066807,12.090266694815416,25.948854313279007,15.339193784154505,7.8034063601894275,23.14260014434393,0.0055290351603172,0.0202466425906598,0.0076429090268734,0.0202466425906598,-11.449057661177136,0.0506202354876735,0.0019141617917618,0.0396307027223371,-11.031807847245169,-10.143000061487244,-10.533043327373584,22.78487110177493,21.546030891413707
8511,NC1=CNCC=C1,13153,N#CC(=N)C(=N)C#N,13033,[H]N=C(C#N)C1(C#N)N([H])C2([H])C(N([H])[H])=C([H])C1([H])C([H])([H])N2[H],1,5 2 4 5 15 1,8,21.79902146240062,14.357296677632366,32.230916649257765,15.6714168408355,5.095299696112917,20.76671653694841,0.0235751484823536,0.0021286442954445,0.0112827521862816,0.0021286442954445,-9.03093506011615,0.0045353334822003,0.0216711115833846,0.0502816983188875,-8.046406551987793,-7.631091718778983,-7.4492290956745215,20.04067767755886,19.52678551854077
8662,NC1=CNCC=C1,13153,NC1=NC(=O)C=N1,13154,[H]C1=C(N([H])[H])C2([H])N([H])C([H])([H])C1([H])C1([H])C(=O)N=C(N([H])[H])N21,0,5 2 5 6 15 0,9,20.73421678451514,11.11141312676197,28.615399018151354,15.4257547774201,4.442363547863252,19.868118325283355,0.0013780845205082,0.0017363677303608,0.0016587438626661,0.0017363677303608,-14.100841268992518,0.0042444583290304,0.0056139142949747,0.0019514606966199,-14.317380420656292,-13.219129447866711,-11.847003934150536,19.1280807977876,21.428199857908893
9416,NC1=CNCC=C1,13153,C1=NCC2=CC=NC2=N1,13799,[H]C1=NC([H])([H])C23C(=N1)N=C([H])C2([H])C1([H])C(N([H])[H])=C([H])C3([H])C([H])([H])N1[H],1,5 2 3 4 15 1,0,19.01172277380464,12.28574999495142,28.468182567756816,15.728601734142188,4.294679528056225,20.023281262198413,0.0300873920028566,0.0307173374291473,0.0159858217654996,0.0307173374291473,-14.48786006991554,0.0192322630826408,0.0169035835000089,0.1141713165993156,-13.131848181193902,-12.841414565009302,-13.884544979601372,18.911317169465747,18.11319291109016
9752,NC1=CNCC=C1,13153,C=C1C(=O)OC=C1C(=O)O,13909,[H]OC(=O)C1=C([H])OC(=O)C12C1([H])C(N([H])[H])=C([H])C([H])(C([H])([H])N1[H])C2([H])[H],0,5 2 0 1 15 0,1,21.008642452310763,13.665608676357548,27.270217137814324,15.7540850554563,9.14966408587334,24.90374914132964,0.0906758455811783,0.0944678834813123,0.0416373040764209,0.0944678834813123,-9.969999213521128,0.123488923208871,0.0481819364259062,0.2232982833989389,-8.060677719967742,-9.246042894459883,-10.546850178531535,23.22184025363381,23.36037755491575
9937,NC1=CNCC=C1,13153,C=CC(=O)NC(=N)NC#N,13956,[H]N=C(N([H])C#N)N([H])C(=O)C1([H])C2([H])C(N([H])[H])=C([H])C([H])(C([H])([H])N2[H])C1([H])[H],1,5 2 0 1 15 1,0,20.14640272071539,11.57164649416774,25.78923839891914,15.835648220929876,5.87166561613137,21.70731383706125,0.0089461795296244,0.0056684468035264,0.0060921025074036,0.0056684468035264,-14.97982170719414,0.016873698165858,0.0160944381302708,0.0094818713331723,-14.341794779222958,-14.785192082178654,-14.342577786694577,21.0037419955454,22.578277952112025
9974,NC1=CNCC=C1,13153,C=CC(F)(F)C(=O)C(=O)O,13974,[H]OC(=O)C(=O)C(F)(F)C1([H])C2([H])C(N([H])[H])=C([H])C([H])(C([H])([H])N2[H])C1([H])[H],0,5 2 0 1 15 0,1,18.90073614603818,12.562561365931268,23.915287578628032,15.628865688196566,8.729563633045728,24.35842932124229,0.023660537426855,0.031307909985582,0.0134017993776183,0.031307909985582,-15.444941387987155,0.0053134424566781,0.0551811421057362,0.1413343725355537,-13.947499400592406,-15.37534244906687,-15.11592890627874,22.345334865056785,23.986046995986147
11202,NC1=CNCC=C1,13153,CC1=C(CCO)C(=O)N=N1,14530,[H]OC([H])([H])C([H])([H])C12C(=O)N=NC1(C([H])([H])[H])C1([H])C(N([H])[H])=C([H])C2([H])C([H])([H])N1[H],0,5 2 2 1 15 0,3,20.86571042940365,17.272177428770046,31.45613001964248,16.670374124879928,8.912669161993378,25.583043286873306,0.0323334117002112,0.0695348329418191,0.0171949496675405,0.0695348329418191,-14.619441020991507,0.0250399657494921,0.0426735813877035,0.1160925260432109,-14.600117023448092,-13.12554267588068,-9.1146862866349,21.989952128165537,21.92556882770352
11222,NC1=CNCC=C1,13153,CC1=CC(=O)C=C(C)C1=O,14535,[H]C1=C(C([H])([H])[H])C(=O)C2(C([H])([H])[H])C3([H])C([H])=C(N([H])[H])C([H])(N([H])C3([H])[H])C2([H])C1=O,0,5 2 6 5 15 0,7,21.63946726605734,14.43020370690094,32.40265843646338,16.298810211633864,4.336506648344901,20.635316859978765,0.0554400174554767,0.0262040309483876,0.0326300435135524,0.0262040309483876,-7.014861481660283,0.0302906817414862,0.0369683721657815,0.1472626220217269,-6.660158901636549,-7.1196076048653865,-8.149764672886548,21.97051662256585,20.173290236672564
11416,NC1=CNCC=C1,13153,CC1=NC(=O)[C@H](C#N)C=C1,14580,[H]C1=C(N([H])[H])C2([H])N([H])C([H])([H])C1([H])C1([H])C2([H])C(C([H])([H])[H])=NC(=O)[C@]1([H])C#N,0,5 2 8 9 15 0,1,20.420303152003783,13.017418104837628,26.19935310790244,16.255336935890917,7.380769858699843,23.63610679459076,0.0635635313640627,0.101910364831003,0.0730967227870445,0.101910364831003,-12.33337898921326,0.2450932954069071,0.1506703358758238,0.4883723803277164,-11.738596271922304,-12.418681369936763,-12.949700210364732,23.058736681236866,23.64414198568665
5419,Nc1ccco1,13251,O=CC#CC(F)(F)F,17787,[H]C(=O)C1=C(C(F)(F)F)C2(N([H])[H])OC1([H])C([H])=C2[H],1,1 4 3 2 11 1,1,14.359911196929694,14.631527258351715,22.85462550545225,15.662986860722857,7.421173031366539,23.0841598920894,0.0001081205033398,0.0106443460901344,0.0008154704345606,0.0106443460901344,-5.121156470893638,0.0011499236447204,0.0017862120180378,0.0040148125288207,-5.519113498514649,-5.981937861268616,-8.799056694169366,22.07151230875049,21.60167492749542
6804,Nc1ccco1,13251,OCC1=Cc2ccccc21,18025,[H]OC([H])([H])C12c3c([H])c([H])c([H])c([H])c3C1([H])C1(N([H])[H])OC2([H])C([H])=C1[H],1,1 4 3 2 11 1,2,14.787914599689495,12.048530493765258,19.82016957550768,15.062215465315267,6.913385312102307,21.975600777417576,0.1316850234874951,0.0048115855066045,0.0039561294065948,0.0048115855066045,-10.402515771081704,0.3153798247938988,0.0026762089433894,0.1110523106130936,-11.131086371671884,-13.27900735523768,-14.985658375343334,21.957153736380384,22.18667787518545
7000,Nc1ccco1,13251,O[C@@H]1CC/C=C/CCC1,18100,[H]O[C@@]1([H])C([H])([H])C([H])([H])C([H])([H])C2([H])C3(N([H])[H])OC([H])(C([H])=C3[H])C2([H])C([H])([H])C1([H])[H],1,1 4 5 6 11 1,2,17.848312675525484,4.352395466427138,15.129904097097754,14.80096204207155,6.234918243461683,21.03588028553323,0.0391366739180734,0.1666545766484147,0.0023449409694672,0.1666545766484147,-6.177814925964192,0.0988498206815865,0.0336967073883406,0.0182344813134907,-6.36528310864022,-6.483224705979939,-6.468970294831891,23.02534263865264,23.30175732935708
5681,O=C(O)/N=N/C(=O)O,13337,N[C@H]1N=CN=C2N=NC=C21,17093,[H]OC(=O)N1N=C(O[H])OC23C(=NC([H])=N[C@]2([H])N([H])[H])N=NC13[H],0,0 4 9 8 10 0,3,13.100740929387312,11.157163809906976,19.531836499122885,16.569449910436877,5.864012807557145,22.433462717994026,0.0274440111072503,0.0115478967322134,0.0050184626537405,0.0115478967322134,-16.884163687090172,0.0305881509827137,0.0067589925083041,0.0065059452948365,-15.071992098387009,-14.948783096161511,-12.76454771701627,18.404979535665703,22.1809125071953
8880,O=C(O)/N=N/C(=O)O,13337,O=C1C=C(C(F)(F)F)N=N1,17526,[H]OC(=O)N1N=C(O[H])OC2(C(F)(F)F)N=NC(=O)C12[H],1,0 4 3 2 10 1,2,12.175699038578038,11.07241425555463,17.527309208345144,16.196626021227576,5.734811094487711,21.931437115715287,0.000165284518127,0.002583494946256,0.0007637709407719,0.002583494946256,-22.83900786864087,0.0018528980400729,0.0013895702246326,0.0007593265218186,-22.81795831458297,-19.862877242212345,-13.336352543056726,19.57909741848892,23.06912594063891
8955,O=C(O)/N=N/C(=O)O,13337,O=C1C=CC(=O)C(F)=C1,17533,[H]OC(=O)N1N=C(O[H])OC2(F)C(=O)C([H])=C([H])C(=O)C12[H],0,0 4 6 8 10 0,5,14.599030221391336,11.78021463706043,18.1370694392485,15.617596659187436,10.82065469975596,26.4382513589434,0.0913360774637047,0.0097244563543891,0.0142821238969618,0.0097244563543891,-10.058547678019984,0.0366588172914368,0.0104552590514194,0.018111398915316,-8.86185943066699,-9.957700692146318,-11.66548940651436,21.539466246811177,23.76076328568773
8971,O=C(O)/N=N/C(=O)O,13337,O=C1C=CC(=O)N1CO,17535,[H]OC(=O)N1N=C(O[H])OC2([H])C(=O)N(C([H])([H])O[H])C(=O)C12[H],0,0 4 2 3 10 0,1,12.33451132686118,8.465664883989072,17.4226326336368,15.9950051662128,5.921651160834919,21.91665632704772,0.0096191547072722,0.0067102610968601,0.004278292795704,0.0067102610968601,-13.707726811304497,0.0029304137677285,0.0103342501444978,0.0114398807214945,-12.62298931196635,-14.63386826705419,-15.364930837374786,19.495763900403297,22.536394272684863
10316,O=C(O)/N=N/C(=O)O,13337,O=C1N=CC2=CC=NC2=N1,17702,[H]OC(=O)N1N=C(O[H])OC23C([H])=NC(=O)N=C2N=C([H])C13[H],1,0 4 4 5 10 1,0,14.910582801495616,10.573583256193904,21.36061953765787,15.91651470749598,5.562815881419514,21.47933058891549,0.0134074908688417,0.0066833470456073,0.004035208727242,0.0066833470456073,-11.490127589211738,0.0193344510556444,0.0078858662875335,0.0021944132447166,-12.08177682015517,-12.381197701134523,-10.221617300332433,19.00942547898431,19.33038749312684
18832,O=C(O)/N=N/C(=O)O,13337,C1=NCC2=CC=NC2=N1,13799,[H]OC(=O)N1N=C(O[H])OC23C(=NC([H])=NC2([H])[H])N=C([H])C13[H],1,0 4 3 4 10 1,0,13.197311185866274,10.457318521265677,18.850311572598955,16.015633173796882,4.861722148912911,20.8773553227098,0.0295668645940597,0.0062833175456534,0.007167651307669,0.0062833175456534,-14.60171884330682,0.0224389262056588,0.0059053590339053,0.01457808093778,-14.129967080560796,-13.257313596776784,-10.389025068869827,20.52674127268464,22.55420966557869
5685,O=C(O)C1=CCC=C1,13341,N[C@H]1N=CN=C2N=NC=C21,17093,[H]OC(=O)C1=C([H])C2([H])C([H])([H])C1([H])C1([H])N=NC3=NC([H])=N[C@]([H])(N([H])[H])C312,0,6 4 9 8 14 0,7,16.69950487000636,12.607114946479648,23.0010150913739,15.938554258423697,5.903608086862263,21.84216234528596,0.0261308233287343,0.0246391720813265,0.0097274854995975,0.0246391720813265,-10.749495310062144,0.021168353418869,0.0424892063289979,0.0161380553111544,-10.316650735764142,-7.480930854053252,-5.522935045555396,22.09698831280441,22.111354612265828
8885,O=C(O)C1=CCC=C1,13341,O=C1C=C(C(F)(F)F)N=N1,17526,[H]OC(=O)C1=C([H])C2([H])C([H])([H])C1([H])C1([H])C(=O)N=NC21C(F)(F)F,0,6 4 3 2 14 0,7,15.174235685301344,11.57588854240614,22.56973757946984,15.689888636581008,2.8891473086552786,18.579035945236285,1.2144236846460182e-05,0.0111536124597256,0.0026130504593527,0.0111536124597256,-21.502402749232942,0.001987948970565,0.0110662237470514,0.0020606586469879,-22.47270808912965,-17.854421747785985,-10.102815473325895,20.36037518565363,19.968253561244964
8969,O=C(O)C1=CCC=C1,13341,O=C1C=CC(=O)N1C1CC1,17534,[H]OC(=O)C1=C([H])C2([H])C([H])([H])C1([H])C1([H])C(=O)N(C3([H])C([H])([H])C3([H])[H])C(=O)C21[H],0,6 4 2 3 14 0,3,16.34465816121132,10.882085151874945,20.33985764239726,15.365341435325984,6.089538581748503,21.454880017074487,0.0047073640286397,0.0068804605627782,0.0133235576849745,0.0068804605627782,-9.376077717838513,0.0139071192593846,0.0221174766847039,0.0420811267927133,-9.007436310175024,-8.60237916195291,-5.467403909686823,24.236871043020347,23.53289345870605
8973,O=C(O)C1=CCC=C1,13341,O=C1C=CC(=O)N1CO,17535,[H]OC(=O)C1=C([H])C2([H])C([H])([H])C1([H])C1([H])C(=O)N(C([H])([H])O[H])C(=O)C21[H],0,6 4 2 3 14 0,3,16.362893387163627,8.93645896022209,21.13754498011635,15.422168981591424,4.948188009170039,20.370356990761465,0.0119487970350881,0.0065726320173471,0.009734467383536,0.0065726320173471,-9.811462058582592,0.0065297957265923,0.0279319354043629,0.0430597698067676,-9.65471965566094,-10.802802351881084,-7.708328160562729,23.016679591727133,22.62239762893704
10320,O=C(O)C1=CCC=C1,13341,O=C1N=CC2=CC=NC2=N1,17702,[H]OC(=O)C1=C([H])C2([H])C([H])([H])C1([H])C1([H])C([H])=NC3=NC(=O)N=C([H])C321,1,6 4 4 5 14 1,4,17.93603633290894,12.467661755242506,25.66009670530965,15.383691221602142,3.171218404931089,18.55490962653323,0.0071000074777832,0.0153207966082602,0.0085059229265186,0.0153207966082602,-8.952341108129623,0.036862858828579,0.0193261418760782,0.0089288460757182,-10.869801444290935,-8.16109777749844,-5.499701533962629,20.1699484390438,17.583147482545098
1423,O=C(O)C1C=CC=C1,13347,N[C@H]1N=CN=C2N=NC=C21,17093,[H]OC(=O)C1([H])C2([H])C([H])=C([H])C1([H])C13C(=NC([H])=N[C@]1([H])N([H])[H])N=NC23[H],1,4 7 8 9 14 1,0,17.668890407502456,11.15703530809355,22.803829616847125,15.927257059880205,7.272848666920623,23.200105726800828,0.1116899008855031,0.0151589807829,0.0240097618535948,0.0151589807829,-9.006490429336736,0.1567982790086447,0.0271702512467113,0.0798268216297932,-6.96326643518136,-6.209961625483484,-6.912251307658515,22.383569528142505,22.806193804377177
2225,O=C(O)C1C=CC=C1,13347,O=C1C=C(C(F)(F)F)N=N1,17526,[H]OC(=O)C1([H])C2([H])C([H])=C([H])C1([H])C1(C(F)(F)F)N=NC(=O)C21[H],1,4 7 2 3 14 1,0,15.82968829205089,10.555035435620452,22.91691713461776,16.067875338892048,2.121292239930213,18.18916757882226,0.0036166563523789,0.0003075835941386,0.0043886511150271,0.0003075835941386,-17.324837549283572,0.0015501895428645,0.0095688694552598,0.001486395196259,-17.23479692594607,-17.350992228554944,-12.704414437017569,19.432885798988536,19.56694510619561
2248,O=C(O)C1C=CC=C1,13347,O=C1C=CC(=O)N1C1CC1,17534,[H]OC(=O)C1([H])C2([H])C([H])=C([H])C1([H])C1([H])C(=O)N(C3([H])C([H])([H])C3([H])[H])C(=O)C12[H],0,4 7 2 3 14 0,1,16.471457472957518,9.435466618942352,19.72132298597068,15.301432531060634,6.605822475000206,21.90725500606084,0.0034783389314604,0.0046929011745645,0.0242432115169883,0.0046929011745645,-9.584759338971708,0.0164004979954327,0.0131639819580788,0.0580948161413573,-9.809580264077042,-7.950721954097737,-7.403613153974948,23.34949198325652,22.92068699308805
2250,O=C(O)C1C=CC=C1,13347,O=C1C=CC(=O)N1CO,17535,[H]OC(=O)C1([H])C2([H])C([H])=C([H])C1([H])C1([H])C(=O)N(C([H])([H])O[H])C(=O)C12[H],0,4 7 2 3 14 0,1,16.13359283979488,8.00585616264693,20.358018864154268,15.447110412340017,5.639012584475115,21.086122996815128,0.0126804125095958,0.0042959427193319,0.0170032462835913,0.0042959427193319,-10.45703419470631,0.010118793671397,0.0203435237932662,0.060601500959058,-9.736174034860248,-9.961471264225608,-10.048622916001278,21.98955886986402,21.764389662053844
2589,O=C(O)C1C=CC=C1,13347,O=C1N=CC2=CC=NC2=N1,17702,[H]OC(=O)C1([H])C2([H])C([H])=C([H])C1([H])C13C([H])=NC(=O)N=C1N=C([H])C23[H],1,4 7 4 5 14 1,0,18.044207378020253,11.442012609412355,25.70280204546593,15.511986168951635,4.083476381458585,19.59546255041022,0.0169386061246414,0.0112531250235213,0.0059466705785686,0.0112531250235213,-7.051960672975511,0.0345247669462192,0.0130368446964783,0.0114173891393588,-7.544884536637014,-7.036264259950862,-7.124588020788202,19.876887405509603,16.887084529066936
2720,O=C(O)C1C=CC=C1,13347,O=CC#CC(F)(F)F,17787,[H]OC(=O)C1([H])C2([H])C([H])=C([H])C1([H])C(C(F)(F)F)=C2C([H])=O,1,4 7 2 3 14 1,0,10.769894726435522,12.946480928449658,17.953293176050142,15.570681828217744,7.902283477785659,23.4729653060034,0.0044690203485177,0.0027890112563202,0.0097375373651535,0.0027890112563202,-19.336672665872896,0.0040933377242289,0.0298129474930273,0.0019634487946554,-19.15972537986393,-20.92101179632697,-22.36402692023632,22.985874869558067,23.802840317387645
5160,OC1=CN=NCC1,13463,O=C1N=CC2=CC=NC2=N1,17702,[H]OC12C([H])=NN(C([H])([H])C1([H])[H])C13C([H])=NC(=O)N=C1N=C([H])C32[H],1,1 4 5 4 13 1,2,24.82186965245333,12.771365960576231,29.7872079346511,15.591312033454097,8.815343336057936,24.40665536951203,0.0304368654499354,0.0083601776144261,0.0160039363686689,0.0083601776144261,-6.619094306850869,0.048830061336815,0.0721850484644328,0.0347341006037284,-4.638443163681963,-4.97288696423788,-6.307468376530903,24.12198186096178,20.267135894738733
4439,OCC1=NN=CC1,13471,O=C1C=C(C(F)(F)F)N=N1,17526,[H]OC([H])([H])C12N=NC([H])(C1([H])[H])C1(C(F)(F)F)N=NC(=O)C21[H],1,2 5 2 3 13 1,0,19.12983624922429,9.995437905954336,24.462170848586137,16.245321587863295,4.013029664769444,20.25835125263274,0.0021152549104974,0.0004748512132168,0.0015200948066242,0.0004748512132168,-15.385605711753584,0.0011595082221334,0.0036472013455376,0.0010098922368796,-14.659395205584907,-15.068623935218184,-9.411796468854329,21.00269324166496,22.718395519828213
2225,Oc1ccc(O)o1,13517,O=C1C=C(C(F)(F)F)N=N1,17526,[H]OC12OC(O[H])(C([H])=C1[H])C1(C(F)(F)F)N=NC(=O)C21[H],1,1 4 2 3 11 1,0,17.902779034885018,12.187056376166026,28.68352022408171,16.64365167561301,0.9059471447101366,17.549598820323148,0.0022790612513905,0.0001067690903772,0.0004054473753101,0.0001067690903772,-10.91378046561799,0.0005669928279597,0.0003105704190133,0.002386342670446,-9.704118570630165,-9.75056088235204,-8.051825034799904,18.578618185815284,18.55484687184073
2720,Oc1ccc(O)o1,13517,O=CC#CC(F)(F)F,17787,[H]OC12OC(O[H])(C([H])=C1[H])C(C(F)(F)F)=C2C([H])=O,1,1 4 2 3 11 1,0,13.59223939682967,14.320164918982131,23.93799127798319,16.041866970052883,7.0726861233749645,23.114553093427848,0.003066669185917,0.0002767290096836,0.0042277644744107,0.0002767290096836,-8.054187480216818,0.0025521029562281,0.0004263354038938,0.0014619930875039,-8.711953322146819,-8.703111568258727,-15.147050159710254,20.71399374253135,21.84242881367229
3406,Oc1ccc(O)o1,13517,OC1=C(O)c2ccccc21,18015,[H]OC12OC(O[H])(C([H])=C1[H])C1(O[H])c3c([H])c([H])c([H])c([H])c3C21O[H],1,1 4 1 2 11 1,0,16.080328565606003,13.21435783640812,21.265958522772685,16.3788004607276,6.098818562379265,22.477619023106865,0.0118329810286523,0.0078218499863439,0.0046352140133202,0.0078218499863439,-23.36022263704552,0.0166453065536572,0.0059410511898135,0.0143567816832684,-24.80690882542052,-20.07775996125976,-19.31053725753953,20.944151304152697,23.12049843725228
3421,Oc1ccc(O)o1,13517,OCC1=Cc2ccccc21,18025,[H]OC([H])([H])C12c3c([H])c([H])c([H])c([H])c3C1([H])C1(O[H])OC2(O[H])C([H])=C1[H],1,1 4 2 3 11 1,0,15.239648031097776,10.522248565636886,21.68201891611364,15.922828230919146,3.89944651382746,19.822274744746608,0.0171370489510558,0.0123935870926264,0.0076580121941013,0.0123935870926264,-18.63269011120034,0.0431344649007505,0.0056284408973412,0.0817085058066478,-16.844110103830097,-18.182445206451582,-20.78185037325389,19.56036371236069,20.58394938747181
3521,Oc1ccc(O)o1,13517,O[C@@H]1CC/C=C/CCC1,18100,[H]OC12OC(O[H])(C([H])=C1[H])C1([H])C([H])([H])C([H])([H])[C@@]([H])(O[H])C([H])([H])C([H])([H])C([H])([H])C21[H],0,1 4 6 5 11 0,1,17.443852711178806,2.408876531914119,14.352567209000616,15.669119629791908,4.694738499842931,20.36385812963484,0.0277438719253728,0.1455324832518778,0.0031244060023561,0.1455324832518778,-16.096937451111394,0.1699271678470629,0.0347292101994802,0.0162180636680002,-15.473412570287929,-12.271508822807562,-12.086097064121525,19.651836464288497,20.41562669043698
888,Oc1ccoc1O,13526,N#CC(F)(F)C(F)=C(F)F,16603,[H]OC1=C([H])C2([H])OC1(O[H])C(F)(C(F)(F)C#N)C2(F)F,1,5 3 5 7 11 1,0,14.104993513006876,18.86028646952176,24.434103224283223,15.238706494672511,10.10474557006497,25.343452064737484,0.0054866399094595,0.0117188100324219,0.015538466361606,0.0117188100324219,-10.373798267737683,0.0443922515260462,0.0097356665213729,0.0163616627943634,-9.624315522132534,-12.081971575321155,-11.47389850000978,23.780269204124284,23.07165932175564
4439,Oc1ccoc1O,13526,O=C1C=C(C(F)(F)F)N=N1,17526,[H]OC1=C([H])C2([H])OC1(O[H])C1([H])C(=O)N=NC21C(F)(F)F,1,5 3 2 3 11 1,0,16.054108163132206,12.045805970642176,27.90096633968753,15.92256123701739,-0.8042980689673414,15.11826316805005,0.0015969148290522,0.0003255586113717,0.0031847087108832,0.0003255586113717,-13.57259705870478,0.0016860918771843,0.0033479624835308,0.0034960564250213,-14.163302304250225,-13.07277415683626,-8.968213043707038,16.418518584782433,16.35560464520392
4486,Oc1ccoc1O,13526,O=C1C=CC(=O)N1CO,17535,[H]OC1=C([H])C2([H])OC1(O[H])C1([H])C(=O)N(C([H])([H])O[H])C(=O)C21[H],0,5 3 2 3 11 0,1,17.264598643224193,10.881933493988132,23.70696004424463,15.473318899871105,4.27688432839901,19.75020322827012,0.0073843801454153,0.0020269085069546,0.0030748856350982,0.0020269085069546,-3.696666453328291,0.0126432505820262,0.0057196144730153,0.0207527165970263,-4.578597577231939,-5.496548427853302,-5.738654840962312,21.19033013260164,20.02346103044973
5419,Oc1ccoc1O,13526,O=CC#CC(F)(F)F,17787,[H]OC1=C([H])C2([H])OC1(O[H])C(C(F)(F)F)=C2C([H])=O,1,5 3 3 2 11 1,1,11.518075149972123,14.223584485669663,22.205368151297456,15.533180679849126,5.212810982495903,20.745991662345027,5.051122770418277e-05,0.0208530640215461,0.007890277020518,0.0208530640215461,-11.830802564114514,0.0062444762903718,0.0107390455431194,0.0150590807853583,-11.27454364559788,-13.386516432032517,-14.386984244942106,19.37876041164565,20.270036879763904
6780,Oc1ccoc1O,13526,OC1=C(O)c2ccccc21,18015,[H]OC1=C([H])C2([H])OC1(O[H])C1(O[H])c3c([H])c([H])c([H])c([H])c3C21O[H],1,5 3 1 2 11 1,0,13.990268541099368,12.659285729106688,20.399830974246782,15.635380992378067,4.032531837575121,19.66791282995319,0.0370128498191728,0.0172038639768186,0.0349157836771978,0.0172038639768186,-24.01307149210404,0.1282437922803397,0.0107413572410937,0.0513721916036064,-26.287454611006048,-23.30871323072561,-20.01354020630492,19.761247017195853,21.622832549083697
6804,Oc1ccoc1O,13526,OCC1=Cc2ccccc21,18025,[H]OC1=C([H])C2([H])OC1(O[H])C1([H])c3c([H])c([H])c([H])c([H])c3C21C([H])([H])O[H],1,5 3 3 2 11 1,2,12.39390505270721,10.773898973865697,20.327935714959683,15.040624781810568,3.341340729786648,18.38196551159721,0.1849661850783598,0.0119801223294051,0.0419386772444078,0.0119801223294051,-19.322860402853472,0.5482260746872026,0.0091473482771857,0.1513411617428702,-19.57756386143264,-21.92691395779611,-21.785378571881505,18.012778138444414,19.236891455434336
7000,Oc1ccoc1O,13526,O[C@@H]1CC/C=C/CCC1,18100,[H]OC1=C([H])C2([H])OC1(O[H])C1([H])C([H])([H])C([H])([H])C([H])([H])[C@]([H])(O[H])C([H])([H])C([H])([H])C21[H],1,5 3 5 6 11 1,2,15.036136792105408,2.442950266541226,15.064282833405066,14.832051792294452,1.3052976104054288,16.137349402699883,0.094740570847677,0.11971604959865,0.1442339612635488,0.11971604959865,-15.841517449600708,0.1425951820595811,0.0461484740340691,0.0290122553935139,-16.03111697553738,-15.26580242554948,-13.244251419566568,17.699127259715333,18.858587608351595
5419,c1cc(C2CC2)co1,13537,O=CC#CC(F)(F)F,17787,[H]C(=O)C1=C(C(F)(F)F)C2([H])OC1([H])C(C1([H])C([H])([H])C1([H])[H])=C2[H],1,0 6 3 2 16 1,1,13.630271638365947,14.982615671631402,21.046916404942746,15.373420971597216,9.812363469523849,25.185784441121065,8.223233474177455e-05,0.0121992739254602,0.0072636814072397,0.0121992739254602,-5.117496676132596,0.0026119673569884,0.0112428913334028,0.0325645725147407,-5.151039103908921,-6.236960436185296,-7.682606129785935,24.07186118663897,23.37811768127785
6804,c1cc(C2CC2)co1,13537,OCC1=Cc2ccccc21,18025,[H]OC([H])([H])C12c3c([H])c([H])c([H])c([H])c3C1([H])C1([H])OC2([H])C(C2([H])C([H])([H])C2([H])[H])=C1[H],1,0 6 3 2 16 1,2,15.171035919199948,11.977089225141372,18.68645161392026,15.197653681141205,9.077014112942472,24.27466779408368,0.1012619933440886,0.0089617832918397,0.0462058574092883,0.0089617832918397,-8.32610556648185,0.1345644126655508,0.0053100243158052,0.1014205239837658,-9.413527316663348,-12.179980561581814,-12.952868137511132,22.92737361088601,23.236924767670715
3421,c1ccoc1,13549,OCC1=Cc2ccccc21,18025,[H]OC([H])([H])C12c3c([H])c([H])c([H])c([H])c3C1([H])C1([H])OC2([H])C([H])=C1[H],1,4 2 2 3 9 1,0,16.128023771671273,10.95174201652256,18.80783269762756,14.882857246723274,8.234534986344006,23.11739223306728,0.0461213978321802,0.0336009587235332,0.0714084510852474,0.0336009587235332,-4.577502125548463,0.1037093022980211,0.0113633478060455,0.0838425934851192,-4.292778706900627,-8.814997601060206,-9.402394189009016,24.12589991843488,23.990912913495045
1761,C/C=C(C)/C=C/C=C(C)C,13694,N#CC(C#N)N=O,16602,[H]C(=C(C([H])([H])[H])C([H])([H])[H])C1([H])ON(C([H])(C#N)C#N)C([H])(C([H])([H])[H])C(C([H])([H])[H])=C1[H],0,1 5 5 6 26 0,9,23.013479839894696,8.624976579336728,26.911089499289474,16.38245866298516,4.647234006277813,21.02969266926297,0.0003207512142372,0.0027647158509883,5.937644600304246e-05,0.0027647158509883,-8.159695756108498,0.0029347046323084,0.0026587740873124,0.0001305110076611,-7.443433498767696,-9.510104354560418,-10.116172087235142,20.665804598584337,18.36327131226537
5681,C/C=C(C)/C=C/C=C(C)C,13694,N[C@H]1N=CN=C2N=NC=C21,17093,[H]C1=N[C@]([H])(N([H])[H])C23C(=N1)N=NC2([H])C([H])(C([H])=C(C([H])([H])[H])C([H])([H])[H])C([H])=C(C([H])([H])[H])C3([H])C([H])([H])[H],0,1 5 9 8 26 0,3,21.39677254399704,13.13354480990762,26.25389395615131,16.70665067211086,8.128539249698203,24.835189921809064,0.0234512062341345,0.0591965181235981,0.0024446167001216,0.0591965181235981,-14.568484899138475,0.0147175664459595,0.024548512252204,0.004591470763134,-13.839980954619392,-14.092451450403892,-13.47064902136863,24.88876947019388,22.031542445133024
8881,C/C=C(C)/C=C/C=C(C)C,13694,O=C1C=C(C(F)(F)F)N=N1,17526,[H]C(=C(C([H])([H])[H])C([H])([H])[H])C1([H])C([H])=C(C([H])([H])[H])C([H])(C([H])([H])[H])C2(C(F)(F)F)N=NC(=O)C21[H],0,1 5 3 2 26 0,3,19.95677339672207,12.972310109858752,26.09432136283641,16.447139909992188,5.731744953856079,22.178884863848268,9.750129960695703e-06,0.0192770839041049,0.0004031695758827,0.0192770839041049,-27.14198886449112,0.0014467482757908,0.006719040067803,0.0008864347830704,-26.587288423353023,-24.96647142215067,-20.788689231985423,22.61287144179856,20.35083124120516
8951,C/C=C(C)/C=C/C=C(C)C,13694,O=C1C=CC(=O)C(F)=C1,17533,[H]C1=C(F)C(=O)C2([H])C([H])(C1=O)C([H])(C([H])([H])[H])C(C([H])([H])[H])=C([H])C2([H])C([H])=C(C([H])([H])[H])C([H])([H])[H],0,1 5 2 3 26 0,1,22.782052664846383,12.84810813990727,27.64081269029367,16.17335992020822,7.381197811578943,23.554557731787163,0.0073110186200031,0.0231309815821478,0.0037572238484832,0.0231309815821478,-10.71227842175621,0.0203197184942692,0.022475277283611,0.0268359574947653,-10.453692566995509,-13.37259585581375,-11.22414911010054,23.600770201259788,20.280618677279385
8971,C/C=C(C)/C=C/C=C(C)C,13694,O=C1C=CC(=O)N1CO,17535,[H]OC([H])([H])N1C(=O)C2([H])C([H])(C1=O)C([H])(C([H])([H])[H])C(C([H])([H])[H])=C([H])C2([H])C([H])=C(C([H])([H])[H])C([H])([H])[H],0,1 5 2 3 26 0,1,21.636850565683083,10.52157889430398,23.89377686313744,16.249096342946817,7.552766088979265,23.80186243192608,0.0032649921421613,0.0105346861518521,0.0005174659832301,0.0105346861518521,-14.881162467134288,0.0030041392420817,0.0118544108257124,0.005891313445934,-16.192914326865065,-17.018257916452825,-16.039166069742897,26.167352413529542,23.60481221862756
10294,C/C=C(C)/C=C/C=C(C)C,13694,O=C1N=CC2(N=N2)C(=O)N1,17701,[H]C(=C(C([H])([H])[H])C([H])([H])[H])C1([H])C([H])=C(C([H])([H])[H])C([H])(C([H])([H])[H])N2C(=O)N([H])C(=O)C3(N=N3)C21[H],1,1 5 2 3 26 1,4,25.11119550086428,14.037934780683676,30.33287399608559,16.864026177708112,8.997763581180223,25.86178975888833,0.0001155057811221,0.0531535054293983,0.0012612934427313,0.0531535054293983,-13.271723029409683,0.0087116439107704,0.0539665803277497,0.0128772077762527,-13.563720041014,-14.018093096629071,-10.1235534543122,24.72615225061352,23.430431047194013
10316,C/C=C(C)/C=C/C=C(C)C,13694,O=C1N=CC2=CC=NC2=N1,17702,[H]C1=NC2=NC(=O)N=C([H])C23C1([H])C([H])(C([H])=C(C([H])([H])[H])C([H])([H])[H])C([H])=C(C([H])([H])[H])C3([H])C([H])([H])[H],1,1 5 4 5 26 1,0,22.779415858780585,12.92613696239247,30.21383759512883,16.131285003917995,3.580918858073204,19.7122038619912,0.0039831418037782,0.0478639725784913,0.0022409834361839,0.0478639725784913,-13.915136398157394,0.0199353916886318,0.0170336835877698,0.0007086830262311,-14.970438207330034,-15.587342757928283,-14.263288543918655,21.349446138024067,16.2698029086183
10417,C/C=C(C)/C=C/C=C(C)C,13694,O=C1N=NC(C2CC2)=N1,17707,[H]C(=C(C([H])([H])[H])C([H])([H])[H])C1([H])C([H])=C(C([H])([H])[H])C([H])(C([H])([H])[H])n2c(C3([H])C([H])([H])C3([H])[H])nc(=O)n21,1,1 5 3 2 26 1,5,24.690582200813544,8.522769147532486,29.285975702027784,16.452652700498827,5.253359431140645,21.706012131639472,0.0005307476922297,0.0048714758201594,3.184565973253007e-05,0.0048714758201594,-9.208109142372692,0.001461627136404,0.0086757810656556,0.000132949634446,-6.51608071304824,-10.06498187220297,-7.836915435964372,20.82604745261776,18.41349143866848
10436,C/C=C(C)/C=C/C=C(C)C,13694,O=C1N=Nc2ccccc21,17709,[H]C(=C(C([H])([H])[H])C([H])([H])[H])C1([H])C([H])=C(C([H])([H])[H])C([H])(C([H])([H])[H])n2c(=O)c3c([H])c([H])c([H])c([H])c3n21,1,1 5 2 3 26 1,4,24.457728104111105,6.206164663807634,27.2906844237258,16.42890009019903,5.541478279512624,21.970378369711653,0.0018799178586786,0.0132714494532419,7.936278336281256e-05,0.0132714494532419,-12.265552698409742,0.0048795886108141,0.0231362527278552,0.000282936342538,-11.172352815708592,-12.62518568911448,-10.531573405484052,21.29463917318343,19.72384698729265
10634,C/C=C(C)/C=C/C=C(C)C,13694,O=C1NCN=C2N=CN=C12,17733,[H]C1=NC2=NC([H])([H])N([H])C(=O)C23N1C([H])(C([H])=C(C([H])([H])[H])C([H])([H])[H])C([H])=C(C([H])([H])[H])C3([H])C([H])([H])[H],1,1 5 9 8 26 1,14,24.790804002294344,13.33880629406343,29.160354405829864,16.8368988085188,8.516165545581668,25.353064354100468,0.0027198426017448,0.0161015164242254,0.0011536936322492,0.0161015164242254,-8.731480990228619,0.0028622606004111,0.0238126561991566,0.0019547098494739,-10.629745257938708,-7.869704249652834,-8.000412987809895,25.27259455213056,23.215088138674528
12003,C/C=C(C)/C=C/C=C(C)C,13694,O=NC(F)(F)F,17917,[H]C(=C(C([H])([H])[H])C([H])([H])[H])C1([H])ON(C(F)(F)F)C([H])(C([H])([H])[H])C(C([H])([H])[H])=C1[H],0,1 5 1 0 26 0,3,20.06696060400222,8.112210516306714,26.774444847225983,16.277032733026015,1.3521994752313269,17.629232208257342,6.93470150726147e-06,5.5667465347417095e-05,5.034349511814036e-05,5.5667465347417095e-05,-14.594920327326676,1.1202313909283774e-05,0.0005240215082455,3.3603215332932254e-05,-13.391474130157484,-14.78933977724116,-16.993050704673927,17.91148268359736,14.796568123233335
12019,C/C=C(C)/C=C/C=C(C)C,13694,O=NCNCCO,17920,[H]OC([H])([H])C([H])([H])N([H])C([H])([H])N1OC([H])(C([H])=C(C([H])([H])[H])C([H])([H])[H])C([H])=C(C([H])([H])[H])C1([H])C([H])([H])[H],0,1 5 1 0 26 0,3,21.976672975435587,5.317041426623852,22.90175403494467,16.373999257919337,4.778845497716297,21.15284475563564,4.129392676079421e-05,0.0044487209512274,6.0629979921717614e-05,0.0044487209512274,-6.935861765551451,0.0088719689822331,0.0036697836355335,0.000112228127834,-7.173631169294367,-5.373755231200352,-7.665115453747884,21.116998962465825,20.15219069756681
12181,C/C=C(C)/C=C/C=C(C)C,13694,O=Nc1cccnc1N=O,17932,[H]C(=C(C([H])([H])[H])C([H])([H])[H])C1([H])ON(c2nc([H])c([H])c([H])c2N=O)C([H])(C([H])([H])[H])C(C([H])([H])[H])=C1[H],0,1 5 8 9 26 0,17,24.707722665319142,6.882843746172786,25.77496731392669,16.262165105541506,5.099387900391111,21.361553005932617,0.0008314414045093,0.0085601330264067,0.0008845360222709,0.0085601330264067,-5.761008842455318,0.0085882877123,0.0055117583274554,0.0018264343244363,-1.8022492103654884,-7.714048665982176,-6.5161602164283146,22.668062396406363,21.137975808161297
18832,C/C=C(C)/C=C/C=C(C)C,13694,C1=NCC2=CC=NC2=N1,13799,[H]C1=NC([H])([H])C23C(=N1)N=C([H])C2([H])C([H])(C([H])=C(C([H])([H])[H])C([H])([H])[H])C([H])=C(C([H])([H])[H])C3([H])C([H])([H])[H],1,1 5 3 4 26 1,0,22.61610811668185,13.263052759826536,26.28751366778637,16.21389323807382,8.535599794418701,24.74949303249252,0.0180745495753021,0.0204589798373725,0.0037450069264693,0.0204589798373725,-10.236785882964568,0.029885855304846,0.0180181685402329,0.0069742705207243,-10.345358425945292,-11.228530938772494,-9.847073847100717,25.783342356245804,23.990220834326664
8953,C/C=C/C=C/C(=O)N(C)C,13705,O=C1C=CC(=O)C(F)=C1,17533,[H]C1=C(F)C(=O)C2([H])C([H])(C1=O)C([H])(C(=O)N(C([H])([H])[H])C([H])([H])[H])C([H])=C([H])C2([H])C([H])([H])[H],0,1 4 3 2 23 0,3,24.08215516236906,12.054092828254891,26.31331751986413,16.528391895044148,9.04779624230579,25.57618813734993,0.0028499503723154,0.0223755126858215,0.0051969185733417,0.0223755126858215,-11.122338948741358,0.0301205792751761,0.0316293489656961,0.0112127060234933,-10.604973930089308,-14.247076035232432,-12.80114322988932,24.89652913613804,23.89236798210789
10316,C/C=C/C=C/C(=O)N(C)C,13705,O=C1N=CC2=CC=NC2=N1,17702,[H]C1=NC2=NC(=O)N=C([H])C23C1([H])C([H])(C(=O)N(C([H])([H])[H])C([H])([H])[H])C([H])=C([H])C3([H])C([H])([H])[H],1,1 4 4 5 23 1,0,23.5584285733165,11.931628761977672,28.504006722932523,16.524582468619364,5.3130284435970125,21.837610912216377,0.0007768582726059,0.0346808084606655,0.0032528676410706,0.0346808084606655,-13.889868206890704,0.0151884894462076,0.0244432561644766,0.0012927306336856,-13.610516406168898,-15.975864098155618,-14.761803188736906,22.336817881574863,19.471492323641908
10417,C/C=C/C=C/C(=O)N(C)C,13705,O=C1N=NC(C2CC2)=N1,17707,[H]C1=C([H])C([H])(C([H])([H])[H])n2c(C3([H])C([H])([H])C3([H])[H])nc(=O)n2C1([H])C(=O)N(C([H])([H])[H])C([H])([H])[H],1,1 4 3 2 23 1,5,26.332674330785046,8.92279033663141,27.936876583725777,16.744071672456577,7.178820351461631,23.92289202391821,4.833234120111741e-05,0.0046997562325215,7.959358786817827e-05,0.0046997562325215,-9.78876594216534,0.0005073524500204,0.0105013847446041,0.0001330007970014,-4.34016938160152,-9.635219061735434,-5.040273074016408,23.20679391147076,23.99464040251906
10436,C/C=C/C=C/C(=O)N(C)C,13705,O=C1N=Nc2ccccc21,17709,[H]C1=C([H])C([H])(C([H])([H])[H])n2c(=O)c3c([H])c([H])c([H])c([H])c3n2C1([H])C(=O)N(C([H])([H])[H])C([H])([H])[H],1,1 4 2 3 23 1,4,25.59367769216012,5.331816994269808,25.889961361752977,16.795791963326323,7.1138688750083325,23.909660838334656,0.0014716058776928,0.0121655340250322,0.0003681215609299,0.0121655340250322,-11.867680808356551,0.0056715911221844,0.0281310907448643,0.0002669307097168,-7.558391566857537,-12.217010917842458,-8.99176271671731,22.15101186752968,23.69779768659641
12000,C/C=C/C=C/C(=O)N(C)C,13705,O=NC(F)(F)F,17917,[H]C1=C([H])C([H])(C([H])([H])[H])ON(C(F)(F)F)C1([H])C(=O)N(C([H])([H])[H])C([H])([H])[H],1,1 4 0 1 23 1,0,23.120693008819764,8.04643633814908,26.79213630600014,17.088286138559816,3.7148786608875497,20.80316479944737,5.3790488977968784e-05,1.1828102864859128e-05,1.956951085176694e-06,1.1828102864859128e-05,-14.33266334924783,2.145178915987463e-05,0.0001031918341644,3.434680891758036e-05,-13.404889712676535,-14.237189386191794,-13.363449711552356,20.751894476495444,19.7636019434758
10316,C/C=C/C=C\C=C(C)C,13708,O=C1N=CC2=CC=NC2=N1,17702,[H]C1=NC2=NC(=O)N=C([H])C23C1([H])C([H])(C([H])=C(C([H])([H])[H])C([H])([H])[H])C([H])=C([H])C3([H])C([H])([H])[H],1,1 4 4 5 23 1,0,25.755488915032,12.967402378071167,28.35841070078309,16.074910688826655,9.724609515251998,25.799520204078654,0.0044227642503405,0.0441249159408281,0.0056684276358468,0.0441249159408281,-14.10042371401896,0.0118758982409559,0.0426623818246222,0.0055858782663478,-14.29851445321399,-15.091750365245368,-13.704581498379676,26.636375538502435,21.7761294265634
12003,C/C=C/C=C\C=C(C)C,13708,O=NC(F)(F)F,17917,[H]C(=C(C([H])([H])[H])C([H])([H])[H])C1([H])ON(C(F)(F)F)C([H])(C([H])([H])[H])C([H])=C1[H],0,1 4 1 0 23 0,3,24.32806152972364,7.82280408624518,25.916631122916183,16.289600897240273,7.376390407258981,23.66599130449925,1.3833161806438371e-05,3.47066913642265e-05,7.698407734349434e-05,3.47066913642265e-05,-13.088296052203496,5.13602498514907e-06,0.0007087926306129,0.0001133401542996,-14.035671816455364,-13.375176165330087,-14.28085486810022,23.900393069336005,21.0590794599498
4439,C/C=C/C=N/N(CC)CC,13711,O=C1C=C(C(F)(F)F)N=N1,17526,[H]C1=C([H])C([H])(C([H])([H])[H])C2([H])C(=O)N=NC2(C(F)(F)F)N1N(C([H])([H])C([H])([H])[H])C([H])([H])C([H])([H])[H],1,1 4 2 3 26 1,0,16.789837786967205,13.280706449141393,25.18853280579298,16.81864599791443,4.356864152219796,21.175510150134222,0.0033954488609109,0.0003585092945293,0.0026859544155393,0.0003585092945293,-19.38981844765616,0.0007764041044161,0.0085459172349906,0.0011557770416262,-18.757324288846235,-19.986839134793485,-16.313637550448682,22.13890734626056,21.1614551939596
4478,C/C=C/C=N/N(CC)CC,13711,O=C1C=CC(=O)C(F)=C1,17533,[H]C1=C(F)C(=O)C2([H])C([H])(C1=O)N(N(C([H])([H])C([H])([H])[H])C([H])([H])C([H])([H])[H])C([H])=C([H])C2([H])C([H])([H])[H],0,1 4 3 2 26 0,3,19.292859931615183,14.226218896473863,26.0338311493501,16.35759094244199,9.762149839652878,26.11974078209487,0.0360511285766747,0.0383057745064349,0.0249016597838344,0.0383057745064349,-4.475619523321043,0.064348078814179,0.0636221563345093,0.0326758749785425,-5.277204459996106,-7.252312089527145,-5.570804887107403,24.351438576264115,22.09003574150556
5158,C/C=C/C=N/N(CC)CC,13711,O=C1N=CC2=CC=NC2=N1,17702,[H]C1=NC2=NC(=O)N=C([H])C23C1([H])N(N(C([H])([H])C([H])([H])[H])C([H])([H])C([H])([H])[H])C([H])=C([H])C3([H])C([H])([H])[H],1,1 4 4 5 26 1,0,19.132913446903665,14.062292192438152,27.52561678736257,16.296120985917284,6.890664911462583,23.186785897379867,0.0092099144502452,0.0195549452239276,0.0101595436133359,0.0195549452239276,-8.260232185653742,0.0162120041136676,0.0408833266771754,0.0082237648190114,-8.183742748888939,-9.1815627672149,-9.220052030786086,22.009947591586727,16.451901974190978
4440,C/C=C/C=N/NC(C)C,13712,O=C1C=C(C(F)(F)F)N=N1,17526,[H]C1=C([H])C([H])(C([H])([H])[H])C2([H])C(=O)N=NC2(C(F)(F)F)N1N([H])C([H])(C([H])([H])[H])C([H])([H])[H],0,1 4 2 3 23 0,1,19.27744763492496,13.104499010562456,23.15248814740237,16.296480742420353,8.055640880752765,24.35212162317312,0.001114609650585,0.0029491096001837,0.0035543710013032,0.0029491096001837,-18.872327380946487,0.0014974578183187,0.0070652362428462,0.0012275150096127,-17.7141363065074,-18.041377278198347,-14.017719704985607,24.480833582008223,23.58768523541357
5161,C/C=C/C=N/NC(C)C,13712,O=C1N=CC2=CC=NC2=N1,17702,[H]C1=NC(=O)N=C2N=C([H])C3([H])C12N(N([H])C([H])(C([H])([H])[H])C([H])([H])[H])C([H])=C([H])C3([H])C([H])([H])[H],0,1 4 5 4 23 0,3,21.764662092520588,14.10916303503315,26.74146654904954,15.996542106497897,9.845289961520422,25.84183206801832,0.0415635824855462,0.0193052927663802,0.0233021001952925,0.0193052927663802,-10.03406472023238,0.0573172949374436,0.0313594722746117,0.0218159604353752,-6.988141097867363,-7.817368030406918,-9.176570252112754,23.71972466472903,20.35454880760321
4262,C/C=C/C=N/n1cnnc1,13713,N[C@H]1N=CN=C2N=NC=C21,17093,[H]C1=N[C@]([H])(N([H])[H])C23C(=N1)N=NC2([H])C([H])(C([H])([H])[H])C([H])=C([H])N3n1c([H])nnc1[H],1,1 4 8 9 18 1,0,16.224423966838195,12.073352386259366,22.63763172762556,17.15665721530663,8.348784789929084,25.505442005235714,0.0635703314849732,0.0074845328469261,0.0259231768025646,0.0074845328469261,-7.737266613927389,0.1318064445609876,0.0328401400549875,0.0385087679329655,-6.917249501434007,-8.429236957446314,-9.339848819852923,21.314615545567708,23.021234107045107
6665,C/C=C/C=N/n1cnnc1,13713,O=C1C=C(C(F)(F)F)N=N1,17526,[H]C1=C([H])C([H])(C([H])([H])[H])C2([H])C(=O)N=NC2(C(F)(F)F)N1n1c([H])nnc1[H],0,1 4 2 3 18 0,1,14.801704644421385,12.687877118617134,22.906307184683456,17.24625162208037,4.285519978729383,21.53177160080975,0.0007967832311395,0.0021880744555014,0.0014887254209019,0.0021880744555014,-19.535367116652907,0.0011879387948073,0.0126449224783128,0.001301135645755,-16.671171348198435,-19.441597978485262,-13.821702385202634,20.918279278787782,22.033255990618294
6731,C/C=C/C=N/n1cnnc1,13713,O=C1C=CC(=O)N1C1CC1,17534,[H]C1=C([H])C([H])(C([H])([H])[H])C2([H])C(=O)N(C3([H])C([H])([H])C3([H])[H])C(=O)C2([H])N1n1c([H])nnc1[H],0,1 4 2 3 18 0,1,15.43846662743304,10.943358380575898,21.53056640400817,16.910619147435632,7.315359775548952,24.225978922984584,0.001419828278042,0.0077407881106361,0.0072145410324083,0.0077407881106361,-9.592579081375677,0.006156156686671,0.0242361554310653,0.0282706982145877,-10.824613326783124,-10.755416117499491,-9.279213783842962,23.07453656053056,23.438827977663543
6735,C/C=C/C=N/n1cnnc1,13713,O=C1C=CC(=O)N1CO,17535,[H]OC([H])([H])N1C(=O)C2([H])N(n3c([H])nnc3[H])C([H])=C([H])C([H])(C([H])([H])[H])C2([H])C1=O,0,1 4 2 3 18 0,1,15.4128209250418,10.35855718270455,21.759960780998448,17.03885329825651,7.161700719528486,24.200554017784995,0.0029976225596327,0.007904360484941,0.004906248739378,0.007904360484941,-9.430996706876606,0.0028529706675357,0.025991656458927,0.0371118199107594,-9.182248526519167,-11.565587650377516,-10.999446987142612,23.30861690285485,23.42618135536261
7749,C/C=C/C=N/n1cnnc1,13713,O=C1N=CC2=CC=NC2=N1,17702,[H]C1=NC(=O)N=C2N=C([H])C3([H])C12N(n1c([H])nnc1[H])C([H])=C([H])C3([H])C([H])([H])[H],1,1 4 5 4 18 1,2,17.12028908145761,12.818746224603226,25.688351785719902,16.8974147474979,5.488183350244189,22.38559809774209,0.0123154691498685,0.0089368202199586,0.0103370191936845,0.0089368202199586,-9.062791140561238,0.0280127517351566,0.0560119280878961,0.0357546783594028,-6.948812933554059,-9.629093341797445,-9.55636399786028,19.99613530437032,16.641929227506846
15474,C/C=C\C=C\C=C/C(=O)O,13732,O=C1N=CC2=CC=NC2=N1,17702,[H]OC(=O)/C([H])=C(/[H])C1([H])C([H])=C([H])C([H])(C([H])([H])[H])C23C([H])=NC(=O)N=C2N=C([H])C31[H],1,1 4 4 5 20 1,0,27.86208278579577,12.43837656767111,27.95921431459294,16.403708317880564,13.310088881542375,29.71379719942294,0.0185823262740407,0.0241693514583466,0.0122585584055143,0.0241693514583466,-12.940663268730766,0.0271361473833226,0.0391500636840442,0.0075569651885605,-14.494139155708822,-13.709297633453907,-9.156967184178086,26.696793950441624,22.881036215130628
2842,C1=CC2=C(C1)CCCC2,13754,N[C@H]1N=CN=C2N=NC=C21,17093,[H]C1=N[C@]([H])(N([H])[H])C23C(=N1)N=NC2([H])C12C(=C([H])C3([H])C1([H])[H])C([H])([H])C([H])([H])C([H])([H])C2([H])[H],0,0 3 9 8 21 0,3,15.681125098938814,11.59733280839826,23.82908867759786,16.060033121572012,5.223562149658633,21.283595271230645,0.070797697307342,0.0155716466107319,0.0074633105539767,0.0155716466107319,-10.098409598589406,0.0227255946026021,0.029179479308938,0.0186100903291525,-9.088264820665309,-7.908171269650388,-10.328001724032582,19.530824531254623,18.575261800485634
4442,C1=CC2=C(C1)CCCC2,13754,O=C1C=C(C(F)(F)F)N=N1,17526,[H]C1=C2C([H])([H])C([H])([H])C([H])([H])C([H])([H])C23C([H])([H])C1([H])C1(C(F)(F)F)N=NC(=O)C13[H],0,0 3 3 2 21 0,3,14.036180384271155,11.49084964889732,23.99592493865864,15.995150218525431,1.283035393618956,17.27818561214439,1.712476550284482e-05,0.008107035354572,0.0017989332358956,0.008107035354572,-21.51214685100623,0.0014167628895787,0.0058383359721394,0.0025247884785776,-20.972743267388807,-18.23855239043135,-16.663751145074997,17.071135829432507,15.436777519883275
4478,C1=CC2=C(C1)CCCC2,13754,O=C1C=CC(=O)C(F)=C1,17533,[H]C1=C(F)C(=O)C2([H])C3([H])C([H])=C4C([H])([H])C([H])([H])C([H])([H])C([H])([H])C4(C3([H])[H])C2([H])C1=O,0,0 3 3 2 21 0,3,17.32914301588081,11.941632476751009,25.91095663256912,15.568055150318282,3.631402638351563,19.199457788669847,0.0731321124341719,0.0193505499283058,0.0200604033902451,0.0193505499283058,-3.2327966654451004,0.1634264812838004,0.0299954737544971,0.0580651896099975,-4.026407961302482,-5.780805473324151,-5.549792205124955,19.138641651751403,16.486962402063988
4484,C1=CC2=C(C1)CCCC2,13754,O=C1C=CC(=O)N1C1CC1,17534,[H]C1=C2C([H])([H])C([H])([H])C([H])([H])C([H])([H])C23C([H])([H])C1([H])C1([H])C(=O)N(C2([H])C([H])([H])C2([H])[H])C(=O)C13[H],0,0 3 2 3 21 0,1,15.755402800683305,9.604267835155198,21.377032353950604,15.65082527460633,4.808454888797751,20.45928016340408,0.0033849344975547,0.004616148944228,0.0057030875897873,0.004616148944228,-7.898731752352411,0.0240514201919625,0.0158212355740751,0.0306998484138863,-8.200231031390501,-8.070657156351551,-9.29807808192176,21.29943809679923,20.065268890206337
4486,C1=CC2=C(C1)CCCC2,13754,O=C1C=CC(=O)N1CO,17535,[H]OC([H])([H])N1C(=O)C2([H])C3([H])C([H])=C4C([H])([H])C([H])([H])C([H])([H])C([H])([H])C4(C3([H])[H])C2([H])C1=O,0,0 3 2 3 21 0,1,15.653785510899596,8.480450036262852,21.364308184384857,15.731213167250326,3.701837303586487,19.43305047083681,0.0120366450167695,0.006529549557648,0.0077117987769033,0.006529549557648,-9.641528621980491,0.0173120745999548,0.0177526505692912,0.0307968706576425,-10.416751952251104,-11.142598724787357,-12.42767849114911,20.75114461574148,19.128522618113298
4568,C1=CC2=C(C1)CCCC2,13754,O=C1C=Cc2ccccc21,17549,[H]C1=C2C([H])([H])C([H])([H])C([H])([H])C([H])([H])C23C([H])([H])C1([H])C1([H])C(=O)c2c([H])c([H])c([H])c([H])c2C13[H],0,0 3 2 3 21 0,1,16.49932244220424,9.348376969247765,20.45103071305964,15.196413364408162,5.851092844275939,21.0475062086841,0.0730826688998412,0.0125952745825663,0.0523623231864704,0.0125952745825663,-7.782268275433964,0.0482602977611172,0.0438360522089513,0.115599913917863,-8.501889401432877,-6.210541282644094,-6.457435881641544,22.744117922413736,21.835286326185297
5144,C1=CC2=C(C1)CCCC2,13754,O=C1N=CC(F)=C[C@H]1F,17700,[H]C1=NC(=O)[C@]([H])(F)C2([H])C3([H])C([H])=C4C([H])([H])C([H])([H])C([H])([H])C([H])([H])C4(C3([H])[H])C12F,0,0 3 6 4 21 0,3,16.58452967731914,15.243921994900177,23.98725390450745,15.886850097173946,9.463778011619752,25.3506281087937,0.1211546094004764,0.029410798976706,0.0167500399973973,0.029410798976706,-6.418469241441379,0.1366870622224036,0.0319463169211486,0.0412117640615791,-7.39383554673546,-5.724252467224584,-8.189856008690157,23.744357913172,21.83352903468392
5151,C1=CC2=C(C1)CCCC2,13754,O=C1N=CC2(N=N2)C(=O)N1,17701,[H]C1=C2C([H])([H])C([H])([H])C([H])([H])C([H])([H])C23N2C(=O)N([H])C(=O)C4(N=N4)C2([H])C1([H])C3([H])[H],1,0 3 3 2 21 1,6,18.406218843641668,12.791914628720445,29.435651752825123,16.207078279650258,4.996335827599097,21.203414107249355,0.0087892690490573,0.002959692202471,0.0092149997229783,0.002959692202471,-2.8389559655227075,0.0126691271521632,0.0207988630362543,0.0029374337594297,-1.1200372636558915,-4.469919979765844,-5.146786668023999,20.04442522673309,18.48663825043205
5158,C1=CC2=C(C1)CCCC2,13754,O=C1N=CC2=CC=NC2=N1,17702,[H]C1=NC2=NC(=O)N=C([H])C23C2([H])C([H])=C4C([H])([H])C([H])([H])C([H])([H])C([H])([H])C4(C2([H])[H])C13[H],1,0 3 4 5 21 1,0,17.025581153957177,11.5521094726524,26.65406948195843,15.4983645473613,2.371972683151448,17.870337230512746,0.0152413846986964,0.0180429443485974,0.0046590062796586,0.0180429443485974,-7.918601207721799,0.051522975765403,0.0075845168820174,0.0123300748437388,-8.769048947080329,-8.822250624503667,-10.720975946006966,17.351358816920627,13.359468495558172
5220,C1=CC2=C(C1)CCCC2,13754,O=C1N=Nc2ccccc21,17709,[H]C1=C2C([H])([H])C([H])([H])C([H])([H])C([H])([H])C23n2c4c([H])c([H])c([H])c([H])c4c(=O)n2C1([H])C3([H])[H],1,0 3 2 3 21 1,4,16.898477775891436,4.855597126390579,25.283580796712627,15.779190947676728,1.6169750711804198,17.396166018857148,0.0072822465802003,0.0093680101606913,0.0008337359694569,0.0093680101606913,-7.593982488005125,0.0164115720042167,0.0154745472681677,0.000503492288668,-3.7437361668748608,-3.8218107930382494,-7.2422784639963105,15.031750652546876,14.850327829272178
5235,C1=CC2=C(C1)CCCC2,13754,O=C1NC(=O)C2=C1CCC2,17711,[H]C1=C2C([H])([H])C([H])([H])C([H])([H])C([H])([H])C23C([H])([H])C1([H])C12C(=O)N([H])C(=O)C31C([H])([H])C([H])([H])C2([H])[H],0,0 3 5 6 21 0,1,16.305078962384243,12.488437511939049,22.589639196827044,16.798753408200195,6.000048740424674,22.79880214862487,0.0149597562529004,0.0030929371788057,0.0121835972296396,0.0030929371788057,-7.822221042782488,0.025796186911523,0.0022955233736366,0.0111785379370535,-9.15356380645938,-8.76951755691924,-7.904582347706984,22.549425734866382,21.69372058566548
5419,C1=CC2=C(C1)CCCC2,13754,O=CC#CC(F)(F)F,17787,[H]C(=O)C1=C(C(F)(F)F)C2([H])C([H])=C3C([H])([H])C([H])([H])C([H])([H])C([H])([H])C13C2([H])[H],1,0 3 3 2 21 1,1,9.954696819324198,13.205790358284466,19.355012436348986,15.56138683733845,5.52948464544054,21.09087148277899,2.3826193685944984e-05,0.017583515929308,0.0042205111645482,0.017583515929308,-24.08740923527412,0.0011910867616105,0.0257417311089088,0.0174822156146963,-21.304646342624075,-23.65593530358904,-27.03878124060367,20.606608507991133,20.81694847162236
5589,C1=CC2=C(C1)CCCC2,13754,O=CNC(=O)/C=C\C(=O)O,17824,[H]OC(=O)C1([H])C23C(=C([H])C([H])(C2([H])[H])C1([H])C(=O)N([H])C([H])=O)C([H])([H])C([H])([H])C([H])([H])C3([H])[H],0,0 3 5 6 21 0,1,17.115407756290793,12.76040074075602,21.47590928543605,16.227914803065037,8.421185075495561,24.6490998785606,0.0135853675477431,0.0041397876907036,0.0049963652913462,0.0041397876907036,-5.497960397800327,0.0360867038446786,0.0121952981820899,0.0181074381682904,-5.979094507402223,-6.327174168044859,-7.352721926337821,23.398827953681355,22.861049953409584
6003,C1=CC2=C(C1)CCCC2,13754,O=NC(F)(F)F,17917,[H]C1=C2C([H])([H])C([H])([H])C([H])([H])C([H])([H])C23ON(C(F)(F)F)C1([H])C3([H])[H],0,0 3 1 0 21 0,3,15.03393572187996,6.128200403521301,25.164993712986224,15.57038112904735,-3.843956272653866,11.726424856393484,1.3641068302180294e-05,9.51053674524498e-05,4.624631622652754e-05,9.51053674524498e-05,-9.234579080725666,1.0906997236295944e-05,0.0003367259573083,0.0001236681356991,-7.213710964930371,-6.545396349573409,-10.484784249408236,12.99176973260706,10.381433621247451
6802,C1=CC2=C(C1)CCCC2,13754,OCC1=Cc2ccccc21,18025,[H]OC([H])([H])C12c3c([H])c([H])c([H])c([H])c3C1([H])C13C(=C([H])C2([H])C1([H])[H])C([H])([H])C([H])([H])C([H])([H])C3([H])[H],1,0 3 2 3 21 1,0,12.113502641805962,9.355294804712823,16.952716029616738,15.495005626931905,4.393028662141855,19.88803428907376,0.0261407108433584,0.0215145220306362,0.0580515676838053,0.0215145220306362,-21.60175056168065,0.1179169188954079,0.0303245602029042,0.0828231943931609,-20.36054880352656,-25.79288462643052,-27.939075999052665,19.45173452154135,20.001169104101788
7000,C1=CC2=C(C1)CCCC2,13754,O[C@@H]1CC/C=C/CCC1,18100,[H]O[C@@]1([H])C([H])([H])C([H])([H])C([H])([H])C2([H])C3([H])C([H])=C4C([H])([H])C([H])([H])C([H])([H])C([H])([H])C4(C3([H])[H])C2([H])C([H])([H])C1([H])[H],1,0 3 5 6 21 1,2,14.30662632365055,2.0872547694955,12.155081911717142,15.102686382882196,5.37964830203371,20.482334684915905,0.1057808339974874,0.0517895237342519,0.0242258055994579,0.0517895237342519,-16.412920389906176,0.1589508645320261,0.0302295112054486,0.0224870076172332,-16.182929843406917,-16.754867420422208,-17.34914654279082,20.558810234255347,20.779592540236493
9416,C1=CC2=C(C1)CCCC2,13754,C1=NCC2=CC=NC2=N1,13799,[H]C1=NC([H])([H])C23C(=N1)N=C([H])C2([H])C12C(=C([H])C3([H])C1([H])[H])C([H])([H])C([H])([H])C([H])([H])C2([H])[H],1,0 3 3 4 21 1,0,17.031819230584173,12.179342711716664,23.707927010158723,15.663090545868934,5.471389615382638,21.13448016125157,0.0531784143094572,0.0145433064119974,0.0069919893862331,0.0145433064119974,-5.1728724247295546,0.0237234329099838,0.0174708470595462,0.0221617995283449,-5.33173318045462,-5.082781776111187,-6.024801168966658,21.921347701613684,20.71343691867035
9762,C1=CC2=C(C1)CCCC2,13754,C=C1C(=O)[C@@H]2CCCO[C@H]12,13910,[H]C1=C2C([H])([H])C([H])([H])C([H])([H])C([H])([H])C23C([H])([H])C1([H])C1(C(=O)[C@]2([H])C([H])([H])C([H])([H])C([H])([H])O[C@]12[H])C3([H])[H],0,0 3 1 0 21 0,3,14.988203662123038,10.272806441962093,16.217560269748944,15.491266264090417,10.8638648642337,26.35513112832412,0.049382218009399,0.0198566099760032,0.0287385075817677,0.0198566099760032,-9.303279260924596,0.0760259209678751,0.020871154269199,0.0330903384312548,-8.356878737190726,-6.700815942351117,-9.29708926897932,25.46287497631916,23.702816784346496
9939,C1=CC2=C(C1)CCCC2,13754,C=CC(=O)NC(=N)NC#N,13956,[H]N=C(N([H])C#N)N([H])C(=O)C1([H])C2([H])C([H])=C3C([H])([H])C([H])([H])C([H])([H])C([H])([H])C3(C2([H])[H])C1([H])[H],1,0 3 1 0 21 1,2,16.960224419683083,9.332945352610553,20.896101619536484,15.60328154690664,7.87468391746388,23.47796546437052,1.1295863960339296e-05,0.0096997482283303,0.0017007795147154,0.0096997482283303,-6.626342210076473,0.0076462935333112,0.0034613647880071,0.0166033673748542,-8.191518915462446,-7.88425033506293,-7.965328191542255,22.18342634606952,22.13720326448473
9975,C1=CC2=C(C1)CCCC2,13754,C=CC(F)(F)C(=O)C(=O)O,13974,[H]OC(=O)C(=O)C(F)(F)C1([H])C2([H])C([H])=C3C([H])([H])C([H])([H])C([H])([H])C([H])([H])C3(C2([H])[H])C1([H])[H],1,0 3 1 0 21 1,2,16.626882672546678,10.906258803420746,21.06380874663128,15.999206431217836,8.284548998404357,24.2837554296222,0.0024728700507331,0.0163485575578609,0.0058068985913778,0.0163485575578609,-6.447863510323884,0.033007264610643,0.0231362181246206,0.0292751732747307,-5.845319222709385,-6.830435035120022,-8.055922036640212,23.27095987752336,23.189918741239595
10044,C1=CC2=C(C1)CCCC2,13754,C=CC1=NC(C)(C)C(=O)O1,13986,[H]C1=C2C([H])([H])C([H])([H])C([H])([H])C([H])([H])C23C([H])([H])C1([H])C([H])([H])C3([H])C1=NC(C([H])([H])[H])(C([H])([H])[H])C(=O)O1,0,0 3 0 1 21 0,1,16.601738254314377,11.028125532916391,18.925679024427524,15.797013573638148,9.653933992248724,25.45094756588687,0.0942707744325489,0.0212971660539186,0.0120674263374487,0.0212971660539186,-3.211035780915097,0.1634814213963038,0.0543189899237807,0.0231201987634179,-3.1711762547985103,-4.587458517290081,-6.444686342435617,24.66883025325248,23.801596627984253
884,C1=CC2=C(C1)[C@@H]1C=C[C@H]2C1,13755,N#CC(C#N)N=O,16602,[H]C1=C2C3(ON(C([H])(C#N)C#N)C1([H])C3([H])[H])[C@]1([H])C([H])=C([H])[C@@]2([H])C1([H])[H],1,0 3 5 6 20 1,8,16.62636374844726,7.220358708430873,26.54885080196909,15.93598196166503,-0.6428663696918235,15.293115591973208,0.0072766366356322,0.0080589913759447,0.000132654380849,0.0080589913759447,-12.30295389068936,0.0120455013823072,0.0128141520743696,9.635043334852842e-05,-9.288661275297237,-9.246094151099191,-9.222463658356771,13.730633180544338,11.466615012485056
889,C1=CC2=C(C1)[C@@H]1C=C[C@H]2C1,13755,N#CC(F)(F)C(F)=C(F)F,16603,[H]C1=C2C3(C([H])([H])C1([H])C(F)(C(F)(F)C#N)C3(F)F)[C@]1([H])C([H])=C([H])[C@@]2([H])C1([H])[H],0,0 3 5 7 20 0,1,12.164264848557568,18.16740682621594,21.495396705695818,15.44694616521812,10.35621217530576,25.80315834052388,0.0005688128660904,0.0040489460668129,0.0044609236514993,0.0040489460668129,-26.26843107610543,0.0045960318047271,0.0164873819382515,0.0248609098528001,-23.947086489291124,-26.053421389785683,-25.93136509901415,25.256492268793508,23.728650610511817
2842,C1=CC2=C(C1)[C@@H]1C=C[C@H]2C1,13755,N[C@H]1N=CN=C2N=NC=C21,17093,[H]C1=N[C@]([H])(N([H])[H])C23C(=N1)N=NC2([H])C12C(=C([H])C3([H])C1([H])[H])[C@@]1([H])C([H])=C([H])[C@]2([H])C1([H])[H],0,0 3 9 8 20 0,3,14.590182158576996,11.467084960101865,23.753608000042085,15.94690143420254,2.738021870850268,18.68492330505281,0.069264423858866,0.020180224086645,0.0040897458579842,0.020180224086645,-17.71616694397118,0.0090131672427828,0.0404360665836646,0.019728171947711,-17.92807800061727,-16.926786820261455,-17.22521363281608,18.53209603414302,17.35319647923765
3770,C1=CC2=C(C1)[C@@H]1C=C[C@H]2C1,13755,Nc1nc2n(n1)[C@@H](N)N=N2,17299,[H]C1=C2C3(N4N(c5nc(N([H])[H])nn5[C@@]4([H])N([H])[H])C1([H])C3([H])[H])[C@]1([H])C([H])=C([H])[C@@]2([H])C1([H])[H],1,0 3 9 8 20 1,5,17.19911187685561,5.860824405363276,23.33047464606456,16.21104175498656,3.39319284783258,19.60423460281914,1.0707220241392472e-05,0.001790518772335,0.0001889631276553,0.001790518772335,-6.957008921822308,0.000627487474213,0.0038446442898158,7.27744912192697e-05,-2.28245161604962,-3.529578447815563,-6.517827372039992,18.33630685260132,17.689731723764986
4198,C1=CC2=C(C1)[C@@H]1C=C[C@H]2C1,13755,O/N=C1\C=CC=C\C1=N/O,17401,[H]O/N=C1\C([H])=C([H])C2([H])C3([H])C([H])=C4C(C3([H])[H])(C2([H])\C1=N/O[H])[C@]1([H])C([H])=C([H])[C@@]4([H])C1([H])[H],0,0 3 4 3 20 0,3,18.78071329194674,11.265046265054291,22.814893220478577,16.53116691409942,6.068444851518756,22.59961176561817,0.0829621043154957,0.0486757062203933,0.0407120311252398,0.0486757062203933,-4.7060966669934885,0.0644380260410587,0.0694824331163407,0.2041218603625824,-4.543051166645462,-4.944208571877404,-5.334515839825809,24.85086286464459,23.675235839474887
4336,C1=CC2=C(C1)[C@@H]1C=C[C@H]2C1,13755,O=C(O)[C@@H]1C=CC=NC1=O,17480,[H]OC(=O)[C@@]1([H])C(=O)N=C([H])C2([H])C1([H])C1([H])C([H])=C3C2(C1([H])[H])[C@]1([H])C([H])=C([H])[C@@]3([H])C1([H])[H],0,0 3 4 5 20 0,1,16.617845196455967,13.16241221916305,23.97667995737953,16.1643499676699,4.210455339976843,20.374805307646746,0.1512367900315211,0.0457708691567081,0.0224543546689344,0.0457708691567081,-9.577187275679194,0.1855704613303563,0.0703410744503471,0.1083494224073845,-10.860994693996956,-12.070448217569378,-10.848047287662148,23.29791816775147,21.910257960369776
4406,C1=CC2=C(C1)[C@@H]1C=C[C@H]2C1,13755,O=C1C(F)=C(F)C1(F)F,17521,[H]C1=C2C3(C([H])([H])C1([H])C1(F)C(F)(F)C(=O)C13F)[C@]1([H])C([H])=C([H])[C@@]2([H])C1([H])[H],0,0 3 4 2 20 0,3,14.540523063859004,16.434879759215704,21.637524167560617,15.713917079879003,8.60722275119015,24.32113983106916,0.0036544534266921,0.0117841757124445,0.0037471725355041,0.0117841757124445,-15.163481285370509,0.0170060098172414,0.0106523799835433,0.0146782363247161,-14.64055629763346,-16.014877352183234,-14.02251310459124,24.297314238950115,23.41398363606865
4416,C1=CC2=C(C1)[C@@H]1C=C[C@H]2C1,13755,O=C1C(O)=Nc2ncnn21,17523,[H]OC12C(=O)n3nc([H])nc3N1C13C(=C([H])C2([H])C1([H])[H])[C@@]1([H])C([H])=C([H])[C@]3([H])C1([H])[H],0,0 3 2 4 20 0,5,16.937028579016225,12.302885573586952,23.5045989883928,15.702462038753852,3.783664308832481,19.48612634758633,0.0003657889385295,0.0006083310256906,0.0021454510861697,0.0006083310256906,-12.94756076707052,0.0003309655441681,0.0213383015454336,0.0013197710889317,-12.750092404943274,-13.040244637307596,-10.930633000526548,23.054266696924152,23.00885720852049
4442,C1=CC2=C(C1)[C@@H]1C=C[C@H]2C1,13755,O=C1C=C(C(F)(F)F)N=N1,17526,[H]C1=C2C3(C([H])([H])C1([H])C1(C(F)(F)F)N=NC(=O)C13[H])[C@]1([H])C([H])=C([H])[C@@]2([H])C1([H])[H],0,0 3 3 2 20 0,3,12.547845725408555,11.01825162975588,23.633196997557004,15.859348938690593,0.4324591791702481,16.29180811786084,1.8381006173562213e-05,0.0097767623670108,0.0005353612193462,0.0097767623670108,-27.83608776502438,0.0005956581917138,0.0042015800261072,0.0024448017323311,-28.662996871292705,-26.43662624749853,-23.045864633519287,17.020063605658702,15.768897699840087
4478,C1=CC2=C(C1)[C@@H]1C=C[C@H]2C1,13755,O=C1C=CC(=O)C(F)=C1,17533,[H]C1=C(F)C(=O)C2([H])C3([H])C([H])=C4C(C3([H])[H])(C2([H])C1=O)[C@]1([H])C([H])=C([H])[C@@]4([H])C1([H])[H],0,0 3 3 2 20 0,3,16.684916848291323,10.600974984015268,24.932322704220148,15.473476302046205,2.2211644166173308,17.694640718663535,0.0827132607054919,0.0331060043500948,0.0151775121577598,0.0331060043500948,-11.078962714189466,0.0890372879094971,0.0571010541874011,0.0660676224926739,-13.31008351495698,-14.02924793942806,-11.83357007647308,18.55583645045997,16.20807729568461
4484,C1=CC2=C(C1)[C@@H]1C=C[C@H]2C1,13755,O=C1C=CC(=O)N1C1CC1,17534,[H]C1=C2C3(C([H])([H])C1([H])C1([H])C(=O)N(C4([H])C([H])([H])C4([H])[H])C(=O)C13[H])[C@]1([H])C([H])=C([H])[C@@]2([H])C1([H])[H],0,0 3 2 3 20 0,1,14.752965869959862,9.095265941558718,21.0411495358504,15.476384204546378,3.07298289221626,18.54936709676264,0.0040947694174996,0.0089486218564144,0.0031487405631109,0.0089486218564144,-15.434144534579936,0.0183128706747667,0.0202936675774527,0.026595858814815,-16.370035216245526,-16.206351315230144,-15.841168426044142,20.5833641241152,19.201198843322825
4486,C1=CC2=C(C1)[C@@H]1C=C[C@H]2C1,13755,O=C1C=CC(=O)N1CO,17535,[H]OC([H])([H])N1C(=O)C2([H])C3([H])C([H])=C4C(C3([H])[H])(C2([H])C1=O)[C@]1([H])C([H])=C([H])[C@@]4([H])C1([H])[H],0,0 3 2 3 20 0,1,14.42848165840951,8.318139606378292,21.11740928344124,15.641938090333923,2.411094949165726,18.05303303949965,0.0160860063932559,0.0087572985227725,0.0028179558650592,0.0087572985227725,-17.55469804025519,0.0145253892703114,0.0247427561870851,0.0235855457788966,-18.040068038062536,-19.191477670375228,-18.79921975322084,20.033560419972645,18.56916702327146
4490,C1=CC2=C(C1)[C@@H]1C=C[C@H]2C1,13755,O=C1C=CC2(C=C1)CO2,17536,[H]C1=C([H])C2(OC2([H])[H])C2([H])C3([H])C([H])=C4C(C3([H])[H])(C2([H])C1=O)[C@]1([H])C([H])=C([H])[C@@]4([H])C1([H])[H],0,0 3 3 2 20 0,3,17.70933555910469,11.777975801074556,22.258458135923053,15.909375111078177,7.267383488718785,23.17675859979696,0.0833672573435952,0.0453886696883244,0.0201889369404305,0.0453886696883244,-8.228313045812186,0.0663827268383291,0.0343249013061003,0.042618862411946,-7.459836121624711,-10.050543228929392,-8.11415408557481,23.51558262906118,22.83927079365357
4568,C1=CC2=C(C1)[C@@H]1C=C[C@H]2C1,13755,O=C1C=Cc2ccccc21,17549,[H]C1=C2C3(C([H])([H])C1([H])C1([H])C(=O)c4c([H])c([H])c([H])c([H])c4C13[H])[C@]1([H])C([H])=C([H])[C@@]2([H])C1([H])[H],0,0 3 2 3 20 0,1,15.641720847325049,8.751434278089373,19.80384005156427,15.191056244302825,4.0369742102817625,19.228030454584587,0.123895656120237,0.0246201189932023,0.0589049098586206,0.0246201189932023,-16.28553423887204,0.0542163257041629,0.0759863412819837,0.1124604602038714,-16.918573577098613,-14.430968684197444,-13.174905686440075,22.152867456739823,20.725915838036137
4574,C1=CC2=C(C1)[C@@H]1C=C[C@H]2C1,13755,O=C1C=c2ccccc2=N1,17550,[H]C1=C([H])C([H])=C([H])C23C1=NC(=O)C2([H])C12C(=C([H])C3([H])C1([H])[H])[C@@]1([H])C([H])=C([H])[C@]2([H])C1([H])[H],0,0 3 3 2 20 0,3,17.114102464342054,12.280398872894663,24.04186513456304,15.41765424047235,6.34744380873919,21.76509804921153,0.0670731229467213,0.0297802036396412,0.005234166917521,0.0297802036396412,-6.03348422982392,0.0674460044049227,0.0216851591248531,0.0316541793787858,-6.860686595503985,-5.992267746751736,-10.233637896356925,20.869507230085137,20.73764518429813
5144,C1=CC2=C(C1)[C@@H]1C=C[C@H]2C1,13755,O=C1N=CC(F)=C[C@H]1F,17700,[H]C1=NC(=O)[C@]([H])(F)C2([H])C3([H])C([H])=C4C(C3([H])[H])(C12F)[C@]1([H])C([H])=C([H])[C@@]4([H])C1([H])[H],0,0 3 6 4 20 0,3,15.499813915256386,15.343540684543358,23.714893432563343,15.786939365155188,7.312579476423775,23.099518841578963,0.1139051387478434,0.0593425045067133,0.0124649259630753,0.0593425045067133,-13.950133098489808,0.0915207054130822,0.0497439763360216,0.0418623701979862,-16.268655693755974,-14.1481331309879,-14.494560541033074,22.589032448562385,20.76655776629559
5151,C1=CC2=C(C1)[C@@H]1C=C[C@H]2C1,13755,O=C1N=CC2(N=N2)C(=O)N1,17701,[H]C1=C2C3(N4C(=O)N([H])C(=O)C5(N=N5)C4([H])C1([H])C3([H])[H])[C@]1([H])C([H])=C([H])[C@@]2([H])C1([H])[H],1,0 3 3 2 20 1,6,17.211546147903952,11.876625459465744,28.675933420128093,16.103559098035976,3.215243059003882,19.31880215703986,0.0102836808152341,0.0038128636563733,0.0031957243863152,0.0038128636563733,-11.165582116416346,0.0073131052404921,0.0220804073476188,0.001944812570493,-9.780934243448485,-12.29375581945223,-11.211720011175837,18.642281036355204,17.73321542135884
5158,C1=CC2=C(C1)[C@@H]1C=C[C@H]2C1,13755,O=C1N=CC2=CC=NC2=N1,17702,[H]C1=NC2=NC(=O)N=C([H])C23C2([H])C([H])=C4C(C2([H])[H])(C13[H])[C@]1([H])C([H])=C([H])[C@@]4([H])C1([H])[H],1,0 3 4 5 20 1,0,15.784640939950364,11.57520985240239,26.444930441870063,15.41107181209099,-0.0742222117488431,15.336849600342148,0.0243954710802139,0.0239649818907246,0.0055784093777249,0.0239649818907246,-15.907770121405877,0.0229525562569805,0.0108792815992143,0.013124531430307,-17.622803335189296,-17.992268058436665,-17.33659728680454,15.89959413028129,10.578217511953422
5165,C1=CC2=C(C1)[C@@H]1C=C[C@H]2C1,13755,O=C1N=CC=C2N=CN=C12,17703,[H]C1=NC23C(=N1)C(=O)N=C([H])C2([H])C12C(=C([H])C3([H])C1([H])[H])[C@@]1([H])C([H])=C([H])[C@]2([H])C1([H])[H],0,0 3 5 4 20 0,3,17.381423084815285,14.745173107544009,24.68995529174896,15.594677636203771,4.079474417726633,19.674152053930406,0.1202315678011379,0.0295163973180366,0.0087020171981768,0.0295163973180366,-8.769802545044008,0.2379119284722543,0.030762567713543,0.0213821774346926,-11.716876521670244,-10.060885420462776,-9.07666780177071,23.38084594069849,21.173379439808983
5211,C1=CC2=C(C1)[C@@H]1C=C[C@H]2C1,13755,O=C1N=NC(C2CC2)=N1,17707,[H]C1=C2C3(n4c(=O)nc(C5([H])C([H])([H])C5([H])[H])n4C1([H])C3([H])[H])[C@]1([H])C([H])=C([H])[C@@]2([H])C1([H])[H],1,0 3 3 2 20 1,5,16.632284266255237,7.201107511740165,27.04010370243536,15.698235303083496,1.302757800262672,17.00099310334617,0.0044874154337762,0.0033985301881244,0.0001587087050559,0.0033985301881244,-10.612861881201212,0.0013435956517412,0.007710733722374,0.0003950617721412,-5.284556061037172,-9.387100022911262,-9.729542572497266,14.30223159391976,13.053733441275352
5220,C1=CC2=C(C1)[C@@H]1C=C[C@H]2C1,13755,O=C1N=Nc2ccccc21,17709,[H]C1=C2C3(n4c5c([H])c([H])c([H])c([H])c5c(=O)n4C1([H])C3([H])[H])[C@]1([H])C([H])=C([H])[C@@]2([H])C1([H])[H],1,0 3 2 3 20 1,4,15.863360101405114,5.306926717359255,24.60478049072043,15.764100404634018,1.745118320000902,17.50921872463492,0.0106154867862949,0.0118983477628521,0.0006274297805777,0.0118983477628521,-15.211428009604596,0.010310859007602,0.0207169529770127,0.0004882108669602,-10.579356091403907,-11.831124289845768,-13.1920389887619,14.86731243471694,13.892783470262325
5235,C1=CC2=C(C1)[C@@H]1C=C[C@H]2C1,13755,O=C1NC(=O)C2=C1CCC2,17711,[H]C1=C2C3(C([H])([H])C1([H])C14C(=O)N([H])C(=O)C13C([H])([H])C([H])([H])C4([H])[H])[C@]1([H])C([H])=C([H])[C@@]2([H])C1([H])[H],0,0 3 5 6 20 0,1,15.05272634591285,11.894108885805728,22.338879925481727,16.614217735039606,4.26425713065116,20.87847486569077,0.0231595475738336,0.0031050534584949,0.0118903646317739,0.0031050534584949,-15.284041865424406,0.022436088852333,0.0027078469618844,0.0146747940972543,-13.934303423977305,-16.625031400836342,-14.35589321287808,21.3961493779533,20.837804948917544
5324,C1=CC2=C(C1)[C@@H]1C=C[C@H]2C1,13755,O=C1NCN=C2N=CN=C12,17733,[H]C1=NC2=NC([H])([H])N([H])C(=O)C23N1C12C(=C([H])C3([H])C1([H])[H])[C@@]1([H])C([H])=C([H])[C@]2([H])C1([H])[H],1,0 3 9 8 20 1,14,16.864410794209434,10.994744989044165,26.670372549637456,16.104838044441877,0.2638029531542436,16.36864099759612,0.004912444441467,0.0073351102325463,0.0013197787153798,0.0073351102325463,-10.966826365300506,0.0022058975414702,0.037556911366829,0.0121794411811805,-11.362154073369725,-9.571068207064656,-10.33385631042026,18.48066700620389,17.56314452590635
5419,C1=CC2=C(C1)[C@@H]1C=C[C@H]2C1,13755,O=CC#CC(F)(F)F,17787,[H]C(=O)C1=C(C(F)(F)F)C2([H])C([H])=C3C1(C2([H])[H])[C@]1([H])C([H])=C([H])[C@@]3([H])C1([H])[H],1,0 3 3 2 20 1,1,9.522481093872624,13.14766647876699,19.15916663076951,15.506826007559658,5.3821147759368415,20.8889407834965,2.545025557099648e-05,0.0123621121589779,0.0017887098137733,0.0123621121589779,-32.548588638776074,0.0004346905702869,0.0191176594656315,0.022077020310862,-32.258513031109594,-31.08451841993204,-33.46260054362697,21.262092542142447,20.930791915767195
5421,C1=CC2=C(C1)[C@@H]1C=C[C@H]2C1,13755,O=CC(=O)/C=C\[C@H](O)CO,17788,[H]OC([H])([H])[C@@]([H])(O[H])C1([H])C23C(=C([H])C([H])(C2([H])[H])C1([H])C(=O)C([H])=O)[C@@]1([H])C([H])=C([H])[C@]3([H])C1([H])[H],0,0 3 4 5 20 0,1,18.4422528548262,13.827449337842667,25.61805273650858,16.052721690654828,5.7095127490024815,21.76223443965731,0.0957927182618362,0.0325503307887235,0.0643911200674029,0.0325503307887235,-8.290690729688727,0.0876622660784527,0.0438688113277756,0.1198917436208429,-8.372374653652784,-8.819727693127497,-7.908751558675597,24.095019365320333,23.06236914365926
5589,C1=CC2=C(C1)[C@@H]1C=C[C@H]2C1,13755,O=CNC(=O)/C=C\C(=O)O,17824,[H]OC(=O)C1([H])C23C(=C([H])C([H])(C2([H])[H])C1([H])C(=O)N([H])C([H])=O)[C@@]1([H])C([H])=C([H])[C@]3([H])C1([H])[H],0,0 3 5 6 20 0,1,15.932729753327836,12.19452733958764,21.532378207688115,16.023544705135894,5.832837502535835,21.85638220767173,0.0214238640451212,0.0047975935290341,0.0030400463469183,0.0047975935290341,-12.86942050411298,0.0231383089712135,0.0153047863769479,0.0126092001167719,-13.90881944279934,-14.75168065496839,-13.601316413980015,21.944920058254763,21.97405457865193
6003,C1=CC2=C(C1)[C@@H]1C=C[C@H]2C1,13755,O=NC(F)(F)F,17917,[H]C1=C2C3(ON(C(F)(F)F)C1([H])C3([H])[H])[C@]1([H])C([H])=C([H])[C@@]2([H])C1([H])[H],0,0 3 1 0 20 0,3,12.82246682504375,5.524309826577646,23.96684483977907,15.461621927285549,-3.647075313961757,11.814546613323792,9.865277830192612e-06,7.970306232109646e-05,2.795899549520809e-05,7.970306232109646e-05,-16.29997147707683,3.895358503637593e-06,0.0002905647071223,8.000713309558751e-05,-14.069634282707682,-14.359939963096627,-17.557193842470326,12.66484558700951,10.603523959291362
6010,C1=CC2=C(C1)[C@@H]1C=C[C@H]2C1,13755,O=NCNCCO,17920,[H]OC([H])([H])C([H])([H])N([H])C([H])([H])N1OC23C(=C([H])C1([H])C2([H])[H])[C@@]1([H])C([H])=C([H])[C@]3([H])C1([H])[H],1,0 3 1 0 20 1,2,16.793583011011357,3.275450143672364,21.16661254762776,15.79453789292027,0.2643146868517796,16.05885257977205,0.003117768212111,0.0064417337657947,0.0006805389892629,0.0064417337657947,-6.941664609296005,0.0020804474265498,0.0151117808979385,0.0006361795994276,-3.142184217029211,-4.725551651557055,-5.014088354550495,17.073073010649612,16.508052092372477
6051,C1=CC2=C(C1)[C@@H]1C=C[C@H]2C1,13755,O=Nc1c[nH]c(=O)[nH]c1=O,17930,[H]C1=C2C3(ON(c4c([H])n([H])c(=O)n([H])c4=O)C1([H])C3([H])[H])[C@]1([H])C([H])=C([H])[C@@]2([H])C1([H])[H],0,0 3 1 0 20 0,3,18.25154207971736,6.464229879684355,21.82638867704712,15.631865445903562,0.8314024171795147,16.463267863083075,0.0039988322791499,0.0256193123365458,0.0007202566189154,0.0256193123365458,-5.743769156390073,0.0010311035952987,0.0108891136223403,0.0020696492142126,-2.469621824225264,-4.495193787229464,-6.47803584479804,20.767324828670315,20.712031703409064
6099,C1=CC2=C(C1)[C@@H]1C=C[C@H]2C1,13755,O=Nc1cccnc1N=O,17932,[H]C1=C2C3(ON(c4nc([H])c([H])c([H])c4N=O)C1([H])C3([H])[H])[C@]1([H])C([H])=C([H])[C@@]2([H])C1([H])[H],0,0 3 8 9 20 0,17,17.559095375890443,5.285951077063503,23.379863477420884,15.621594714165632,1.4777230322802062,17.099317746445838,0.0039026410857872,0.0048497542629781,0.0003921517562717,0.0048497542629781,-9.333667323038531,0.0021425591534283,0.0038003959213615,0.0026063212734524,-3.4103111027750472,-7.340430408862588,-8.545104675120996,16.414043200707983,15.77350637092162
6513,C1=CC2=C(C1)[C@@H]1C=C[C@H]2C1,13755,O=c1ccc(=O)n(CO)[nH]1,17988,[H]OC([H])([H])N1C(=O)C2([H])C([H])(C(=O)N1[H])C1([H])C([H])=C3C2(C1([H])[H])[C@]1([H])C([H])=C([H])[C@@]3([H])C1([H])[H],0,0 3 2 3 20 0,5,17.045464033087608,11.795737567152448,23.80793781595463,15.95923309164174,6.5804172825748495,22.539650374216592,0.0011318591418144,0.0128702559216558,0.0004119944646497,0.0128702559216558,-5.865291654028887,0.0040049552775666,0.0298404868475089,0.0109534370462649,-5.9490717950309175,-5.105210784789374,-9.133814779048308,21.70952854613048,22.20337908789601
6802,C1=CC2=C(C1)[C@@H]1C=C[C@H]2C1,13755,OCC1=Cc2ccccc21,18025,[H]OC([H])([H])C12c3c([H])c([H])c([H])c([H])c3C1([H])C13C(=C([H])C2([H])C1([H])[H])[C@@]1([H])C([H])=C([H])[C@]3([H])C1([H])[H],1,0 3 2 3 20 1,0,11.765329767490236,8.833856251742366,17.243643244679348,15.378990831622248,2.884663551691723,18.26365438331397,0.0227184825360311,0.0318157203053113,0.0175715288271841,0.0318157203053113,-29.24491398977144,0.0933037859227048,0.0629179492643747,0.1349017876450575,-28.41641730866488,-34.23938928055877,-33.85765295130939,18.96907043260188,19.03835551493133
7000,C1=CC2=C(C1)[C@@H]1C=C[C@H]2C1,13755,O[C@@H]1CC/C=C/CCC1,18100,[H]O[C@@]1([H])C([H])([H])C([H])([H])C([H])([H])C2([H])C3([H])C([H])=C4C(C3([H])[H])(C2([H])C([H])([H])C1([H])[H])[C@]1([H])C([H])=C([H])[C@@]4([H])C1([H])[H],1,0 3 5 6 20 1,2,13.07263701814675,1.8789101796283896,12.402992503223036,14.853125786499144,4.099007623279867,18.95213340977901,0.255726324483541,0.0495488183161656,0.0150081811172554,0.0495488183161656,-23.07837542334841,0.2403934152510014,0.0407213630654344,0.0441934493305464,-23.009832398459373,-24.00955100204953,-23.625545187127635,19.46846606610661,19.52015841083769
8208,C1=CC2=C(C1)[C@@H]1C=C[C@H]2C1,13755,C=C1C=CC(=O)O1,12125,[H]C1=C2C3(C([H])([H])C1([H])C1([H])C(=C([H])[H])OC(=O)C13[H])[C@]1([H])C([H])=C([H])[C@@]2([H])C1([H])[H],0,0 3 2 3 20 0,5,16.97125300146074,10.72214324866225,20.750423332207745,15.433138651721867,6.882791826230509,22.31593047795237,0.0443344649980375,0.0192292773006497,0.0079004508889823,0.0192292773006497,-8.621659351752854,0.0371779057808901,0.0188823646691202,0.0557729955341264,-9.450572442516304,-9.832534026079273,-9.210188963905324,23.64720205509777,22.6153075393636
8511,C1=CC2=C(C1)[C@@H]1C=C[C@H]2C1,13755,N#CC(=N)C(=N)C#N,13033,[H]N=C(C#N)C1(C#N)N([H])C23C(=C([H])C1([H])C2([H])[H])[C@@]1([H])C([H])=C([H])[C@]3([H])C1([H])[H],1,0 3 4 5 20 1,8,18.29222487356961,13.648755914271304,27.555697716614382,15.689714899455243,3.76743242589205,19.457147325347293,0.017605318758357,0.0034058241633673,0.0008606730900668,0.0034058241633673,-9.268130222291454,0.0051844351514569,0.0248666830791377,0.0130306932552961,-7.468671028053869,-6.682111908687311,-6.350083526918606,21.08519236701929,20.481978648931825
8662,C1=CC2=C(C1)[C@@H]1C=C[C@H]2C1,13755,NC1=NC(=O)C=N1,13154,[H]C1=C2C3(N4C(N([H])[H])=NC(=O)C4([H])C1([H])C3([H])[H])[C@]1([H])C([H])=C([H])[C@@]2([H])C1([H])[H],0,0 3 5 6 20 0,9,16.89043145717662,9.771925337139766,23.10816692347269,15.510352959814888,4.12384711428167,19.63420007409656,0.0065646041425065,0.0008320623358871,0.000803878275728,0.0008320623358871,-11.942256010573338,0.0011638191969569,0.013775320035883,0.0008431459539831,-12.568643110876453,-12.113588183129052,-10.721480967031503,21.18871442647218,22.236565065706785
9416,C1=CC2=C(C1)[C@@H]1C=C[C@H]2C1,13755,C1=NCC2=CC=NC2=N1,13799,[H]C1=NC([H])([H])C23C(=N1)N=C([H])C2([H])C12C(=C([H])C3([H])C1([H])[H])[C@@]1([H])C([H])=C([H])[C@]2([H])C1([H])[H],1,0 3 3 4 20 1,0,16.22931343107632,11.356880593113512,23.094342286715253,15.535611432410487,2.716250606405616,18.251862038816107,0.0573395151350937,0.0274615020764553,0.0041574286335466,0.0274615020764553,-14.093764001473764,0.0148078104152635,0.0265928035458914,0.0271081200576733,-13.854050239215134,-13.630959172566584,-12.6661884864125,20.80065712677907,19.34915367010668
9548,C1=CC2=C(C1)[C@@H]1C=C[C@H]2C1,13755,C=C(C(F)(F)F)C(F)(F)F,13835,[H]C1=C2C3(C([H])([H])C1([H])C(C(F)(F)F)(C(F)(F)F)C3([H])[H])[C@]1([H])C([H])=C([H])[C@@]2([H])C1([H])[H],1,0 3 1 0 20 1,1,14.406461945893907,13.166170955872126,21.275468731680164,16.12302640424459,6.87780839863089,23.00083480287548,1.0002583128781895e-06,0.0057826801664116,0.0006386644383247,0.0057826801664116,-10.714278839186283,0.0004603574829997,0.0066691086788692,0.0018670748745653,-10.654389578807162,-11.941744737134693,-13.786808421698716,24.36245796902277,23.473948044106656
9754,C1=CC2=C(C1)[C@@H]1C=C[C@H]2C1,13755,C=C1C(=O)OC=C1C(=O)O,13909,[H]OC(=O)C1=C([H])OC(=O)C12C1([H])C([H])=C3C(C1([H])[H])(C2([H])[H])[C@]1([H])C([H])=C([H])[C@@]3([H])C1([H])[H],0,0 3 1 0 20 0,3,16.820580339501966,12.958469669362229,22.022048253338344,15.881257878555388,7.575271477076306,23.45652935563169,0.0289378239333745,0.0416902960501121,0.0144132512805372,0.0416902960501121,-9.653579029179951,0.0171323320487758,0.0378023231473427,0.0592114771283767,-9.049229293381709,-10.106217696760964,-10.352168949270435,23.98547467467636,23.243379908558204
9762,C1=CC2=C(C1)[C@@H]1C=C[C@H]2C1,13755,C=C1C(=O)[C@@H]2CCCO[C@H]12,13910,[H]C1=C2C3(C([H])([H])C1([H])C1(C(=O)[C@]4([H])C([H])([H])C([H])([H])C([H])([H])O[C@]14[H])C3([H])[H])[C@]1([H])C([H])=C([H])[C@@]2([H])C1([H])[H],0,0 3 1 0 20 0,3,13.966415482287829,10.15536142748308,16.28409424044481,15.396331811879804,8.316018490665929,23.712350302545733,0.0561316622655536,0.0213253609982682,0.0125130726598564,0.0213253609982682,-17.475248448551064,0.0362620821332953,0.0312109775167526,0.0565020129371826,-17.310025542604734,-14.87958913011692,-15.7270466890863,23.61392607983296,21.88695033074631
9939,C1=CC2=C(C1)[C@@H]1C=C[C@H]2C1,13755,C=CC(=O)NC(=N)NC#N,13956,[H]N=C(N([H])C#N)N([H])C(=O)C1([H])C2([H])C([H])=C3C(C2([H])[H])(C1([H])[H])[C@]1([H])C([H])=C([H])[C@@]3([H])C1([H])[H],1,0 3 1 0 20 1,2,15.709803815249058,9.232670851042112,21.208160093431065,15.545723342658968,4.902937652339645,20.44866099499861,1.8773250003111635e-05,0.0087503826053102,0.0015252265742555,0.0087503826053102,-15.08049508750394,0.0040046973649394,0.0058805138340325,0.0215620581974936,-17.124110317844362,-16.085004119088673,-14.898011161080298,20.592545026768068,20.848478414948246
9943,C1=CC2=C(C1)[C@@H]1C=C[C@H]2C1,13755,C=CC(=O)NC[C@H](O)CO,13962,[H]OC([H])([H])[C@@]([H])(O[H])C([H])([H])N([H])C(=O)C1([H])C2([H])C([H])=C3C(C2([H])[H])(C1([H])[H])[C@]1([H])C([H])=C([H])[C@@]3([H])C1([H])[H],1,0 3 1 0 20 1,2,15.320432914955452,7.826617501326298,18.364226866480685,15.594601925518324,5.771756376534427,21.36635830205276,0.0254289495607554,0.0400692874529167,0.00658079528688,0.0400692874529167,-13.59539603038013,0.0260197796962402,0.0395420778656321,0.0744328075072594,-14.429523516610956,-15.307891781209378,-13.881172739649358,23.552294492361685,23.60327240799244
9948,C1=CC2=C(C1)[C@@H]1C=C[C@H]2C1,13755,C=CC(=O)OCCN(C)C,13966,[H]C1=C2C3(C([H])([H])C1([H])C([H])(C(=O)OC([H])([H])C([H])([H])N(C([H])([H])[H])C([H])([H])[H])C3([H])[H])[C@]1([H])C([H])=C([H])[C@@]2([H])C1([H])[H],0,0 3 1 0 20 0,3,15.59995639977918,8.345950146713427,17.72556134637098,15.521774875519696,6.208163034695524,21.72993791021522,0.0046195284101035,0.0407569608638439,0.0103166641039155,0.0407569608638439,-13.897809828144467,0.0095417632396343,0.0324863646644417,0.0835504661885474,-13.58148634558357,-14.819408261114496,-13.803612607003627,23.42129426281698,23.63960927757352
9951,C1=CC2=C(C1)[C@@H]1C=C[C@H]2C1,13755,C=CC(=O)O[C@H]1CCCO1,13969,[H]C1=C2C3(C([H])([H])C1([H])C([H])(C(=O)O[C@]1([H])OC([H])([H])C([H])([H])C1([H])[H])C3([H])[H])[C@]1([H])C([H])=C([H])[C@@]2([H])C1([H])[H],1,0 3 1 0 20 1,2,15.467535078569792,8.65778935791933,18.161610147299072,15.790608413551524,7.6687121476551745,23.4593205612067,0.0040252265463199,0.0321075481981478,0.0067438441810263,0.0321075481981478,-14.067020672988846,0.0155352511757432,0.044765381599889,0.0565056583281801,-13.859530780768472,-14.873815280539205,-14.111424793064655,23.653965307296048,23.02716802563052
9975,C1=CC2=C(C1)[C@@H]1C=C[C@H]2C1,13755,C=CC(F)(F)C(=O)C(=O)O,13974,[H]OC(=O)C(=O)C(F)(F)C1([H])C2([H])C([H])=C3C(C2([H])[H])(C1([H])[H])[C@]1([H])C([H])=C([H])[C@@]3([H])C1([H])[H],1,0 3 1 0 20 1,2,15.195353139625078,10.639803782915102,20.45241559807471,15.860822694636438,6.08305594797465,21.94387864261109,0.0056380611120394,0.0126786517506672,0.0045775674774655,0.0126786517506672,-14.093071054259596,0.0177255638081143,0.0331783452145443,0.040856135957616,-14.445121016895236,-14.948552621348291,-14.38937655357163,22.10192483270696,22.25799778498472
10046,C1=CC2=C(C1)[C@@H]1C=C[C@H]2C1,13755,C=CC1=NC(C)(C)C(=O)O1,13986,[H]C1=C2C3(C([H])([H])C1([H])C([H])(C1=NC(C([H])([H])[H])(C([H])([H])[H])C(=O)O1)C3([H])[H])[C@]1([H])C([H])=C([H])[C@@]2([H])C1([H])[H],0,0 3 1 0 20 0,3,15.313498032958288,9.814644166061964,18.72666443619828,15.283285921254793,6.94089798681993,22.22418390807472,0.093393642284915,0.0279065834920418,0.0118316264573805,0.0279065834920418,-13.135919924699202,0.1190426197655405,0.0530499175252452,0.0685104790013535,-12.881714228547024,-14.253630593825754,-13.427426512550994,23.288009798100504,22.800781435205423
11202,C1=CC2=C(C1)[C@@H]1C=C[C@H]2C1,13755,CC1=C(CCO)C(=O)N=N1,14530,[H]OC([H])([H])C([H])([H])C12C(=O)N=NC1(C([H])([H])[H])C13C(=C([H])C2([H])C1([H])[H])[C@@]1([H])C([H])=C([H])[C@]3([H])C1([H])[H],0,0 3 2 1 20 0,3,17.45610063104912,16.42662428669677,26.32238974660457,16.391873219413448,8.226491889856803,24.61836510927025,0.0565307692467495,0.0429788646445868,0.0085503286287131,0.0429788646445868,-13.211806955020556,0.0312437491907516,0.0363002808504545,0.0365189543687834,-14.286545848007536,-12.812079824001678,-8.803797435182254,24.22859023846133,23.66086811522793
11215,C1=CC2=C(C1)[C@@H]1C=C[C@H]2C1,13755,CC1=CC(=O)C=C(C)C1=O,14535,[H]C1=C(C([H])([H])[H])C(=O)C2(C([H])([H])[H])C3([H])C([H])=C4C(C3([H])[H])(C2([H])C1=O)[C@]1([H])C([H])=C([H])[C@@]4([H])C1([H])[H],1,0 3 1 2 20 1,0,18.7061630546316,14.095551548661504,27.19559712279966,16.227748388711863,4.304484857134415,20.53223324584628,0.0833110348019411,0.0317645970048048,0.0037748523414278,0.0317645970048048,-5.190251915639855,0.0254775963318323,0.0244537697937744,0.0273363187795735,-6.05834984186896,-7.1734446071359095,-6.780870706826537,23.86932420493495,21.918011763714446
11416,C1=CC2=C(C1)[C@@H]1C=C[C@H]2C1,13755,CC1=NC(=O)[C@H](C#N)C=C1,14580,[H]C1=C2C3(C([H])([H])C1([H])C1([H])C3([H])C(C([H])([H])[H])=NC(=O)[C@]1([H])C#N)[C@]1([H])C([H])=C([H])[C@@]2([H])C1([H])[H],0,0 3 8 9 20 0,1,16.670762092909946,12.963624814093471,22.365485356411423,16.20103898923495,6.882433059949452,23.0834720491844,0.1381625999581571,0.0789800455904046,0.030605213535393,0.0789800455904046,-10.500375104018287,0.2488978483356162,0.1110014843877599,0.1458594995809043,-11.0570977194335,-12.037634366792815,-11.304709955843066,24.43436493174219,23.58676895643846
12568,C1=CC2=C(C1)[C@@H]1C=C[C@H]2C1,13755,COC[C@]1(O)C=CC(=O)O1,15497,[H]O[C@]1(C([H])([H])OC([H])([H])[H])OC(=O)C2([H])C1([H])C1([H])C([H])=C3C2(C1([H])[H])[C@]1([H])C([H])=C([H])[C@@]3([H])C1([H])[H],0,0 3 5 6 20 0,1,15.45710348399178,11.579674276686712,19.73270010233966,15.942101421865674,6.942874832635479,22.884976254501154,0.0109779091433602,0.0015701501109951,0.0010662966715914,0.0015701501109951,-14.266091560071978,0.0455197710062877,0.0111698985020658,0.0189783227765419,-14.93530607162505,-17.10695775811616,-15.025749674354508,24.44133305203353,23.619568930354472
5160,C1=CCC[C@@H]2C[C@@H]2C=C1,13762,O=C1N=CC2=CC=NC2=N1,17702,[H]C1=NC(=O)N=C2N=C([H])C3([H])C12C1([H])C([H])=C([H])C3([H])[C@@]2([H])C([H])([H])[C@@]2([H])C([H])([H])C1([H])[H],1,7 1 5 4 21 1,2,26.255131376249835,13.240680185074192,24.800792053851623,15.23837876056522,13.438688791011437,28.677067551576656,0.0127372463472669,0.0148212676208621,0.0184781644219338,0.0148212676208621,-17.876156120804552,0.0246091602893237,0.0398926719550868,0.0610705949578003,-18.05972787065341,-16.71893414532316,-17.543421167877888,28.97806771740704,23.4380276028452
6000,C1=CCC[C@@H]2C[C@@H]2C=C1,13762,O=NC(F)(F)F,17917,[H]C1=C([H])C2([H])ON(C(F)(F)F)C1([H])C([H])([H])C([H])([H])[C@]1([H])C([H])([H])[C@]21[H],1,7 1 0 1 21 1,0,25.48705545756096,7.957462695000776,23.106937999166085,15.581575959914415,9.492631757873388,25.074207717787804,7.917309047725348e-05,9.991415583817671e-07,2.413922675446586e-05,9.991415583817671e-07,-15.183517110850282,0.0002327363771661,0.0007817549132902,1.1924127546799883e-05,-15.236857379004029,-14.84807879127817,-14.880693884972708,25.37346315720893,22.280770735505016
5681,C1=CN2C=NNC2=CN=C1,13772,N[C@H]1N=CN=C2N=NC=C21,17093,[H]C1=N[C@]([H])(N([H])[H])C23C(=N1)N=NC2([H])C1([H])N=C([H])C32N([H])N=C([H])N2C([H])=C1[H],0,6 9 9 8 16 0,3,19.321674487392897,15.328216517830429,28.169814640651083,17.013678532968108,8.454791764817116,25.468470297785224,0.0219210205009016,0.0140326063984329,0.0049146729585786,0.0140326063984329,-14.36174257711258,0.0096389063905932,0.0526158342930307,0.0344135654104072,-12.220538099167584,-12.03528978425097,-13.519132869842885,23.97659118741779,23.8616888206209
8880,C1=CN2C=NNC2=CN=C1,13772,O=C1C=C(C(F)(F)F)N=N1,17526,[H]C1=NN([H])C23C([H])=NC([H])(C([H])=C([H])N12)C1([H])C(=O)N=NC31C(F)(F)F,1,6 9 3 2 16 1,2,16.87065661245711,14.469112436072468,25.88559622201428,16.514505697222457,6.8596862382494805,23.37419193547193,6.416940873128722e-05,0.013226880837655,0.0018714509973365,0.013226880837655,-22.89073567714167,0.0026490378611841,0.0405141791104875,0.0053025594205107,-23.11207131387948,-20.98402265616945,-17.74823527480138,22.492204959570334,22.370276008143904
10318,C1=CN2C=NNC2=CN=C1,13772,O=C1N=CC2=CC=NC2=N1,17702,[H]C1=NN([H])C23C([H])=NC([H])(C([H])=C([H])N12)C12C([H])=NC(=O)N=C1N=C([H])C32[H],1,6 9 5 4 16 1,2,20.8025728295698,14.988944380169585,31.171830518693262,16.3226587184257,5.116281423276732,21.43894014170243,0.0373877566256183,0.0091582141570346,0.0073714891895064,0.0091582141570346,-15.105459787482062,0.0589738275009924,0.0767878219728467,0.1020140178387953,-15.177903134872809,-13.62800147930396,-14.599447875812553,22.35002095182676,18.013962006554824
12000,C1=CN2C=NNC2=CN=C1,13772,O=NC(F)(F)F,17917,[H]C1=NN([H])C23ON(C(F)(F)F)C([H])(N=C2[H])C([H])=C([H])N13,1,6 9 0 1 16 1,0,17.966351436911427,9.845003881608712,26.33531508638984,16.47700586205581,-0.0432319085883428,16.43377395346747,0.0001686870962804,6.294792251233141e-06,9.753536456497532e-06,6.294792251233141e-06,-12.987904773581526,0.0001057711895048,0.000138026948285,2.1374145993754137e-05,-15.296619763377109,-11.501526439934535,-8.225358993084527,18.66549447001711,18.36027931982681
13998,C1=CN2C=NNC2=CN=C1,13772,O[C@@H]1CC/C=C/CCC1,18100,[H]O[C@@]1([H])C([H])([H])C([H])([H])C([H])([H])C2([H])C34C([H])=NC([H])(C([H])=C([H])N3C([H])=NN4[H])C2([H])C([H])([H])C1([H])[H],1,6 9 5 6 16 1,2,16.092660548567196,7.272988142057872,16.869543671852327,15.599435042984208,5.564192186174843,21.16362722915905,0.2386840653609805,0.2033747739755503,0.0953590345348459,0.2033747739755503,-22.208823345311203,0.0691735513806364,0.1137749579339713,0.0968746624179555,-23.69403670934087,-23.883071153518515,-23.05359580674279,23.406212613247305,23.41657147782048
443,C1=C[C@@H]2CCC[C@@H]2C=C1,13778,N#CC(C#N)N=O,16602,[H]C1=C([H])C2([H])N(C([H])(C#N)C#N)OC1([H])[C@]1([H])C([H])([H])C([H])([H])C([H])([H])[C@]21[H],1,7 1 5 6 21 1,4,19.29358113841521,6.255476290406177,24.56565176699721,16.476303883573223,0.2643901949722682,16.74069407854549,0.0025218260274617,0.012091994211102,0.0004632131569329,0.012091994211102,-6.920351031008323,0.0352577677665019,0.0106997073887268,0.0001876531028477,-5.811492705370874,-5.553581511863381,-6.990163566681616,17.007333948416143,14.510722802769187
1423,C1=C[C@@H]2CCC[C@@H]2C=C1,13778,N[C@H]1N=CN=C2N=NC=C21,17093,[H]C1=N[C@]([H])(N([H])[H])C23C(=N1)N=NC2([H])C1([H])C([H])=C([H])C3([H])[C@]2([H])C([H])([H])C([H])([H])C([H])([H])[C@]12[H],1,7 1 8 9 21 1,0,17.59259062848733,10.874436215468254,21.87880670115059,16.507826311569406,8.232349949948848,24.74017626151825,0.1335989526094021,0.0175011333752875,0.0346014553580256,0.0175011333752875,-15.261379675522548,0.1821112619048344,0.0899867500130745,0.079265686442426,-13.675119228267206,-12.038597348990969,-14.523578882881395,21.68803566914152,19.70924555341573
1888,C1=C[C@@H]2CCC[C@@H]2C=C1,13778,Nc1nc2n(n1)[C@@H](N)N=N2,17299,[H]C1=C([H])C2([H])N3c4nc(N([H])[H])nn4[C@@]([H])(N([H])[H])N3C1([H])[C@@]1([H])C([H])([H])C([H])([H])C([H])([H])[C@@]21[H],1,7 1 8 9 21 1,2,19.16765919650421,6.007003102373835,22.697701341640112,16.686958654123284,4.654550141784107,21.34150879590739,0.0002712154767834,0.0011450719850114,0.0001914742467664,0.0011450719850114,-2.600800143877535,0.0027137577606818,0.0022485782046469,2.674549421118512e-05,-0.3502901601319088,-1.1101733086495464,-5.197125630401715,21.233866699967404,19.99181266899646
2174,C1=C[C@@H]2CCC[C@@H]2C=C1,13778,O=C(O)[C@@H]1C=CC=NC1=O,17480,[H]OC(=O)[C@@]1([H])C(=O)N=C([H])C2([H])C1([H])C1([H])C([H])=C([H])C2([H])[C@]2([H])C([H])([H])C([H])([H])C([H])([H])[C@]12[H],0,7 1 4 5 21 0,1,19.30109455383865,12.044503983293184,22.050885641926133,16.566981013844277,8.961362916748449,25.52834393059273,0.1146959943204607,0.027525288704261,0.0454707249650817,0.027525288704261,-8.805623673249208,0.1778098046256161,0.0432321658096748,0.22975078531177,-9.327221641581822,-9.27090415784599,-9.436039116191758,25.66218840796021,23.898813539249545
2225,C1=C[C@@H]2CCC[C@@H]2C=C1,13778,O=C1C=C(C(F)(F)F)N=N1,17526,[H]C1=C([H])C2([H])C3([H])C(=O)N=NC3(C(F)(F)F)C1([H])[C@]1([H])C([H])([H])C([H])([H])C([H])([H])[C@]21[H],1,7 1 2 3 21 1,0,16.03953662198968,10.314828423971775,22.329212419319312,16.6446794506882,2.318688319795182,18.963367770483384,0.0031228754020413,0.0006299078576046,0.0038555294216259,0.0006299078576046,-25.12099717729996,0.0028186784658053,0.0117517431323251,0.0011795669089261,-25.37308202475797,-24.41147573773708,-22.04557291465421,19.585764907470217,18.01133555216336
2244,C1=C[C@@H]2CCC[C@@H]2C=C1,13778,O=C1C=CC(=O)C(F)=C1,17533,[H]C1=C(F)C(=O)C2([H])C([H])(C1=O)C1([H])C([H])=C([H])C2([H])[C@]2([H])C([H])([H])C([H])([H])C([H])([H])[C@]12[H],0,7 1 2 3 21 0,1,19.22780246248153,10.506602858176525,23.168494904735585,15.93089452777384,6.122803189714652,22.05369771748849,0.0631896311132125,0.0264547008435586,0.0586481226133886,0.0264547008435586,-11.33638410474574,0.0898208006028558,0.0555504442125635,0.0978114555469129,-12.28640763477297,-11.816717395309986,-9.61382805072916,20.91968284293019,18.04642562871584
2248,C1=C[C@@H]2CCC[C@@H]2C=C1,13778,O=C1C=CC(=O)N1C1CC1,17534,[H]C1=C([H])C2([H])C3([H])C(=O)N(C4([H])C([H])([H])C4([H])[H])C(=O)C3([H])C1([H])[C@]1([H])C([H])([H])C([H])([H])C([H])([H])[C@]21[H],0,7 1 2 3 21 0,1,17.225841063710526,8.85798518629763,19.66057887994336,15.920955285594024,6.141502912890481,22.062458198484507,0.0021082040930001,0.0041329850349347,0.0163002698918629,0.0041329850349347,-16.62451907973025,0.0083381245080529,0.0144561470978275,0.0344003696954123,-16.787006736755167,-14.197238644460278,-15.130551236107628,22.45086412057502,20.629152200033943
2250,C1=C[C@@H]2CCC[C@@H]2C=C1,13778,O=C1C=CC(=O)N1CO,17535,[H]OC([H])([H])N1C(=O)C2([H])C([H])(C1=O)C1([H])C([H])=C([H])C2([H])[C@]2([H])C([H])([H])C([H])([H])C([H])([H])[C@]12[H],0,7 1 2 3 21 0,1,16.957281733338945,7.925689263225187,19.36483735009061,15.925195626586708,6.018210885885683,21.94340651247239,0.0086765298265506,0.0060819420254179,0.0186523993280648,0.0060819420254179,-16.861260731706587,0.0071529284321312,0.0276875631265607,0.0319994203064949,-17.33563178692522,-16.572561002304298,-17.885217410136065,21.748123319007075,20.245002009108106
2292,C1=C[C@@H]2CCC[C@@H]2C=C1,13778,O=C1C=Cc2ccccc21,17549,[H]C1=C([H])C2([H])C3([H])C(=O)c4c([H])c([H])c([H])c([H])c4C3([H])C1([H])[C@]1([H])C([H])([H])C([H])([H])C([H])([H])[C@]21[H],0,7 1 2 3 21 0,1,17.98564252648445,8.26383172146705,18.703590393568607,15.590583392227884,7.885537832927106,23.47612122515499,0.045291541818706,0.0277493053247902,0.1307260970824213,0.0277493053247902,-14.88051961915611,0.0395868833352825,0.0576005732372615,0.1548714444608466,-15.75192337713392,-11.935934211864613,-12.224719712477912,24.270910240756727,22.894333360161085
2294,C1=C[C@@H]2CCC[C@@H]2C=C1,13778,O=C1C=c2ccccc2=N1,17550,[H]C1=C([H])C([H])=C([H])C23C1=NC(=O)C2([H])C1([H])C([H])=C([H])C3([H])[C@]2([H])C([H])([H])C([H])([H])C([H])([H])[C@]12[H],0,7 1 2 3 21 0,1,19.37810583856444,12.676816264964156,23.118703183728307,15.939483999374282,9.634814314267846,25.574298313642128,0.068177075746129,0.0240376320830144,0.0799745248933638,0.0240376320830144,-5.501899698062502,0.0660440803871861,0.0355708043310536,0.0871292775736941,-5.217021120193046,-4.769121188492985,-8.213672043534316,24.86096100254236,23.13982876732896
2580,C1=C[C@@H]2CCC[C@@H]2C=C1,13778,O=C1N=CC(F)=C[C@H]1F,17700,[H]C1=NC(=O)[C@]([H])(F)C2([H])C1(F)C1([H])C([H])=C([H])C2([H])[C@]2([H])C([H])([H])C([H])([H])C([H])([H])[C@]12[H],1,7 1 4 6 21 1,0,18.770772425136684,15.17477497623073,22.54300242061384,16.226331253722538,12.45484109188579,28.681172345608328,0.0634494982010551,0.0209252920410811,0.101946777268071,0.0209252920410811,-14.249788866011755,0.0707985181717228,0.0515839360325438,0.0163579259072724,-13.477069115223271,-11.113359374960858,-13.863958140731356,25.32519560203551,23.73203721617019
2584,C1=C[C@@H]2CCC[C@@H]2C=C1,13778,O=C1N=CC2(N=N2)C(=O)N1,17701,[H]C1=C([H])C2([H])C3([H])N(C(=O)N([H])C(=O)C34N=N4)C1([H])[C@@]1([H])C([H])([H])C([H])([H])C([H])([H])[C@@]21[H],1,7 1 2 3 21 1,2,19.97552945098065,10.750248460834747,25.797147158157102,16.534355683869805,8.067527390224356,24.60188307409416,0.0002898002379484,0.0356722190384846,0.0214142022749699,0.0356722190384846,-12.55186203758629,0.0293484953251898,0.0918490956615532,0.0605204825857004,-11.89323039635638,-11.16165249615593,-11.749509698604164,20.968591537918183,19.305608207325665
2589,C1=C[C@@H]2CCC[C@@H]2C=C1,13778,O=C1N=CC2=CC=NC2=N1,17702,[H]C1=NC2=NC(=O)N=C([H])C23C1([H])C1([H])C([H])=C([H])C3([H])[C@@]2([H])C([H])([H])C([H])([H])C([H])([H])[C@@]12[H],1,7 1 4 5 21 1,0,18.555395600216293,11.38718596547334,25.49027164011488,16.043433913126975,4.023887673630558,20.067321586757533,0.0099763848375218,0.0217693956353692,0.0105351629513022,0.0217693956353692,-13.312630593278511,0.0256245853588767,0.0289319978637786,0.0111261425974631,-15.21360143267824,-14.034465192812135,-15.2485693610814,19.220902366226568,13.087441436932266
2592,C1=C[C@@H]2CCC[C@@H]2C=C1,13778,O=C1N=CC=C2N=CN=C12,17703,[H]C1=NC23C(=N1)C(=O)N=C([H])C2([H])C1([H])C([H])=C([H])C3([H])[C@]2([H])C([H])([H])C([H])([H])C([H])([H])[C@]12[H],0,7 1 4 5 21 0,1,21.55740169743252,15.219558019568431,24.346799176255093,16.104381221142262,11.308254940588329,27.41263616173059,0.10433915174706,0.0506589409062501,0.0367421712184978,0.0506589409062501,-7.179318612058147,0.1079308983982063,0.0945618969067629,0.0714475619039086,-9.768875068791871,-6.321854808419573,-6.756797557503376,26.68031416922442,23.94396056352302
2615,C1=C[C@@H]2CCC[C@@H]2C=C1,13778,O=C1N=NC(C2CC2)=N1,17707,[H]C1=C([H])C2([H])n3c(C4([H])C([H])([H])C4([H])[H])nc(=O)n3C1([H])[C@@]1([H])C([H])([H])C([H])([H])C([H])([H])[C@@]21[H],1,7 1 2 3 21 1,2,18.360867380095264,5.894041394213952,23.58679402684082,16.077470627819622,2.308250805401425,18.385721433221047,0.0033466702345473,0.016609457117129,0.0003215362330869,0.016609457117129,-15.512564314479173,0.008363801386434,0.0128056485982738,0.0006324178034679,-4.3258901066672735,-9.836339863614178,-8.299433846728483,17.512252682092303,14.491708035944535
2620,C1=C[C@@H]2CCC[C@@H]2C=C1,13778,O=C1N=Nc2ccccc21,17709,[H]C1=C([H])C2([H])n3c4c([H])c([H])c([H])c([H])c4c(=O)n3C1([H])[C@@]1([H])C([H])([H])C([H])([H])C([H])([H])[C@@]21[H],1,7 1 2 3 21 1,2,17.958651861341554,3.807212945138099,22.0682137932881,16.16034080511178,1.845992789365596,18.006333594477375,0.0098830307448476,0.0158779476762925,0.0009085267837703,0.0158779476762925,-13.531589142129953,0.0445564015554299,0.0105775780883252,0.0009114387660865,-9.164016029067112,-9.666932770012345,-11.991291793458563,15.664782493245337,15.184097870620189
2627,C1=C[C@@H]2CCC[C@@H]2C=C1,13778,O=C1NC(=O)C2=C1CCC2,17711,[H]C1=C([H])C2([H])C34C(=O)N([H])C(=O)C3(C([H])([H])C([H])([H])C4([H])[H])C1([H])[C@]1([H])C([H])([H])C([H])([H])C([H])([H])[C@]21[H],1,7 1 5 6 21 1,0,17.418276136901724,12.158933900014585,20.837893427399106,17.09281087388938,8.412706807752922,25.505517681642303,0.0098381804571071,0.0038762270764089,0.0169943842557795,0.0038762270764089,-15.915348330563354,0.0088830676775957,0.0422821913746307,0.0303108363711902,-14.913244215930604,-13.378245183187104,-13.19273386116479,24.3501749195714,23.280266469392053
2672,C1=C[C@@H]2CCC[C@@H]2C=C1,13778,O=C1NCN=C2N=CN=C12,17733,[H]C1=NC2=NC([H])([H])N([H])C(=O)C23N1C1([H])C([H])=C([H])C3([H])[C@]2([H])C([H])([H])C([H])([H])C([H])([H])[C@]12[H],1,7 1 8 9 21 1,6,20.31323186400681,11.82377003149886,23.77654752430893,16.54553117041412,8.565510512921044,25.111041683335163,0.0392034512942991,0.0143571641266715,0.0086467056853113,0.0143571641266715,-7.865199351412265,0.0535736688595898,0.0433988413991139,0.0189534293415429,-8.986913781461304,-8.339975212646216,-8.669821728581937,22.976716229365856,21.183811352271388
2720,C1=C[C@@H]2CCC[C@@H]2C=C1,13778,O=CC#CC(F)(F)F,17787,[H]C(=O)C1=C(C(F)(F)F)C2([H])C([H])=C([H])C1([H])[C@@]1([H])C([H])([H])C([H])([H])C([H])([H])[C@@]21[H],1,7 1 2 3 21 1,0,11.839366657310991,13.292041916357109,18.03260238508772,16.054642322101,6.68257337044388,22.73721569254488,0.0031147737842356,0.001780649555029,0.0050744969240833,0.001780649555029,-35.565948278022915,0.0046252163862529,0.0310573372358535,0.001616010306489,-34.634282662857075,-33.3268819678307,-35.61122079768703,22.943040572895285,22.62373146270301
3011,C1=C[C@@H]2CCC[C@@H]2C=C1,13778,O=NC(F)(F)F,17917,[H]C1=C([H])C2([H])N(C(F)(F)F)OC1([H])[C@@]1([H])C([H])([H])C([H])([H])C([H])([H])[C@@]21[H],1,7 1 0 1 21 1,0,15.315687855860224,6.051137243786346,22.99817858002771,16.142965304914487,-0.7074799521131823,15.435485352801305,0.0001236670968123,1.5751410027167534e-06,8.842032553470589e-05,1.5751410027167534e-06,-13.835606277228663,0.0007284270475174,0.0007811676234959,6.217491049885344e-05,-14.462268703814765,-12.11081363230894,-13.707147923396157,13.973645250316412,10.453013336748311
3421,C1=C[C@@H]2CCC[C@@H]2C=C1,13778,OCC1=Cc2ccccc21,18025,[H]OC([H])([H])C12c3c([H])c([H])c([H])c([H])c3C1([H])C1([H])C([H])=C([H])C2([H])[C@@]2([H])C([H])([H])C([H])([H])C([H])([H])[C@@]12[H],1,7 1 2 3 21 1,0,13.07033035990912,9.857498574172809,17.006509711393818,15.75775445305996,5.141131914281548,20.89888636734151,0.0092649728550293,0.0249852940092027,0.0707441831628624,0.0249852940092027,-28.36295768189601,0.0673897434418158,0.0345140877216444,0.1657808571635574,-27.323180313710218,-31.72637111362866,-34.11652861848675,20.727962463166595,21.721136487812
3521,C1=C[C@@H]2CCC[C@@H]2C=C1,13778,O[C@@H]1CC/C=C/CCC1,18100,[H]O[C@@]1([H])C([H])([H])C([H])([H])C([H])([H])C2([H])C3([H])C([H])=C([H])C([H])(C2([H])C([H])([H])C1([H])[H])[C@@]1([H])C([H])([H])C([H])([H])C([H])([H])[C@@]31[H],0,7 1 6 5 21 0,1,14.775834648836188,3.3426101458251107,10.66599874372922,15.14162960628983,7.440513774184673,22.582143380474506,0.0760348778624555,0.0843045312162401,0.0210752868577317,0.0843045312162401,-23.58183850841911,0.2164609861365571,0.0358956052505078,0.0226312971353862,-22.30605955955976,-21.381864271128045,-21.52374953416154,23.735423120770434,22.964600515026625
4288,C1=C[C@@H]2CCC[C@@H]2C=C1,13778,N#CC(=N)C(=N)C#N,13033,[H]N=C(C#N)C1(C#N)N([H])C2([H])C([H])=C([H])C1([H])[C@@]1([H])C([H])([H])C([H])([H])C([H])([H])[C@@]21[H],0,7 1 2 3 21 0,3,21.26498609889396,14.082700935695266,26.87249873862349,16.23277120553171,8.762229029465942,24.99500023499765,0.0382791044607964,0.0083472423725995,0.0194255325876783,0.0083472423725995,-6.507684486273128,0.0453228459561858,0.0185635771072851,0.022399686483786,-4.79247315718338,-3.042060560646185,-5.267511123708509,24.87013902213368,23.756545797517006
4753,C1=C[C@@H]2CCC[C@@H]2C=C1,13778,C1=NCC2=CC=NC2=N1,13799,[H]C1=NC([H])([H])C23C(=N1)N=C([H])C2([H])C1([H])C([H])=C([H])C3([H])[C@@]2([H])C([H])([H])C([H])([H])C([H])([H])[C@@]12[H],1,7 1 3 4 21 1,0,18.460502612143017,11.213886875223896,22.399758030502216,16.300093910279596,7.421622680925076,23.72171659120467,0.0229832416948831,0.0168424756360377,0.0218892834839597,0.0168424756360377,-11.007216495462323,0.0188411353990437,0.0305093479445998,0.0374571380523204,-11.174257355652784,-9.757566240150156,-11.149364039062938,23.66515432453004,21.59595304606398
1760,C1=C[C@@H]2O[C@@H]2C=C/C=C/1,13782,N#CC(C#N)N=O,16602,[H]C1=C([H])C2([H])ON(C([H])(C#N)C#N)C1([H])[C@@]1([H])O[C@@]1([H])/C([H])=C\2[H],1,2 5 5 6 17 1,8,18.11526061284252,5.550475468190996,21.7797898905558,15.6836634356712,2.429707173483955,18.113370609155155,0.0031136085396805,0.0015503511881205,0.0006249052347468,0.0015503511881205,-29.775986207325147,0.0470164582358744,0.0061416457779454,0.0001895654148452,-28.59086653444956,-26.139219675608217,-24.541966818698043,19.921461065408632,17.422314669040876
5681,C1=C[C@@H]2O[C@@H]2C=C/C=C/1,13782,N[C@H]1N=CN=C2N=NC=C21,17093,[H]C1=N[C@]([H])(N([H])[H])C23C(=N1)N=NC2([H])C1([H])C([H])=C([H])C3([H])[C@@]2([H])O[C@@]2([H])/C([H])=C\1[H],0,2 5 9 8 17 0,3,16.19106711561131,8.616427891794014,20.33554888323537,16.092594154398974,3.5471884370476907,19.639782591446664,0.0051742821495557,0.0044014723782853,0.0025482868984687,0.0044014723782853,-40.19894812249473,0.0045213046288535,0.0103486720182996,0.0077467837586393,-38.12518919382296,-36.37999634913713,-37.76293223170811,21.49850336746359,20.081483623753208
5687,C1=C[C@@H]2O[C@@H]2C=C/C=C/1,13782,N[C@H]1N=Nc2ccccc21,17094,[H]C1=C([H])C2([H])/C([H])=C(/[H])[C@]3([H])O[C@]3([H])C1([H])N1c3c([H])c([H])c([H])c([H])c3[C@@]([H])(N([H])[H])N12,1,2 5 3 2 17 1,1,19.874171498545063,3.914425127058761,16.447321803323668,15.83896177490674,8.988856048404715,24.827817823311456,0.0065216343014937,0.0065889412317488,0.0003488769888661,0.0065889412317488,-20.341653734343154,0.030017040286052,0.0113509918178998,0.0013356355995946,-20.03604285598581,-18.525258600752828,-18.662667746626724,23.59050867943199,23.156463677932827
7535,C1=C[C@@H]2O[C@@H]2C=C/C=C/1,13782,Nc1nc2n(n1)[C@@H](N)N=N2,17299,[H]C1=C([H])C2([H])/C([H])=C(/[H])[C@]3([H])O[C@]3([H])C1([H])N1c3nc(N([H])[H])nn3[C@@]([H])(N([H])[H])N12,1,2 5 9 8 17 1,5,17.5499440370683,4.283618130864282,19.42073036627304,15.80759995257807,4.706344255111301,20.51394420768937,2.9869805043805464e-05,0.0016347722674138,7.160233382001943e-05,0.0016347722674138,-29.388865064780752,0.0007416696132444,0.0044554565946962,0.0002327739256384,-27.88211635162564,-24.03774742619632,-25.46462815374194,20.25531570077373,20.471966825638283
8393,C1=C[C@@H]2O[C@@H]2C=C/C=C/1,13782,O/N=C1\C=CC=C\C1=N/O,17401,[H]O/N=C1\C([H])=C([H])C2([H])C([H])(\C1=N/O[H])C1([H])C([H])=C([H])C2([H])[C@@]2([H])O[C@@]2([H])/C([H])=C\1[H],0,2 5 4 3 17 0,3,18.72644337109533,7.954507409089133,20.034493508248914,16.210170936320946,6.343315157915324,22.55348609423627,0.0160452277517013,0.010791436940341,0.0543624014818938,0.010791436940341,-29.48101147321797,0.0487568460150548,0.040015164418095,0.1683471988146518,-30.173557787822688,-27.75540188999373,-27.94345518036171,25.77184632295503,22.87187139650929
8671,C1=C[C@@H]2O[C@@H]2C=C/C=C/1,13782,O=C(O)[C@@H]1C=CC=NC1=O,17480,[H]OC(=O)[C@@]1([H])C(=O)N=C([H])C2([H])C1([H])C1([H])C([H])=C([H])C2([H])/C([H])=C(/[H])[C@]2([H])O[C@]12[H],0,2 5 4 5 17 0,1,17.266806344767637,9.633768712320718,20.512497973349443,15.685396674617634,5.069348740210863,20.7547454148285,0.0140134110442006,0.0043891901261872,0.0187211687009259,0.0043891901261872,-33.582630128141254,0.0633180024890284,0.0163558171577435,0.0510452521540593,-34.533270788025504,-33.23208821406523,-32.82208427967027,25.94650447829803,22.828398644247216
8880,C1=C[C@@H]2O[C@@H]2C=C/C=C/1,13782,O=C1C=C(C(F)(F)F)N=N1,17526,[H]C1=C([H])C2([H])/C([H])=C(/[H])[C@]3([H])O[C@]3([H])C1([H])C1(C(F)(F)F)N=NC(=O)C12[H],1,2 5 3 2 17 1,2,16.040573366696016,8.857335265719371,22.09582666392868,15.914341889083005,4.269525274095088,20.183867163178093,4.068986720640126e-05,0.00262209286218,0.0013746250958411,0.00262209286218,-51.37914161613944,0.0012820766741473,0.0083170864451305,0.0016080508534689,-50.67017484087496,-46.90151028467899,-42.87692690400887,22.37975622237996,21.18245385684333
8953,C1=C[C@@H]2O[C@@H]2C=C/C=C/1,13782,O=C1C=CC(=O)C(F)=C1,17533,[H]C1=C(F)C(=O)C2([H])C([H])(C1=O)C1([H])C([H])=C([H])C2([H])[C@@]2([H])O[C@@]2([H])/C([H])=C\1[H],0,2 5 3 2 17 0,3,17.591246177325715,7.961077831781184,21.353802659734548,15.326799399989568,3.978854859165161,19.30565425915473,0.0121978786726708,0.0042027579829949,0.0268899927687819,0.0042027579829949,-35.65164295614413,0.0452773043744735,0.0321542111271194,0.042647002649555,-37.23532682062235,-35.2310286747254,-33.22519225077621,22.412160331264687,19.315170532755445
8967,C1=C[C@@H]2O[C@@H]2C=C/C=C/1,13782,O=C1C=CC(=O)N1C1CC1,17534,[H]C1=C([H])C2([H])/C([H])=C(/[H])[C@]3([H])O[C@]3([H])C1([H])C1([H])C(=O)N(C3([H])C([H])([H])C3([H])[H])C(=O)C12[H],0,2 5 2 3 17 0,1,16.341996945407416,6.356436177862449,18.07471684956661,15.343982401810663,4.486538223136712,19.830520624947376,0.0005860069761124,0.0009401279049856,0.0052275796345176,0.0009401279049856,-42.500799860960456,0.0029325625331368,0.0065049221318169,0.0282886504414791,-42.76746984030498,-38.799002147121016,-39.52127986136965,23.757732407143628,20.833125110504177
8971,C1=C[C@@H]2O[C@@H]2C=C/C=C/1,13782,O=C1C=CC(=O)N1CO,17535,[H]OC([H])([H])N1C(=O)C2([H])C([H])(C1=O)C1([H])C([H])=C([H])C2([H])[C@@]2([H])O[C@@]2([H])/C([H])=C\1[H],0,2 5 2 3 17 0,1,16.32327167285551,5.773898352375118,17.962883217011413,15.33654384592406,4.481595270456694,19.81813911638076,0.0019442838516156,0.0012682321175797,0.0050335530211812,0.0012682321175797,-42.943534511600106,0.0016397710329579,0.0116287760038682,0.0284119000916397,-43.45668963769376,-40.04663254830898,-41.60662501148505,23.63926412930499,21.43665350266811
8975,C1=C[C@@H]2O[C@@H]2C=C/C=C/1,13782,O=C1C=CC2(C=C1)CO2,17536,[H]C1=C([H])C2(OC2([H])[H])C2([H])C([H])(C1=O)C1([H])C([H])=C([H])C2([H])/C([H])=C(/[H])[C@]2([H])O[C@]12[H],0,2 5 2 3 17 0,1,17.18470030174363,9.023935254674464,17.27805133509739,15.491292602623556,9.004290502895614,24.49558310551917,0.0141498594553652,0.0148486108169079,0.0743739574942285,0.0148486108169079,-33.94185496329504,0.0534252135238275,0.0386081097367632,0.079116299598977,-34.518835339116535,-32.18101233894451,-31.900111279172307,25.68912488811945,23.744371112777568
9135,C1=C[C@@H]2O[C@@H]2C=C/C=C/1,13782,O=C1C=Cc2ccccc21,17549,[H]C1=C([H])C2([H])/C([H])=C(/[H])[C@]3([H])O[C@]3([H])C1([H])C1([H])C(=O)c3c([H])c([H])c([H])c([H])c3C12[H],0,2 5 2 3 17 0,1,16.73783528600881,5.878026020679727,17.763397345401884,15.00790004981761,4.871139339936356,19.879039389753967,0.0084577331241234,0.003473597902637,0.0660651075085134,0.003473597902637,-40.57417607108184,0.0268961127759111,0.021523190227378,0.1025545246539676,-41.77618578265836,-37.14362067588959,-37.25685465475985,23.89429652654369,20.64381805821084
9145,C1=C[C@@H]2O[C@@H]2C=C/C=C/1,13782,O=C1C=c2ccccc2=N1,17550,[H]C1=C([H])C([H])=C([H])C23C1=NC(=O)C2([H])C1([H])C([H])=C([H])C3([H])[C@@]2([H])O[C@@]2([H])/C([H])=C\1[H],0,2 5 3 2 17 0,3,17.681879461621087,9.02942031116926,21.09938307896506,15.319943515052444,5.3860271045725625,20.70597061962501,0.005289497056104,0.0033615339451916,0.0065859781750032,0.0033615339451916,-27.058940624598502,0.0171953602544423,0.0097825065420392,0.0108404355248956,-26.49984750010144,-25.16220184862977,-30.59488734247469,22.51944849411093,21.050861750112915
9677,C1=C[C@@H]2O[C@@H]2C=C/C=C/1,13782,O=C1CC[C@H]2C=CC=C12,17617,[H]C1=C([H])[C@]2([H])C([H])([H])C([H])([H])C(=O)C23C1([H])C1([H])C([H])=C([H])C3([H])[C@@]2([H])O[C@@]2([H])/C([H])=C\1[H],0,2 5 8 7 17 0,7,15.969958271329794,7.161527377622574,16.207975694918268,15.062516038990816,6.7376644566425945,21.80018049563341,0.0112006836756491,0.0041542890062934,0.0068249058888298,0.0041542890062934,-39.97326425086258,0.0126604091943892,0.0063550251530721,0.0140056594989012,-38.41351667713705,-31.62483703583309,-33.44778474540013,23.4962552950124,22.24709950594756
10227,C1=C[C@@H]2O[C@@H]2C=C/C=C/1,13782,O=C1N=C(O)C(=O)C(=O)N1,17697,[H]OC1=NC(=O)N([H])C(=O)C12OC1([H])C([H])=C([H])C2([H])[C@@]2([H])O[C@@]2([H])/C([H])=C\1[H],0,2 5 5 6 17 0,9,21.051757815027813,9.610610190314658,28.56005523119964,16.14270418492312,0.7497970774965133,16.892501262419632,0.0042342121784717,0.0041439175451569,0.0209054156319432,0.0041439175451569,-21.14093818892781,0.0073761238862768,0.0045275079257453,0.0374517532939836,-22.34231915348681,-19.63192606540452,-20.938977454536754,19.14183863565857,18.642184098852056
10285,C1=C[C@@H]2O[C@@H]2C=C/C=C/1,13782,O=C1N=CC(F)=C[C@H]1F,17700,[H]C1=NC(=O)[C@]([H])(F)C2([H])C1(F)C1([H])C([H])=C([H])C2([H])[C@@]2([H])O[C@@]2([H])/C([H])=C\1[H],0,2 5 6 4 17 0,3,17.216710700716085,11.763605505096278,20.0227515769508,15.391401787877491,9.06896220690027,24.46036399477776,0.0133012611522264,0.0075885352089076,0.0165022356430765,0.0075885352089076,-39.29376329620163,0.053843025559584,0.0225334724784898,0.0316886292428687,-40.27837617821692,-36.17144306540872,-37.71694145113306,26.083798035204136,22.596111798398766
10298,C1=C[C@@H]2O[C@@H]2C=C/C=C/1,13782,O=C1N=CC2(N=N2)C(=O)N1,17701,[H]C1=NC(=O)N([H])C(=O)C12N1N2C2([H])C([H])=C([H])C1([H])[C@@]1([H])O[C@@]1([H])/C([H])=C\2[H],1,2 5 5 6 17 1,8,20.71607377654241,6.22842017432834,20.08428499798124,15.905470785947138,6.74586409481962,22.65133488076676,0.0017212230484278,0.0004479768613041,0.000301156966842,0.0004479768613041,-13.629911792709372,0.0122789475637765,0.0015366694070623,0.0005011222799532,-10.853028858821697,-8.526823417189696,-8.885490645223626,22.129815319201462,22.51645422973018
10316,C1=C[C@@H]2O[C@@H]2C=C/C=C/1,13782,O=C1N=CC2=CC=NC2=N1,17702,[H]C1=NC(=O)N=C2N=C([H])C3([H])C12C1([H])C([H])=C([H])C3([H])/C([H])=C(/[H])[C@]2([H])O[C@]12[H],1,2 5 4 5 17 1,0,17.50160220376173,8.528040251465338,24.045049810503333,15.441612256022967,0.9025226971082958,16.344134953131263,0.0011075334905186,0.0038494658246977,0.0042286197502425,0.0038494658246977,-35.871458440810216,0.0056217962805134,0.0061648016765656,0.0052338781043887,-38.94138418560164,-37.08629772928434,-38.13768395273264,19.13134195303124,13.569178295450648
10327,C1=C[C@@H]2O[C@@H]2C=C/C=C/1,13782,O=C1N=CC=C2N=CN=C12,17703,[H]C1=NC23C(=N1)C(=O)N=C([H])C2([H])C1([H])C([H])=C([H])C3([H])[C@@]2([H])O[C@@]2([H])/C([H])=C\1[H],0,2 5 5 4 17 0,3,18.54163154248697,11.066650320121614,21.651762734263723,15.320632483804951,5.959387927797454,21.280020411602408,0.0156335451043905,0.0089861079223722,0.0095556675845601,0.0089861079223722,-30.915385701697023,0.0646656700947154,0.0173117775493343,0.0116987570208796,-33.690000871331065,-29.7392507779915,-30.68494603777455,25.494623241933866,21.615044368423103
10417,C1=C[C@@H]2O[C@@H]2C=C/C=C/1,13782,O=C1N=NC(C2CC2)=N1,17707,[H]C1=C([H])C2([H])/C([H])=C(/[H])[C@]3([H])O[C@]3([H])C1([H])n1c(C3([H])C([H])([H])C3([H])[H])nc(=O)n12,1,2 5 3 2 17 1,5,17.25249305623101,5.234582162162425,22.10114689249116,15.493280104450651,1.9712711450260263,17.464551249476678,0.0019152061269098,0.0007886658620347,0.0001024023573513,0.0007886658620347,-31.785186866389644,0.0033645605701418,0.0047161370639151,0.0002419528315173,-26.261101939719914,-29.044752539073627,-28.72626035926786,19.276530255505143,18.20152412933557
10436,C1=C[C@@H]2O[C@@H]2C=C/C=C/1,13782,O=C1N=Nc2ccccc21,17709,[H]C1=C([H])C2([H])/C([H])=C(/[H])[C@]3([H])O[C@]3([H])C1([H])n1c(=O)c3c([H])c([H])c([H])c([H])c3n12,1,2 5 2 3 17 1,4,16.894126507866183,3.0239866793745325,20.187886051529475,15.562403764537583,1.0015809525061314,16.563984717043716,0.009334474680279,0.0029100665552923,0.0005742637140036,0.0029100665552923,-35.57439384199188,0.0172214995169263,0.0088191240394298,0.0020426267185117,-32.63120580913283,-32.255235902749654,-32.89954674279517,19.08554452483629,19.247621967186404
10468,C1=C[C@@H]2O[C@@H]2C=C/C=C/1,13782,O=C1NC(=O)C2=C1CCC2,17711,[H]C1=C([H])C2([H])/C([H])=C(/[H])[C@]3([H])O[C@]3([H])C1([H])C13C(=O)N([H])C(=O)C12C([H])([H])C([H])([H])C3([H])[H],1,2 5 5 6 17 1,0,16.187043036254757,9.582206753436278,19.871236188165767,16.09652819187204,5.457150276057984,21.553678467930023,0.0010861170747909,0.0006379005539003,0.0112302069518057,0.0006379005539003,-40.1603788822344,0.0078337814264155,0.0104991347538299,0.0210710191182626,-39.82750189157888,-37.964571342412896,-34.624424806383104,23.76432976035361,22.542448108268346
10634,C1=C[C@@H]2O[C@@H]2C=C/C=C/1,13782,O=C1NCN=C2N=CN=C12,17733,[H]C1=NC2=NC([H])([H])N([H])C(=O)C23N1C1([H])C([H])=C([H])C3([H])[C@@]2([H])O[C@@]2([H])/C([H])=C\1[H],1,2 5 9 8 17 1,14,18.433579580946084,8.4518000719046,22.159120894087124,16.005018741374915,3.263298548153948,19.268317289528863,0.0006852211397981,0.0016525506948229,0.0018764624459783,0.0016525506948229,-30.82232048328342,0.0025841362414694,0.0056012279016254,0.0071202802961305,-30.908579868916924,-28.098586729124136,-28.2501730969379,22.504339875461618,22.88349497575495
10841,C1=C[C@@H]2O[C@@H]2C=C/C=C/1,13782,O=CC(=O)/C=C\[C@H](O)CO,17788,[H]OC([H])([H])[C@@]([H])(O[H])C1([H])C([H])(C(=O)C([H])=O)C2([H])C([H])=C([H])C1([H])/C([H])=C(/[H])[C@]1([H])O[C@]21[H],0,2 5 4 5 17 0,1,18.232713449278112,10.227967639513135,21.633106870047147,15.778774553752944,7.0967947143265135,22.87556926807946,0.0090657999734366,0.0065507995099499,0.0560633486477405,0.0065507995099499,-34.7371470587875,0.039227958704941,0.0262747362665946,0.0741063798184275,-35.03946298406089,-31.68562005503543,-31.37651160948445,25.89214606746625,22.759795007558616
10851,C1=C[C@@H]2O[C@@H]2C=C/C=C/1,13782,O=CC(=O)c1cnccn1,17791,[H]C1=C([H])C2([H])OC([H])(C(=O)c3nc([H])c([H])nc3[H])C1([H])[C@@]1([H])O[C@@]1([H])/C([H])=C\2[H],0,2 5 1 0 17 0,3,20.86886104628304,8.940291766645279,23.028090776193714,15.69484976904108,8.358370479521312,24.05322024856239,0.0007981670482329,0.0006545604550008,0.0026498024652099,0.0006545604550008,-23.8733172644436,0.0197342122039887,0.0029857632411852,0.023109662535897,-23.81068581392359,-20.701371558884404,-18.50417105739774,24.908933197761407,23.170358811195623
12000,C1=C[C@@H]2O[C@@H]2C=C/C=C/1,13782,O=NC(F)(F)F,17917,[H]C1=C([H])C2([H])/C([H])=C(/[H])[C@]3([H])O[C@]3([H])C1([H])ON2C(F)(F)F,1,2 5 0 1 17 1,0,15.353754722483902,5.2629490074842025,20.47165290534685,15.62778903041908,-1.37378841115925,14.25400061925983,6.316726044762046e-05,5.283797868168588e-06,1.7221596732837907e-05,5.283797868168588e-06,-37.12122327810769,0.0003318134028208,0.0016708734546459,1.0463808484727142e-05,-36.09769686045136,-33.27779239947578,-33.63707218806851,19.194489807759943,17.37982280597154
12018,C1=C[C@@H]2O[C@@H]2C=C/C=C/1,13782,O=NCNCCO,17920,[H]OC([H])([H])C([H])([H])N([H])C([H])([H])N1OC2([H])C([H])=C([H])C1([H])[C@@]1([H])O[C@@]1([H])/C([H])=C\2[H],1,2 5 1 0 17 1,2,16.579568904786242,2.281666741961619,16.691653469518478,15.526622761793108,3.2127447150317927,18.739367476824903,0.0019684243888474,0.0014919203962539,0.0011308773852087,0.0014919203962539,-28.36398395175226,0.0056620312385941,0.0032499534750567,0.0014720023113014,-25.198587777201663,-24.0046114708391,-23.524848151134503,20.503288688111788,19.54799229318932
12096,C1=C[C@@H]2O[C@@H]2C=C/C=C/1,13782,O=Nc1c[nH]c(=O)[nH]c1=O,17930,[H]C1=C([H])C2([H])/C([H])=C(/[H])[C@]3([H])O[C@]3([H])C1([H])ON2c1c([H])n([H])c(=O)n([H])c1=O,1,2 5 0 1 17 1,0,19.137629292962764,4.637752042699454,18.356263869791007,15.26108503983899,2.818721944932321,18.07980698477131,0.0300295770660406,0.0258964303019369,0.0022696486882598,0.0258964303019369,-24.090787349294523,0.029801419631039,0.0088331714275253,0.009366079594177,-25.54681329587517,-22.72832776693805,-22.5316352328066,23.62188744271468,23.31584447722587
12128,C1=C[C@@H]2O[C@@H]2C=C/C=C/1,13782,O=Nc1ccc(N=O)cc1,17931,[H]C1=C([H])C2([H])/C([H])=C(/[H])[C@]3([H])O[C@]3([H])C1([H])ON2c1c([H])c([H])c(N=O)c([H])c1[H],1,2 5 0 1 17 1,0,20.79392624976448,3.5254481976276555,17.5540130230361,15.265427829882787,3.7972318950502384,19.062659724933027,0.0027147325362869,0.0010666287862982,0.0004867177656101,0.0010666287862982,-27.264556544515784,0.0169232487564729,0.0015648189836046,0.0024985058212405,-27.720384590632904,-25.674012713945885,-19.619518254248057,23.385993315334243,21.011307925398285
12182,C1=C[C@@H]2O[C@@H]2C=C/C=C/1,13782,O=Nc1cccnc1N=O,17932,[H]C1=C([H])C2([H])/C([H])=C(/[H])[C@]3([H])O[C@]3([H])C1([H])ON2c1nc([H])c([H])c([H])c1N=O,1,2 5 9 8 17 1,18,18.77656608201053,3.632446585053932,20.66000796344781,15.524614452068633,2.452212679540942,17.976827131609575,0.0189650736276771,0.0036040356089473,0.0013196019659293,0.0036040356089473,-25.081545763713383,0.0780458367437734,0.0074204489632977,0.0116855214068087,-24.203744390379605,-24.442655322381967,-24.68823263714281,20.764251025795804,19.23118616170933
12324,C1=C[C@@H]2O[C@@H]2C=C/C=C/1,13782,O=c1[nH]cnc2c1CN=N2,17954,[H]C1=C([H])C2([H])/C([H])=C(/[H])[C@]3([H])O[C@]3([H])C1([H])N1N2c2nc([H])n([H])c(=O)c2C1([H])[H],1,2 5 8 9 17 1,12,19.77158609763146,3.4222049547252418,19.163152829228075,15.87340691844562,4.800857856920935,20.674264775366552,0.0089669916004787,0.004553379535577,0.0016723794993732,0.004553379535577,-23.2651849523144,0.0484380364773419,0.0106044924655757,0.0018908080774414,-21.702117287043627,-19.241710639109385,-19.08287306135763,22.92153513876961,22.880921480129185
13021,C1=C[C@@H]2O[C@@H]2C=C/C=C/1,13782,O=c1ccc(=O)n(CO)[nH]1,17988,[H]OC([H])([H])N1C(=O)C2([H])C([H])(C(=O)N1[H])C1([H])C([H])=C([H])C2([H])/C([H])=C(/[H])[C@]2([H])O[C@]12[H],0,2 5 2 3 17 0,5,17.38598989109171,9.513500631759024,20.767679805380773,15.721195785782225,7.324467297864789,23.04566308364701,0.0003242039442086,0.0023199657702282,0.0005601622983352,0.0023199657702282,-29.87906422563092,0.0014215439461753,0.0108044327824,0.0048784286097476,-29.834713794376952,-27.27947629012152,-32.81830253005495,24.385194855802045,23.310709151218003
15874,C1=C[C@@H]2O[C@@H]2C=C/C=C/1,13782,c1cnn2nnnc2n1,18344,[H]C1=Nn2nnnc2N2C1([H])C1([H])C([H])=C([H])C2([H])[C@@]2([H])O[C@@]2([H])/C([H])=C\1[H],1,2 5 8 0 17 1,10,21.08706217130576,8.01715421005802,21.5820139340141,15.299124536747428,11.231827049261042,26.53095158600847,6.493114281355405e-05,0.0080783363497976,0.0029065392449606,0.0080783363497976,-20.745160941391035,0.0063365810543592,0.0277430219681024,0.0065689815249395,-21.92972159773484,-19.58459380616192,-19.6349047522899,24.001840128939143,23.95244536833357
16413,C1=C[C@@H]2O[C@@H]2C=C/C=C/1,13782,C=C1C=CC(=O)O1,12125,[H]C1=C([H])C2([H])/C([H])=C(/[H])[C@]3([H])O[C@]3([H])C1([H])C1([H])C(=O)OC(=C([H])[H])C12[H],0,2 5 3 2 17 0,7,17.342258754188727,7.635621230183828,16.880848890145746,15.17318386303282,7.832617027526521,23.005800890559343,0.0077672444625484,0.0020596873614976,0.0111500927315332,0.0020596873614976,-34.073483024064195,0.0043634901252221,0.0152195048955422,0.0361015047625556,-33.716865763258696,-32.44693187462124,-33.004347553962475,25.42824056290913,22.581893729730822
17015,C1=C[C@@H]2O[C@@H]2C=C/C=C/1,13782,N#CC(=N)C(=N)C#N,13033,[H]N=C(C#N)C1(C#N)N([H])C2([H])C([H])=C([H])C1([H])[C@@]1([H])O[C@@]1([H])/C([H])=C\2[H],0,2 5 4 5 17 0,9,19.856530212722305,10.031953470294235,23.30640434613073,15.513143318143609,7.962928197747679,23.476071515891288,0.0033157164690551,0.0015528695038435,0.0046149186647766,0.0015528695038435,-26.913865890057423,0.0082026400545324,0.0038640017644114,0.0128624679619051,-26.826914871932715,-26.14279015172945,-24.635990350205446,25.051746378668025,23.52680595277092
18315,C1=C[C@@H]2O[C@@H]2C=C/C=C/1,13782,C/N=C(\C#N)C(=O)C(=O)O,13744,[H]OC(=O)C1(/C(C#N)=N/C([H])([H])[H])OC2([H])C([H])=C([H])C1([H])/C([H])=C(/[H])[C@]1([H])O[C@]21[H],0,2 5 6 5 17 0,11,20.65072888112996,10.751995835113586,27.077577779020267,16.224817014028766,5.610415081409887,21.83523209543865,0.0238423826779619,0.0268663799539213,0.0312247233934081,0.0268663799539213,-19.107368938707182,0.0512690594530917,0.1013288474588797,0.0249630285836434,-19.99445853770733,-18.82764686305193,-22.640420320946404,22.42669471927901,22.06602291414243
18832,C1=C[C@@H]2O[C@@H]2C=C/C=C/1,13782,C1=NCC2=CC=NC2=N1,13799,[H]C1=NC([H])([H])C23C(=N1)N=C([H])C2([H])C1([H])C([H])=C([H])C3([H])[C@@]2([H])O[C@@]2([H])/C([H])=C\1[H],1,2 5 3 4 17 1,0,16.804742513463303,8.2615577281282,20.431262082835296,15.58538894482164,3.4548420008598093,19.04023094568145,0.0029168614462929,0.0039152802673605,0.0055829780261516,0.0039152802673605,-36.004571947152954,0.0037564166990139,0.0100351515590771,0.0132689207002101,-34.26265638553012,-34.18945699489533,-34.35435861781005,22.679567228475705,20.144694914148868
19876,C1=C[C@@H]2O[C@@H]2C=C/C=C/1,13782,C=CC(=O)NC(=N)NC#N,13956,[H]N=C(N([H])C#N)N([H])C(=O)C1([H])C([H])([H])C2([H])C([H])=C([H])C1([H])[C@@]1([H])O[C@@]1([H])/C([H])=C\2[H],1,2 5 1 0 17 1,2,16.806007087206556,8.00719706517691,18.55390935217436,15.47401057841591,5.207132670128946,20.681143248544856,1.06836110511804e-05,0.004437620076099,0.0011850120674798,0.004437620076099,-38.834302764430646,0.00557085341249,0.0023419050128607,0.0097076090543409,-40.35816995960687,-36.07326253605756,-36.888018506524205,24.36340978107784,23.66588411931496
21525,C1=C[C@@H]2O[C@@H]2C=C/C=C/1,13782,CC(=O)OC=C1C=CC=C1,14215,[H]C1=C([H])C2([H])C([H])(C1=C([H])OC(=O)C([H])([H])[H])C1([H])C([H])=C([H])C2([H])/C([H])=C(/[H])[C@]2([H])O[C@]12[H],0,2 5 9 8 17 0,11,16.741777950450075,6.5161244220478505,14.74903342288258,14.683220387620024,7.549737771772442,22.232958159392467,0.004748514528447,0.0036096561238618,0.0118652662860918,0.0036096561238618,-34.29838048360252,0.0274028263086868,0.0144982837313183,0.0324299215025935,-34.919079763467764,-35.29024648290732,-34.40481501733117,25.76151485020313,23.415758773438384
22401,C1=C[C@@H]2O[C@@H]2C=C/C=C/1,13782,CC1=C(CCO)C(=O)N=N1,14530,[H]OC([H])([H])C([H])([H])C12C(=O)N=NC1(C([H])([H])[H])C1([H])C([H])=C([H])C2([H])[C@@]2([H])O[C@@]2([H])/C([H])=C\1[H],0,2 5 2 1 17 0,3,18.61864063467412,13.074919792925732,23.03171541506073,16.274090620431647,7.574169114512568,23.84825973494421,0.0047867640347512,0.006693676038964,0.0034122149604402,0.006693676038964,-34.342190693013976,0.0119892859434366,0.0087659202153543,0.0218561520656441,-35.12384700683528,-33.57589117674188,-25.78366395189252,25.249735507588547,23.43699158425587
22437,C1=C[C@@H]2O[C@@H]2C=C/C=C/1,13782,CC1=CC(=O)C=C(C)C1=O,14535,[H]C1=C(C([H])([H])[H])C(=O)C2(C([H])([H])[H])C([H])(C1=O)C1([H])C([H])=C([H])C2([H])[C@@]2([H])O[C@@]2([H])/C([H])=C\1[H],0,2 5 6 5 17 0,7,19.92917363893252,10.801548968468609,23.621391273923614,15.942471414037753,5.442931896853764,21.385403310891515,0.0086915224042895,0.0045943851370693,0.0066726724702326,0.0045943851370693,-27.00710329681405,0.0081335887988878,0.0135324726611598,0.0124472003521573,-27.26720213711977,-28.26463012192769,-24.527160929870263,26.67151203944656,22.374175706488767
22831,C1=C[C@@H]2O[C@@H]2C=C/C=C/1,13782,CC1=NC(=O)[C@H](C#N)C=C1,14580,[H]C1=C([H])C2([H])/C([H])=C(/[H])[C@]3([H])O[C@]3([H])C1([H])C1([H])C2([H])C(C([H])([H])[H])=NC(=O)[C@]1([H])C#N,0,2 5 8 9 17 0,1,17.24252825628477,9.160687649835268,18.86765113899702,15.749057203340676,7.317344485816477,23.06640168915716,0.020294394569643,0.0062251507731295,0.0597671001728373,0.0062251507731295,-35.34413896823415,0.1008862388814103,0.0196377903576393,0.1400398981572779,-35.840613219464544,-33.69031519108992,-34.87998887736867,26.57134219666172,22.99704774689705
5160,C=C(/C=N/CCCC)OC,13833,O=C1N=CC2=CC=NC2=N1,17702,[H]C1=NC(=O)N=C2N=C([H])C3([H])C([H])([H])C(OC([H])([H])[H])=C([H])N(C([H])([H])C([H])([H])C([H])([H])C([H])([H])[H])C123,1,0 3 5 4 25 1,2,19.53965360400372,13.221913389904204,24.20844872820233,15.642425872468266,9.503966163384865,25.14639203585313,0.0207610304711684,0.0123829721562357,0.0180178814214776,0.0123829721562357,-10.599519537843811,0.0216039028454633,0.0105947252925941,0.0247746735006084,-8.976200328110075,-10.686977104247816,-9.459593696381845,24.451830081421345,19.79659790641782
885,C=C(C)/C=C(\C)CC(=C)C,13837,N#CC(C#N)N=O,16602,[H]C1=C(C([H])([H])[H])C([H])([H])N(C([H])(C#N)C#N)OC1(C([H])([H])[H])C([H])([H])C(=C([H])[H])C([H])([H])[H],0,0 4 5 6 26 0,9,25.923015691833417,8.360233841311388,27.20189249307395,16.097289275088748,5.53124849147564,21.62853776656439,0.0001310031911458,0.0006373315179326,8.228983654489077e-05,0.0006373315179326,-15.42659981503408,0.0048651557269962,0.0011310409029028,0.0005704154189312,-14.127266948734665,-14.1038952932743,-15.42324411011058,22.77426372770929,19.641928681411013
2842,C=C(C)/C=C(\C)CC(=C)C,13837,N[C@H]1N=CN=C2N=NC=C21,17093,[H]C1=N[C@]([H])(N([H])[H])C23C(=N1)N=NC2([H])C(C([H])([H])[H])(C([H])([H])C(=C([H])[H])C([H])([H])[H])C([H])=C(C([H])([H])[H])C3([H])[H],0,0 4 9 8 26 0,3,22.67927429613985,11.795315849517149,25.811914771424007,16.62727077485426,10.955729604216728,27.583000379070988,0.016660890343993,0.0084086368910674,0.0062811996961553,0.0084086368910674,-18.36933553577738,0.0055538347759843,0.0167743117847481,0.0468877914963593,-17.82811384700225,-19.27427669139565,-22.29802736786185,26.36430723672249,23.31147222038108
4442,C=C(C)/C=C(\C)CC(=C)C,13837,O=C1C=C(C(F)(F)F)N=N1,17526,[H]C1=C(C([H])([H])[H])C([H])([H])C2(C(F)(F)F)N=NC(=O)C2([H])C1(C([H])([H])[H])C([H])([H])C(=C([H])[H])C([H])([H])[H],0,0 4 3 2 26 0,3,20.90807106852049,11.999846428398556,25.757779470337937,16.50392777474278,7.0645847157961335,23.568512490538915,1.8802590035244547e-05,0.0056468226833791,0.0010907087799548,0.0056468226833791,-32.16267279403197,0.0015975804577147,0.0064864177794501,0.0099534538197913,-29.694273819900573,-29.5323834878984,-28.25549067241905,25.868852678194138,23.21282695912198
4476,C=C(C)/C=C(\C)CC(=C)C,13837,O=C1C=CC(=O)C(F)=C1,17533,[H]C1=C(F)C(=O)C2([H])C([H])(C1=O)C([H])([H])C(C([H])([H])[H])=C([H])C2(C([H])([H])[H])C([H])([H])C(=C([H])[H])C([H])([H])[H],0,0 4 2 3 26 0,1,24.841762492287288,12.025107723570413,27.045470077086392,16.020742198365483,11.038332836002493,27.05907503436797,0.0243738639600784,0.0074802021122493,0.0703897383331332,0.0074802021122493,-16.555126823075653,0.0316122632249495,0.0265745497224593,0.2133418241803283,-18.57573514486404,-18.35035517464589,-17.896422531915412,26.37861861971148,22.25427896029992
5118,C=C(C)/C=C(\C)CC(=C)C,13837,O=C1N=C(O)C(=O)C(=O)N1,17697,[H]OC1=NC(=O)N([H])C(=O)C12OC(C([H])([H])[H])(C([H])([H])C(=C([H])[H])C([H])([H])[H])C([H])=C(C([H])([H])[H])C2([H])[H],0,0 4 5 6 26 0,9,28.406522873007265,13.090932153775944,35.727953288706914,16.697522876701896,5.030097295657242,21.72762017235914,0.003297193079754,0.006026021301128,0.0253172066592748,0.006026021301128,-8.443620103125376,0.0052848906457092,0.003790478914654,0.0876906662182979,-9.029101054579584,-8.314367118118419,-9.716281265992713,21.59739830630588,19.86616669300102
5158,C=C(C)/C=C(\C)CC(=C)C,13837,O=C1N=CC2=CC=NC2=N1,17702,[H]C1=NC(=O)N=C2N=C([H])C3([H])C12C([H])([H])C(C([H])([H])[H])=C([H])C3(C([H])([H])[H])C([H])([H])C(=C([H])[H])C([H])([H])[H],1,0 4 4 5 26 1,0,23.93225682000672,11.193066724656152,30.046182219058664,16.086710140350128,7.847455394780837,23.934165535130965,0.0025741653239354,0.0120528926442453,0.0046800351546557,0.0120528926442453,-18.721151885433777,0.0035621593509682,0.0100694161645389,0.0124053766081126,-18.38485987470858,-20.005762225869567,-23.13253766651156,22.65303113333709,15.693063519647367
5211,C=C(C)/C=C(\C)CC(=C)C,13837,O=C1N=NC(C2CC2)=N1,17707,[H]C1=C(C([H])([H])[H])C([H])([H])n2c(C3([H])C([H])([H])C3([H])[H])nc(=O)n2C1(C([H])([H])[H])C([H])([H])C(=C([H])[H])C([H])([H])[H],1,0 4 3 2 26 1,5,27.39132740379808,8.336833829006004,29.013919026238813,16.208333060459488,9.126505683038964,25.33483874349845,0.0006400678251291,0.0018562020766371,0.0001141236909091,0.0018562020766371,-13.00196212275145,0.0010749309803767,0.0073140941836854,0.0006885314173858,-8.687874561359195,-11.998330341208508,-11.054825554161958,23.277622781995,20.75804127205268
5220,C=C(C)/C=C(\C)CC(=C)C,13837,O=C1N=Nc2ccccc21,17709,[H]C1=C(C([H])([H])[H])C([H])([H])n2c(=O)c3c([H])c([H])c([H])c([H])c3n2C1(C([H])([H])[H])C([H])([H])C(=C([H])[H])C([H])([H])[H],1,0 4 2 3 26 1,4,26.281080882679426,6.079129575531244,26.547570355493416,16.290295624627557,7.717763556117806,24.008059180745363,0.0017709922735052,0.0023596090038394,0.0007878259497864,0.0023596090038394,-18.854181306732265,0.0021439356547924,0.0112898206679937,0.0011131532080193,-13.357775790793056,-15.694554079266451,-14.563413809993207,22.84121451163313,22.14160403607945
6003,C=C(C)/C=C(\C)CC(=C)C,13837,O=NC(F)(F)F,17917,[H]C1=C(C([H])([H])[H])C([H])([H])N(C(F)(F)F)OC1(C([H])([H])[H])C([H])([H])C(=C([H])[H])C([H])([H])[H],0,0 4 1 0 26 0,3,22.65600011701947,7.050382550116797,26.47545371360388,16.007290907632594,3.9117938235349454,19.91908473116754,2.945594394940579e-05,1.1667618995320169e-05,5.011731016784708e-05,1.1667618995320169e-05,-21.88049530170376,0.0001197380486914,0.0001475572905532,0.0013400195041578,-21.60515156238909,-19.77326475238352,-20.8569297226462,20.89668698155421,17.395820716594496
6099,C=C(C)/C=C(\C)CC(=C)C,13837,O=Nc1cccnc1N=O,17932,[H]C1=C(C([H])([H])[H])C([H])([H])N(c2nc([H])c([H])c([H])c2N=O)OC1(C([H])([H])[H])C([H])([H])C(=C([H])[H])C([H])([H])[H],0,0 4 8 9 26 0,17,27.46604824767526,5.875666300181901,25.65882938302021,16.11015939157733,7.814929165780754,23.925088557358084,0.0009596681415824,0.0024402287986947,0.0009065834785094,0.0024402287986947,-12.073649693672088,0.010582660660357,0.0034159832076956,0.0255160764144146,-8.749596254025391,-11.452905820428896,-11.39209937890891,25.011106618453432,22.76411185417484
1761,C=C(C)/C=C/C(=C)CC,13838,N#CC(C#N)N=O,16602,[H]C([H])=C(C([H])([H])C([H])([H])[H])C1([H])ON(C([H])(C#N)C#N)C([H])([H])C(C([H])([H])[H])=C1[H],0,0 4 5 6 23 0,9,23.32915514122157,7.434803607918714,25.345397725257783,14.60106066847101,6.334358821588449,20.93541949005946,0.0005005835752463,0.0019734752810796,0.0004166856352176,0.0019734752810796,-11.839236506928629,0.0069306875198923,0.0026788661638024,0.0004213437291551,-11.921601749417777,-10.427220269480545,-10.820432753881192,19.129941791564573,16.044326706167382
5681,C=C(C)/C=C/C(=C)CC,13838,N[C@H]1N=CN=C2N=NC=C21,17093,[H]C1=N[C@]([H])(N([H])[H])C23C(=N1)N=NC2([H])C([H])(C(=C([H])[H])C([H])([H])C([H])([H])[H])C([H])=C(C([H])([H])[H])C3([H])[H],0,0 4 9 8 23 0,3,21.38070699551804,11.329910756239912,24.2885639453545,15.114204259660674,9.260223682078738,24.374427941739413,0.0750135583026809,0.0544087162835217,0.0237193612199063,0.0544087162835217,-18.90564912819601,0.034478078839423,0.0669401199216035,0.0429916132205295,-19.199024700225728,-16.969229455652155,-17.482581130761112,23.4905477161323,20.48853584908497
8881,C=C(C)/C=C/C(=C)CC,13838,O=C1C=C(C(F)(F)F)N=N1,17526,[H]C([H])=C(C([H])([H])C([H])([H])[H])C1([H])C([H])=C(C([H])([H])[H])C([H])([H])C2(C(F)(F)F)N=NC(=O)C21[H],0,0 4 3 2 23 0,3,19.475376126811124,10.488626831253391,24.3763016438822,14.77889835536356,6.009765268573194,20.78866362393676,1.4299491138585925e-05,0.0305864643061349,0.0038954796457975,0.0305864643061349,-31.948954046160125,0.0027656673488328,0.0180534440245586,0.0056102856145987,-33.380265837674585,-28.09697503782182,-24.06106146433025,21.724033869315136,19.10711069890871
8951,C=C(C)/C=C/C(=C)CC,13838,O=C1C=CC(=O)C(F)=C1,17533,[H]C([H])=C(C([H])([H])C([H])([H])[H])C1([H])C([H])=C(C([H])([H])[H])C([H])([H])C2([H])C(=O)C([H])=C(F)C(=O)C21[H],0,0 4 2 3 23 0,1,22.52701772218716,11.410420577616373,25.556464044557643,14.43774668070407,8.986692696143674,23.424439376847744,0.0630228747997457,0.0410987487674565,0.0927517404163525,0.0410987487674565,-15.998465083488036,0.1198102228311707,0.0486226403655836,0.1590471771256275,-17.067331832825857,-16.64810170863384,-14.649526624785992,22.98403946399285,19.30075398193685
8967,C=C(C)/C=C/C(=C)CC,13838,O=C1C=CC(=O)N1C1CC1,17534,[H]C([H])=C(C([H])([H])C([H])([H])[H])C1([H])C([H])=C(C([H])([H])[H])C([H])([H])C2([H])C(=O)N(C3([H])C([H])([H])C3([H])[H])C(=O)C21[H],0,0 4 2 3 23 0,1,21.55115746056296,9.925864158080778,21.55526827173076,14.486297403799403,10.159231678645488,24.64552908244489,0.0056339796289296,0.0236470251747861,0.0156771254266212,0.0236470251747861,-19.684276916502952,0.0291622020040934,0.0331345643252134,0.0513819943808772,-20.80477749312484,-17.651802873109553,-17.330374851698416,25.3457318251784,23.428351247417886
8973,C=C(C)/C=C/C(=C)CC,13838,O=C1C=CC(=O)N1CO,17535,[H]OC([H])([H])N1C(=O)C2([H])C([H])([H])C(C([H])([H])C([H])([H])[H])=C([H])C([H])(C(=C([H])[H])C([H])([H])[H])C2([H])C1=O,0,3 6 2 3 23 0,3,21.447935110475093,8.8281423108272,22.395979330257447,15.44062816475163,8.40182348418502,23.84245164893665,0.0214754563411744,0.0111186504574672,0.0063156349983819,0.0111186504574672,-19.516871063206445,0.0253552277874597,0.1218874356230026,0.0057178040321328,-20.04730437458593,-19.8845501078138,-19.88502830312082,24.693761875142343,22.588002903221263
9145,C=C(C)/C=C/C(=C)CC,13838,O=C1C=c2ccccc2=N1,17550,[H]C([H])=C(C([H])([H])C([H])([H])[H])C1([H])C([H])=C(C([H])([H])[H])C([H])([H])C23C(=NC(=O)C21[H])C([H])=C([H])C([H])=C3[H],0,0 4 3 2 23 0,3,23.99159661536138,12.626127131374648,26.174127732190755,14.546167377106237,11.869934821994605,26.41610219910084,0.0570663629450981,0.0949901187888045,0.0260476407093444,0.0949901187888045,-7.912783870363896,0.1417503876362817,0.0400438225061258,0.034884234215349,-9.075120177465536,-5.391724620172742,-10.702787886101431,25.60228322089555,23.58879914580156
10226,C=C(C)/C=C/C(=C)CC,13838,O=C1N=C(O)C(=O)C(=O)N1,17697,[H]OC1=NC(=O)N([H])C(=O)C12OC([H])(C(=C([H])[H])C([H])([H])C([H])([H])[H])C([H])=C(C([H])([H])[H])C2([H])[H],1,0 4 5 6 23 1,8,25.96616073314897,13.944906967895012,34.87904494352929,15.15142235946956,4.646395496995055,19.79781785646461,0.0122671150158159,0.0247949013750499,0.0978480412637788,0.0247949013750499,-7.244019973643653,0.0196510472617941,0.0063406576506845,0.0948423611504372,-5.49701191675674,-3.2867425222066373,-5.648006594312111,19.97669754591152,17.380499958682737
10296,C=C(C)/C=C/C(=C)CC,13838,O=C1N=CC2(N=N2)C(=O)N1,17701,[H]C([H])=C(C([H])([H])C([H])([H])[H])C1([H])C([H])=C(C([H])([H])[H])C([H])([H])C2([H])N1C(=O)N([H])C(=O)C21N=N1,1,0 4 3 2 23 1,6,24.4906966003882,12.712784159773433,29.905282348765148,15.002238606120391,10.781001125325387,25.783239731445786,0.0062907174520003,0.009515652887147,0.0237024489092664,0.009515652887147,-15.283409269165624,0.0139394388931602,0.0608162132158644,0.004120612181181,-14.430611567837076,-14.955469687502188,-13.295190293014365,23.9438123822924,22.61273039172302
10316,C=C(C)/C=C/C(=C)CC,13838,O=C1N=CC2=CC=NC2=N1,17702,[H]C1=NC(=O)N=C2N=C([H])C3([H])C12C([H])([H])C(C([H])([H])[H])=C([H])C3([H])C(=C([H])[H])C([H])([H])C([H])([H])[H],1,0 4 4 5 23 1,0,23.10425278455771,11.070581759817454,28.996741301267225,14.646180946587368,5.335926148075714,19.98210709466308,0.0229740572540617,0.0517196028990761,0.012555646849818,0.0517196028990761,-16.683475046260817,0.0611403750516394,0.0302240850917618,0.0129569440521845,-17.23326817616931,-17.28931459662691,-17.42154626158017,20.416406665782432,13.760596799772928
10417,C=C(C)/C=C/C(=C)CC,13838,O=C1N=NC(C2CC2)=N1,17707,[H]C([H])=C(C([H])([H])C([H])([H])[H])C1([H])C([H])=C(C([H])([H])[H])C([H])([H])n2c(C3([H])C([H])([H])C3([H])[H])nc(=O)n21,1,0 4 3 2 23 1,5,24.95995610755537,7.96631228922292,29.336401418103257,14.880585545916432,8.228593751460764,23.1091792973772,0.002105863225672,0.0114177529399398,0.0006774660691936,0.0114177529399398,-13.11202391360505,0.0042064207894267,0.0201720567566453,0.0007284338960491,-11.114505953236815,-10.478655481441775,-8.494799142009384,19.97660673471402,17.284121950396624
10436,C=C(C)/C=C/C(=C)CC,13838,O=C1N=Nc2ccccc21,17709,[H]C([H])=C(C([H])([H])C([H])([H])[H])C1([H])C([H])=C(C([H])([H])[H])C([H])([H])n2c(=O)c3c([H])c([H])c([H])c([H])c3n21,1,0 4 2 3 23 1,4,24.69265008156586,5.876314103514744,26.82185112390417,14.97558692114151,8.87977973013762,23.85536665127913,0.0054840808934288,0.0398679767027599,0.0029845830211138,0.0398679767027599,-15.801783690748051,0.0292668279448872,0.0345321689954523,0.0021950266500452,-14.071353658585622,-12.44806909310541,-10.725422939489311,20.48510776530275,19.02171895184772
10469,C=C(C)/C=C/C(=C)CC,13838,O=C1NC(=O)C2=C1CCC2,17711,[H]C([H])=C(C([H])([H])C([H])([H])[H])C1([H])C([H])=C(C([H])([H])[H])C([H])([H])C23C(=O)N([H])C(=O)C21C([H])([H])C([H])([H])C3([H])[H],0,0 4 5 6 23 0,1,20.36933209274603,11.757326461032452,23.173853920437285,15.195736009067948,9.557832036277038,24.753568045344984,0.011182582983576,0.0039668608510861,0.0660370896951883,0.0039668608510861,-22.7809838153582,0.018560408347787,0.0093792043206301,0.0715349314501484,-22.713906204442395,-18.94414989273428,-16.71666015380994,25.591312808117028,23.69369520115544
10634,C=C(C)/C=C/C(=C)CC,13838,O=C1NCN=C2N=CN=C12,17733,[H]C1=NC2=NC([H])([H])N([H])C(=O)C23N1C([H])(C(=C([H])[H])C([H])([H])C([H])([H])[H])C([H])=C(C([H])([H])[H])C3([H])[H],1,0 4 9 8 23 1,14,24.739433327420848,11.98506740334549,27.92793140646701,15.204145371298864,9.05028420125587,24.25442957255473,0.0090411228186433,0.0198189897297945,0.0090828850388055,0.0198189897297945,-14.109008531409168,0.0114406274606142,0.0869127848019899,0.0234301405265408,-13.92119484049693,-9.531184331587752,-10.17293024063573,23.915972094538184,21.32672435454589
12003,C=C(C)/C=C/C(=C)CC,13838,O=NC(F)(F)F,17917,[H]C([H])=C(C([H])([H])C([H])([H])[H])C1([H])ON(C(F)(F)F)C([H])([H])C(C([H])([H])[H])=C1[H],0,0 4 1 0 23 0,3,19.993703957222323,6.601357528243041,25.096291455566973,14.54817308786835,2.547247981103162,17.09542106897151,1.1963105451937191e-05,6.39069585733674e-05,7.158100965063774e-05,6.39069585733674e-05,-18.256820576189547,4.5875899335886487e-05,0.0006359006649909,0.0002429668770154,-18.6017438179978,-15.537346776224986,-17.048132767107,16.951892804727322,14.275032206452888
12019,C=C(C)/C=C/C(=C)CC,13838,O=NCNCCO,17920,[H]OC([H])([H])C([H])([H])N([H])C([H])([H])N1OC([H])(C(=C([H])[H])C([H])([H])C([H])([H])[H])C([H])=C(C([H])([H])[H])C1([H])[H],0,0 4 1 0 23 0,3,22.92553285707297,4.689128952929719,20.55778961987464,14.429327789961375,7.673970579849055,22.10329836981043,5.473002616429273e-05,0.0023178638445366,0.0007853987894012,0.0023178638445366,-8.6297171790496,0.010642622108395,0.0058157333601419,0.001039066010689,-9.3518537041124,-5.364003530105222,-7.082997323675105,22.9798314298132,21.16421990781109
12181,C=C(C)/C=C/C(=C)CC,13838,O=Nc1cccnc1N=O,17932,[H]C([H])=C(C([H])([H])C([H])([H])[H])C1([H])ON(c2nc([H])c([H])c([H])c2N=O)C([H])([H])C(C([H])([H])[H])=C1[H],0,0 4 8 9 23 0,17,25.093979138858888,5.738080051721051,24.01332335796136,14.59667236722909,7.616268600935903,22.212940968165,0.0034612142341605,0.0062503581201143,0.0046040429724544,0.0062503581201143,-9.0391371576085,0.0189663067842151,0.0066522080155486,0.0228873194044014,-6.031463267988052,-7.931568244451846,-6.436351245052002,22.694718350409893,21.082647328064493
18832,C=C(C)/C=C/C(=C)CC,13838,C1=NCC2=CC=NC2=N1,13799,[H]C1=NC([H])([H])C23C(=N1)N=C([H])C2([H])C([H])(C(=C([H])[H])C([H])([H])C([H])([H])[H])C([H])=C(C([H])([H])[H])C3([H])[H],1,0 4 3 4 23 1,0,22.4811291432833,11.765183572536284,24.324366102908822,14.607566219624722,9.68812074434549,24.29568696397021,0.0506084056901042,0.0321049174268085,0.0198652868833366,0.0321049174268085,-15.169655490041514,0.0441805024626243,0.0427946188251503,0.0570610677533734,-15.585099292419407,-13.920457329514548,-13.677960739686789,25.26926827997553,22.72821272305048
1761,C=C(C)/C=C/C=C/CCC,13839,N#CC(C#N)N=O,16602,[H]C1=C(C([H])([H])[H])C([H])([H])N(C([H])(C#N)C#N)OC1([H])/C([H])=C(\[H])C([H])([H])C([H])([H])C([H])([H])[H],0,0 4 5 6 26 0,9,23.976217710909047,6.998532335606219,26.423579589251148,15.340615157539665,6.053325339613004,21.393940497152663,0.000545677822317,0.002372746342799,0.0002641973414178,0.002372746342799,-9.945166054352915,0.0058613544629401,0.0058446304494944,0.0013955555776836,-7.647040671067224,-10.044684004213032,-10.086827326614632,19.709631066337625,17.666763661165344
5681,C=C(C)/C=C/C=C/CCC,13839,N[C@H]1N=CN=C2N=NC=C21,17093,[H]C1=N[C@]([H])(N([H])[H])C23C(=N1)N=NC2([H])C([H])(/C([H])=C(\[H])C([H])([H])C([H])([H])C([H])([H])[H])C([H])=C(C([H])([H])[H])C3([H])[H],0,0 4 9 8 26 0,3,21.650961411454013,10.8270239258379,24.9789017527267,15.8052570458037,7.512054033317803,23.317311079121502,0.0279413346043807,0.0548356970783824,0.0220956867324344,0.0548356970783824,-16.797210889371897,0.0160285954530356,0.0878115384941229,0.0795586773974028,-15.464484984335977,-17.187291123280488,-17.692809349564868,23.81422470813999,20.97896393505039
8881,C=C(C)/C=C/C=C/CCC,13839,O=C1C=C(C(F)(F)F)N=N1,17526,[H]C1=C(C([H])([H])[H])C([H])([H])C2(C(F)(F)F)N=NC(=O)C2([H])C1([H])/C([H])=C(\[H])C([H])([H])C([H])([H])C([H])([H])[H],0,0 4 3 2 26 0,3,19.923064982779334,10.229969043856554,24.690000119173536,15.457745777715594,4.47724786361259,19.934993641328184,8.450342427166177e-06,0.0449004960910108,0.0057182844706017,0.0449004960910108,-32.94187427289464,0.0021132898673152,0.0223298972289487,0.0125755501908286,-33.90109373278021,-28.732098010935275,-23.98998690888744,22.000312268012696,19.57007559154997
8953,C=C(C)/C=C/C=C/CCC,13839,O=C1C=CC(=O)C(F)=C1,17533,[H]C1=C(F)C(=O)C2([H])C([H])([H])C(C([H])([H])[H])=C([H])C([H])(/C([H])=C(\[H])C([H])([H])C([H])([H])C([H])([H])[H])C2([H])C1=O,0,0 4 3 2 26 0,3,23.054163267761883,11.288421638124852,25.745743191973283,15.213206959070993,7.937472867386081,23.150679826457072,0.0271802100653561,0.0734414182085575,0.041735400436838,0.0734414182085575,-13.597030956115816,0.1031749250128374,0.07150456060486,0.1127201577034377,-14.257458299060694,-16.298068402072794,-14.484245979633316,23.0499298872881,20.1828229815244
8971,C=C(C)/C=C/C=C/CCC,13839,O=C1C=CC(=O)N1CO,17535,[H]OC([H])([H])N1C(=O)C2([H])C([H])([H])C(C([H])([H])[H])=C([H])C([H])(/C([H])=C(\[H])C([H])([H])C([H])([H])C([H])([H])[H])C2([H])C1=O,0,0 4 2 3 26 0,1,21.94671280323797,8.632554827581533,21.8822054564342,15.317777731986864,8.171834811501832,23.489612543488697,0.0099567596839629,0.0280824985846387,0.0171110249598776,0.0280824985846387,-19.624250292074382,0.0109272133234485,0.0437529256586262,0.060938002400085,-18.957944115114216,-18.982590578368125,-19.43392709225195,25.353820114782028,23.81858187575235
10227,C=C(C)/C=C/C=C/CCC,13839,O=C1N=C(O)C(=O)C(=O)N1,17697,[H]OC1=NC(=O)N([H])C(=O)C12OC([H])(/C([H])=C(\[H])C([H])([H])C([H])([H])C([H])([H])[H])C([H])=C(C([H])([H])[H])C2([H])[H],0,0 4 5 6 26 0,9,26.807665989027075,13.030197164862908,35.29872113589022,15.76890962254703,2.966490132993002,18.73539975554003,0.0118045022449819,0.031492957738745,0.0725902975955641,0.031492957738745,-4.0235789017483725,0.0167620163746734,0.0187636394078484,0.131777629658202,-3.001233404051064,-3.290611527185672,-6.316713166854097,19.50157720451205,17.879372009007824
10296,C=C(C)/C=C/C=C/CCC,13839,O=C1N=CC2(N=N2)C(=O)N1,17701,[H]C1=C(C([H])([H])[H])C([H])([H])C2([H])N(C(=O)N([H])C(=O)C23N=N3)C1([H])/C([H])=C(\[H])C([H])([H])C([H])([H])C([H])([H])[H],1,0 4 3 2 26 1,6,24.790055379399604,12.111085097602608,29.962025435139708,15.675659948350331,9.76199930726375,25.437659255614083,0.0055038004562551,0.0125129907039942,0.0164328001000208,0.0125129907039942,-13.03030613062461,0.0160442159500471,0.1306081426393703,0.0061770775399675,-10.82108805245634,-15.281547618868956,-13.790619656906948,24.08136698823741,23.127601745946208
10316,C=C(C)/C=C/C=C/CCC,13839,O=C1N=CC2=CC=NC2=N1,17702,[H]C1=NC(=O)N=C2N=C([H])C3([H])C12C([H])([H])C(C([H])([H])[H])=C([H])C3([H])/C([H])=C(\[H])C([H])([H])C([H])([H])C([H])([H])[H],1,0 4 4 5 26 1,0,23.294231468449343,11.019891123625564,29.314332706869408,15.291471035820544,3.547842500749613,18.83931353657016,0.0072903681801275,0.0602424525259477,0.0087338595652777,0.0602424525259477,-17.605941393997036,0.0294692544800378,0.0502008098232391,0.0177886680284417,-17.468658039913194,-18.768073211497324,-17.605899538178768,20.844830214456465,14.894023027859715
10417,C=C(C)/C=C/C=C/CCC,13839,O=C1N=NC(C2CC2)=N1,17707,[H]C1=C(C([H])([H])[H])C([H])([H])n2c(C3([H])C([H])([H])C3([H])[H])nc(=O)n2C1([H])/C([H])=C(\[H])C([H])([H])C([H])([H])C([H])([H])[H],1,0 4 3 2 26 1,5,25.38472115856288,7.43777692331784,29.05254903807945,15.60035953615114,6.794694396997581,22.39505393314872,0.0033036614619902,0.0127548014344278,0.0005289844507544,0.0127548014344278,-12.400022345181334,0.0053755818408275,0.0347094568121032,0.0009689110699054,-7.856089574642475,-10.986941749242805,-9.137906059094313,19.771531261974506,17.999227239234276
10436,C=C(C)/C=C/C=C/CCC,13839,O=C1N=Nc2ccccc21,17709,[H]C1=C(C([H])([H])[H])C([H])([H])n2c(=O)c3c([H])c([H])c([H])c([H])c3n2C1([H])/C([H])=C(\[H])C([H])([H])C([H])([H])C([H])([H])[H],1,0 4 2 3 26 1,4,25.19434087052765,5.464595003835095,26.80707409697365,15.622554558525517,7.636473531695113,23.259028090220628,0.005157270283394,0.0487919603798584,0.0025496742249308,0.0487919603798584,-14.7056374997317,0.0408379147507225,0.0750810961703861,0.0022883183830545,-11.494363008851955,-12.615874062409482,-11.154421642831371,21.10464879249736,19.957100602274647
10469,C=C(C)/C=C/C=C/CCC,13839,O=C1NC(=O)C2=C1CCC2,17711,[H]C1=C(C([H])([H])[H])C([H])([H])C23C(=O)N([H])C(=O)C2(C([H])([H])C([H])([H])C3([H])[H])C1([H])/C([H])=C(\[H])C([H])([H])C([H])([H])C([H])([H])[H],0,0 4 5 6 26 0,1,20.49605224529733,11.27886256923764,23.500538397202,16.08134818418175,8.603364059493266,24.68471224367501,0.0064080538521369,0.0031750769574394,0.056879235035623,0.0031750769574394,-20.57105025638429,0.0080680354746057,0.011877551374533,0.0525667915347376,-19.062490770913293,-18.168566701122245,-16.828162822507572,25.23741286395107,23.798835000277567
10634,C=C(C)/C=C/C=C/CCC,13839,O=C1NCN=C2N=CN=C12,17733,[H]C1=NC2=NC([H])([H])N([H])C(=O)C23N1C([H])(/C([H])=C(\[H])C([H])([H])C([H])([H])C([H])([H])[H])C([H])=C(C([H])([H])[H])C3([H])[H],1,0 4 9 8 26 1,14,25.19431263513125,11.655028860012727,28.13937488142401,15.9312339292567,7.102692390717479,23.03392631997417,0.0077650105800689,0.0233323061008911,0.0088062456069333,0.0233323061008911,-13.530023781742017,0.0066333400659792,0.1103643504208489,0.0377444199871407,-11.570477045046196,-10.223575086398403,-10.334097762825664,24.25842941796769,22.39876106305024
12003,C=C(C)/C=C/C=C/CCC,13839,O=NC(F)(F)F,17917,[H]C1=C(C([H])([H])[H])C([H])([H])N(C(F)(F)F)OC1([H])/C([H])=C(\[H])C([H])([H])C([H])([H])C([H])([H])[H],0,0 4 1 0 26 0,3,20.948030272129188,5.934721709297259,25.934044747887853,15.302139325491815,2.0377210564776185,17.339860381969437,1.452652472352668e-05,0.0001139959551301,0.0001237687079071,0.0001139959551301,-16.621408268626723,4.141579132881283e-05,0.0012658175972128,0.0006473175981109,-16.101120150028457,-14.986894841478914,-16.913761936074707,17.040739240565742,14.73306616588238
12019,C=C(C)/C=C/C=C/CCC,13839,O=NCNCCO,17920,[H]OC([H])([H])C([H])([H])N([H])C([H])([H])N1OC([H])(/C([H])=C(\[H])C([H])([H])C([H])([H])C([H])([H])[H])C([H])=C(C([H])([H])[H])C1([H])[H],0,0 4 1 0 26 0,3,23.043965043172086,3.811518811317219,21.24578992620365,15.260325765771036,7.5826709566323665,22.8429967224034,2.429057764670949e-05,0.0038260422671354,0.0003292381724332,0.0038260422671354,-5.164024969383839,0.0076560768302128,0.0074894274178164,0.0006068371764895,-5.86934543363293,-4.443741289037913,-7.773592243839737,22.16505727609391,21.46545808325506
12181,C=C(C)/C=C/C=C/CCC,13839,O=Nc1cccnc1N=O,17932,[H]C1=C(C([H])([H])[H])C([H])([H])N(c2nc([H])c([H])c([H])c2N=O)OC1([H])/C([H])=C(\[H])C([H])([H])C([H])([H])C([H])([H])[H],0,0 4 8 9 26 0,17,25.808583620973483,5.021023650156035,25.624341964867902,15.326227269223152,6.721986319275931,22.04821358849908,0.0041655372629015,0.0131433129519195,0.0042029061901785,0.0131433129519195,-6.931725933085204,0.0299900348787686,0.0128265107372449,0.0259919437187307,-2.516501219210077,-8.111709078107708,-6.510185395860251,22.73193737494484,21.26701220833638
13604,C=C(C)/C=C/C=C/CCC,13839,OCC1=Cc2ccccc21,18025,[H]OC([H])([H])C12c3c([H])c([H])c([H])c([H])c3C1([H])C([H])(/C([H])=C(\[H])C([H])([H])C([H])([H])C([H])([H])[H])C([H])=C(C([H])([H])[H])C2([H])[H],1,0 4 2 3 26 1,0,17.082933747398123,10.402730400942808,18.490810441168065,14.89142050694704,7.016192593241438,21.90761310018848,0.0075712715276862,0.0905787711259881,0.08982702503543,0.0905787711259881,-32.3652044985326,0.1280861180999469,0.0646497604573527,0.2595260707768001,-30.30780614294607,-34.008680205693594,-36.37783491234582,23.405299581147567,23.415518667299803
18832,C=C(C)/C=C/C=C/CCC,13839,C1=NCC2=CC=NC2=N1,13799,[H]C1=NC([H])([H])C23C(=N1)N=C([H])C2([H])C([H])(/C([H])=C(\[H])C([H])([H])C([H])([H])C([H])([H])[H])C([H])=C(C([H])([H])[H])C3([H])[H],1,0 4 3 4 26 1,0,22.582824061626617,11.629148434947066,24.78597020837264,15.273768288237076,8.166707390216192,23.440475678453268,0.017770717196367,0.0289532935977566,0.0162828002107518,0.0289532935977566,-14.163519489137634,0.0202334566877284,0.0623513155183493,0.104166064940106,-12.1052108967736,-13.835011026476089,-13.88162869679509,25.65691433789312,23.533688591067616
885,C=C(C)/C=C/OC(C)=O,13841,N#CC(C#N)N=O,16602,[H]C1=C(C([H])([H])[H])C([H])([H])N(C([H])(C#N)C#N)OC1([H])OC(=O)C([H])([H])[H],0,0 4 5 6 19 0,9,22.760908120892964,6.208749663677232,25.437277106383263,15.581895059331575,3.9691702315178254,19.5510652908494,0.0004696776800712,0.0023080096208589,0.000781647536233,0.0023080096208589,-14.137687745989403,0.0077391418672364,0.0088405555132342,0.0008122103044821,-12.7915633264494,-15.810326577024789,-13.913110532752782,18.905582373692543,16.48689716581999
2842,C=C(C)/C=C/OC(C)=O,13841,N[C@H]1N=CN=C2N=NC=C21,17093,[H]C1=N[C@]([H])(N([H])[H])C23C(=N1)N=NC2([H])C([H])(OC(=O)C([H])([H])[H])C([H])=C(C([H])([H])[H])C3([H])[H],0,0 4 9 8 19 0,3,20.72262697102173,9.77871641096178,24.631008002783503,15.934667834603102,6.806633187926273,22.741301022529377,0.0420057483745672,0.0421758662768539,0.0204696156139571,0.0421758662768539,-23.381027569746664,0.0396481531220119,0.0842469719150915,0.0469615536579415,-22.85599805571271,-21.42541139412524,-21.53682205424681,22.27899250633419,19.36492164994104
3770,C=C(C)/C=C/OC(C)=O,13841,Nc1nc2n(n1)[C@@H](N)N=N2,17299,[H]C1=C(C([H])([H])[H])C([H])([H])N2c3nc(N([H])[H])nn3[C@@]([H])(N([H])[H])N2C1([H])OC(=O)C([H])([H])[H],1,0 4 9 8 19 1,5,25.434986922961148,6.150810250758148,25.618004573207187,16.36680908022481,9.461993014057471,25.828802094282285,3.288630284749745e-05,0.007302443095345,0.0010570915182902,0.007302443095345,-8.72250337855018,0.0027194404913984,0.0125615847000914,0.000436287101064,-9.124066470047069,-8.434161210930583,-6.473132467506968,25.534826583056763,23.15255927160337
4442,C=C(C)/C=C/OC(C)=O,13841,O=C1C=C(C(F)(F)F)N=N1,17526,[H]C1=C(C([H])([H])[H])C([H])([H])C2(C(F)(F)F)N=NC(=O)C2([H])C1([H])OC(=O)C([H])([H])[H],0,0 4 3 2 19 0,3,19.10828857514864,9.739456790449545,23.588498936954068,15.621257106974138,3.955341806047798,19.576598913021936,1.2224061709749253e-05,0.0304534342547178,0.0070483204568138,0.0304534342547178,-37.46427989259048,0.0033940744236916,0.024003342636945,0.0087405389181858,-36.33551780052136,-32.40500750965429,-26.90037188015554,22.27975008179218,19.94233366973416
4478,C=C(C)/C=C/OC(C)=O,13841,O=C1C=CC(=O)C(F)=C1,17533,[H]C1=C(F)C(=O)C2([H])C([H])([H])C(C([H])([H])[H])=C([H])C([H])(OC(=O)C([H])([H])[H])C2([H])C1=O,0,0 4 3 2 19 0,3,21.989543042080083,9.667044602366058,25.0707063756602,15.340490649291317,7.454446827493584,22.794937476784902,0.0435640086978021,0.0619971891501335,0.0648022844026916,0.0619971891501335,-18.664076220593223,0.1503598893724909,0.058036776003087,0.0883954414646811,-19.58969601820909,-20.533147823637904,-18.77288778372172,22.2886680483418,19.154093686888807
4484,C=C(C)/C=C/OC(C)=O,13841,O=C1C=CC(=O)N1C1CC1,17534,[H]C1=C(C([H])([H])[H])C([H])([H])C2([H])C(=O)N(C3([H])C([H])([H])C3([H])[H])C(=O)C2([H])C1([H])OC(=O)C([H])([H])[H],0,0 4 2 3 19 0,1,20.77644705932441,8.499732574571553,21.744086449973764,15.385628225312647,8.348914803014544,23.73454302832719,0.0040506463790541,0.0208369788398323,0.0242288082056612,0.0208369788398323,-22.540662968900016,0.0233664745896349,0.03595398357203,0.0484785120251796,-23.34072905791232,-21.881623516720445,-21.86493477555273,24.644871910666083,22.52535696104024
4486,C=C(C)/C=C/OC(C)=O,13841,O=C1C=CC(=O)N1CO,17535,[H]OC([H])([H])N1C(=O)C2([H])C([H])([H])C(C([H])([H])[H])=C([H])C([H])(OC(=O)C([H])([H])[H])C2([H])C1=O,0,0 4 2 3 19 0,1,20.37989919531533,7.543358701948732,22.095777429528773,15.406643880660704,7.377115465299607,22.78375934596032,0.0108694826567819,0.0228924709485674,0.0219117167058971,0.0228924709485674,-23.74715945003349,0.015421001886515,0.0347623595890005,0.0672845724227299,-23.77529298321955,-24.11178422267393,-24.17046553764408,23.481397125534286,22.116618249604205
4568,C=C(C)/C=C/OC(C)=O,13841,O=C1C=Cc2ccccc21,17549,[H]C1=C(C([H])([H])[H])C([H])([H])C2([H])C(=O)c3c([H])c([H])c([H])c([H])c3C2([H])C1([H])OC(=O)C([H])([H])[H],0,0 4 2 3 19 0,1,21.916551679929384,7.980842758253986,20.24352400643571,15.003190562036812,9.740377043480803,24.74356760551762,0.0574618705550504,0.04921570759808,0.1057633069143918,0.04921570759808,-21.569115180012343,0.1034592257066271,0.0790840109968099,0.1359769734358767,-22.83686757720279,-19.52809951809073,-17.842360305043776,25.957425300190096,23.624873646644986
4574,C=C(C)/C=C/OC(C)=O,13841,O=C1C=c2ccccc2=N1,17550,[H]C1=C([H])C([H])=C([H])C23C1=NC(=O)C2([H])C([H])(OC(=O)C([H])([H])[H])C([H])=C(C([H])([H])[H])C3([H])[H],0,0 4 3 2 19 0,3,22.94585064717493,11.198892376025906,25.98520842988107,15.397654618373732,9.381369783724928,24.77902440209866,0.0303839893940114,0.1047661235373993,0.0482958745439464,0.1047661235373993,-11.066596972227735,0.0798180252325674,0.0549680775196059,0.0454807434054454,-12.251021274051254,-10.780460340703542,-15.049023684544416,24.31059305752857,22.469981583238816
5118,C=C(C)/C=C/OC(C)=O,13841,O=C1N=C(O)C(=O)C(=O)N1,17697,[H]OC1=NC(=O)N([H])C(=O)C12OC([H])(OC(=O)C([H])([H])[H])C([H])=C(C([H])([H])[H])C2([H])[H],0,0 4 5 6 19 0,9,25.403546842300123,11.914010735484148,35.30532627520002,15.963093575191632,1.7174001613377712,17.680493736529403,0.0137605137343272,0.0235296062330324,0.1038913876281543,0.0235296062330324,-9.87919349542836,0.0564252659460668,0.0322710987625362,0.2094167982563063,-9.726926619341915,-9.782926167087645,-9.62280087459785,18.41440378602301,16.767376220061376
5141,C=C(C)/C=C/OC(C)=O,13841,O=C1N=CC(F)=C[C@H]1F,17700,[H]C1=NC(=O)[C@]([H])(F)C2([H])C1(F)C([H])([H])C(C([H])([H])[H])=C([H])C2([H])OC(=O)C([H])([H])[H],1,0 4 4 6 19 1,0,20.444004958159724,13.244801754552377,22.83379614218145,15.09471884295163,12.4365034807004,27.53122232365203,0.0264684160896381,0.0521149902503381,0.0918650946137314,0.0521149902503381,-22.01206213443833,0.0926870636667267,0.166913549493332,0.0403633026669976,-23.217445358046994,-21.79020773444352,-22.92601894628148,25.632285086593427,23.153122275972468
5151,C=C(C)/C=C/OC(C)=O,13841,O=C1N=CC2(N=N2)C(=O)N1,17701,[H]C1=C(C([H])([H])[H])C([H])([H])C2([H])N(C(=O)N([H])C(=O)C23N=N3)C1([H])OC(=O)C([H])([H])[H],1,0 4 3 2 19 1,6,23.972823888037947,11.383579482058115,29.550222269822378,15.890756405966552,9.116247354614316,25.00700376058087,0.0031805922745197,0.0081116572706377,0.0209328319994588,0.0081116572706377,-17.727634852040552,0.010333381739325,0.1592543565257595,0.0043426410437418,-16.242349549427622,-19.71939309440151,-15.370070678030189,23.88258618338009,22.93054566696496
5158,C=C(C)/C=C/OC(C)=O,13841,O=C1N=CC2=CC=NC2=N1,17702,[H]C1=NC(=O)N=C2N=C([H])C3([H])C12C([H])([H])C(C([H])([H])[H])=C([H])C3([H])OC(=O)C([H])([H])[H],1,0 4 4 5 19 1,0,22.194243573590064,9.714738952252874,28.60495904994292,15.325365441589357,3.539476356027261,18.864841797616617,0.0059215213178103,0.0553789494968585,0.0136610881350784,0.0553789494968585,-22.179755625718336,0.0737231872862836,0.0395168480845707,0.0118659481609276,-21.542970993986167,-22.167007598655104,-21.61228224251189,19.611424672972976,13.168413659639274
5165,C=C(C)/C=C/OC(C)=O,13841,O=C1N=CC=C2N=CN=C12,17703,[H]C1=NC23C(=N1)C(=O)N=C([H])C2([H])C([H])(OC(=O)C([H])([H])[H])C([H])=C(C([H])([H])[H])C3([H])[H],0,0 4 5 4 19 0,3,23.263458321590736,13.342896590345555,25.1200033622129,15.312460815481304,9.82586895949006,25.13832977497136,0.1035268559770663,0.095115832473349,0.0296320308133633,0.095115832473349,-18.720548374118785,0.1701279487096121,0.0648729697212173,0.031083970272012,-19.09924666567637,-16.74549635509569,-15.964828285224977,26.41495900348151,22.69483721311468
5211,C=C(C)/C=C/OC(C)=O,13841,O=C1N=NC(C2CC2)=N1,17707,[H]C1=C(C([H])([H])[H])C([H])([H])n2c(C3([H])C([H])([H])C3([H])[H])nc(=O)n2C1([H])OC(=O)C([H])([H])[H],1,0 4 3 2 19 1,5,24.60972993364056,6.646839419713713,28.576133914978435,15.849687952486873,6.254351993494861,22.10403994598173,0.0017904861668065,0.0154138722081908,0.0006347290038353,0.0154138722081908,-13.220381443863303,0.0041477128706241,0.0330522356822979,0.000618529864164,-10.51068826264438,-14.602394188312516,-10.681102797275804,19.95725074244854,17.88943191115641
5220,C=C(C)/C=C/OC(C)=O,13841,O=C1N=Nc2ccccc21,17709,[H]C1=C(C([H])([H])[H])C([H])([H])n2c(=O)c3c([H])c([H])c([H])c([H])c3n2C1([H])OC(=O)C([H])([H])[H],1,0 4 2 3 19 1,4,24.184911973752783,4.554182223904297,26.0651760595604,15.902605998695448,5.3980773461186935,21.30068334481414,0.0042536411859088,0.0480413382124648,0.0041820928557074,0.0480413382124648,-16.547337935231276,0.027433795591844,0.0730315153244489,0.001434707275005,-12.54266757074224,-16.77235744673112,-13.276320897916676,20.6149567381782,18.837474730796423
5235,C=C(C)/C=C/OC(C)=O,13841,O=C1NC(=O)C2=C1CCC2,17711,[H]C1=C(C([H])([H])[H])C([H])([H])C23C(=O)N([H])C(=O)C2(C([H])([H])C([H])([H])C3([H])[H])C1([H])OC(=O)C([H])([H])[H],0,0 4 5 6 19 0,1,19.71321872311367,10.312544971277172,23.10799126385813,16.123464479552993,6.398127985118176,22.52159246467117,0.0108025925260418,0.0043560884377819,0.0597779014877717,0.0043560884377819,-25.09370118619107,0.0216473641783253,0.017240751399286,0.0887852430178581,-25.50216779981037,-23.72850054303264,-20.53495013777245,24.28755386650376,23.18229346800448
5324,C=C(C)/C=C/OC(C)=O,13841,O=C1NCN=C2N=CN=C12,17733,[H]C1=NC2=NC([H])([H])N([H])C(=O)C23N1C([H])(OC(=O)C([H])([H])[H])C([H])=C(C([H])([H])[H])C3([H])[H],1,0 4 9 8 19 1,14,24.103477743947124,10.756403945670804,27.66418488540956,15.995514610730211,6.575425984791455,22.570940595521662,0.0079800011833873,0.0230272941349595,0.0168296543075387,0.0230272941349595,-16.69115288291455,0.0131656091773052,0.099872013671819,0.0271514931076897,-16.8289881043046,-15.157917998310914,-13.947653271285972,23.174713727676146,21.46906053265468
6003,C=C(C)/C=C/OC(C)=O,13841,O=NC(F)(F)F,17917,[H]C1=C(C([H])([H])[H])C([H])([H])N(C(F)(F)F)OC1([H])OC(=O)C([H])([H])[H],0,0 4 1 0 19 0,3,19.858171959605304,5.17573308233723,24.232950444564374,15.61917601593697,1.6043566543840306,17.223532670321,2.77257445061014e-05,4.871896053597557e-05,0.0002441768848893,4.871896053597557e-05,-20.400404538494115,5.854075245211344e-05,0.0006794829148742,0.0005028278521157,-21.369487340878315,-20.24579899443067,-19.697640652007564,17.57816749885413,14.428413603172462
6010,C=C(C)/C=C/OC(C)=O,13841,O=NCNCCO,17920,[H]OC([H])([H])C([H])([H])N([H])C([H])([H])N1OC([H])(OC(=O)C([H])([H])[H])C([H])=C(C([H])([H])[H])C1([H])[H],1,0 4 1 0 19 1,2,23.22807990241364,3.472276285549528,22.18814207453461,15.920721856844391,5.406548833930746,21.327270690775137,0.0015199175383742,0.0254066892074982,0.0034655733450761,0.0254066892074982,-11.15527819851978,0.0030808113167005,0.0525416786410698,0.0090937219842698,-11.238356095323825,-10.848097002474724,-10.242578794066496,21.114969536497988,20.65109337682428
6099,C=C(C)/C=C/OC(C)=O,13841,O=Nc1cccnc1N=O,17932,[H]C1=C(C([H])([H])[H])C([H])([H])N(c2nc([H])c([H])c([H])c2N=O)OC1([H])OC(=O)C([H])([H])[H],0,0 4 8 9 19 0,17,24.15683643403208,3.686541020712216,24.547420474613528,15.667538679913138,5.163584997522186,20.83112367743532,0.0047896762110701,0.0102063946142721,0.0063281330722421,0.0102063946142721,-10.75097831846076,0.0285632783140986,0.0174745265388673,0.0271873198887804,-7.056578067044256,-12.907140934404955,-10.913250315404532,21.1164122610984,19.348569621620623
9160,C=C(C)/C=C/OC(C)=O,13841,C/N=C(\C#N)C(=O)C(=O)O,13744,[H]OC(=O)C1(/C(C#N)=N/C([H])([H])[H])OC([H])(OC(=O)C([H])([H])[H])C([H])=C(C([H])([H])[H])C1([H])[H],1,0 4 5 6 19 1,8,25.35018021144173,13.618722987993667,33.84739303271499,16.62287991515244,6.025670269582584,22.648550184735026,0.0076080992587442,0.0117187864532142,0.0154367396735303,0.0117187864532142,-8.945658515726272,0.0197674560363564,0.0598282345037003,0.0194907974509472,-8.560912689856409,-8.684264535299363,-9.0313993057241,22.455963050836985,21.17764637371617
9416,C=C(C)/C=C/OC(C)=O,13841,C1=NCC2=CC=NC2=N1,13799,[H]C1=NC([H])([H])C23C(=N1)N=C([H])C2([H])C([H])(OC(=O)C([H])([H])[H])C([H])=C(C([H])([H])[H])C3([H])[H],1,0 4 3 4 19 1,0,21.620665755881618,10.166956178408247,23.942874586244155,15.392196162712724,7.699979941099066,23.09217610381179,0.0232211905384983,0.0218412191689275,0.0194771954321466,0.0218412191689275,-19.7851387008241,0.0493724785958452,0.0436169397571548,0.0806226943740626,-19.740224598744057,-18.870474988853537,-18.059928288572863,23.85377893055937,21.26740093496668
11222,C=C(C)/C=C/OC(C)=O,13841,CC1=CC(=O)C=C(C)C1=O,14535,[H]C1=C(C([H])([H])[H])C(=O)C2(C([H])([H])[H])C([H])([H])C(C([H])([H])[H])=C([H])C([H])(OC(=O)C([H])([H])[H])C2([H])C1=O,0,0 4 6 5 19 0,7,23.58560998135229,12.953520346180731,27.74254161840736,15.881020651752571,8.911751974277767,24.79277262603034,0.0605956719036068,0.016145283261543,0.02905479081898,0.016145283261543,-14.169147666236483,0.0530225120933014,0.0515438062717624,0.0602616884895425,-15.225314465693891,-14.361853272409055,-14.459574119604142,26.76820979996278,23.50970842211796
885,C=C(C)/C=C\CC(=C)C,13842,N#CC(C#N)N=O,16602,[H]C1=C(C([H])([H])[H])C([H])([H])N(C([H])(C#N)C#N)OC1([H])C([H])([H])C(=C([H])[H])C([H])([H])[H],0,0 4 5 6 23 0,9,25.77006386366303,7.938393742654151,25.692431349575703,15.847121559770514,7.657142174472288,23.5042637342428,0.0002362222553529,0.0004718651273397,0.0001460548360292,0.0004718651273397,-15.65268196985506,0.0095980012004152,0.0011128905512996,0.0007208302915397,-16.374742723137082,-15.05398047676234,-14.667676412960496,22.46658129881792,20.51241740736188
2842,C=C(C)/C=C\CC(=C)C,13842,N[C@H]1N=CN=C2N=NC=C21,17093,[H]C1=N[C@]([H])(N([H])[H])C23C(=N1)N=NC2([H])C([H])(C([H])([H])C(=C([H])[H])C([H])([H])[H])C([H])=C(C([H])([H])[H])C3([H])[H],0,0 4 9 8 23 0,3,22.03896809876563,11.132673852545398,23.797334803067,16.25733943297712,9.97215148135843,26.22949091433555,0.009625241158156,0.0142220665594764,0.0059856561870136,0.0142220665594764,-22.386997811875894,0.0059915229020076,0.0241659022395183,0.032669941602481,-22.347045255488432,-22.201476725177656,-23.705571189730144,25.36349226076728,23.342241224909937
4442,C=C(C)/C=C\CC(=C)C,13842,O=C1C=C(C(F)(F)F)N=N1,17526,[H]C1=C(C([H])([H])[H])C([H])([H])C2(C(F)(F)F)N=NC(=O)C2([H])C1([H])C([H])([H])C(=C([H])[H])C([H])([H])[H],0,0 4 3 2 23 0,3,21.05181630327128,11.726395430654737,24.25485744386439,16.064669892615736,6.868551597174196,22.933221489789933,1.1375006578885874e-05,0.0061209972005989,0.0008368863540218,0.0061209972005989,-36.0132251806364,0.0014681933253497,0.0083051041148385,0.0052026922731278,-35.76937399294478,-32.937517104211615,-28.54306803574521,25.587614043580807,23.71053197561641
4476,C=C(C)/C=C\CC(=C)C,13842,O=C1C=CC(=O)C(F)=C1,17533,[H]C1=C(F)C(=O)C2([H])C([H])(C1=O)C([H])([H])C(C([H])([H])[H])=C([H])C2([H])C([H])([H])C(=C([H])[H])C([H])([H])[H],0,0 4 2 3 23 0,1,24.207549767601883,11.244767989714289,25.219429651886298,15.58390037516805,10.023853219301564,25.607753594469614,0.02279359940946,0.0163528609854514,0.0489618441688337,0.0163528609854514,-20.22864956788473,0.0378581397798773,0.0481335607481929,0.1350562921766612,-23.45557073717765,-21.244800686130823,-19.187845977222885,25.59430550361889,22.364625031381102
5118,C=C(C)/C=C\CC(=C)C,13842,O=C1N=C(O)C(=O)C(=O)N1,17697,[H]OC1=NC(=O)N([H])C(=O)C12OC([H])(C([H])([H])C(=C([H])[H])C([H])([H])[H])C([H])=C(C([H])([H])[H])C2([H])[H],0,0 4 5 6 23 0,9,28.30970837205332,12.361912646316334,33.10187809142093,16.3726484963189,6.291493854759331,22.66414235107823,0.0050987708663338,0.0089530070591586,0.0274561471233662,0.0089530070591586,-8.80962470112037,0.0109981801603321,0.0049494635966734,0.0888723976058873,-10.423441338229068,-8.292639659340644,-9.417099209769866,21.953204741592067,21.07922061598876
5158,C=C(C)/C=C\CC(=C)C,13842,O=C1N=CC2=CC=NC2=N1,17702,[H]C1=NC(=O)N=C2N=C([H])C3([H])C12C([H])([H])C(C([H])([H])[H])=C([H])C3([H])C([H])([H])C(=C([H])[H])C([H])([H])[H],1,0 4 4 5 23 1,0,23.08489889303903,10.801556354180311,27.975173302778707,15.710908945263988,7.209668254386379,22.920577199650367,0.0013274174383046,0.0133718894849511,0.0046607812802345,0.0133718894849511,-22.083644493136283,0.0050046497469334,0.0224938634349812,0.0144682693026408,-24.84703301950477,-23.093610875311622,-24.934992870614863,22.46512076699343,16.030284597018166
5211,C=C(C)/C=C\CC(=C)C,13842,O=C1N=NC(C2CC2)=N1,17707,[H]C1=C(C([H])([H])[H])C([H])([H])n2c(C3([H])C([H])([H])C3([H])[H])nc(=O)n2C1([H])C([H])([H])C(=C([H])[H])C([H])([H])[H],1,0 4 3 2 23 1,5,26.890192211777823,8.102714756518676,26.724529332636628,15.75089194559996,10.079907854218757,25.83079979981872,0.000733380696216,0.0032262143011524,9.798783107582068e-05,0.0032262143011524,-16.448687046448185,0.0019631551041633,0.0092834133104839,0.0006103986869155,-13.332758110403546,-15.06115820099408,-12.226498754179945,23.1996517283309,21.35343652424436
5220,C=C(C)/C=C\CC(=C)C,13842,O=C1N=Nc2ccccc21,17709,[H]C1=C(C([H])([H])[H])C([H])([H])n2c(=O)c3c([H])c([H])c([H])c([H])c3n2C1([H])C([H])([H])C(=C([H])[H])C([H])([H])[H],1,0 4 2 3 23 1,4,25.58438870832252,5.605322811514055,25.067914193766363,15.866378674674907,8.442668502326473,24.309047177001386,0.0021104320962976,0.0052708710402708,0.0010245619113758,0.0052708710402708,-21.135438371127226,0.0059360705526247,0.019431755495181,0.0011104046389353,-16.545854721228054,-17.871068250679713,-15.204742855191377,22.822259703167845,22.46983467336695
6003,C=C(C)/C=C\CC(=C)C,13842,O=NC(F)(F)F,17917,[H]C1=C(C([H])([H])[H])C([H])([H])N(C(F)(F)F)OC1([H])C([H])([H])C(=C([H])[H])C([H])([H])[H],0,0 4 1 0 23 0,3,22.68276264508711,6.592295954096059,24.930481359870896,15.727618596591558,5.100306918895313,20.82792551548687,4.262636293622702e-05,1.6026595970794608e-05,8.71731245363192e-05,1.6026595970794608e-05,-21.544609237162945,0.0001744763667106,0.0001583987919595,0.001036952010093,-22.04568128881214,-20.511742798895064,-19.20061474673189,20.56394956504308,18.640270940983623
6099,C=C(C)/C=C\CC(=C)C,13842,O=Nc1cccnc1N=O,17932,[H]C1=C(C([H])([H])[H])C([H])([H])N(c2nc([H])c([H])c([H])c2N=O)OC1([H])C([H])([H])C(=C([H])[H])C([H])([H])[H],0,0 4 8 9 23 0,17,27.24242279581894,5.16238297864326,24.24479999084846,15.790101768987428,9.840155549654629,25.63025731864206,0.001817750690165,0.0028194521784307,0.001070265795501,0.0028194521784307,-11.544551079259485,0.0256478253949137,0.0040971626274771,0.0412659004977235,-10.04630996386816,-12.38816412305956,-10.592322290423468,24.40596741835364,23.619111538709515
5158,C=C(C)/C=N\O,13843,O=C1N=CC2=CC=NC2=N1,17702,[H]ON1C([H])=C(C([H])([H])[H])C([H])([H])C23C([H])=NC(=O)N=C2N=C([H])C13[H],1,0 4 4 5 13 1,0,23.24000039376792,12.49484984072926,25.13360796240613,15.490758336352073,8.626441011826994,24.117199348179064,0.0109065884454824,0.0133574367747449,0.0097697168788795,0.0133574367747449,-8.383589989063118,0.0364992393203851,0.0190134064164032,0.0083041310296871,-8.587496187076809,-9.564795087509694,-8.33682515160914,28.66679457503985,22.66370909760245
884,C=C(C)C1=CC[C@H](C)CC1,13854,N#CC(C#N)N=O,16602,[H]C([H])([H])C1=C2C([H])([H])C([H])([H])[C@@]([H])(C([H])([H])[H])C([H])([H])C2([H])ON(C([H])(C#N)C#N)C1([H])[H],1,0 4 5 6 26 1,8,23.79239360017348,8.271200485109311,27.218819781762537,15.809773884871582,4.6627943464878605,20.472568231359443,0.0002236828986982,0.0061046011823026,0.0012814598063435,0.0061046011823026,-14.096111694666284,0.0201396022359447,0.0419634603890062,0.0008513988110793,-13.653729444735426,-14.252942401244262,-9.854563637866056,19.688760011386016,15.478926140127282
2842,C=C(C)C1=CC[C@H](C)CC1,13854,N[C@H]1N=CN=C2N=NC=C21,17093,[H]C1=N[C@]([H])(N([H])[H])C23C(=N1)N=NC2([H])C1([H])C(=C(C([H])([H])[H])C3([H])[H])C([H])([H])C([H])([H])[C@@]([H])(C([H])([H])[H])C1([H])[H],0,0 4 9 8 26 0,3,19.99420428437981,10.571315472293652,24.50573686728948,15.749641845221008,6.8318769222138265,22.58151876743484,0.0414216982035182,0.0462016909895513,0.0180101276939753,0.0462016909895513,-20.968631073113613,0.0323925067205332,0.0465746951462791,0.0775871535222716,-19.84994898648217,-22.35520935263952,-22.665697605654053,20.673896283988444,16.93437286508121
3770,C=C(C)C1=CC[C@H](C)CC1,13854,Nc1nc2n(n1)[C@@H](N)N=N2,17299,[H]N([H])c1nc2n(n1)[C@@]([H])(N([H])[H])N1N2C([H])([H])C(C([H])([H])[H])=C2C([H])([H])C([H])([H])[C@@]([H])(C([H])([H])[H])C([H])([H])C21[H],1,0 4 9 8 26 1,5,24.41623111042917,6.682717320413888,25.28719139845112,16.16421934087766,9.54050915940288,25.70472850028054,4.236690976341798e-06,0.006674396076201,0.000802003277473,0.006674396076201,-10.342419317883303,0.0012154613647993,0.0119258680744356,0.0002987797712361,-9.729332492714406,-10.32121226044604,-7.275294879544653,24.15590164536828,22.11663893492437
4336,C=C(C)C1=CC[C@H](C)CC1,13854,O=C(O)[C@@H]1C=CC=NC1=O,17480,[H]OC(=O)[C@@]1([H])C(=O)N=C([H])C2([H])C3([H])C(=C(C([H])([H])[H])C([H])([H])C21[H])C([H])([H])C([H])([H])[C@@]([H])(C([H])([H])[H])C3([H])[H],0,0 4 4 5 26 0,1,21.885900925963035,12.42835905876758,25.644580216731136,15.964283505030714,9.134106368436017,25.09838987346673,0.0290229120789625,0.0228714117208903,0.0356172347092595,0.0228714117208903,-15.654347256307725,0.0787937966613119,0.0317533555788183,0.2610845649838726,-16.52000597401188,-19.7334563915881,-18.0171185659736,25.8948514432358,22.523427150044
4442,C=C(C)C1=CC[C@H](C)CC1,13854,O=C1C=C(C(F)(F)F)N=N1,17526,[H]C([H])([H])C1=C2C([H])([H])C([H])([H])[C@@]([H])(C([H])([H])[H])C([H])([H])C2([H])C2([H])C(=O)N=NC2(C(F)(F)F)C1([H])[H],0,0 4 3 2 26 0,3,18.42490711897857,11.100828095754803,25.135511904498088,15.57084275903807,3.282640337336641,18.85348309637471,2.823961961456459e-06,0.0204329911391534,0.0025019074315245,0.0204329911391534,-35.95640224154826,0.0014093818627594,0.0139343946806642,0.0060690584110114,-35.44046382676504,-33.46048751707309,-29.36085174124095,20.99205192903397,17.416797594184025
4476,C=C(C)C1=CC[C@H](C)CC1,13854,O=C1C=CC(=O)C(F)=C1,17533,[H]C1=C(F)C(=O)C2([H])C3([H])C(=C(C([H])([H])[H])C([H])([H])C2([H])C1=O)C([H])([H])C([H])([H])[C@@]([H])(C([H])([H])[H])C3([H])[H],0,0 4 2 3 26 0,1,21.9047932783882,10.528249929897877,26.10243630301562,15.289011062559531,6.461264268588664,21.750275331148195,0.017596336637806,0.0177070544560239,0.0537574935662874,0.0177070544560239,-17.597061725930878,0.0612389601097221,0.0461560485707471,0.2418539775871782,-17.889481465209244,-21.521741368585324,-19.566346184217306,21.25640060828499,16.398577549146502
4484,C=C(C)C1=CC[C@H](C)CC1,13854,O=C1C=CC(=O)N1C1CC1,17534,[H]C([H])([H])C1=C2C([H])([H])C([H])([H])[C@@]([H])(C([H])([H])[H])C([H])([H])C2([H])C2([H])C(=O)N(C3([H])C([H])([H])C3([H])[H])C(=O)C2([H])C1([H])[H],0,0 4 2 3 26 0,1,20.365861202237426,9.69252811992509,21.80127758715668,15.320390858075095,8.227645085372213,23.54803594344731,0.0011015047627508,0.0083631869332686,0.0088987707674348,0.0083631869332686,-20.930597215640177,0.0121719336835949,0.0247002719395194,0.0537645560208109,-21.654170084437222,-22.955415149002427,-22.01975419439648,24.1774068022049,21.866639894918496
4486,C=C(C)C1=CC[C@H](C)CC1,13854,O=C1C=CC(=O)N1CO,17535,[H]OC([H])([H])N1C(=O)C2([H])C3([H])C(=C(C([H])([H])[H])C([H])([H])C2([H])C1=O)C([H])([H])C([H])([H])[C@@]([H])(C([H])([H])[H])C3([H])[H],0,0 4 2 3 26 0,1,19.969103501348464,8.728678962761379,22.084407074373573,15.338051163590826,7.555879643967145,22.89393080755797,0.0042005065006675,0.0087192174816863,0.0088923358892173,0.0087192174816863,-21.985256167408124,0.0070721745050585,0.0236200523896146,0.0617413410770141,-23.131194770450897,-25.35362658988023,-24.421027795582148,23.04666688641059,20.93496197166875
4568,C=C(C)C1=CC[C@H](C)CC1,13854,O=C1C=Cc2ccccc21,17549,[H]c1c([H])c([H])c2c(c1[H])C(=O)C1([H])C2([H])C2([H])C(=C(C([H])([H])[H])C1([H])[H])C([H])([H])C([H])([H])[C@@]([H])(C([H])([H])[H])C2([H])[H],0,0 4 2 3 26 0,1,21.47792122222141,8.762276859545171,20.460112535311325,14.969910799763102,9.791235567731364,24.761146367494465,0.0190078293609367,0.0257346384226092,0.0845607687039496,0.0257346384226092,-20.35619642721089,0.0475162417861779,0.0545651546364621,0.190011002411684,-20.92337043696301,-20.38554111610108,-18.70940481001576,25.93585504836488,23.19840642327211
4574,C=C(C)C1=CC[C@H](C)CC1,13854,O=C1C=c2ccccc2=N1,17550,[H]C1=C([H])C([H])=C([H])C23C1=NC(=O)C2([H])C1([H])C(=C(C([H])([H])[H])C3([H])[H])C([H])([H])C([H])([H])[C@@]([H])(C([H])([H])[H])C1([H])[H],0,0 4 3 2 26 0,3,22.641714005732865,12.012142311378962,26.180370637851865,15.445440357573291,8.831619057575566,24.27705941514886,0.0143127725307672,0.0613962540644901,0.0202671505586326,0.0613962540644901,-9.473827100173224,0.0571541072500765,0.0288827573353186,0.1287612504012611,-10.147203569408177,-10.589405255159,-15.868638332098236,24.030494570670395,20.83225201069264
5117,C=C(C)C1=CC[C@H](C)CC1,13854,O=C1N=C(O)C(=O)C(=O)N1,17697,[H]OC1=NC(=O)N([H])C(=O)C12OC1([H])C(=C(C([H])([H])[H])C2([H])[H])C([H])([H])C([H])([H])[C@@]([H])(C([H])([H])[H])C1([H])[H],1,0 4 5 6 26 1,8,25.27584550424358,13.353312872627942,34.44576185239032,15.89322187353698,2.3270304485622475,18.220252322099228,0.0029533731200741,0.0153895860564142,0.0526203473003794,0.0153895860564142,-8.264235571648967,0.0070067419814205,0.0118048720297869,0.171182133753977,-7.617387814395116,-8.912147962413755,-8.55096466194044,18.60517418588464,14.16207046989651
5142,C=C(C)C1=CC[C@H](C)CC1,13854,O=C1N=CC(F)=C[C@H]1F,17700,[H]C1=NC(=O)[C@]([H])(F)C2([H])C3([H])C(=C(C([H])([H])[H])C([H])([H])C12F)C([H])([H])C([H])([H])[C@@]([H])(C([H])([H])[H])C3([H])[H],0,0 4 4 6 26 0,1,21.274645676702967,14.12695577298077,25.18626322779678,15.144101644890036,11.450793299289844,26.59489494417988,0.0345269501064722,0.0595766317503557,0.0803019836393598,0.0595766317503557,-21.066387497735576,0.0731332687201381,0.1586915517393833,0.0379089464020352,-20.544751438412064,-22.56034285795311,-23.26774496578718,25.683852498310685,20.58761999240486
5151,C=C(C)C1=CC[C@H](C)CC1,13854,O=C1N=CC2(N=N2)C(=O)N1,17701,[H]N1C(=O)N2C3([H])C(=C(C([H])([H])[H])C([H])([H])C2([H])C2(N=N2)C1=O)C([H])([H])C([H])([H])[C@@]([H])(C([H])([H])[H])C3([H])[H],1,0 4 3 2 26 1,6,23.72045226856631,12.394095903862834,29.525496566114214,15.827020961974974,8.949453424975637,24.77647438695061,0.0028793633600111,0.0031212745910737,0.0151247908400978,0.0031212745910737,-17.6220329584529,0.003638295818738,0.0695413317926973,0.0075998853290683,-15.14686748193774,-20.1332841437324,-17.658368579693636,22.781483955134405,20.76571784994052
5158,C=C(C)C1=CC[C@H](C)CC1,13854,O=C1N=CC2=CC=NC2=N1,17702,[H]C1=NC2=NC(=O)N=C([H])C23C1([H])C1([H])C(=C(C([H])([H])[H])C3([H])[H])C([H])([H])C([H])([H])[C@@]([H])(C([H])([H])[H])C1([H])[H],1,0 4 4 5 26 1,0,22.02343382828745,10.204621939424085,30.12532460017012,15.373581956409534,1.8568832599466631,17.230465216356198,0.0077668615958308,0.0286575787961638,0.0086406189011354,0.0286575787961638,-19.8659933249042,0.0612995625940554,0.0147036260509606,0.0830319324298428,-19.41069915261649,-22.63757506905781,-23.00442572723212,17.50031693946972,8.745911663173434
5165,C=C(C)C1=CC[C@H](C)CC1,13854,O=C1N=CC=C2N=CN=C12,17703,[H]C1=NC23C(=N1)C(=O)N=C([H])C2([H])C1([H])C(=C(C([H])([H])[H])C3([H])[H])C([H])([H])C([H])([H])[C@@]([H])(C([H])([H])[H])C1([H])[H],0,0 4 5 4 26 0,3,22.869400997853404,13.968205526922867,26.134844304174308,15.275303783734282,9.07917270538212,24.3544764891164,0.0284986323465679,0.0451968114549576,0.0248278162258878,0.0451968114549576,-16.03361948397145,0.0816973299473426,0.0347317819608383,0.0898391004448139,-16.46497368017792,-17.449392050414133,-16.936957949887038,26.11323916919558,20.2588256049976
5211,C=C(C)C1=CC[C@H](C)CC1,13854,O=C1N=NC(C2CC2)=N1,17707,[H]C([H])([H])C1=C2C([H])([H])C([H])([H])[C@@]([H])(C([H])([H])[H])C([H])([H])C2([H])n2c(=O)nc(C3([H])C([H])([H])C3([H])[H])n2C1([H])[H],1,0 4 3 2 26 1,5,24.175652133897085,8.03308763178512,29.13199329540671,15.63358488463932,5.459687496467289,21.09327238110661,0.0009800436921171,0.0110173790234527,0.0003693940293981,0.0110173790234527,-16.105483174448707,0.003364365284452,0.0282888923521663,0.0014722732011849,-12.720381234361454,-16.138600613915685,-12.340259336175734,18.33949318599201,14.873393284354336
5220,C=C(C)C1=CC[C@H](C)CC1,13854,O=C1N=Nc2ccccc21,17709,[H]c1c([H])c([H])c2c(c1[H])c(=O)n1n2C2([H])C(=C(C([H])([H])[H])C1([H])[H])C([H])([H])C([H])([H])[C@@]([H])(C([H])([H])[H])C2([H])[H],1,0 4 2 3 26 1,4,23.40770053732805,5.643653187972463,27.245404816520647,15.731031665103442,5.540734840099844,21.27176650520329,0.0031434777234873,0.0293169446211096,0.0032007883924673,0.0293169446211096,-18.54142464239344,0.0387324062113014,0.0448538301004659,0.0033966516135223,-16.33403786867185,-18.53283282005593,-15.052767571141125,18.87491132578202,17.023370637808295
5235,C=C(C)C1=CC[C@H](C)CC1,13854,O=C1NC(=O)C2=C1CCC2,17711,[H]N1C(=O)C23C([H])([H])C([H])([H])C([H])([H])C2(C1=O)C([H])([H])C(C([H])([H])[H])=C1C([H])([H])C([H])([H])[C@@]([H])(C([H])([H])[H])C([H])([H])C13[H],0,0 4 5 6 26 0,1,19.684484116177146,11.3460958161922,22.92760569098653,15.921274359744336,8.215566864945878,24.13684122469021,0.0041176400461561,0.006086061957738,0.0391339095779131,0.006086061957738,-23.90662337526976,0.012299139063972,0.0079343922138997,0.0366093361741464,-22.64691195243929,-24.070983218945365,-21.120887225350444,24.2942845543304,22.331918613523843
5324,C=C(C)C1=CC[C@H](C)CC1,13854,O=C1NCN=C2N=CN=C12,17733,[H]C1=NC2=NC([H])([H])N([H])C(=O)C23N1C1([H])C(=C(C([H])([H])[H])C3([H])[H])C([H])([H])C([H])([H])[C@@]([H])(C([H])([H])[H])C1([H])[H],1,0 4 9 8 26 1,14,23.712113151234387,11.72420458838891,27.59566041867594,15.96800302125061,5.801558817122334,21.769561838372944,0.0021910695969033,0.0192495825223788,0.0070148088166999,0.0192495825223788,-15.217559501460045,0.0088583270861088,0.0648431991193143,0.0559874081916413,-15.62032152234481,-15.808507664198729,-14.856022202327168,22.795782078841768,19.114018462073258
5421,C=C(C)C1=CC[C@H](C)CC1,13854,O=CC(=O)/C=C\[C@H](O)CO,17788,[H]OC([H])([H])[C@@]([H])(O[H])C1([H])C2([H])C(=C(C([H])([H])[H])C([H])([H])C1([H])C(=O)C([H])=O)C([H])([H])C([H])([H])[C@@]([H])(C([H])([H])[H])C2([H])[H],0,0 4 4 5 26 0,1,23.416566399543104,14.08175186155138,26.09274686316233,15.732295903190382,10.740579528007723,26.472875431198105,0.0216846526419773,0.0288435794980882,0.0822414551499609,0.0288435794980882,-14.747588546297436,0.0899943799179553,0.0278025985330673,0.134248265576412,-14.33028913399415,-16.79758406446087,-15.852135724662489,26.86050479197966,23.70436814743135
5427,C=C(C)C1=CC[C@H](C)CC1,13854,O=CC(=O)c1cnccn1,17791,[H]c1nc([H])c(C(=O)C2([H])OC3([H])C(=C(C([H])([H])[H])C2([H])[H])C([H])([H])C([H])([H])[C@@]([H])(C([H])([H])[H])C3([H])[H])nc1[H],0,0 4 1 0 26 0,3,24.817944285956525,13.591328649483827,27.567083778311314,15.696506710760138,11.654195641426146,27.35070235218628,0.0002786594699007,0.0059333233887659,0.0029945537136505,0.0059333233887659,-9.369762158562708,0.0045262241736311,0.0062962821617164,0.0427021782583403,-7.236709815571437,-8.977571138782174,-6.057673115280839,26.43264151637985,23.353742474066102
6002,C=C(C)C1=CC[C@H](C)CC1,13854,O=NC(F)(F)F,17917,[H]C([H])([H])C1=C2C([H])([H])C([H])([H])[C@@]([H])(C([H])([H])[H])C([H])([H])C2([H])ON(C(F)(F)F)C1([H])[H],1,0 4 1 0 26 1,2,20.463442128220965,7.185638725173018,26.37137212467183,15.515771338956416,2.3139817086163745,17.82975304757279,6.641767600717523e-07,3.0595769993532044e-05,2.460774683710116e-05,3.0595769993532044e-05,-19.486104537561665,0.0010926254751715,0.0013873359935238,9.585593970878883e-05,-19.78827431137889,-19.56676939789463,-15.86094608986879,17.275309267485238,12.068828040436417
6010,C=C(C)C1=CC[C@H](C)CC1,13854,O=NCNCCO,17920,[H]OC([H])([H])C([H])([H])N([H])C([H])([H])N1OC2([H])C(=C(C([H])([H])[H])C1([H])[H])C([H])([H])C([H])([H])[C@@]([H])(C([H])([H])[H])C2([H])[H],1,0 4 1 0 26 1,2,23.202717614537526,4.036458243857444,21.30929982267878,15.710304196031226,7.018289508969886,22.72859370500111,0.0004636844953618,0.0108650898999134,0.0016147030418062,0.0108650898999134,-11.254422030805166,0.0011189986058867,0.0175687529864814,0.0046207691113371,-10.692180522161792,-10.55596623736568,-8.407932899474638,21.617877594086217,20.143821938392414
6098,C=C(C)C1=CC[C@H](C)CC1,13854,O=Nc1cccnc1N=O,17932,[H]c1nc(N2OC3([H])C(=C(C([H])([H])[H])C2([H])[H])C([H])([H])C([H])([H])[C@@]([H])(C([H])([H])[H])C3([H])[H])c(N=O)c([H])c1[H],1,0 4 8 9 26 1,16,24.91205214447592,5.474701178051328,25.632477983132706,15.751667860166666,5.747348673368393,21.49901653353506,0.0033619554160661,0.0089101906431964,0.002385058378236,0.0089101906431964,-10.084812187775777,0.0404208669383854,0.0269952854119263,0.0156273213548453,-8.369819901031583,-11.84083278100664,-7.638392060071506,22.087095954469603,19.10984371016404
6802,C=C(C)C1=CC[C@H](C)CC1,13854,OCC1=Cc2ccccc21,18025,[H]OC([H])([H])C12c3c([H])c([H])c([H])c([H])c3C1([H])C1([H])C(=C(C([H])([H])[H])C2([H])[H])C([H])([H])C([H])([H])[C@@]([H])(C([H])([H])[H])C1([H])[H],1,0 4 2 3 26 1,0,16.113726114639825,10.069768306127802,17.260474434937446,15.011722553240585,7.681801608104678,22.69352416134526,0.0041610392426384,0.0598397154760971,0.1135673175404353,0.0598397154760971,-36.05999403503138,0.1546619579004064,0.0395467135002824,0.2266841278280915,-34.218824234379085,-40.27193789797453,-42.38234365134102,23.3656570350728,23.518484485546203
8511,C=C(C)C1=CC[C@H](C)CC1,13854,N#CC(=N)C(=N)C#N,13033,[H]N=C(C#N)C1(C#N)N([H])C2([H])C(=C(C([H])([H])[H])C1([H])[H])C([H])([H])C([H])([H])[C@@]([H])(C([H])([H])[H])C2([H])[H],1,0 4 4 5 26 1,8,24.276947737573494,13.059195068785996,26.34667114324264,15.419469562727004,9.32568258482701,24.745152147554016,0.0115642627092287,0.0018924201224634,0.0055943277670229,0.0018924201224634,-14.568081449854994,0.0081821430433392,0.0476333679855023,0.0332233478609687,-13.338380495496333,-15.23134923921446,-12.860947875527806,25.69997886337063,22.635671035116
9160,C=C(C)C1=CC[C@H](C)CC1,13854,C/N=C(\C#N)C(=O)C(=O)O,13744,[H]OC(=O)C1(/C(C#N)=N/C([H])([H])[H])OC2([H])C(=C(C([H])([H])[H])C1([H])[H])C([H])([H])C([H])([H])[C@@]([H])(C([H])([H])[H])C2([H])[H],1,0 4 5 6 26 1,8,24.97074241161926,15.005582002792956,33.05559329139872,16.44913993563291,7.413635484333525,23.86277541996644,0.0020811064659879,0.0045947679013223,0.0151045042328771,0.0045947679013223,-6.492890029595571,0.0060860490219675,0.0168402960471567,0.0217635784624699,-6.479817586119793,-7.579082367251782,-7.7216623220488465,22.957209938016835,19.81065890765891
9416,C=C(C)C1=CC[C@H](C)CC1,13854,C1=NCC2=CC=NC2=N1,13799,[H]C1=NC([H])([H])C23C(=N1)N=C([H])C2([H])C1([H])C(=C(C([H])([H])[H])C3([H])[H])C([H])([H])C([H])([H])[C@@]([H])(C([H])([H])[H])C1([H])[H],1,0 4 3 4 26 1,0,21.47177230168615,10.816320202603558,24.692371277109388,15.303357783019145,7.151367349903996,22.45472513292314,0.0194635073827324,0.0249984199015434,0.0172805722111781,0.0249984199015434,-16.229441927505285,0.0300016024240731,0.0312327695421954,0.1566457596019715,-16.568277634005135,-19.6343712061091,-19.20816390864628,23.331009546442587,20.013894210640355
11222,C=C(C)C1=CC[C@H](C)CC1,13854,CC1=CC(=O)C=C(C)C1=O,14535,[H]C1=C(C([H])([H])[H])C(=O)C2(C([H])([H])[H])C([H])(C1=O)C1([H])C(=C(C([H])([H])[H])C2([H])[H])C([H])([H])C([H])([H])[C@@]([H])(C([H])([H])[H])C1([H])[H],0,0 4 6 5 26 0,7,23.427173724366256,13.663067933334895,27.524076597931483,15.89896217776893,9.15060994022184,25.04957211799077,0.0343013022501489,0.0162633010633163,0.0163018684124315,0.0162633010633163,-10.78876876742536,0.0257684446724485,0.0299206788728356,0.0861517595746591,-11.534096366948567,-14.873779145735831,-15.081161102282906,26.48372123081934,22.478520430260584
2842,C=C(C)c1c[nH]ccc1=N,13868,N[C@H]1N=CN=C2N=NC=C21,17093,[H]N=C1C([H])=C([H])N([H])C2([H])C1=C(C([H])([H])[H])C([H])([H])C13C(=NC([H])=N[C@]1([H])N([H])[H])N=NC23[H],0,0 4 9 8 20 0,3,19.77716547713994,12.540430946920509,25.603631266806893,16.46779011457507,8.499997946283006,24.96778806085808,0.0072657019804501,0.0280656307676794,0.0045379311036991,0.0280656307676794,-14.182268870195372,0.0070767266167549,0.0535166337887014,0.0585367035523231,-12.357918820952037,-8.916966219116844,-11.15604593312748,22.72934253079238,23.311285322335188
4442,C=C(C)c1c[nH]ccc1=N,13868,O=C1C=C(C(F)(F)F)N=N1,17526,[H]N=C1C([H])=C([H])N([H])C2([H])C1=C(C([H])([H])[H])C([H])([H])C1(C(F)(F)F)N=NC(=O)C21[H],0,0 4 3 2 20 0,3,17.95696577313868,12.285583316300476,25.39012032708301,16.225868151884512,5.595915158012659,21.82178330989717,1.7700611812057457e-05,0.0079097816440551,0.0015916623025899,0.0079097816440551,-25.199973837376355,0.0007559974887057,0.0090603365910794,0.0060038616114597,-25.26520070890337,-19.26217482455021,-16.32509621275112,20.756091491531134,20.263441794691563
4480,C=C(C)c1c[nH]ccc1=N,13868,O=C1C=CC(=O)C(F)=C1,17533,[H]N=C1C([H])=C([H])N([H])C2([H])C1=C(C([H])([H])[H])C([H])([H])C1(F)C(=O)C([H])=C([H])C(=O)C21[H],0,0 4 6 8 20 0,5,20.781790612586967,14.447944100996668,26.89635755447027,15.903995278072426,10.392348081511592,26.29634335958401,0.0171114129316704,0.0473355416108323,0.0272740029002497,0.0473355416108323,-7.814913250432987,0.051854520971446,0.1405849492925712,0.0844384642358997,-8.31868813255847,-7.325969162067746,-10.015615767306803,23.13998549779261,22.273887652684408
5158,C=C(C)c1c[nH]ccc1=N,13868,O=C1N=CC2=CC=NC2=N1,17702,[H]N=C1C([H])=C([H])N([H])C2([H])C1=C(C([H])([H])[H])C([H])([H])C13C([H])=NC(=O)N=C1N=C([H])C23[H],1,0 4 4 5 20 1,0,21.536492837930314,12.222828034068655,29.4536545099756,16.165845624464286,5.577688729735716,21.7435343542,0.004423505616522,0.0254838906198735,0.00314769586715,0.0254838906198735,-12.208195776173916,0.0058113146100055,0.0155136556403922,0.0331675693131848,-12.071433944911028,-9.733939197377351,-12.187312655688268,20.4328358185879,17.90358185457235
6003,C=C(C)c1c[nH]ccc1=N,13868,O=NC(F)(F)F,17917,[H]N=C1C([H])=C([H])N([H])C2([H])ON(C(F)(F)F)C([H])([H])C(C([H])([H])[H])=C12,0,0 4 1 0 20 0,3,19.43548515218797,8.256392506555137,27.43571591899497,16.15377640769953,-0.6609994123600984,15.492776995339431,3.2003572524641206e-05,0.0001494178081913,3.614655955222321e-05,0.0001494178081913,-9.277428478049217,3.295915762495382e-05,0.0003313341142585,0.000405327029085,-12.515474993342911,-6.266789683245087,-5.395788313716345,19.070368818483345,16.971056971470396
885,C=C/C(C)=C/CC(=C)C,13897,N#CC(C#N)N=O,16602,[H]C1=C(C([H])([H])[H])C([H])(C([H])([H])C(=C([H])[H])C([H])([H])[H])ON(C([H])(C#N)C#N)C1([H])[H],0,0 4 5 6 23 0,9,23.23830649413389,7.216595272740042,25.727459344858588,15.900840577275938,5.279821467705276,21.18066204498121,0.001847888829487,0.0009941169492194,0.0001775125807116,0.0009941169492194,-14.078264520267034,0.0177084568810093,0.0084382256656094,0.0008241888201516,-13.13602454955614,-13.119438453784234,-13.558959655057002,18.92241196930494,16.801596426639133
2842,C=C/C(C)=C/CC(=C)C,13897,N[C@H]1N=CN=C2N=NC=C21,17093,[H]C1=N[C@]([H])(N([H])[H])C23C(=N1)N=NC2([H])C([H])(C([H])([H])C(=C([H])[H])C([H])([H])[H])C(C([H])([H])[H])=C([H])C3([H])[H],0,0 4 9 8 23 0,3,20.85696533700075,10.339050645900643,24.45919759247302,16.35867538045749,7.239582842003038,23.59825822246053,0.0214452583500529,0.0239121984890343,0.0621770145463844,0.0239121984890343,-21.206555626210623,0.0209004877653883,0.0538985944291681,0.1082357495064781,-20.32704635007033,-19.328433431658404,-20.14890691680096,21.85844870729556,19.73815192828242
3770,C=C/C(C)=C/CC(=C)C,13897,Nc1nc2n(n1)[C@@H](N)N=N2,17299,[H]C1=C(C([H])([H])[H])C([H])(C([H])([H])C(=C([H])[H])C([H])([H])[H])N2N(c3nc(N([H])[H])nn3[C@@]2([H])N([H])[H])C1([H])[H],1,0 4 9 8 23 1,5,24.84246000039594,6.162057580209179,24.68018513305441,16.441820266262944,10.096883436319366,26.53870370258231,1.9221698223999986e-06,0.0023709785417918,0.0008890265174551,0.0023709785417918,-10.09736011144701,0.0009225804398997,0.0066779997957319,0.0007683908544157,-8.178929726991328,-7.356031077696471,-6.997991124576597,24.72900265864908,23.047123228569752
4442,C=C/C(C)=C/CC(=C)C,13897,O=C1C=C(C(F)(F)F)N=N1,17526,[H]C1=C(C([H])([H])[H])C([H])(C([H])([H])C(=C([H])[H])C([H])([H])[H])C2([H])C(=O)N=NC2(C(F)(F)F)C1([H])[H],0,0 4 3 2 23 0,3,18.39678130066932,10.196760641496676,24.86074024638168,16.15666603136948,3.648836865448676,19.805502896818155,4.207290560700651e-06,0.0083660228856186,0.00810301192572,0.0083660228856186,-32.74848999236709,0.0009360810973746,0.0114631417113499,0.0118863849357459,-32.11970619429047,-30.08694344514776,-26.68654534079896,21.19950524487356,19.58898330156672
4476,C=C/C(C)=C/CC(=C)C,13897,O=C1C=CC(=O)C(F)=C1,17533,[H]C1=C(F)C(=O)C2([H])C([H])(C1=O)C([H])([H])C([H])=C(C([H])([H])[H])C2([H])C([H])([H])C(=C([H])[H])C([H])([H])[H],0,0 4 2 3 23 0,1,21.95629680609612,10.268086219101724,25.36773698223024,15.80235001449584,7.012664349055942,22.815014363551786,0.0156389431099538,0.0251642350235965,0.1954835946101573,0.0251642350235965,-16.819462867182217,0.0698135016040166,0.0492689870072787,0.249026046830015,-16.493337065683434,-18.963692486317584,-17.168612220303316,22.10097465186328,18.79016462411296
4484,C=C/C(C)=C/CC(=C)C,13897,O=C1C=CC(=O)N1C1CC1,17534,[H]C1=C(C([H])([H])[H])C([H])(C([H])([H])C(=C([H])[H])C([H])([H])[H])C2([H])C(=O)N(C3([H])C([H])([H])C3([H])[H])C(=O)C2([H])C1([H])[H],0,0 4 2 3 23 0,1,20.724246615469088,8.732782368076329,21.43148669492821,15.777274893719875,8.59888855810015,24.376163451820027,0.0016393967112798,0.0059711829306955,0.027344228314292,0.0059711829306955,-19.7391797390852,0.0105302579492468,0.0306037745165671,0.0827612259181433,-20.052673603699983,-19.788474252432746,-19.225952719475664,24.848144487264555,23.533015374755145
4486,C=C/C(C)=C/CC(=C)C,13897,O=C1C=CC(=O)N1CO,17535,[H]OC([H])([H])N1C(=O)C2([H])C([H])([H])C([H])=C(C([H])([H])[H])C([H])(C([H])([H])C(=C([H])[H])C([H])([H])[H])C2([H])C1=O,0,0 4 2 3 23 0,1,20.479290297758283,7.992831899010686,22.422699306031927,15.849218617927574,7.210969448669289,23.060188066596865,0.0054488822080511,0.0114517510631851,0.0262301140202447,0.0114517510631851,-21.0898961408354,0.0075614596080277,0.0345630752779722,0.1160053565044571,-21.82586062625643,-22.529956268819483,-21.996024343700284,24.161712613672968,22.75506507595516
4574,C=C/C(C)=C/CC(=C)C,13897,O=C1C=c2ccccc2=N1,17550,[H]C1=C([H])C([H])=C([H])C23C1=NC(=O)C2([H])C([H])(C([H])([H])C(=C([H])[H])C([H])([H])[H])C(C([H])([H])[H])=C([H])C3([H])[H],0,0 4 3 2 23 0,3,22.885137737091608,11.700345212358226,25.49123487348728,15.82550523281102,10.024276438929649,25.849781671740665,0.0191521934343681,0.0558476826640207,0.0765589701971535,0.0558476826640207,-8.827278618862856,0.0624288899572929,0.0463483275701022,0.1091503145634602,-9.854399754150307,-8.085641572346368,-13.486346254491645,24.70135620188876,23.703789209114937
5118,C=C/C(C)=C/CC(=C)C,13897,O=C1N=C(O)C(=O)C(=O)N1,17697,[H]OC1=NC(=O)N([H])C(=O)C12OC([H])(C([H])([H])C(=C([H])[H])C([H])([H])[H])C(C([H])([H])[H])=C([H])C2([H])[H],0,0 4 5 6 23 0,9,25.11639346649012,12.269537849089549,34.533111993868644,16.337407925091263,3.3894374706813366,19.7268453957726,0.0110268219615734,0.0050034598563295,0.1205860735084512,0.0050034598563295,-7.0522095132746045,0.0135342620038106,0.0192311931077536,0.2299594576496184,-8.046840632222462,-6.032324088065675,-8.25705417142946,18.93881224667821,17.068234117912194
5151,C=C/C(C)=C/CC(=C)C,13897,O=C1N=CC2(N=N2)C(=O)N1,17701,[H]C1=C(C([H])([H])[H])C([H])(C([H])([H])C(=C([H])[H])C([H])([H])[H])N2C(=O)N([H])C(=O)C3(N=N3)C2([H])C1([H])[H],1,0 4 3 2 23 1,6,23.724633105118222,11.564900306643318,29.264519484665502,16.185625251645966,9.220285691864635,25.4059109435106,0.0048285050728324,0.0050429032304567,0.0560179153001333,0.0050429032304567,-16.208275509063476,0.0056465692927942,0.0802653321056599,0.0110594165083516,-15.378946322862085,-17.51274574813371,-16.141800141980127,22.864813878411365,22.034761348444977
5158,C=C/C(C)=C/CC(=C)C,13897,O=C1N=CC2=CC=NC2=N1,17702,[H]C1=NC(=O)N=C2N=C([H])C3([H])C12C([H])([H])C([H])=C(C([H])([H])[H])C3([H])C([H])([H])C(=C([H])[H])C([H])([H])[H],1,0 4 4 5 23 1,0,22.33342169891728,9.88943776722722,28.81429339194021,15.840773007943747,3.692803370065111,19.53357637800886,0.0032264011110194,0.0271136862409351,0.026083097783533,0.0271136862409351,-18.89460328020256,0.0173823543482207,0.0298463333743194,0.0156577722727288,-20.13929616714602,-20.638870405362887,-20.21941829758523,18.75706227317579,13.08710182559186
5165,C=C/C(C)=C/CC(=C)C,13897,O=C1N=CC=C2N=CN=C12,17703,[H]C1=NC23C(=N1)C(=O)N=C([H])C2([H])C([H])(C([H])([H])C(=C([H])[H])C([H])([H])[H])C(C([H])([H])[H])=C([H])C3([H])[H],0,0 4 5 4 23 0,3,23.062027193415524,14.2795588897637,25.618440266368644,15.7683028416529,9.529422595969272,25.297725437622173,0.0309199481276529,0.0440385055228705,0.059954812414599,0.0440385055228705,-14.442205072026972,0.1000886950030098,0.0498248677740405,0.0635680731790733,-16.071240368329,-14.885219677101588,-14.538439791058686,26.757144069709305,23.65878663941597
5211,C=C/C(C)=C/CC(=C)C,13897,O=C1N=NC(C2CC2)=N1,17707,[H]C1=C(C([H])([H])[H])C([H])(C([H])([H])C(=C([H])[H])C([H])([H])[H])n2c(=O)nc(C3([H])C([H])([H])C3([H])[H])n2C1([H])[H],1,0 4 3 2 23 1,5,24.17054658877326,7.455362813080015,28.111095035698845,15.909046757816116,6.703709796488184,22.612756554304298,0.0007058824079599,0.0062050175483365,0.0006093295254026,0.0062050175483365,-15.308364205746386,0.0029638303243165,0.0168753008092853,0.0019253209956552,-9.617282783223231,-13.290742637717392,-11.64534614689373,19.14241951875588,16.87350180381706
5220,C=C/C(C)=C/CC(=C)C,13897,O=C1N=Nc2ccccc21,17709,[H]C1=C(C([H])([H])[H])C([H])(C([H])([H])C(=C([H])[H])C([H])([H])[H])n2c3c([H])c([H])c([H])c([H])c3c(=O)n2C1([H])[H],1,0 4 2 3 23 1,4,23.47712547888927,4.943077719572534,26.10466260031236,16.040255104974037,6.425434480045016,22.465689585019053,0.0019986410197417,0.0218652326940218,0.0032105435759531,0.0218652326940218,-18.72564161922363,0.018575452240205,0.040320770896808,0.003423525065008,-13.761687023558077,-16.610634821785602,-14.58086182164508,19.41556289705696,18.8413114525715
5324,C=C/C(C)=C/CC(=C)C,13897,O=C1NCN=C2N=CN=C12,17733,[H]C1=NC2=NC([H])([H])N([H])C(=O)C23N1C([H])(C([H])([H])C(=C([H])[H])C([H])([H])[H])C(C([H])([H])[H])=C([H])C3([H])[H],1,0 4 9 8 23 1,14,23.711005102631923,10.78852839614823,27.49911436562344,16.364588426009774,6.643537686170848,23.008126112180623,0.0030686499420346,0.009036324118353,0.0222416343440057,0.009036324118353,-16.410539465735376,0.0037173065734599,0.048418100534054,0.060384077184778,-16.139509342673172,-12.957995598618696,-13.980294457304415,22.70657735508719,20.9824658238866
6003,C=C/C(C)=C/CC(=C)C,13897,O=NC(F)(F)F,17917,[H]C1=C(C([H])([H])[H])C([H])(C([H])([H])C(=C([H])[H])C([H])([H])[H])ON(C(F)(F)F)C1([H])[H],0,0 4 1 0 23 0,3,19.622280473309985,5.795430503165727,24.5057274821909,15.7820207152415,1.8669021567495176,17.64892287199102,1.4453490298477825e-05,2.0328354242795463e-05,0.000131364077151,2.0328354242795463e-05,-20.304923259881896,0.0001155215090188,0.0006186396859514,0.0003214845237648,-19.336243459488664,-18.407226864986832,-19.233859798245284,17.133923211554514,14.570955751866602
6010,C=C/C(C)=C/CC(=C)C,13897,O=NCNCCO,17920,[H]OC([H])([H])C([H])([H])N([H])C([H])([H])N1OC([H])(C([H])([H])C(=C([H])[H])C([H])([H])[H])C(C([H])([H])[H])=C([H])C1([H])[H],1,0 4 1 0 23 1,2,23.758089216210045,3.427959887267013,20.72698884750291,15.80694006038657,7.545804087383882,23.35274414777045,0.0012950614410669,0.0106280504272248,0.002788683405817,0.0106280504272248,-10.062955379773022,0.00235918889873,0.0300988293021496,0.002464851965204,-8.200600881034333,-8.59949305689966,-8.460774553538556,21.77427953648381,21.123198719047192
6099,C=C/C(C)=C/CC(=C)C,13897,O=Nc1cccnc1N=O,17932,[H]C1=C(C([H])([H])[H])C([H])(C([H])([H])C(=C([H])[H])C([H])([H])[H])ON(c2nc([H])c([H])c([H])c2N=O)C1([H])[H],0,0 4 8 9 23 0,17,24.704900255443903,5.056220379122667,23.661044939697863,15.849217247570294,6.980257126824679,22.829474374394973,0.0080199779466254,0.0028667980511126,0.0046839203455989,0.0028667980511126,-10.887394616553976,0.0278812112425605,0.0121049794402648,0.0479897044949937,-7.865066297292479,-11.132666918838028,-9.727833411993494,21.27208886413856,20.19563531000321
6802,C=C/C(C)=C/CC(=C)C,13897,OCC1=Cc2ccccc21,18025,[H]OC([H])([H])C12c3c([H])c([H])c([H])c([H])c3C1([H])C([H])(C([H])([H])C(=C([H])[H])C([H])([H])[H])C(C([H])([H])[H])=C([H])C2([H])[H],1,0 4 2 3 23 1,0,16.10715649882698,9.446969457235864,18.17342943653625,15.485485710978804,6.547955042941375,22.033440753920186,0.0080061822656871,0.0481882697990706,0.164452403557007,0.0481882697990706,-35.30341907785241,0.1628974123983159,0.0546842695859244,0.5632592369934692,-33.988307672723366,-37.89622316433241,-39.19786878481386,22.237631608716143,22.50197851951431
9160,C=C/C(C)=C/CC(=C)C,13897,C/N=C(\C#N)C(=O)C(=O)O,13744,[H]OC(=O)C1(/C(C#N)=N/C([H])([H])[H])OC([H])(C([H])([H])C(=C([H])[H])C([H])([H])[H])C(C([H])([H])[H])=C([H])C1([H])[H],1,0 4 5 6 23 1,8,25.105366849862925,14.426240442225158,33.43704344058237,16.651921468421047,8.209038031106815,24.860959499527866,0.0061669623676824,0.0045992641035203,0.0260130154765726,0.0045992641035203,-6.2116335999763805,0.0056185446074996,0.0453488184937708,0.0212598714335599,-6.241860963543381,-4.763266339628103,-7.631134035910804,22.59258119724063,21.70831282339453
9416,C=C/C(C)=C/CC(=C)C,13897,C1=NCC2=CC=NC2=N1,13799,[H]C1=NC([H])([H])C23C(=N1)N=C([H])C2([H])C([H])(C([H])([H])C(=C([H])[H])C([H])([H])[H])C(C([H])([H])[H])=C([H])C3([H])[H],1,0 4 3 4 23 1,0,21.498729648567657,10.749269854533832,24.36023886665855,15.867891409546305,7.459525100755098,23.3274165103014,0.0212272993452846,0.0165362346275161,0.0629903006418202,0.0165362346275161,-16.973434511079155,0.0258214008624486,0.0378513743248008,0.1376860755127455,-16.90862596627793,-16.887923096772724,-16.240339383986687,24.14990407884102,22.11722155786016
1761,C=C/C=C(/CCC)C(=O)O,13899,N#CC(C#N)N=O,16602,[H]OC(=O)C1(C([H])([H])C([H])([H])C([H])([H])[H])ON(C([H])(C#N)C#N)C([H])([H])C([H])=C1[H],0,0 3 5 6 22 0,9,26.195377182767977,7.459339987327084,24.236649308082807,16.14463043409454,10.56527529030993,26.70990572440447,0.0022760937194661,0.0010267117220903,0.0003828452416785,0.0010267117220903,-9.193332094019794,0.0160271258692722,0.007762401034103,0.0005126701974912,-7.078790066485482,-9.634568740814023,-9.02196196471673,23.05716869442475,20.49443335592191
5681,C=C/C=C(/CCC)C(=O)O,13899,N[C@H]1N=CN=C2N=NC=C21,17093,[H]OC(=O)C1(C([H])([H])C([H])([H])C([H])([H])[H])C([H])=C([H])C([H])([H])C23C(=NC([H])=N[C@]2([H])N([H])[H])N=NC31[H],0,0 3 9 8 22 0,3,23.68768784316719,11.262201602019877,24.091881616292323,16.281901143604518,14.083793107424018,30.365694251028536,0.023899295054546,0.0362692507100747,0.0188442638067142,0.0362692507100747,-17.75213356876518,0.0399421807380509,0.0404005443282076,0.0367416411770714,-14.912560177241488,-15.394818616116057,-16.298578823420783,26.027578277123485,23.94428860142012
8881,C=C/C=C(/CCC)C(=O)O,13899,O=C1C=C(C(F)(F)F)N=N1,17526,[H]OC(=O)C1(C([H])([H])C([H])([H])C([H])([H])[H])C([H])=C([H])C([H])([H])C2(C(F)(F)F)N=NC(=O)C21[H],0,0 3 3 2 22 0,3,22.38763721112298,10.749831973099326,23.146860077826307,16.05956976887193,11.27873138504053,27.33830115391246,3.433164557928157e-05,0.01843874010961,0.0093483443826394,0.01843874010961,-29.544821523829093,0.0029220069712489,0.014658215860149,0.0062840594103725,-28.49971683595444,-26.72801580563587,-21.03377834267023,25.75762098546232,23.803613297679576
10227,C=C/C=C(/CCC)C(=O)O,13899,O=C1N=C(O)C(=O)C(=O)N1,17697,[H]OC(=O)C1(C([H])([H])C([H])([H])C([H])([H])[H])OC2(C(=O)N([H])C(=O)N=C2O[H])C([H])([H])C([H])=C1[H],0,0 3 5 6 22 0,9,27.664178791777,13.224963320408852,32.29130374075763,16.32964668598615,10.202146968944149,26.5317936549303,0.0307194245295314,0.0163711254402434,0.0722119641379416,0.0163711254402434,-4.139527871665884,0.0617146481015288,0.0097705536340617,0.1967046233662869,-3.466843903499637,-2.7591498050786853,-5.749776126462937,23.024253877310123,22.59931762814468
10316,C=C/C=C(/CCC)C(=O)O,13899,O=C1N=CC2=CC=NC2=N1,17702,[H]OC(=O)C1(C([H])([H])C([H])([H])C([H])([H])[H])C([H])=C([H])C([H])([H])C23C([H])=NC(=O)N=C2N=C([H])C31[H],1,0 3 4 5 22 1,0,25.19412491268145,10.84189195576877,26.7520492155995,15.689882711347384,11.593602683135728,27.283485394483115,0.004822534415662,0.0287735116213429,0.0182191468162967,0.0287735116213429,-16.322392294741697,0.0635525172619205,0.0231955464415172,0.008979049329932,-16.425563291295035,-16.46135269753855,-16.165976006674143,24.275426581454955,19.789079872663173
10417,C=C/C=C(/CCC)C(=O)O,13899,O=C1N=NC(C2CC2)=N1,17707,[H]OC(=O)C1(C([H])([H])C([H])([H])C([H])([H])[H])C([H])=C([H])C([H])([H])n2c(C3([H])C([H])([H])C3([H])[H])nc(=O)n21,1,0 3 3 2 22 1,5,26.98536746943009,7.985603621652886,25.84397384053924,15.9047585319772,13.71809458291623,29.62285311489343,0.0007773716946025,0.0095731851334941,0.0017345213843418,0.0095731851334941,-9.920611309090006,0.0025288931066645,0.006525215963984,0.0013079211455278,-3.282512052355756,-9.158471693739152,-5.774223624964243,24.29509376365093,23.11062250469419
10436,C=C/C=C(/CCC)C(=O)O,13899,O=C1N=Nc2ccccc21,17709,[H]OC(=O)C1(C([H])([H])C([H])([H])C([H])([H])[H])C([H])=C([H])C([H])([H])n2c(=O)c3c([H])c([H])c([H])c([H])c3n21,1,0 3 2 3 22 1,4,27.4935838551824,5.65178114939123,24.29998850611097,16.084952506651238,13.718064351602386,29.803016858253624,0.0041325684052301,0.0460245393452153,0.0057889137751979,0.0460245393452153,-13.85775051791692,0.020260998241081,0.0218156501962078,0.0035071456924138,-8.395503792636902,-11.31604478012808,-8.179717335722948,24.83165932188384,23.430723070908847
12003,C=C/C=C(/CCC)C(=O)O,13899,O=NC(F)(F)F,17917,[H]OC(=O)C1(C([H])([H])C([H])([H])C([H])([H])[H])ON(C(F)(F)F)C([H])([H])C([H])=C1[H],0,0 3 1 0 22 0,3,23.076432362299283,6.426907343104418,23.82894975611937,15.983782990106166,7.948550875280201,23.93233386538637,0.0001512857016082,2.698444347228452e-05,0.000155254520284,2.698444347228452e-05,-15.555758626056663,0.0001583709218427,0.0004131849099871,0.0001308807569848,-14.11115024071598,-13.288995496862777,-14.589707806762329,21.41494328315936,19.43257274271708
885,C=C/C=C/C1CCCCC1,13900,N#CC(C#N)N=O,16602,[H]C1=C([H])C([H])(C2([H])C([H])([H])C([H])([H])C([H])([H])C([H])([H])C2([H])[H])ON(C([H])(C#N)C#N)C1([H])[H],0,0 3 5 6 26 0,9,23.21510600390005,5.355178332053816,23.895447367811304,16.13652033211981,4.528823230792145,20.66534356291196,0.0009801679645142,0.0011321892316222,0.0002781296984916,0.0011321892316222,-11.034927128676422,0.0106359861252173,0.0077899878275007,0.0009006350731868,-9.284097703081189,-12.38120788741817,-12.001591897025245,17.9084259696125,15.47596424157704
2842,C=C/C=C/C1CCCCC1,13900,N[C@H]1N=CN=C2N=NC=C21,17093,[H]C1=N[C@]([H])(N([H])[H])C23C(=N1)N=NC2([H])C([H])(C1([H])C([H])([H])C([H])([H])C([H])([H])C([H])([H])C1([H])[H])C([H])=C([H])C3([H])[H],0,0 3 9 8 26 0,3,20.10514519768769,10.680582397802713,22.27769058681465,16.50530615299189,8.639162752769707,25.144468905761595,0.0350473181644357,0.0156546298418557,0.0135583838636384,0.0156546298418557,-16.301789258974893,0.0301230648035096,0.0726559858745561,0.0344380545599575,-18.30276474300637,-17.793650147391986,-17.657224090789825,23.51929684761029,20.026055527304827
3770,C=C/C=C/C1CCCCC1,13900,Nc1nc2n(n1)[C@@H](N)N=N2,17299,[H]C1=C([H])C([H])(C2([H])C([H])([H])C([H])([H])C([H])([H])C([H])([H])C2([H])[H])N2N(c3nc(N([H])[H])nn3[C@@]2([H])N([H])[H])C1([H])[H],1,0 3 9 8 26 1,5,23.47551340717345,4.842380594289995,22.177692699528,16.767576193258616,10.055311852836358,26.82288804609497,2.347332817053873e-05,0.0038668551403603,0.0011253174763121,0.0038668551403603,-6.894441761453102,0.0012450605039384,0.0105552082276694,0.0003711093347594,-6.161164988818904,-6.043691454202087,-6.881248135075058,23.700793081826127,22.74085213131517
4442,C=C/C=C/C1CCCCC1,13900,O=C1C=C(C(F)(F)F)N=N1,17526,[H]C1=C([H])C([H])(C2([H])C([H])([H])C([H])([H])C([H])([H])C([H])([H])C2([H])[H])C2([H])C(=O)N=NC2(C(F)(F)F)C1([H])[H],0,0 3 3 2 26 0,3,18.1995720503582,9.772171297423103,22.720772401762705,16.23627916464807,4.0140619165877744,20.250341081235845,9.626868016179429e-06,0.008087029628212,0.0054825534196948,0.008087029628212,-32.99234468717189,0.0016489336925553,0.008378548623171,0.0058195139492761,-34.13021934984597,-29.709620749559832,-24.26384277149738,21.75307620136052,19.09033364296865
4478,C=C/C=C/C1CCCCC1,13900,O=C1C=CC(=O)C(F)=C1,17533,[H]C1=C(F)C(=O)C2([H])C([H])([H])C([H])=C([H])C([H])(C3([H])C([H])([H])C([H])([H])C([H])([H])C([H])([H])C3([H])[H])C2([H])C1=O,0,0 3 3 2 26 0,3,21.77730543104128,10.555245215228284,23.50195298615688,16.038622639538918,8.240656613931694,24.27927925347061,0.034525683700511,0.0258283571176527,0.0487325630298993,0.0258283571176527,-14.399568477745715,0.1020630008644338,0.06280390360354,0.0649977218612601,-14.391963163683648,-17.915908990302533,-13.118897644878764,23.00123489715209,19.894585449485128
4484,C=C/C=C/C1CCCCC1,13900,O=C1C=CC(=O)N1C1CC1,17534,[H]C1=C([H])C([H])(C2([H])C([H])([H])C([H])([H])C([H])([H])C([H])([H])C2([H])[H])C2([H])C(=O)N(C3([H])C([H])([H])C3([H])[H])C(=O)C2([H])C1([H])[H],0,0 3 2 3 26 0,1,20.069962118071054,8.911189756057166,19.763486462636408,16.088157071119458,9.590908915294383,25.679065986413843,0.003828648449154,0.0094467260803236,0.0203154088381278,0.0094467260803236,-20.384130977195504,0.0094749163953011,0.0357934831508117,0.0438909899980591,-19.70750842589397,-17.972121941229787,-17.140340702087002,25.664156660312628,23.489671660594823
4486,C=C/C=C/C1CCCCC1,13900,O=C1C=CC(=O)N1CO,17535,[H]OC([H])([H])N1C(=O)C2([H])C([H])([H])C([H])=C([H])C([H])(C3([H])C([H])([H])C([H])([H])C([H])([H])C([H])([H])C3([H])[H])C2([H])C1=O,0,0 3 2 3 26 0,1,19.947991602042343,7.511550048094184,19.64933869332713,16.032547666585522,9.14139879750213,25.173946464087653,0.0126503398314158,0.0069308633736207,0.031843792173532,0.0069308633736207,-20.278290210837625,0.0076936289414265,0.0442196802809243,0.0521681687644146,-21.167941349150404,-20.57584101428408,-20.14169821457915,24.76226350298464,22.91012708865042
4574,C=C/C=C/C1CCCCC1,13900,O=C1C=c2ccccc2=N1,17550,[H]C1=C([H])C([H])=C([H])C23C1=NC(=O)C2([H])C([H])(C1([H])C([H])([H])C([H])([H])C([H])([H])C([H])([H])C1([H])[H])C([H])=C([H])C3([H])[H],0,0 3 3 2 26 0,3,22.173011212504463,11.609796912494934,23.77935667069952,16.098428723922407,11.537160035804485,27.63558875972689,0.0666829237766126,0.0283892449589957,0.0149216171622848,0.0283892449589957,-7.307254389044949,0.0801394732391191,0.0764234419956056,0.0378419237549639,-7.75634737701391,-6.797125299579484,-11.831421164250573,25.64865909962976,23.932366694365875
5118,C=C/C=C/C1CCCCC1,13900,O=C1N=C(O)C(=O)C(=O)N1,17697,[H]OC1=NC(=O)N([H])C(=O)C12OC([H])(C1([H])C([H])([H])C([H])([H])C([H])([H])C([H])([H])C1([H])[H])C([H])=C([H])C2([H])[H],0,0 3 5 6 26 0,9,24.931541958248623,10.766671799627588,33.11460080881484,16.410892837625408,1.0334264749982367,17.444319312623644,0.025680212869619,0.0065063627563869,0.0501361064024759,0.0065063627563869,-6.074503042991331,0.0154636388259357,0.008856626529271,0.0574866454771387,-6.721390232374148,-5.874676271592779,-9.461822797850814,16.678676398312927,15.09950046102487
5151,C=C/C=C/C1CCCCC1,13900,O=C1N=CC2(N=N2)C(=O)N1,17701,[H]C1=C([H])C([H])(C2([H])C([H])([H])C([H])([H])C([H])([H])C([H])([H])C2([H])[H])N2C(=O)N([H])C(=O)C3(N=N3)C2([H])C1([H])[H],1,0 3 3 2 26 1,6,22.78236345632988,10.68622375294198,27.02725633741684,16.49157528372813,9.847938967976596,26.339514251704728,0.0107626122749041,0.0034148460234615,0.0228176778574845,0.0034148460234615,-13.411728528611086,0.0089094669683783,0.0409371438311887,0.0054865040894738,-13.931026126550009,-15.992103296842068,-16.166649515024865,22.80875134355233,21.656500238279552
5158,C=C/C=C/C1CCCCC1,13900,O=C1N=CC2=CC=NC2=N1,17702,[H]C1=NC(=O)N=C2N=C([H])C3([H])C12C([H])([H])C([H])=C([H])C3([H])C1([H])C([H])([H])C([H])([H])C([H])([H])C([H])([H])C1([H])[H],1,0 3 4 5 26 1,0,21.158743502853543,10.555830711596023,26.387797295280823,16.094677383718526,5.4725633362836135,21.56724072000214,0.0087210079196118,0.0255499462847225,0.007597562246867,0.0255499462847225,-15.440806669002718,0.0431862356379806,0.0443726067488109,0.007600419984627,-17.04270065734528,-18.48746509553181,-17.471647928552322,21.13376539788762,14.317350250844497
5211,C=C/C=C/C1CCCCC1,13900,O=C1N=NC(C2CC2)=N1,17707,[H]C1=C([H])C([H])(C2([H])C([H])([H])C([H])([H])C([H])([H])C([H])([H])C2([H])[H])n2c(=O)nc(C3([H])C([H])([H])C3([H])[H])n2C1([H])[H],1,0 3 3 2 26 1,5,22.75977313445213,5.94875663201865,25.30881089248457,16.261617074942887,6.503660705479732,22.76527778042262,0.0045543604319293,0.0057857729979792,0.0014516838975423,0.0057857729979792,-12.57867182333726,0.0038398908913217,0.0418948479489521,0.0012055857049758,-8.831868375037992,-13.502101178263324,-12.012400413325238,17.997352441970413,15.98195782850362
5220,C=C/C=C/C1CCCCC1,13900,O=C1N=Nc2ccccc21,17709,[H]C1=C([H])C([H])(C2([H])C([H])([H])C([H])([H])C([H])([H])C([H])([H])C2([H])[H])n2c3c([H])c([H])c([H])c([H])c3c(=O)n2C1([H])[H],1,0 3 2 3 26 1,4,22.43942566633266,3.721888541008623,23.008008267421616,16.353435376236085,5.756193293225877,22.10962866946196,0.0091497953512021,0.0147751319666098,0.0052904899416159,0.0147751319666098,-15.866792018253022,0.0477161711735943,0.0509488573646697,0.0019231551869199,-11.371623857710183,-14.498524920320094,-13.22549690820174,18.670473123973867,17.782003912781846
5235,C=C/C=C/C1CCCCC1,13900,O=C1NC(=O)C2=C1CCC2,17711,[H]C1=C([H])C([H])(C2([H])C([H])([H])C([H])([H])C([H])([H])C([H])([H])C2([H])[H])C23C(=O)N([H])C(=O)C2(C1([H])[H])C([H])([H])C([H])([H])C3([H])[H],0,0 3 5 6 26 0,1,19.22275954411537,11.14347698733135,21.11706993960924,16.89687421248118,8.93539523700628,25.83226944948746,0.010139301747238,0.0011705907240294,0.0426588376115141,0.0011705907240294,-17.17280421054616,0.0128749727119779,0.0055797413890858,0.0476138048497325,-17.798046333570895,-17.764001533454028,-15.632998119843087,25.937386538462714,23.850391762211373
5324,C=C/C=C/C1CCCCC1,13900,O=C1NCN=C2N=CN=C12,17733,[H]C1=NC2=NC([H])([H])N([H])C(=O)C23N1C([H])(C1([H])C([H])([H])C([H])([H])C([H])([H])C([H])([H])C1([H])[H])C([H])=C([H])C3([H])[H],1,0 3 9 8 26 1,14,23.11861667638333,10.309558124236208,25.4434635992665,16.555132749719913,7.40261618699769,23.957748936717604,0.0136329422107338,0.0092543214588905,0.0099471625350886,0.0092543214588905,-14.083145710116185,0.0039070773238408,0.0529624941118767,0.009217128286544,-14.63574803368246,-12.492779013489496,-13.307399526720864,22.76087489313243,20.58862216751745
5427,C=C/C=C/C1CCCCC1,13900,O=CC(=O)c1cnccn1,17791,[H]C1=C([H])C([H])(C2([H])C([H])([H])C([H])([H])C([H])([H])C([H])([H])C2([H])[H])OC([H])(C(=O)c2nc([H])c([H])nc2[H])C1([H])[H],0,0 3 1 0 26 0,3,25.25862872947477,11.292073033276615,25.9806667485142,16.364363350529754,11.545452409895056,27.90981576042481,0.001150331250182,0.0050558717430993,0.0014273039675234,0.0050558717430993,-6.75395990559133,0.0069283195756312,0.006649908456138,0.0080066822688244,-5.993409446215757,-4.900986265451525,-6.024681160890232,24.61372745804695,23.823407423945937
6003,C=C/C=C/C1CCCCC1,13900,O=NC(F)(F)F,17917,[H]C1=C([H])C([H])(C2([H])C([H])([H])C([H])([H])C([H])([H])C([H])([H])C2([H])[H])ON(C(F)(F)F)C1([H])[H],0,0 3 1 0 26 0,3,19.328675655688297,4.391714242338706,23.17262536309441,15.997878677323802,0.5469047081495759,16.54478338547338,7.766661000897155e-06,2.366199537397853e-05,0.0001828434563677,2.366199537397853e-05,-18.84398394763671,5.423397835006135e-05,0.0009620576587838,0.0008514355800924,-17.29159147459847,-18.196897919937943,-18.832704905856005,15.379136392783035,12.634841806635752
6011,C=C/C=C/C1CCCCC1,13900,O=NCNCCO,17920,[H]OC([H])([H])C([H])([H])N([H])C([H])([H])N1OC([H])(C2([H])C([H])([H])C([H])([H])C([H])([H])C([H])([H])C2([H])[H])C([H])=C([H])C1([H])[H],0,0 3 1 0 26 0,3,21.87456088045353,2.9397985977557983,19.055835544883767,16.20576713894337,7.286762336432627,23.492529475376,0.0005329554990215,0.0005883351490615,0.0009259116008376,0.0005883351490615,-9.403658432269223,0.0158775754940638,0.0037473210422562,0.0013811677500199,-7.632475810647584,-7.223985851060895,-9.206178029493422,20.339829237598824,19.6027614818759
6099,C=C/C=C/C1CCCCC1,13900,O=Nc1cccnc1N=O,17932,[H]C1=C([H])C([H])(C2([H])C([H])([H])C([H])([H])C([H])([H])C([H])([H])C2([H])[H])ON(c2nc([H])c([H])c([H])c2N=O)C1([H])[H],0,0 3 8 9 26 0,17,23.86629139774441,3.327487415328221,23.22079707040462,16.29936953393628,4.983177166170702,21.28254670010698,0.0079268396148093,0.0044801311481726,0.0030039453310131,0.0044801311481726,-10.684476642695865,0.0294583135509391,0.0244254791020869,0.026432590800377,-5.228346362336431,-9.940937378242069,-9.954381227182282,19.221007984934246,17.95770149399626
6802,C=C/C=C/C1CCCCC1,13900,OCC1=Cc2ccccc21,18025,[H]OC([H])([H])C12c3c([H])c([H])c([H])c([H])c3C1([H])C([H])(C1([H])C([H])([H])C([H])([H])C([H])([H])C([H])([H])C1([H])[H])C([H])=C([H])C2([H])[H],1,0 3 2 3 26 1,0,15.706850311325386,10.043001070559082,17.075647045216673,15.778186086141396,7.590705448349102,23.368891534490498,0.0104212102393438,0.0268310092224244,0.0889966838025615,0.0268310092224244,-32.14607135623332,0.1196970038834413,0.0345527116675524,0.191866159073692,-31.39013956118476,-34.43056552003103,-34.161442069846544,23.654696753777223,22.98187348220352
8512,C=C/C=C/C1CCCCC1,13900,N#CC(=N)C(=N)C#N,13033,[H]N=C(C#N)C1(C#N)N([H])C([H])(C2([H])C([H])([H])C([H])([H])C([H])([H])C([H])([H])C2([H])[H])C([H])=C([H])C1([H])[H],0,0 3 4 5 26 0,9,24.71969296551388,11.85046085885842,25.874345812807405,16.226830360443884,10.84496932450513,27.071799684949013,0.0274977223258213,0.0015797193171242,0.009790393136154,0.0015797193171242,-13.688633949125432,0.0049259594968712,0.0187862520844994,0.0109474461662051,-12.320867585220284,-11.610865950682864,-11.03712295892094,24.75916102831234,23.313272868944427
9160,C=C/C=C/C1CCCCC1,13900,C/N=C(\C#N)C(=O)C(=O)O,13744,[H]OC(=O)C1(/C(C#N)=N/C([H])([H])[H])OC([H])(C2([H])C([H])([H])C([H])([H])C([H])([H])C([H])([H])C2([H])[H])C([H])=C([H])C1([H])[H],1,0 3 5 6 26 1,8,25.00199299240468,13.327287537414934,31.5020260329529,17.09612517049529,6.479292493837107,23.5754176643324,0.0064170712887495,0.0032423451630566,0.0115856787227108,0.0032423451630566,-2.570619079928939,0.0060326802795679,0.0186030843255054,0.0092303798979031,-4.375403638820195,-4.1626187360445535,-7.405934217584679,22.233129053426403,20.81768168805172
9416,C=C/C=C/C1CCCCC1,13900,C1=NCC2=CC=NC2=N1,13799,[H]C1=NC([H])([H])C23C(=N1)N=C([H])C2([H])C([H])(C1([H])C([H])([H])C([H])([H])C([H])([H])C([H])([H])C1([H])[H])C([H])=C([H])C3([H])[H],1,0 3 3 4 26 1,0,21.541434133641044,11.314383216349354,22.588621382629825,16.133067586111615,9.075619168999246,25.20868675511086,0.0314145283707867,0.0106173898577282,0.0120880845117643,0.0106173898577282,-13.9760627863242,0.0328552350272432,0.0454208614693245,0.0425016011266154,-14.614805650916251,-14.55142493766612,-12.566896045421764,25.713502742400863,23.707407606980727
885,C=C/C=C/CC=C,13902,N#CC(C#N)N=O,16602,[H]C1=C([H])C([H])(C([H])([H])C([H])=C([H])[H])ON(C([H])(C#N)C#N)C1([H])[H],0,0 3 5 6 17 0,9,21.99335367494158,6.040075460473993,23.770736680340185,15.799682418961044,4.499216193256888,20.298898612217933,0.002789944575414,0.0018830545940327,0.0003498315090178,0.0018830545940327,-14.894219988870226,0.0086502532966325,0.0098306973320405,0.0015410101206745,-14.188897304258743,-14.272933393566326,-15.985578758070702,18.177993865213487,15.771676606550162
2842,C=C/C=C/CC=C,13902,N[C@H]1N=CN=C2N=NC=C21,17093,[H]C1=N[C@]([H])(N([H])[H])C23C(=N1)N=NC2([H])C([H])(C([H])([H])C([H])=C([H])[H])C([H])=C([H])C3([H])[H],0,0 3 9 8 17 0,3,19.90901863251643,10.081456959360352,22.87729315757776,16.112123765411717,7.413216096555164,23.52533986196688,0.0204226466117951,0.0560975275824824,0.040481769558207,0.0560975275824824,-20.632820748483624,0.0242965183565348,0.0660880110162729,0.0533851404477877,-20.44673473288268,-19.03189243276069,-20.735255240821587,22.161741790739008,18.878399876998248
3770,C=C/C=C/CC=C,13902,Nc1nc2n(n1)[C@@H](N)N=N2,17299,[H]C1=C([H])C([H])(C([H])([H])C([H])=C([H])[H])N2N(c3nc(N([H])[H])nn3[C@@]2([H])N([H])[H])C1([H])[H],1,0 3 9 8 17 1,5,22.551474357908184,5.093992376926831,23.1399330075899,16.20632818304923,10.181933368609323,26.388261551658555,2.1039122083573173e-05,0.0084295132186804,0.0013684143559886,0.0084295132186804,-11.910131490961028,0.0024274763626911,0.0086692065881501,0.0003898061264748,-10.336474886878186,-8.139425123202052,-9.703223016033787,22.154448791460485,20.66944227068408
4336,C=C/C=C/CC=C,13902,O=C(O)[C@@H]1C=CC=NC1=O,17480,[H]OC(=O)[C@@]1([H])C(=O)N=C([H])C2([H])C1([H])C([H])([H])C([H])=C([H])C2([H])C([H])([H])C([H])=C([H])[H],0,0 3 4 5 17 0,1,21.134219977213967,11.937494836885604,23.29546625836384,16.21608317527803,9.534421545479,25.75050472075703,0.0309900722016953,0.0502776244612988,0.1086839040823732,0.0502776244612988,-14.853590849939494,0.2052131608020083,0.0520350467327824,0.1892960770274843,-16.893746339959357,-17.558949996601335,-16.82780586309891,26.82397974172009,23.9253188811116
4442,C=C/C=C/CC=C,13902,O=C1C=C(C(F)(F)F)N=N1,17526,[H]C1=C([H])C([H])(C([H])([H])C([H])=C([H])[H])C2([H])C(=O)N=NC2(C(F)(F)F)C1([H])[H],0,0 3 3 2 17 0,3,17.586631418035896,9.869314701339244,22.345049877516168,15.90113611334599,4.18111073212884,20.082246845474828,5.6064739990880455e-06,0.0214016733276676,0.0094011408767698,0.0214016733276676,-33.76458132923499,0.0034544991325472,0.0135665044005333,0.005154791837324,-33.716271904471355,-30.82962111139144,-27.24197987740515,21.87149964875253,18.65405401148868
4478,C=C/C=C/CC=C,13902,O=C1C=CC(=O)C(F)=C1,17533,[H]C1=C(F)C(=O)C2([H])C([H])([H])C([H])=C([H])C([H])(C([H])([H])C([H])=C([H])[H])C2([H])C1=O,0,0 3 3 2 17 0,3,20.824706391199022,9.900676452898312,23.50906189010301,15.681737136768463,7.944827804666005,23.626564941434467,0.0312923585116753,0.065250623756968,0.1377117512602153,0.065250623756968,-17.437145421551534,0.1355346736623129,0.0569279468522545,0.0752117456240218,-17.577567561825354,-19.32181166892992,-17.701753817570356,22.377701403486466,18.78469964762772
4484,C=C/C=C/CC=C,13902,O=C1C=CC(=O)N1C1CC1,17534,[H]C1=C([H])C([H])(C([H])([H])C([H])=C([H])[H])C2([H])C(=O)N(C3([H])C([H])([H])C3([H])[H])C(=O)C2([H])C1([H])[H],0,0 3 2 3 17 0,1,19.935567056420894,8.452878450699094,20.02759290773832,15.60008052891669,9.057712810283595,24.65779333920029,0.0026912652804127,0.0143187371718073,0.0317814879136452,0.0143187371718073,-21.224252150533367,0.0146301579345579,0.0228424558226252,0.0404616764701871,-21.82959325154536,-20.15843967090348,-19.93175592558194,25.11230154395266,23.11993461871618
4486,C=C/C=C/CC=C,13902,O=C1C=CC(=O)N1CO,17535,[H]OC([H])([H])N1C(=O)C2([H])C([H])([H])C([H])=C([H])C([H])(C([H])([H])C([H])=C([H])[H])C2([H])C1=O,0,0 3 2 3 17 0,1,19.26502573939497,7.672915695293193,20.496829022367763,15.603736203607433,8.137694041972576,23.74143024558001,0.0094551027547115,0.0222729406964309,0.0316580907408142,0.0222729406964309,-22.121278909798832,0.011884951832117,0.0317718218078175,0.0496816091347643,-22.34097010732221,-22.24596502056724,-22.790991442239644,23.762078559695844,22.21424000519708
4574,C=C/C=C/CC=C,13902,O=C1C=c2ccccc2=N1,17550,[H]C1=C([H])C([H])=C([H])C23C1=NC(=O)C2([H])C([H])(C([H])([H])C([H])=C([H])[H])C([H])=C([H])C3([H])[H],0,0 3 3 2 17 0,3,21.731580012173616,11.673883487025504,23.92680756029442,15.548336262312931,10.329736280673227,25.87807254298616,0.0356406661200068,0.0964852059166657,0.0293103998875552,0.0964852059166657,-9.354838000649934,0.0914372736460116,0.0773866681476799,0.0365953776516609,-10.1561557597636,-8.429938437250883,-14.064691844532312,24.93567054913857,22.336519680154
5118,C=C/C=C/CC=C,13902,O=C1N=C(O)C(=O)C(=O)N1,17697,[H]OC1=NC(=O)N([H])C(=O)C12OC([H])(C([H])([H])C([H])=C([H])[H])C([H])=C([H])C2([H])[H],0,0 3 5 6 17 0,9,24.51309526465572,10.894691823579194,34.17772918868297,16.1833904115796,0.7962091130152089,16.97959952459481,0.0138749199217796,0.0163503821540793,0.1225173131290589,0.0163503821540793,-8.674949883585974,0.0114403899194435,0.0191099643635689,0.1760811491915322,-8.969270012546858,-6.942218133527085,-11.109161649265404,17.186490033544437,14.807699850125656
5151,C=C/C=C/CC=C,13902,O=C1N=CC2(N=N2)C(=O)N1,17701,[H]C1=C([H])C([H])(C([H])([H])C([H])=C([H])[H])N2C(=O)N([H])C(=O)C3(N=N3)C2([H])C1([H])[H],1,0 3 3 2 17 1,6,22.46778480527644,10.920317644563156,27.408850854996565,16.126236295601412,9.788589039443636,25.914825335045048,0.00652933957122,0.0089935399523899,0.0531734029596703,0.0089935399523899,-17.60932933280761,0.0117062630586294,0.0316397620838957,0.008172385469187,-16.24505388699935,-17.97158432207079,-18.428115560815783,22.96810531474854,21.837254670338368
5158,C=C/C=C/CC=C,13902,O=C1N=CC2=CC=NC2=N1,17702,[H]C1=NC(=O)N=C2N=C([H])C3([H])C12C([H])([H])C([H])=C([H])C3([H])C([H])([H])C([H])=C([H])[H],1,0 3 4 5 17 1,0,21.266173486509143,9.76303946292348,26.79677437170551,15.609839258707288,3.827643580097167,19.437482838804456,0.0037820197601012,0.0702845769976175,0.0173314721965302,0.0702845769976175,-19.465906552589168,0.0194911383873058,0.069103010777863,0.0028296783779821,-20.09448183735316,-20.42091244338417,-19.970870590510607,19.09108295490964,11.481571521841436
5165,C=C/C=C/CC=C,13902,O=C1N=CC=C2N=CN=C12,17703,[H]C1=NC23C(=N1)C(=O)N=C([H])C2([H])C([H])(C([H])([H])C([H])=C([H])[H])C([H])=C([H])C3([H])[H],0,0 3 5 4 17 0,3,22.43849060177753,13.75080746415124,23.79475969808333,15.613864679501148,9.972948031809786,25.58681271131093,0.0432263919292377,0.079080151979859,0.0374249336336584,0.079080151979859,-15.500954378652992,0.0869570739683551,0.0552158132356077,0.0250196712784417,-16.65891808484141,-15.20639390356611,-15.012619279938017,27.02471839775989,22.73519686028559
5211,C=C/C=C/CC=C,13902,O=C1N=NC(C2CC2)=N1,17707,[H]C1=C([H])C([H])(C([H])([H])C([H])=C([H])[H])n2c(=O)nc(C3([H])C([H])([H])C3([H])[H])n2C1([H])[H],1,0 3 3 2 17 1,5,21.869519977146155,6.511099113181446,25.99382262442873,15.760497501775609,6.457696209017161,22.218193710792768,0.0018439302041364,0.0114253232963298,0.0014110679218378,0.0114253232963298,-17.618242364869793,0.0044348217548046,0.0194984411854111,0.0021446664127789,-12.779815211935096,-14.66491103796318,-14.793684753801394,17.995366938016833,15.564873184655294
5220,C=C/C=C/CC=C,13902,O=C1N=Nc2ccccc21,17709,[H]C1=C([H])C([H])(C([H])([H])C([H])=C([H])[H])n2c3c([H])c([H])c([H])c([H])c3c(=O)n2C1([H])[H],1,0 3 2 3 17 1,4,21.67286128181013,4.095163266304871,24.113561368274887,15.988958137401871,5.725043644238461,21.71400178164033,0.0077139580692551,0.0527404212565981,0.0055476687237222,0.0527404212565981,-20.74228351710524,0.048080241689362,0.0589369176746614,0.0052430291554896,-15.301335542342734,-17.018582435099887,-16.850345392391866,18.161443130360297,17.570431019350046
5235,C=C/C=C/CC=C,13902,O=C1NC(=O)C2=C1CCC2,17711,[H]C1=C([H])C([H])(C([H])([H])C([H])=C([H])[H])C23C(=O)N([H])C(=O)C2(C1([H])[H])C([H])([H])C([H])([H])C3([H])[H],0,0 3 5 6 17 0,1,18.37146313697692,10.41998054732547,20.81907461231853,16.472557959475655,7.931841014968011,24.404398974443662,0.0087300850004701,0.0034496846338321,0.1135257855646341,0.0034496846338321,-23.750204364472765,0.0224085810686788,0.0169653366952083,0.1421011614231909,-23.59926535460118,-21.43777589923492,-19.785712258257377,24.784438535719666,22.120043928961064
5324,C=C/C=C/CC=C,13902,O=C1NCN=C2N=CN=C12,17733,[H]C1=NC2=NC([H])([H])N([H])C(=O)C23N1C([H])(C([H])([H])C([H])=C([H])[H])C([H])=C([H])C3([H])[H],1,0 3 9 8 17 1,14,22.66969257822408,10.257342780959435,25.99771257907596,16.11005875720468,6.359030585246597,22.46908934245128,0.0042034292576239,0.0279969059401798,0.024098444358323,0.0279969059401798,-15.98137926253588,0.0036506656275978,0.0619805349946141,0.0217084397131566,-15.375905979471462,-13.486560169845156,-15.347882958263042,22.4961306411068,19.818828729863824
5427,C=C/C=C/CC=C,13902,O=CC(=O)c1cnccn1,17791,[H]C1=C([H])C([H])(C([H])([H])C([H])=C([H])[H])OC([H])(C(=O)c2nc([H])c([H])nc2[H])C1([H])[H],0,0 3 1 0 17 0,3,24.572536919749776,11.058444409538858,26.20406025635033,16.222435609712498,12.298213321675718,28.520648931388216,0.0014424725145127,0.0112261138565483,0.0040805939558946,0.0112261138565483,-8.338153291358033,0.0116009684000339,0.0102162377502728,0.0377365944450562,-6.897985897871344,-7.000978828398431,-8.192407270051675,24.684016520549555,23.48942354151047
6003,C=C/C=C/CC=C,13902,O=NC(F)(F)F,17917,[H]C1=C([H])C([H])(C([H])([H])C([H])=C([H])[H])ON(C(F)(F)F)C1([H])[H],0,0 3 1 0 17 0,3,18.241527301359064,4.845444378289008,23.591025737725914,15.674244309414128,1.2025831808220635,16.87682749023619,1.18461062861562e-05,1.4739788012036754e-05,0.00015129201802,1.4739788012036754e-05,-20.83914285050978,4.836091981207089e-05,0.0010259059464738,0.0001296972092462,-21.27017260467231,-19.583221470741684,-22.54558097523868,16.49310650928299,13.339814212467246
6010,C=C/C=C/CC=C,13902,O=NCNCCO,17920,[H]OC([H])([H])C([H])([H])N([H])C([H])([H])N1OC([H])(C([H])([H])C([H])=C([H])[H])C([H])=C([H])C1([H])[H],1,0 3 1 0 17 1,2,22.1684873153594,2.822221313979417,19.28847209990021,16.00819342712878,6.833061594050676,22.841255021179457,0.003086197276945,0.031247570424151,0.0035466048054369,0.031247570424151,-10.428963685037871,0.0024200277547945,0.0237594619398941,0.0071057997159174,-10.140703247175004,-9.245364971480504,-10.625504960247357,20.423438612420465,20.29934500299096
6067,C=C/C=C/CC=C,13902,O=Nc1ccc(N=O)cc1,17931,[H]C1=C([H])C([H])(C([H])([H])C([H])=C([H])[H])ON(c2c([H])c([H])c(N=O)c([H])c2[H])C1([H])[H],0,0 3 1 0 17 0,3,25.00059794113467,4.620476988582597,19.456453233353496,15.642899041232612,7.481927066622223,23.12482610785484,0.0015133645808043,0.005400078474191,0.0029561070907798,0.005400078474191,-13.513214401851364,0.0059985272699712,0.002417906352909,0.0118622178969538,-11.63050672377279,-12.416988952486086,-8.534123843161346,25.26407680078558,23.33857767434456
6099,C=C/C=C/CC=C,13902,O=Nc1cccnc1N=O,17932,[H]C1=C([H])C([H])(C([H])([H])C([H])=C([H])[H])ON(c2nc([H])c([H])c([H])c2N=O)C1([H])[H],0,0 3 8 9 17 0,17,23.325456954537184,4.008079623691234,22.92558398608794,15.725432172485055,5.913963227646935,21.639395400131992,0.0078043453545012,0.0094422704892226,0.0068826864427703,0.0094422704892226,-13.849209221976023,0.0373520689035711,0.0142919723582247,0.0436417187273571,-8.547860562512355,-11.998354113560254,-12.772419841677156,19.96550928610502,17.984488946198102
8512,C=C/C=C/CC=C,13902,N#CC(=N)C(=N)C#N,13033,[H]N=C(C#N)C1(C#N)N([H])C([H])(C([H])([H])C([H])=C([H])[H])C([H])=C([H])C1([H])[H],0,0 3 4 5 17 0,9,24.1982945205405,11.658686966075452,25.81910509015323,15.72661695729211,10.21086767245022,25.93748462974233,0.0115587766990464,0.0043911111854063,0.014500891793485,0.0043911111854063,-14.295735943391882,0.0045172620654572,0.036043720305902,0.02376045487634,-14.45844446381279,-13.64899947052706,-13.502066658131485,24.859313928273743,23.09766516659526
9160,C=C/C=C/CC=C,13902,C/N=C(\C#N)C(=O)C(=O)O,13744,[H]OC(=O)C1(/C(C#N)=N/C([H])([H])[H])OC([H])(C([H])([H])C([H])=C([H])[H])C([H])=C([H])C1([H])[H],1,0 3 5 6 17 1,8,24.319890100419528,13.351549068201596,32.52434212882673,16.828683364343274,5.79893901405206,22.627622378395333,0.0064914865817068,0.009894436167796,0.0297361991903357,0.009894436167796,-6.961488891127466,0.0051434917917062,0.0289778417787726,0.0384645629164891,-7.51609902669427,-6.083045701623078,-9.828903603356544,21.565736563675586,19.880209833901795
9416,C=C/C=C/CC=C,13902,C1=NCC2=CC=NC2=N1,13799,[H]C1=NC([H])([H])C23C(=N1)N=C([H])C2([H])C([H])(C([H])([H])C([H])=C([H])[H])C([H])=C([H])C3([H])[H],1,0 3 3 4 17 1,0,20.712649306141618,10.53442507992177,22.693752595115765,15.636490591616822,7.931036433009506,23.56752702462633,0.0248379664282649,0.0328560527285943,0.0320073364711844,0.0328560527285943,-17.161606777323485,0.0281450047469669,0.0514319223725435,0.0445097559334305,-17.288976774628253,-16.92244672713062,-16.55364243704964,24.4886435423798,21.379708927295283
885,C=C/C=C/CCC(=O)OC,13903,N#CC(C#N)N=O,16602,[H]C1=C([H])C([H])(C([H])([H])C([H])([H])C(=O)OC([H])([H])[H])ON(C([H])(C#N)C#N)C1([H])[H],0,0 3 5 6 22 0,9,23.646316101171674,8.263817132332864,25.812818360937506,17.539477818167427,6.107685894627814,23.64716371279524,0.0028902952749005,0.0016889460201291,0.0002116550781659,0.0016889460201291,-10.609023582598605,0.0210463635672547,0.0177223021605182,0.0011941111219929,-7.942049959699133,-10.491122663379173,-8.50266286140193,21.00844276702021,19.03248417367631
2842,C=C/C=C/CCC(=O)OC,13903,N[C@H]1N=CN=C2N=NC=C21,17093,[H]C1=N[C@]([H])(N([H])[H])C23C(=N1)N=NC2([H])C([H])(C([H])([H])C([H])([H])C(=O)OC([H])([H])[H])C([H])=C([H])C3([H])[H],0,0 3 9 8 22 0,3,20.866684523684672,12.069405587892772,24.468588354546085,17.533599233683592,7.88894202160148,25.422541255285072,0.0268615759072681,0.0371422354046935,0.0281896791433673,0.0371422354046935,-19.891850129188384,0.0347652991117849,0.1267691064627133,0.0614990893980613,-19.07600364492731,-17.3557789925137,-16.374517481597543,24.35735708968044,22.70971415254997
4442,C=C/C=C/CCC(=O)OC,13903,O=C1C=C(C(F)(F)F)N=N1,17526,[H]C1=C([H])C([H])(C([H])([H])C([H])([H])C(=O)OC([H])([H])[H])C2([H])C(=O)N=NC2(C(F)(F)F)C1([H])[H],0,0 3 3 2 22 0,3,19.12234460382585,11.34527881287805,24.14461604700796,17.312986357960348,4.354948538798887,21.667934896759235,3.3688299030639816e-05,0.0098234591959235,0.0079143224808039,0.0098234591959235,-33.15523202304242,0.001702023471379,0.0160234223357397,0.0097410569567105,-30.7397339713292,-28.6670073733035,-22.487639289165102,23.31153560125172,21.828240580518365
4476,C=C/C=C/CCC(=O)OC,13903,O=C1C=CC(=O)C(F)=C1,17533,[H]C1=C(F)C(=O)C2([H])C([H])(C1=O)C([H])([H])C([H])=C([H])C2([H])C([H])([H])C([H])([H])C(=O)OC([H])([H])[H],0,0 3 2 3 22 0,1,21.8328114380804,11.583254228966648,24.707884829874523,16.948899471778766,8.051923107274863,25.00082257905363,0.0534563560987951,0.0406488013916461,0.1328806153036537,0.0406488013916461,-16.50051565262222,0.0862136457773236,0.0719628564663059,0.2921898064705232,-16.62161796228837,-17.388897652367042,-14.19252858900797,24.01876160919196,21.579111564578056
5117,C=C/C=C/CCC(=O)OC,13903,O=C1N=C(O)C(=O)C(=O)N1,17697,[H]OC1=NC(=O)N([H])C(=O)C12OC([H])(C([H])([H])C([H])([H])C(=O)OC([H])([H])[H])C([H])=C([H])C2([H])[H],1,0 3 5 6 22 1,8,25.815292258793217,13.717322957728854,35.583069455285724,17.81946560941122,3.998647710855337,21.81811332026656,0.0100355312131458,0.0116679877273311,0.0883265749992222,0.0116679877273311,-5.980452985102531,0.0228562265136452,0.0166133465795109,0.4710992550203549,-7.027288193448975,-4.187334042276465,-5.700945987103182,20.91320312295121,20.33791768662765
5158,C=C/C=C/CCC(=O)OC,13903,O=C1N=CC2=CC=NC2=N1,17702,[H]C1=NC(=O)N=C2N=C([H])C3([H])C12C([H])([H])C([H])=C([H])C3([H])C([H])([H])C([H])([H])C(=O)OC([H])([H])[H],1,0 3 4 5 22 1,0,22.15317448339656,11.5946012789135,27.95327110822901,17.08999578903974,4.236394571928386,21.326390360968126,0.0082430240097558,0.0355782454970561,0.0174942616722113,0.0355782454970561,-19.987298029467368,0.0292473222820562,0.0803426391733087,0.0120390947955802,-18.940721925021457,-19.12931186709813,-16.688927776630123,21.899024904478484,16.801697118897565
5211,C=C/C=C/CCC(=O)OC,13903,O=C1N=NC(C2CC2)=N1,17707,[H]C1=C([H])C([H])(C([H])([H])C([H])([H])C(=O)OC([H])([H])[H])n2c(=O)nc(C3([H])C([H])([H])C3([H])[H])n2C1([H])[H],1,0 3 3 2 22 1,5,24.44967373894182,7.98951660867878,26.719833091418543,17.059747516603057,7.898232616619715,24.95798013322277,0.0039531966131911,0.0072047541776025,0.0006671643158976,0.0072047541776025,-13.080216947311378,0.0055903899775333,0.0400265516649758,0.0027638246007656,-7.380605389955598,-10.801784226461931,-7.121823525384947,22.280749550929382,20.97065859238373
5220,C=C/C=C/CCC(=O)OC,13903,O=C1N=Nc2ccccc21,17709,[H]C1=C([H])C([H])(C([H])([H])C([H])([H])C(=O)OC([H])([H])[H])n2c3c([H])c([H])c([H])c([H])c3c(=O)n2C1([H])[H],1,0 3 2 3 22 1,4,23.50183918618216,5.4261811152605794,25.43031039432729,17.170251203893088,6.346782536375525,23.51703374026861,0.0189243272495901,0.0310602388883035,0.0028946155780371,0.0310602388883035,-15.511226500471238,0.0659321849591086,0.079806864097163,0.0065454257775591,-10.274258916573809,-14.007169687878664,-10.1162734897553,21.561387072797043,20.84578011431541
6003,C=C/C=C/CCC(=O)OC,13903,O=NC(F)(F)F,17917,[H]C1=C([H])C([H])(C([H])([H])C([H])([H])C(=O)OC([H])([H])[H])ON(C(F)(F)F)C1([H])[H],0,0 3 1 0 22 0,3,19.90158239448652,7.289830715411454,25.03200586154028,17.421294982025636,2.38622972310812,19.807524705133755,5.955439667120571e-05,4.541966406953021e-05,0.0001357776475655,4.541966406953021e-05,-18.13086363749508,0.0001249901093583,0.000832009135094,0.00058204293392,-16.894801185090195,-14.872524668050744,-15.002187398525272,18.70564445462557,16.366534153565105
6099,C=C/C=C/CCC(=O)OC,13903,O=Nc1cccnc1N=O,17932,[H]C1=C([H])C([H])(C([H])([H])C([H])([H])C(=O)OC([H])([H])[H])ON(c2nc([H])c([H])c([H])c2N=O)C1([H])[H],0,0 3 8 9 22 0,17,25.103063919587893,5.6779012314334185,24.42424243848184,17.354364076574015,6.615513212891887,23.969877289465902,0.0080987712771309,0.0082895568785208,0.007264575297773,0.0082895568785208,-8.27330451186181,0.0437702485445135,0.0416510108954278,0.07034099072342,-4.07481930113336,-8.527627704534751,-6.427614369266532,23.92709049359341,22.96531654946835
6802,C=C/C=C/CCC(=O)OC,13903,OCC1=Cc2ccccc21,18025,[H]OC([H])([H])C12c3c([H])c([H])c([H])c([H])c3C1([H])C([H])(C([H])([H])C([H])([H])C(=O)OC([H])([H])[H])C([H])=C([H])C2([H])[H],1,0 3 2 3 22 1,0,15.78335279737114,11.019546320690484,19.195660258037783,16.679369706316304,6.198671525234836,22.87804123155114,0.0334718226652937,0.0547903484146399,0.1508156725752886,0.0547903484146399,-35.38205724349619,0.2312614128963293,0.1108257901922595,0.6230178509048373,-34.2482999259302,-36.59689653953824,-36.63674465062614,23.475717894857347,23.982573949245047
884,C=C/C=C\C(CC)CC,13905,N#CC(C#N)N=O,16602,[H]C1=C([H])C([H])(C([H])(C([H])([H])C([H])([H])[H])C([H])([H])C([H])([H])[H])ON(C([H])(C#N)C#N)C1([H])[H],1,0 3 5 6 25 1,8,28.143727264681537,6.509584266103959,24.1942731615527,16.517519020463766,10.490798309498556,27.00831732996232,0.005240695729372,0.0048240956207096,6.832761312641848e-05,0.0048240956207096,-10.376214676065253,0.0785881114092709,0.0194267371450806,0.0002761834279822,-11.246153501353769,-11.274779691127584,-10.429073130918397,23.952367356600764,21.38673294054556
5118,C=C/C=C\C(CC)CC,13905,O=C1N=C(O)C(=O)C(=O)N1,17697,[H]OC1=NC(=O)N([H])C(=O)C12OC([H])(C([H])(C([H])([H])C([H])([H])[H])C([H])([H])C([H])([H])[H])C([H])=C([H])C2([H])[H],0,0 3 5 6 25 0,9,29.47324886669215,11.0759559607686,32.20312739864101,16.86737246011723,7.875748252160562,24.7431207122778,0.0647561583988289,0.0140503899984397,0.0231800258283737,0.0140503899984397,-6.525265814498589,0.0336245106624788,0.0152916818451821,0.0928543565175346,-6.510857397209399,-4.797709584505579,-8.839501712928232,22.41434464040488,21.39589756828874
5158,C=C/C=C\C(CC)CC,13905,O=C1N=CC2=CC=NC2=N1,17702,[H]C1=NC(=O)N=C2N=C([H])C3([H])C12C([H])([H])C([H])=C([H])C3([H])C([H])(C([H])([H])C([H])([H])[H])C([H])([H])C([H])([H])[H],1,0 3 4 5 25 1,0,26.17360805096897,11.410924094203772,25.40453642782612,16.569775465315765,11.589394772695249,28.15917023801101,0.0110166189754741,0.0210382883216732,0.0038580641186575,0.0210382883216732,-16.97674427132837,0.0428000099488534,0.0392520113281125,0.0075898726164649,-17.504642310730524,-18.078349874694844,-17.413195338720307,25.41785794909921,20.26069068794184
5211,C=C/C=C\C(CC)CC,13905,O=C1N=NC(C2CC2)=N1,17707,[H]C1=C([H])C([H])(C([H])(C([H])([H])C([H])([H])[H])C([H])([H])C([H])([H])[H])n2c(=O)nc(C3([H])C([H])([H])C3([H])[H])n2C1([H])[H],1,0 3 3 2 25 1,5,27.263486246527386,6.770242201432132,23.85079711827752,16.559579833300745,13.167222124272747,29.726801957573493,0.0049123193766888,0.0054932324955516,0.0002526055502319,0.0054932324955516,-15.048487749569198,0.004005923176715,0.0495559193871451,0.0009198996075511,-8.409017428935066,-13.041406455540532,-12.53413425723906,24.063116674081847,22.27439163155933
6002,C=C/C=C\C(CC)CC,13905,O=NC(F)(F)F,17917,[H]C1=C([H])C([H])(C([H])(C([H])([H])C([H])([H])[H])C([H])([H])C([H])([H])[H])ON(C(F)(F)F)C1([H])[H],1,0 3 1 0 25 1,2,23.677731814629187,5.185916888599119,21.95222412943841,16.251144873196527,8.316036033155655,24.56718090635218,1.3919717178183856e-05,1.1102345986983333e-05,1.689528535953735e-06,1.1102345986983333e-05,-17.491726085447667,0.0037207582056535,0.0003413009766056,0.0001102670125889,-15.289981375869855,-16.717935132587108,-16.4096598544455,22.20356918828164,18.727537281279314
4389,C=C/C=C\c1ccccc1,13906,N#CC(C#N)N=O,16602,[H]C1=C([H])C([H])(c2c([H])c([H])c([H])c([H])c2[H])ON(C([H])(C#N)C#N)C1([H])[H],0,0 3 5 6 20 0,9,26.36400743412537,7.599371244589086,24.013046452477298,16.142264260218624,11.347827750142006,27.49009201036063,0.001071924408432,0.001824578445478,7.951843050004293e-05,0.001824578445478,-9.02150911125397,0.0129060451199394,0.0071025797603174,0.0002007187569795,-8.957697195922478,-9.804855634242172,-9.60572339598869,25.589306785860373,23.416505047767643
25790,C=C/C=C\c1ccccc1,13906,O=C1N=CC2=CC=NC2=N1,17702,[H]C1=NC(=O)N=C2N=C([H])C3([H])C12C([H])([H])C([H])=C([H])C3([H])c1c([H])c([H])c([H])c([H])c1[H],1,0 3 4 5 20 1,0,23.93290805924517,10.898307838829636,25.36011181386281,15.877716346422414,10.016796098643972,25.894512445066383,0.0052429905516563,0.0247662499304104,0.0090611102148367,0.0247662499304104,-20.25770215509037,0.0115391918997238,0.0509757687529787,0.0039203709374253,-20.90243017549845,-19.94665013617428,-19.82726213014096,24.79455909696477,20.03613064367632
26035,C=C/C=C\c1ccccc1,13906,O=C1N=NC(C2CC2)=N1,17707,[H]C1=C([H])C([H])(c2c([H])c([H])c([H])c([H])c2[H])n2c(=O)nc(C3([H])C([H])([H])C3([H])[H])n2C1([H])[H],1,0 3 3 2 20 1,5,26.057278940735355,7.043349902521788,24.649679231187093,15.990532323755325,14.31197232288713,30.30250464664245,0.0040582379782189,0.0070059481047803,0.0009430769529715,0.0070059481047803,-14.48035969421339,0.0015640150224009,0.016981418588767,0.0004536708023915,-6.932260976438492,-10.705840738879644,-9.60054293697516,24.96834469883588,23.42207890358359
30003,C=C/C=C\c1ccccc1,13906,O=NC(F)(F)F,17917,[H]C1=C([H])C([H])(c2c([H])c([H])c([H])c([H])c2[H])ON(C(F)(F)F)C1([H])[H],0,0 3 1 0 20 0,3,22.9118118620695,6.738365772674927,23.584278623072382,15.9446866435857,7.363927974356162,23.308614617941863,6.686984782258887e-05,4.61360569144244e-05,3.826621025714164e-05,4.61360569144244e-05,-16.73408582228401,6.700142122684213e-05,0.000978721341674,0.0001672890104856,-17.43706780469615,-14.33455519950772,-15.780954060346346,23.53736612258584,21.47779583495499
885,C=CC(=C)CCC=C(C)C,13947,N#CC(C#N)N=O,16602,[H]C1=C(C([H])([H])C([H])([H])C([H])=C(C([H])([H])[H])C([H])([H])[H])C([H])([H])ON(C([H])(C#N)C#N)C1([H])[H],0,0 3 5 6 26 0,9,23.189232566083497,8.175368263955608,22.79221751904131,15.350307749849849,8.094919427232579,23.44522717708243,0.004008497677613,0.0013940777093212,0.0002839757746348,0.0013940777093212,-13.90926602337644,0.0189490599074781,0.0084204882497326,0.000714758053026,-14.292734783113625,-13.83823100193684,-13.081295888927649,21.52081564349629,17.86877595056861
2842,C=CC(=C)CCC=C(C)C,13947,N[C@H]1N=CN=C2N=NC=C21,17093,[H]C1=N[C@]([H])(N([H])[H])C23C(=N1)N=NC2([H])C([H])([H])C(C([H])([H])C([H])([H])C([H])=C(C([H])([H])[H])C([H])([H])[H])=C([H])C3([H])[H],0,0 3 9 8 26 0,3,19.48190663569149,10.192690046487495,22.536402180329134,16.100859585392477,7.734688817924258,23.835548403316736,0.0436623436781535,0.0214676902355642,0.0155702167971566,0.0214676902355642,-24.5930886248164,0.0668980109573776,0.0804437602712083,0.07057773052016,-24.026121430654086,-22.816954016425942,-24.095120117696595,22.310756253765803,20.06137815855023
3770,C=CC(=C)CCC=C(C)C,13947,Nc1nc2n(n1)[C@@H](N)N=N2,17299,[H]C1=C(C([H])([H])C([H])([H])C([H])=C(C([H])([H])[H])C([H])([H])[H])C([H])([H])N2N(c3nc(N([H])[H])nn3[C@@]2([H])N([H])[H])C1([H])[H],1,0 3 9 8 26 1,5,24.53292454275265,6.4863218107963085,23.15259824772371,16.31348728029802,11.73975836660695,28.05324564690497,5.025837562665872e-05,0.0045047071358886,0.0006261124623599,0.0045047071358886,-11.286971676948587,0.0054228407630393,0.015032531627246,0.0004117181631401,-10.940992498014433,-9.869935151640696,-10.680586109551392,24.197510321889222,23.9535127761837
4442,C=CC(=C)CCC=C(C)C,13947,O=C1C=C(C(F)(F)F)N=N1,17526,[H]C1=C(C([H])([H])C([H])([H])C([H])=C(C([H])([H])[H])C([H])([H])[H])C([H])([H])C2([H])C(=O)N=NC2(C(F)(F)F)C1([H])[H],0,0 3 3 2 26 0,3,17.428493362176578,10.11390115727989,22.301807529972383,15.696617690617346,4.696111247877841,20.39272893849519,5.6115618764371135e-05,0.0090577279937858,0.002726748212501,0.0090577279937858,-37.493138168962346,0.0056180093131853,0.0127415849591155,0.0120800796653602,-35.1193649628063,-34.67482674410419,-30.450530796010824,22.39383027343337,20.450229693325856
4476,C=CC(=C)CCC=C(C)C,13947,O=C1C=CC(=O)C(F)=C1,17533,[H]C1=C(F)C(=O)C2([H])C([H])(C1=O)C([H])([H])C([H])=C(C([H])([H])C([H])([H])C([H])=C(C([H])([H])[H])C([H])([H])[H])C2([H])[H],0,0 3 2 3 26 0,1,21.8761100504012,10.075387938554575,23.99032523165088,15.43762771681223,8.446454329247729,23.88408204605996,0.0498473375817682,0.013153650421798,0.1519036707177982,0.013153650421798,-21.113455643954403,0.1723247590792631,0.0692658190414092,0.1303890519077282,-20.02865204415845,-23.1480346477046,-21.70295307707771,22.82922261732901,19.37529550661146
4484,C=CC(=C)CCC=C(C)C,13947,O=C1C=CC(=O)N1C1CC1,17534,[H]C1=C(C([H])([H])C([H])([H])C([H])=C(C([H])([H])[H])C([H])([H])[H])C([H])([H])C2([H])C(=O)N(C3([H])C([H])([H])C3([H])[H])C(=O)C2([H])C1([H])[H],0,0 3 2 3 26 0,1,20.06058862153819,8.66338402826967,20.55904268025262,15.469607566042042,8.724225501222172,24.19383306726421,0.0025720029430496,0.0070964411322532,0.0198360591640744,0.0070964411322532,-24.712054427015502,0.0286462687861389,0.0556594115562011,0.059734146649982,-24.26456664937212,-24.855550362822527,-23.94840275175009,24.423070874171103,22.85944110499208
4486,C=CC(=C)CCC=C(C)C,13947,O=C1C=CC(=O)N1CO,17535,[H]OC([H])([H])N1C(=O)C2([H])C([H])(C1=O)C([H])([H])C(C([H])([H])C([H])([H])C([H])=C(C([H])([H])[H])C([H])([H])[H])=C([H])C2([H])[H],0,0 3 2 3 26 0,1,19.73496582227108,8.22973273180509,21.12142110147793,15.58285345301692,7.838038643867527,23.420892096884447,0.0067277312424045,0.0056982416007783,0.0197166457689086,0.0056982416007783,-25.425630559838467,0.01499571018819,0.0680635448595554,0.0655245056907055,-26.084194818068035,-26.937192109183847,-26.47929382999871,24.28388610454821,23.18405846456444
4574,C=CC(=C)CCC=C(C)C,13947,O=C1C=c2ccccc2=N1,17550,[H]C1=C([H])C([H])=C([H])C23C1=NC(=O)C2([H])C([H])([H])C(C([H])([H])C([H])([H])C([H])=C(C([H])([H])[H])C([H])([H])[H])=C([H])C3([H])[H],0,0 3 3 2 26 0,3,22.33312210528531,11.655837491456577,23.962079409611864,15.512519012633978,11.173470113313162,26.68598912594714,0.0431072824302305,0.0498407285597505,0.0259017890116634,0.0498407285597505,-13.271049690467784,0.2656550273323698,0.127502386660073,0.0831083639924002,-12.39208058505075,-11.986134004149063,-17.57366757523868,25.627600433214152,23.885281163750417
5118,C=CC(=C)CCC=C(C)C,13947,O=C1N=C(O)C(=O)C(=O)N1,17697,[H]OC1=NC(=O)N([H])C(=O)C12OC([H])([H])C(C([H])([H])C([H])([H])C([H])=C(C([H])([H])[H])C([H])([H])[H])=C([H])C2([H])[H],0,0 3 5 6 26 0,9,25.099107481337704,12.50274668837146,31.52779864422058,16.081073944294793,6.897333697097146,22.97840764139194,0.0321531941234351,0.007281569990805,0.0365545528404584,0.007281569990805,-8.419156693889484,0.038433787468268,0.0071038558648187,0.0545686058741536,-9.20906461704213,-7.642920485941786,-8.11358368563635,21.23637485577884,19.593943091304016
5158,C=CC(=C)CCC=C(C)C,13947,O=C1N=CC2=CC=NC2=N1,17702,[H]C1=NC2=NC(=O)N=C([H])C23C1([H])C([H])([H])C(C([H])([H])C([H])([H])C([H])=C(C([H])([H])[H])C([H])([H])[H])=C([H])C3([H])[H],1,0 3 4 5 26 1,0,21.70813257578108,9.860433756028083,26.71846395987297,15.53177885822512,5.157962447267941,20.68974130549305,0.0159551522200429,0.0181196204604189,0.0121310249438605,0.0181196204604189,-23.87205383569787,0.0707546831613208,0.0526850347909087,0.0230873121504722,-21.47263032365925,-24.06456863182488,-24.07005896373135,19.555496139533265,12.795603420785714
5211,C=CC(=C)CCC=C(C)C,13947,O=C1N=NC(C2CC2)=N1,17707,[H]C1=C(C([H])([H])C([H])([H])C([H])=C(C([H])([H])[H])C([H])([H])[H])C([H])([H])n2c(=O)nc(C3([H])C([H])([H])C3([H])[H])n2C1([H])[H],1,0 3 3 2 26 1,5,23.86272043580768,7.868486568743425,26.11230716262573,15.705912431574513,8.7072321052426,24.41314453681711,0.0035181502732981,0.0046587123009201,0.0007461012301943,0.0046587123009201,-16.446348281656505,0.0095617230938383,0.0346691854617821,0.0010436310039453,-12.133792798380178,-15.976705102790213,-13.871033039468289,20.8108132799844,19.149361856882805
5220,C=CC(=C)CCC=C(C)C,13947,O=C1N=Nc2ccccc21,17709,[H]C1=C(C([H])([H])C([H])([H])C([H])=C(C([H])([H])[H])C([H])([H])[H])C([H])([H])n2c3c([H])c([H])c([H])c([H])c3c(=O)n2C1([H])[H],1,0 3 2 3 26 1,4,23.403903597237505,5.174768148082586,23.9780230384192,15.820786275442323,7.768534948657809,23.58932122410013,0.0121851616666333,0.01440462174839,0.0039328026281589,0.01440462174839,-19.64707640813466,0.0736349451200212,0.0741497105940326,0.0014192683711005,-15.81997145171946,-18.436531894234847,-17.768193118576022,20.38926276436824,20.20398498680328
5235,C=CC(=C)CCC=C(C)C,13947,O=C1NC(=O)C2=C1CCC2,17711,[H]C1=C(C([H])([H])C([H])([H])C([H])=C(C([H])([H])[H])C([H])([H])[H])C([H])([H])C23C(=O)N([H])C(=O)C2(C([H])([H])C([H])([H])C3([H])[H])C1([H])[H],0,0 3 5 6 26 0,1,18.71313082791792,10.652261665858688,20.113973617071448,16.03362227627381,8.898169006354575,24.931791282628385,0.0184753107399216,0.0026614549791389,0.0492577816151826,0.0026614549791389,-26.244667163368582,0.0456582032349226,0.0041794444773224,0.0957216590252223,-25.78573379195953,-26.061127961316508,-24.02900731356037,24.389056741812663,22.79315675907317
5324,C=CC(=C)CCC=C(C)C,13947,O=C1NCN=C2N=CN=C12,17733,[H]C1=NC2=NC([H])([H])N([H])C(=O)C23N1C([H])([H])C(C([H])([H])C([H])([H])C([H])=C(C([H])([H])[H])C([H])([H])[H])=C([H])C3([H])[H],1,0 3 9 8 26 1,14,23.4836112300144,10.892126846302832,25.40913549469852,16.117986880999645,8.647475466143689,24.76546234714333,0.010031330433304,0.0077010625082032,0.0059942234275459,0.0077010625082032,-16.30611206040954,0.0166732386488287,0.0728006787627423,0.0335860844593362,-16.821608899597713,-15.259154614709878,-15.56584915544792,24.912325387442447,23.68308549194261
6003,C=CC(=C)CCC=C(C)C,13947,O=NC(F)(F)F,17917,[H]C1=C(C([H])([H])C([H])([H])C([H])=C(C([H])([H])[H])C([H])([H])[H])C([H])([H])ON(C(F)(F)F)C1([H])[H],0,0 3 1 0 26 0,3,19.485962681225104,6.859545944235196,22.458483950134728,15.386204206533424,4.479072290521504,19.86527649705493,0.0001715933270152,3.5478779101365814e-05,4.039648402763274e-05,3.5478779101365814e-05,-21.25702941468916,0.0001158993373257,0.0005907851356854,0.0002309899223771,-21.7096035684745,-19.38990669878183,-18.794917534760152,18.813824633024552,16.276896244260335
6009,C=CC(=C)CCC=C(C)C,13947,O=NCNCCO,17920,[H]OC([H])([H])C([H])([H])N([H])C([H])([H])N1OC([H])([H])C([H])=C(C([H])([H])C([H])([H])C([H])=C(C([H])([H])[H])C([H])([H])[H])C1([H])[H],0,0 3 0 1 26 0,1,23.264844337885062,5.389943019123166,17.24395703557198,15.821847754176869,9.1176193573972,24.939467111574068,0.0003960729941712,0.0218111893250573,0.0004331128829265,0.0218111893250573,-11.031593407922657,0.0111113463078811,0.0122189940504526,0.0005858306700743,-9.301974900372706,-9.84384083203561,-9.968594703328309,24.041487287769428,23.133255065660485
6100,C=CC(=C)CCC=C(C)C,13947,O=Nc1cccnc1N=O,17932,[H]C1=C(C([H])([H])C([H])([H])C([H])=C(C([H])([H])[H])C([H])([H])[H])C([H])([H])N(c2nc([H])c([H])c([H])c2N=O)OC1([H])[H],1,0 3 9 8 26 1,18,26.008269650198148,5.933652128018915,23.22312144546959,15.81124197770514,9.641289016462188,25.45253099416733,0.0250071858555467,0.0134167175162106,0.0229625295493778,0.0134167175162106,-9.719275634632773,0.0979080264579767,0.1185002084190833,0.0335194415077555,-6.670794187436719,-10.261637851363687,-8.967579810358956,23.37592700102028,22.14742429981955
9163,C=CC(=C)CCC=C(C)C,13947,C/N=C(\C#N)C(=O)C(=O)O,13744,[H]OC(=O)C1(/C(C#N)=N/C([H])([H])[H])OC([H])([H])C([H])=C(C([H])([H])C([H])([H])C([H])=C(C([H])([H])[H])C([H])([H])[H])C1([H])[H],0,0 3 6 5 26 0,11,25.380488227882672,12.808171060137589,30.59075760382048,16.743080121749664,9.94338983849996,26.686469960249624,0.1116730454679798,0.0989372888574585,0.1188410614245837,0.0989372888574585,-8.443019217014296,0.0754167171079721,0.0892807310377724,0.1178344271230537,-7.337667268132741,-7.197037951421372,-10.417045979021792,23.16692817323872,23.38749633544328
9416,C=CC(=C)CCC=C(C)C,13947,C1=NCC2=CC=NC2=N1,13799,[H]C1=NC([H])([H])C23C(=N1)N=C([H])C2([H])C([H])([H])C(C([H])([H])C([H])([H])C([H])=C(C([H])([H])[H])C([H])([H])[H])=C([H])C3([H])[H],1,0 3 3 4 26 1,0,21.21547719346965,10.423514865690382,22.60365906010484,15.423373866669758,8.638870975054019,24.06224484172377,0.0386489399803669,0.01635257347927,0.0187377054699572,0.01635257347927,-20.52632431066877,0.0662064072865664,0.0952972535151509,0.1046102835192771,-20.90968454418104,-20.56024516829585,-20.33798248074215,24.51362516252796,22.611557488880905
10320,C=CC(=O)C=C,13948,O=C1N=CC2=CC=NC2=N1,17702,[H]C1=NC(=O)N=C2N=C([H])C3([H])C12OC(C([H])=C([H])[H])=C([H])C3([H])[H],1,3 5 4 5 12 1,4,18.26221227258084,11.03270421775118,18.83901481767836,15.363176285931528,10.403317177405654,25.76649346333718,0.0056260613901979,0.0086002199122058,0.0048606263881292,0.0086002199122058,-5.60506959414397,0.0165299023582339,0.0288826646766324,0.0050395803601828,-7.591440332773651,-6.508283093675548,-6.594211968659863,25.35991009149272,21.275303979797844
885,C=CC=C1CCCCC1,13988,N#CC(C#N)N=O,16602,[H]C1=C([H])C2(ON(C([H])(C#N)C#N)C1([H])[H])C([H])([H])C([H])([H])C([H])([H])C([H])([H])C2([H])[H],0,0 3 5 6 23 0,9,23.477838649421976,6.534267317152379,24.66400690848517,16.594265223648716,6.3214140923882205,22.915679316036936,0.0008917098365375,0.0037759922152485,0.000138951370136,0.0037759922152485,-16.32315113608125,0.0106826925287365,0.0180395433129328,0.0006074184952192,-14.57431330797597,-15.58571814124111,-17.226090059831712,21.243338749961246,18.91915991492403
2842,C=CC=C1CCCCC1,13988,N[C@H]1N=CN=C2N=NC=C21,17093,[H]C1=N[C@]([H])(N([H])[H])C23C(=N1)N=NC2([H])C1(C([H])=C([H])C3([H])[H])C([H])([H])C([H])([H])C([H])([H])C([H])([H])C1([H])[H],0,0 3 9 8 23 0,3,21.42920720713144,10.689352371029464,23.347621033899923,16.886433244072315,10.215063751216398,27.10149699528872,0.055659594825902,0.0762127364267335,0.0282640136529567,0.0762127364267335,-22.287152283659232,0.0388125322881298,0.0919287297607504,0.1052529207554859,-20.369338308181653,-19.11688805738327,-20.06966751748194,25.272548690893952,23.20703294485888
3770,C=CC=C1CCCCC1,13988,Nc1nc2n(n1)[C@@H](N)N=N2,17299,[H]C1=C([H])C2(N3N(c4nc(N([H])[H])nn4[C@@]3([H])N([H])[H])C1([H])[H])C([H])([H])C([H])([H])C([H])([H])C([H])([H])C2([H])[H],1,0 3 9 8 23 1,5,25.25920295112921,5.267109738275087,24.31140213518902,17.013552821467123,11.23218589455682,28.245738716023943,4.9783900972087365e-06,0.0066121162122967,0.0013203618300308,0.0066121162122967,-10.441180924285092,0.0015851157192455,0.0102647129861,0.0009983670956511,-8.995770057541044,-7.01003310574843,-8.622239214830614,24.643617896219588,23.82576915791129
4442,C=CC=C1CCCCC1,13988,O=C1C=C(C(F)(F)F)N=N1,17526,[H]C1=C([H])C2(C([H])([H])C([H])([H])C([H])([H])C([H])([H])C2([H])[H])C2([H])C(=O)N=NC2(C(F)(F)F)C1([H])[H],0,0 3 3 2 23 0,3,19.30718999000737,10.281234697901397,23.01093598776214,16.69919762348904,6.5287653618629164,23.22796298535196,1.8784199918307523e-05,0.0195178668729281,0.0087899218138262,0.0195178668729281,-34.77808764867655,0.0035138595282048,0.0205677392833046,0.0090726528464444,-34.04883491351045,-30.3659206457408,-26.321288050219152,24.602420564216047,22.44226308834084
4478,C=CC=C1CCCCC1,13988,O=C1C=CC(=O)C(F)=C1,17533,[H]C1=C(F)C(=O)C2([H])C([H])(C1=O)C1(C([H])=C([H])C2([H])[H])C([H])([H])C([H])([H])C([H])([H])C([H])([H])C1([H])[H],0,0 3 3 2 23 0,3,22.755780361618704,10.888432405598312,24.62719209061504,16.4339535959372,9.903576981199414,26.33753057713661,0.0750091958844702,0.0660644175436414,0.0842240487961735,0.0660644175436414,-17.344244314004833,0.2329682704522481,0.0799091431311918,0.165375850998652,-18.239607763233664,-18.775276740821965,-17.08812239464524,24.9817087228289,21.85190527787148
5118,C=CC=C1CCCCC1,13988,O=C1N=C(O)C(=O)C(=O)N1,17697,[H]OC1=NC(=O)N([H])C(=O)C12OC1(C([H])=C([H])C2([H])[H])C([H])([H])C([H])([H])C([H])([H])C([H])([H])C1([H])[H],0,0 3 5 6 23 0,9,27.355829838694287,11.179928121013338,35.45171112761585,16.89347164323957,1.682952654704522,18.576424297944094,0.037959179475355,0.0406583826966121,0.0599583795847173,0.0406583826966121,-10.544526817651942,0.0512479746446599,0.0266765615343047,0.2598761439893767,-11.205086044668676,-8.60372415141881,-12.462927359063102,19.087316036780603,17.670730272557297
5158,C=CC=C1CCCCC1,13988,O=C1N=CC2=CC=NC2=N1,17702,[H]C1=NC(=O)N=C2N=C([H])C3([H])C12C([H])([H])C([H])=C([H])C31C([H])([H])C([H])([H])C([H])([H])C([H])([H])C1([H])[H],1,0 3 4 5 23 1,0,23.16758135603109,10.507573897380638,26.960805473345204,16.410030072569,6.290457333281484,22.700487405850485,0.013734688885521,0.078298543312225,0.0116094669851142,0.078298543312225,-21.092083644642585,0.0372806718271786,0.0711302237197899,0.0116362433467148,-20.339937038437785,-20.370032386597053,-19.79454024467983,22.99506621212997,16.78081493682628
5211,C=CC=C1CCCCC1,13988,O=C1N=NC(C2CC2)=N1,17707,[H]C1=C([H])C2(n3c(=O)nc(C4([H])C([H])([H])C4([H])[H])n3C1([H])[H])C([H])([H])C([H])([H])C([H])([H])C([H])([H])C2([H])[H],1,0 3 3 2 23 1,5,24.17732759250035,6.727223008254596,26.40683764967494,16.561941451449787,8.931631631663887,25.49357308311368,0.0019138783940635,0.021955305462803,0.0017569969043015,0.021955305462803,-16.816006023226258,0.0069210256816057,0.0330982107742955,0.0023289254864287,-11.52132242796128,-13.599683737073242,-14.669757311355012,21.13401394695012,19.39660236217133
5220,C=CC=C1CCCCC1,13988,O=C1N=Nc2ccccc21,17709,[H]C1=C([H])C2(n3c4c([H])c([H])c([H])c([H])c4c(=O)n3C1([H])[H])C([H])([H])C([H])([H])C([H])([H])C([H])([H])C2([H])[H],1,0 3 2 3 23 1,4,23.5995140550505,4.826910434963821,24.437334184332563,16.688343809998457,8.815475282448112,25.50381909244657,0.0053758081003523,0.0480326308606016,0.0037189834281636,0.0480326308606016,-20.260376826709383,0.0571906618304768,0.0349041007087635,0.0049781524692662,-15.379695901092616,-15.934206339540566,-16.343897760079038,20.989458312136804,20.62201938389075
5324,C=CC=C1CCCCC1,13988,O=C1NCN=C2N=CN=C12,17733,[H]C1=NC2=NC([H])([H])N([H])C(=O)C23N1C1(C([H])=C([H])C3([H])[H])C([H])([H])C([H])([H])C([H])([H])C([H])([H])C1([H])[H],1,0 3 9 8 23 1,14,24.825924254486605,10.24517836173865,26.8610710113539,16.952165158923382,8.271557278174942,25.223722437098324,0.0113293776405902,0.0600160292096688,0.0102242915215611,0.0600160292096688,-18.4108734188126,0.0150067084353082,0.0934999282733301,0.0491373500055195,-15.849814984573086,-13.555104849327895,-16.882877490310676,24.52283559403148,23.096837652213296
6003,C=CC=C1CCCCC1,13988,O=NC(F)(F)F,17917,[H]C1=C([H])C2(ON(C(F)(F)F)C1([H])[H])C([H])([H])C([H])([H])C([H])([H])C([H])([H])C2([H])[H],0,0 3 1 0 23 0,3,20.162058439675427,5.08784846370723,24.309635648463143,16.46395350581147,3.313862101821705,19.777815607633176,1.1527467980097618e-05,2.996076164682548e-05,9.943808841390892e-05,2.996076164682548e-05,-22.81873879071708,5.020782635408179e-05,0.0008539560936172,0.0004453382563554,-22.977537118359905,-20.449406957373967,-23.31904622591444,19.290721997651392,16.15445394375884
6010,C=CC=C1CCCCC1,13988,O=NCNCCO,17920,[H]OC([H])([H])C([H])([H])N([H])C([H])([H])N1OC2(C([H])=C([H])C1([H])[H])C([H])([H])C([H])([H])C([H])([H])C([H])([H])C2([H])[H],1,0 3 1 0 23 1,2,24.121729228742225,3.402071418867264,20.60807745986348,16.79687504528534,7.536360750598128,24.333235795883468,0.0014816324457812,0.0174316751333337,0.0014337908589742,0.0174316751333337,-12.034282898042846,0.0049722951932423,0.0202597484763899,0.0027283768048496,-11.1500958946364,-9.567025742225937,-11.280193118914,22.450465018428552,22.234840510731807
6099,C=CC=C1CCCCC1,13988,O=Nc1cccnc1N=O,17932,[H]C1=C([H])C2(ON(c3nc([H])c([H])c([H])c3N=O)C1([H])[H])C([H])([H])C([H])([H])C([H])([H])C([H])([H])C2([H])[H],0,0 3 8 9 23 0,17,24.6622455980116,4.138026811399021,23.612369447565744,16.523062928415413,7.2107694903052355,23.73383241872065,0.0062889110020848,0.0087468446325051,0.0024265169184152,0.0087468446325051,-14.693135449836952,0.0362629176872784,0.0343989439682507,0.0183511007632439,-10.482886520993482,-12.9859147923572,-14.19420255495058,22.130893914338163,20.59910163644011
9160,C=CC=C1CCCCC1,13988,C/N=C(\C#N)C(=O)C(=O)O,13744,[H]OC(=O)C1(/C(C#N)=N/C([H])([H])[H])OC2(C([H])=C([H])C1([H])[H])C([H])([H])C([H])([H])C([H])([H])C([H])([H])C2([H])[H],1,0 3 5 6 23 1,8,26.779506261310125,13.274180281678216,33.242377514579104,17.483676955373532,7.514548618471792,24.998225573845325,0.0173059739229831,0.0243074899792491,0.0097624242391892,0.0243074899792491,-8.072423242660037,0.0200290493361039,0.0742376158717426,0.018432514192948,-9.405077889718848,-7.412579886980611,-11.160345295986836,23.97224115202593,22.4205459930434
5681,C=Cc1c[nH]c(=O)cc1C,14092,N[C@H]1N=CN=C2N=NC=C21,17093,[H]C1=N[C@]([H])(N([H])[H])C23C(=N1)N=NC2([H])C1([H])C(=C([H])C3([H])[H])C(C([H])([H])[H])=C([H])C(=O)N1[H],0,0 3 9 8 19 0,3,18.057946601351983,13.299211669494188,25.484312338604227,16.629113414675626,7.625393182217689,24.254506596893314,0.0204165341555735,0.0158802229466187,0.0081863031930798,0.0158802229466187,-9.786167484623675,0.0222145152236656,0.0349959354548511,0.0296128010524928,-6.393400448902817,-7.217907977940694,-7.438978253148623,23.26176920432369,22.556247797510835
8881,C=Cc1c[nH]c(=O)cc1C,14092,O=C1C=C(C(F)(F)F)N=N1,17526,[H]C1=C(C([H])([H])[H])C2=C([H])C([H])([H])C3(C(F)(F)F)N=NC(=O)C3([H])C2([H])N([H])C1=O,0,0 3 3 2 19 0,3,16.42003010072206,12.740661867222046,24.77099072063537,16.293321566748542,5.134663148092884,21.427984714841426,8.693128564769469e-05,0.007549312098595,0.0017687312883905,0.007549312098595,-20.472713192937228,0.0025560821122368,0.0103199621800667,0.0056236883842258,-16.163793550831663,-16.488598441176045,-12.123219805418294,21.864839428085496,20.782447111262087
8971,C=Cc1c[nH]c(=O)cc1C,14092,O=C1C=CC(=O)N1CO,17535,[H]OC([H])([H])N1C(=O)C2([H])C3([H])C(=C([H])C([H])([H])C2([H])C1=O)C(C([H])([H])[H])=C([H])C(=O)N3[H],0,0 3 2 3 19 0,1,18.27894094719719,10.791449110652051,23.62285334433453,16.429855164705792,7.233977739265491,23.663832903971283,0.0138484830762163,0.0054896810062776,0.0054985653897507,0.0054896810062776,-9.042118006012238,0.020123278651932,0.0223680504939673,0.0253029052681907,-7.123769382896235,-10.019556301004116,-9.715825761471985,24.837955678060865,23.21725095575536
10316,C=Cc1c[nH]c(=O)cc1C,14092,O=C1N=CC2=CC=NC2=N1,17702,[H]C1=NC2=NC(=O)N=C([H])C23C1([H])C1([H])C(=C([H])C3([H])[H])C(C([H])([H])[H])=C([H])C(=O)N1[H],1,0 3 4 5 19 1,0,19.750359614736507,12.734825253298949,28.43252296138334,16.14993518995184,5.562619057193956,21.7125542471458,0.0052835850946938,0.0134680192209503,0.0044671904326941,0.0134680192209503,-7.62514374645675,0.0241981605609264,0.0352804258516258,0.0062835308851995,-6.408659921646475,-7.797951530890124,-8.00442727293752,21.351057595429072,17.761294667008613
8881,C=Cc1c[nH]c(=O)nc1N,14093,O=C1C=C(C(F)(F)F)N=N1,17526,[H]C1=C2C(N([H])[H])=NC(=O)N([H])C2([H])C2([H])C(=O)N=NC2(C(F)(F)F)C1([H])[H],0,0 3 3 2 17 0,3,17.195784816515854,12.587282944201167,23.15412627020009,15.82427411626974,7.3906506348611,23.21492475113084,2.37759418336621e-05,0.0043582410840349,0.0024864609475873,0.0043582410840349,-20.59974110865265,0.0002887815338544,0.0084504136100683,0.002616063937672,-17.73627142931751,-15.755945423011816,-11.159354492374668,23.458756533612984,22.078137592031823
10316,C=Cc1c[nH]c(=O)nc1N,14093,O=C1N=CC2=CC=NC2=N1,17702,[H]C1=NC2=NC(=O)N=C([H])C23C1([H])C1([H])C(=C([H])C3([H])[H])C(N([H])[H])=NC(=O)N1[H],1,0 3 4 5 17 1,0,20.1884094008936,12.795731528449725,26.51962124089525,15.49892926624496,8.456062876988753,23.95499214323372,0.0015517610698215,0.005172724175042,0.006423087495013,0.005172724175042,-7.089430392866554,0.0052448860670257,0.0151779843247197,0.0047294836183614,-6.013387391390928,-5.930839838883077,-6.786379888925925,23.14087878837229,19.40161155583583
5158,C=Cc1cc(=O)[nH]c(=O)[nH]1,14094,O=C1N=CC2=CC=NC2=N1,17702,[H]C1=NC2=NC(=O)N=C([H])C23C1([H])C1([H])C(=O)N([H])C(=O)N([H])C1=C([H])C3([H])[H],1,0 3 4 5 16 1,0,21.665386281346954,12.294285644585404,24.519062034008314,16.027319088711415,9.428307647963187,25.455626736674603,0.0066310165530085,0.0199474808148912,0.0049897978290394,0.0199474808148912,-7.480500250920343,0.0186535478384352,0.0519319128092978,0.0075088293891559,-7.677494415479011,-9.17361625752303,-8.52101902150909,25.72458835746628,22.215241125866264
10316,C=Cc1ccc(=O)[nH]c1C,14100,O=C1N=CC2=CC=NC2=N1,17702,[H]C1=NC2=NC(=O)N=C([H])C23C1([H])C1(C([H])([H])[H])C(=C([H])C3([H])[H])C([H])=C([H])C(=O)N1[H],1,0 8 4 5 19 1,0,25.24771680458336,13.88310908531229,29.409459378322243,16.464381490014755,12.794585176485732,29.258966666500488,0.0019008690557975,0.0024870084614991,0.0087784676470172,0.0024870084614991,-6.49253330138626,0.0047653378051536,0.0026699832048254,0.0086913380745672,-3.614812255614965,-3.931157785041872,-7.902565688947902,26.85127870734668,22.563621221834765
8881,C=Cc1ccc[nH]c1=O,14109,O=C1C=C(C(F)(F)F)N=N1,17526,[H]C1=C([H])C2([H])C(=C([H])C([H])([H])C3(C(F)(F)F)N=NC(=O)C23[H])C(=O)N1[H],0,0 3 3 2 16 0,3,16.262741116400584,12.71908040497329,22.139345911189928,16.175851571347717,7.41500586445737,23.590857435805088,3.841607637370336e-05,0.0112714005365854,0.0050139796655247,0.0112714005365854,-18.123181885651647,0.0011317828136263,0.0150010142802876,0.0044136970391097,-16.139773616223046,-14.102740823347546,-11.471993851495554,24.197832275299326,23.07687990081748
10316,C=Cc1ccc[nH]c1=O,14109,O=C1N=CC2=CC=NC2=N1,17702,[H]C1=NC2=NC(=O)N=C([H])C23C1([H])C1([H])C([H])=C([H])N([H])C(=O)C1=C([H])C3([H])[H],1,0 3 4 5 16 1,0,19.13573150006544,13.00889549902118,24.84040814845549,15.852723019144284,8.910713499733411,24.763436518877697,0.0068139053362796,0.0170981111470885,0.0112019465096568,0.0170981111470885,-5.529245455555632,0.0180609095557148,0.0266295773221232,0.0067759267059132,-4.65575395959101,-4.9140309249854575,-7.431358166445403,24.149285226916938,20.08831692044618
17759,C=Cc1cnc(N)cc1C,14118,O=C1C=C(C(F)(F)F)N=N1,17526,[H]C1=C(C([H])([H])[H])C2=C([H])C([H])([H])C3(C(F)(F)F)N=NC(=O)C3([H])C2([H])N=C1N([H])[H],0,0 3 3 2 20 0,3,16.724246805874998,14.577205151486636,24.30731490733238,16.37891121890693,6.926283248274665,23.3051944671816,3.276867550344869e-05,0.0073630377647943,0.0048716066503463,0.0073630377647943,-15.92818913934667,0.0003292405888195,0.0176589803469761,0.0065506111819413,-12.021774768693192,-9.246139009673598,-8.908417690729962,23.470535273599097,22.0820810268754
5158,CC(=O)/C=C/CCCCO,14158,O=C1N=CC2=CC=NC2=N1,17702,[H]OC([H])([H])C([H])([H])C([H])([H])C([H])([H])C1([H])C([H])=C(C([H])([H])[H])OC23C([H])=NC(=O)N=C2N=C([H])C31[H],1,2 4 4 5 24 1,0,20.492058560703857,12.948784747901987,24.804954370705403,15.734624772502483,8.640922242491218,24.375547014993703,0.0019868093635416,0.0170149919790965,0.0053384004633546,0.0170149919790965,-2.0740035294070154,0.0137975058392084,0.0144444503255093,0.0133919088287365,-4.226984797275968,-3.347139851044404,-5.223142216403119,24.66816121294111,21.057530573647607
4439,CC(C)(C)C1=CC=CC1,14276,O=C1C=C(C(F)(F)F)N=N1,17526,[H]C1=C([H])C2(C(C([H])([H])[H])(C([H])([H])[H])C([H])([H])[H])C([H])([H])C1([H])C1(C(F)(F)F)N=NC(=O)C12[H],1,4 7 2 3 23 1,0,17.369218995353844,11.780312719453033,24.148283561536417,16.473662652619996,2.4144413168135337,18.88810396943353,0.0011956868067373,0.0008560571715337,0.0001782512357908,0.0008560571715337,-15.088148287487002,0.0002205034734273,0.0024472904957019,0.0001376614212463,-15.81194301583188,-14.582453342853938,-9.192122761994815,20.91945330547333,19.598280901129968
4486,CC(C)(C)C1=CC=CC1,14276,O=C1C=CC(=O)N1CO,17535,[H]OC([H])([H])N1C(=O)C2([H])C3([H])C([H])=C([H])C(C(C([H])([H])[H])(C([H])([H])[H])C([H])([H])[H])(C3([H])[H])C2([H])C1=O,0,4 7 2 3 23 0,1,17.876973233148917,10.463504406119064,21.31771109552369,15.940813973204223,6.7480691118692455,22.68888308507347,0.0024549497769013,0.0054227650626871,0.0036723074302566,0.0054227650626871,-5.506495816269705,0.0007482749562838,0.0053979796307137,0.0023823403175876,-6.667209045990312,-7.093568173755166,-6.192695601943395,24.121947493139785,22.340330414174264
5418,CC(C)(C)C1=CC=CC1,14276,O=CC#CC(F)(F)F,17787,[H]C(=O)C1=C(C(F)(F)F)C2([H])C([H])=C([H])C1(C(C([H])([H])[H])(C([H])([H])[H])C([H])([H])[H])C2([H])[H],1,4 7 2 3 23 1,0,12.096532469022865,12.878030481914577,19.21642536501904,15.92201824274526,6.984264385090327,22.906282627835587,0.0011201443086062,0.0012447592452884,0.0002789839814337,0.0012447592452884,-17.243112516649454,0.0002502976993743,0.0046965354651146,0.0001610652092214,-16.300514988944236,-17.75015915543274,-20.68478801562836,22.6623911196319,22.33738601960682
6804,CC(C)(C)C1=CC=CC1,14276,OCC1=Cc2ccccc21,18025,[H]OC([H])([H])C12c3c([H])c([H])c([H])c([H])c3C1([H])C1(C(C([H])([H])[H])(C([H])([H])[H])C([H])([H])[H])C([H])=C([H])C2([H])C1([H])[H],1,4 7 3 2 23 1,2,14.074884285692148,10.35635602428992,17.3702213112011,15.626490733736816,7.170077654181551,22.796568387918366,0.0116299404536155,0.0236077379836091,0.0045323702120575,0.0236077379836091,-18.469519221587632,0.0475877004896959,0.0071492330544967,0.0285564468506776,-18.84129334311461,-22.13665213653708,-21.011983992107083,23.052828400860577,23.787806690946013
2842,CC(C)(C)C1=CCC=C1,14278,N[C@H]1N=CN=C2N=NC=C21,17093,[H]C1=N[C@]([H])(N([H])[H])C23C(=N1)N=NC2([H])C1([H])C(C(C([H])([H])[H])(C([H])([H])[H])C([H])([H])[H])=C([H])C3([H])C1([H])[H],0,7 5 9 8 23 0,3,17.17331237888575,11.837911113150422,23.61475326336356,16.188499095681927,5.655284200679127,21.843783296361053,0.0438622549833414,0.0379473095778162,0.0026577679368834,0.0379473095778162,-10.261522061636567,0.0188697069242501,0.0601623014183325,0.0102215257054523,-9.460304183410573,-8.371359155902127,-8.628759546388935,21.231835753923928,20.33831484517245
4442,CC(C)(C)C1=CCC=C1,14278,O=C1C=C(C(F)(F)F)N=N1,17526,[H]C1=C(C(C([H])([H])[H])(C([H])([H])[H])C([H])([H])[H])C2([H])C([H])([H])C1([H])C1(C(F)(F)F)N=NC(=O)C21[H],0,7 5 3 2 23 0,3,15.655716657410386,11.531256960064914,23.509395469765305,15.936445235166746,1.616911705419774,17.553356940586518,9.647465243842267e-06,0.0163982609552041,0.00047191314437,0.0163982609552041,-20.63808499507612,0.0008740075762593,0.011273175868757,0.0018130525103572,-23.107878275200363,-18.66200507887506,-15.014988405704614,19.465727910835188,16.913436599743953
4484,CC(C)(C)C1=CCC=C1,14278,O=C1C=CC(=O)N1C1CC1,17534,[H]C1=C(C(C([H])([H])[H])(C([H])([H])[H])C([H])([H])[H])C2([H])C([H])([H])C1([H])C1([H])C(=O)N(C3([H])C([H])([H])C3([H])[H])C(=O)C21[H],0,7 5 2 3 23 0,1,16.688962900174516,9.772608815099648,21.05888412162053,15.586083845822182,5.876460319434052,21.46254416525624,0.0027264281879895,0.0119686858687001,0.0041551127757951,0.0119686858687001,-9.178496081137476,0.0077313435154065,0.0213098476725697,0.0458867151205992,-9.141330740725556,-8.934202860420221,-8.526880138772626,22.465527023389534,21.30306411389644
4486,CC(C)(C)C1=CCC=C1,14278,O=C1C=CC(=O)N1CO,17535,[H]OC([H])([H])N1C(=O)C2([H])C3([H])C([H])=C(C(C([H])([H])[H])(C([H])([H])[H])C([H])([H])[H])C([H])(C3([H])[H])C2([H])C1=O,0,7 5 2 3 23 0,1,16.737798456286107,8.662326976717033,21.540948177953204,15.619837379659796,4.953078339556207,20.57291571921601,0.0063345760785364,0.0115815217063822,0.0037552274847035,0.0115815217063822,-10.461297027711474,0.0048611916050479,0.0339475064596085,0.0484815747281504,-11.087926237409278,-11.62642012017183,-10.960517955435073,22.116159628407843,20.588009303176907
4568,CC(C)(C)C1=CCC=C1,14278,O=C1C=Cc2ccccc21,17549,[H]C1=C(C(C([H])([H])[H])(C([H])([H])[H])C([H])([H])[H])C2([H])C([H])([H])C1([H])C1([H])C(=O)c3c([H])c([H])c([H])c([H])c3C21[H],0,7 5 2 3 23 0,1,17.300299802868047,9.836091560396014,19.920212124244404,15.123494802862204,7.168471948506198,22.291966751368403,0.0369853391271213,0.0417018340927995,0.0830772631099271,0.0417018340927995,-8.239582666068102,0.0481702766913242,0.0820585550701981,0.1466168977518576,-8.759538555338672,-6.71092314056402,-5.586662889322433,23.97504902173912,22.846406381371075
5158,CC(C)(C)C1=CCC=C1,14278,O=C1N=CC2=CC=NC2=N1,17702,[H]C1=NC2=NC(=O)N=C([H])C23C2([H])C([H])=C(C(C([H])([H])[H])(C([H])([H])[H])C([H])([H])[H])C([H])(C2([H])[H])C13[H],1,7 5 4 5 23 1,0,18.7233934588643,11.54355016755857,26.77156464919875,15.616759430350257,2.423595839045681,18.04035526939594,0.0132555821036017,0.0319223002844927,0.0029460610831067,0.0319223002844927,-7.776248226944531,0.0354257682914979,0.0167805085783447,0.0127954244727643,-9.900902829536598,-9.375483314302896,-9.15211995804514,19.31143320928377,14.7245997316323
5235,CC(C)(C)C1=CCC=C1,14278,O=C1NC(=O)C2=C1CCC2,17711,[H]C1=C(C(C([H])([H])[H])(C([H])([H])[H])C([H])([H])[H])C2([H])C([H])([H])C1([H])C13C(=O)N([H])C(=O)C21C([H])([H])C([H])([H])C3([H])[H],0,7 5 5 6 23 0,1,17.282126295462568,12.7565383641331,21.827328217801767,16.63546583979573,6.601084592052221,23.236550431847952,0.0104831984126281,0.0041031106363152,0.0093435546296463,0.0041031106363152,-11.593252295087623,0.016479511658014,0.0025060707646519,0.0108708205617659,-10.4903599334232,-10.010357936757837,-6.907476561986371,24.227785571426672,23.30081263062236
5419,CC(C)(C)C1=CCC=C1,14278,O=CC#CC(F)(F)F,17787,[H]C(=O)C1=C(C(F)(F)F)C2([H])C([H])=C(C(C([H])([H])[H])(C([H])([H])[H])C([H])([H])[H])C1([H])C2([H])[H],1,7 5 3 2 23 1,1,10.86829447283276,12.977810757980135,18.83993928074868,15.6676133134814,6.218042008470018,21.88565532195142,1.0724120398726102e-05,0.0348689504791378,0.0017160208831309,0.0348689504791378,-25.78163859538208,0.0004072403603778,0.0606084016738656,0.0161391642972257,-23.4804704266158,-24.710524728782,-26.74265504049255,22.073847439807725,21.53127376576592
6000,CC(C)(C)C1=CCC=C1,14278,O=NC(F)(F)F,17917,[H]C1=C(C(C([H])([H])[H])(C([H])([H])[H])C([H])([H])[H])C2([H])N(C(F)(F)F)OC1([H])C2([H])[H],1,7 5 0 1 23 1,0,16.575478280405804,7.616210005691001,25.34804290709957,15.705518503023727,-0.8213068937997932,14.884211609223934,8.284362085005265e-05,2.308061663811059e-05,2.2130864091721075e-05,2.308061663811059e-05,-5.08053410730443,5.116900377764248e-05,0.0025367489097065,4.05370033540665e-05,-5.319067013854124,-4.84257537779585,-5.133301186658652,16.195258330468143,12.621305708014898
6802,CC(C)(C)C1=CCC=C1,14278,OCC1=Cc2ccccc21,18025,[H]OC([H])([H])C12c3c([H])c([H])c([H])c([H])c3C1([H])C1([H])C(C(C([H])([H])[H])(C([H])([H])[H])C([H])([H])[H])=C([H])C2([H])C1([H])[H],1,7 5 2 3 23 1,0,13.04017527842264,9.237755494545976,16.2184781489552,15.34807113725837,5.518315704972721,20.86638684223109,0.0140084736583123,0.0476844405672475,0.0247268757696067,0.0476844405672475,-21.8724827459096,0.1199281402609757,0.038893829942772,0.071273667016404,-20.756317981566248,-26.087774927675817,-26.70807952808585,20.361998756202176,20.735417836212967
7000,CC(C)(C)C1=CCC=C1,14278,O[C@@H]1CC/C=C/CCC1,18100,[H]O[C@@]1([H])C([H])([H])C([H])([H])C([H])([H])C2([H])C3([H])C([H])=C(C(C([H])([H])[H])(C([H])([H])[H])C([H])([H])[H])C([H])(C3([H])[H])C2([H])C([H])([H])C1([H])[H],1,7 5 5 6 23 1,2,14.968969347303997,2.3607363858256374,11.192080456965668,14.881004061934329,6.634234924758749,21.51523898669308,0.0628140928459552,0.0643465172880732,0.0247546315277598,0.0643465172880732,-17.556468857694888,0.121823074675336,0.0219704917430141,0.0290105789622684,-16.816750335627987,-16.708807321863738,-15.988715118171555,21.780899734062977,22.06928766483386
9939,CC(C)(C)C1=CCC=C1,14278,C=CC(=O)NC(=N)NC#N,13956,[H]N=C(N([H])C#N)N([H])C(=O)C1([H])C2([H])C([H])=C(C(C([H])([H])[H])(C([H])([H])[H])C([H])([H])[H])C([H])(C2([H])[H])C1([H])[H],1,7 5 1 0 23 1,2,18.360128031702374,9.450699927638889,21.820706377833314,15.459624842229234,8.07306573530948,23.53269057753872,5.409694566875944e-06,0.0207216993868251,0.0010953463793308,0.0207216993868251,-7.016291146263136,0.0028824072908853,0.0071872151571056,0.0206691515689608,-7.544660362806255,-8.190927060356906,-7.007482506846948,23.174127753507097,23.63148060493358
5419,CC(C)(C)c1coc(N)n1,14295,O=CC#CC(F)(F)F,17787,[H]C(=O)C1=C(C(F)(F)F)C2(N([H])[H])N=C(C(C([H])([H])[H])(C([H])([H])[H])C([H])([H])[H])C1([H])O2,1,7 5 3 2 22 1,1,15.55804385541653,15.367418582601871,24.23187120303467,16.40671174802737,8.228478548580675,24.635190296608044,1.7762885711651903e-05,0.0103891250173991,0.0033909032949182,0.0103891250173991,-5.521058077775962,0.0003164311877396,0.0047768343762564,0.0212382866410245,-5.068886964962566,-5.877020806927941,-9.299345205063162,23.60694972160779,23.761586999891698
6804,CC(C)(C)c1coc(N)n1,14295,OCC1=Cc2ccccc21,18025,[H]OC([H])([H])C12c3c([H])c([H])c([H])c([H])c3C1([H])C1(N([H])[H])N=C(C(C([H])([H])[H])(C([H])([H])[H])C([H])([H])[H])C2([H])O1,1,7 5 3 2 22 1,2,17.21786660633036,12.072739177458036,21.476952923765705,15.477155577297571,6.675568409593129,22.1527239868907,0.0718354858641801,0.0104470155597477,0.0102179744570835,0.0104470155597477,-11.479850760719389,0.325723368819525,0.0049241653967267,0.1680213952179652,-11.327580482902718,-13.714838075907394,-14.797894404726437,22.53207706102848,23.82323489283142
5418,CC(C)(F)c1ccc(N)o1,14318,O=CC#CC(F)(F)F,17787,[H]C(=O)C1=C(C(F)(F)F)C2(N([H])[H])OC1(C(F)(C([H])([H])[H])C([H])([H])[H])C([H])=C2[H],1,4 7 2 3 20 1,0,15.86004698905062,15.849522118543346,24.388975011175035,15.872093355208118,9.66315517140729,25.53524852661541,0.0017712243439021,0.0009785258088845,0.0004167130590897,0.0009785258088845,-3.908820561066051,0.0017601522946088,8.214464729370462e-05,0.000281921118532,-3.617747804250193,-4.887965312195327,-6.866482237914237,24.335922103296888,23.48645610350077
884,CC(C)/C=C/C=C/CO,14327,N#CC(C#N)N=O,16602,[H]OC([H])([H])C1([H])ON(C([H])(C#N)C#N)C([H])(C([H])(C([H])([H])[H])C([H])([H])[H])C([H])=C1[H],1,3 6 5 6 23 1,8,25.559504730133256,8.0128037341467,26.892842632409423,17.30798984032746,5.120702096709401,22.42869193703686,0.0003627401052451,0.0056897303800423,0.0001899737653094,0.0056897303800423,-10.755163930243391,0.0012273981831454,0.0100643205841404,0.0001019071737648,-9.468046435751155,-9.767449091679254,-9.31144910224296,20.01321919186049,18.34138184428612
2842,CC(C)/C=C/C=C/CO,14327,N[C@H]1N=CN=C2N=NC=C21,17093,[H]OC([H])([H])C1([H])C([H])=C([H])C([H])(C([H])(C([H])([H])[H])C([H])([H])[H])C23C(=NC([H])=N[C@]2([H])N([H])[H])N=NC31[H],0,3 6 9 8 23 0,3,22.813823211818228,12.40659147311716,26.18035469738394,17.324020890847027,8.650874136978722,25.97489502782575,0.002219818719228,0.0215961833531599,0.005236914030315,0.0215961833531599,-16.11812548321393,0.0013171873253066,0.0249859683222459,0.010303611959329,-14.897748377882875,-16.38534887346713,-17.395232109989273,23.401870727748296,21.70333769115382
3770,CC(C)/C=C/C=C/CO,14327,Nc1nc2n(n1)[C@@H](N)N=N2,17299,[H]OC([H])([H])C1([H])C([H])=C([H])C([H])(C([H])(C([H])([H])[H])C([H])([H])[H])N2c3nc(N([H])[H])nn3[C@@]([H])(N([H])[H])N21,1,3 6 9 8 23 1,5,25.66647313164004,6.605933377616612,26.407946836595272,17.49275673322927,8.027063892095992,25.519820625325263,4.406889337948622e-06,0.0015772286483722,0.0001677509817914,0.0015772286483722,-8.06260101267928,1.6139776452233217e-05,0.0028201134658361,6.764525135101839e-05,-5.528261069463767,-5.276825331288894,-8.19953003685091,22.99054782934611,23.39378707312475
4442,CC(C)/C=C/C=C/CO,14327,O=C1C=C(C(F)(F)F)N=N1,17526,[H]OC([H])([H])C1([H])C([H])=C([H])C([H])(C([H])(C([H])([H])[H])C([H])([H])[H])C2(C(F)(F)F)N=NC(=O)C21[H],0,3 6 3 2 23 0,3,21.18747743760018,12.393333627028465,25.77271820779876,16.950976255327856,4.357430326856392,21.308406582184247,6.687477138077485e-06,0.012539390353808,0.0011019503022031,0.012539390353808,-30.50634961001378,5.757150628682951e-05,0.007946129326292,0.0011687376766944,-29.875491091801777,-27.39558019361452,-24.17842406291148,22.47408563684059,20.83887490488222
4478,CC(C)/C=C/C=C/CO,14327,O=C1C=CC(=O)C(F)=C1,17533,[H]OC([H])([H])C1([H])C([H])=C([H])C([H])(C([H])(C([H])([H])[H])C([H])([H])[H])C2([H])C(=O)C(F)=C([H])C(=O)C21[H],0,3 6 3 2 23 0,3,23.29339199638832,12.181965974778915,27.5637138366668,16.736932223328036,6.760059974573945,23.49699219790198,0.0010402225511721,0.0176631556850061,0.0106603012450072,0.0176631556850061,-13.942320705279023,0.0006499875991559,0.0175863553152733,0.0346244934990846,-13.316940990461362,-17.13404303764058,-14.889860378251116,22.632489182617228,20.313557567018133
4486,CC(C)/C=C/C=C/CO,14327,O=C1C=CC(=O)N1CO,17535,[H]OC([H])([H])N1C(=O)C2([H])C([H])(C1=O)C([H])(C([H])(C([H])([H])[H])C([H])([H])[H])C([H])=C([H])C2([H])C([H])([H])O[H],0,3 6 2 3 23 0,1,22.61619876531574,9.33668444504292,24.254326429077352,16.875303064891437,6.473103978058056,23.348407042949493,0.0002164613591603,0.0023061290998268,0.0049414695721115,0.0023061290998268,-17.972710502350374,3.246133726708072e-05,0.0084213720019007,0.0164796777520381,-17.12502241550162,-20.56129862633567,-20.584390817201594,24.49969508089473,23.72264518789104
5118,CC(C)/C=C/C=C/CO,14327,O=C1N=C(O)C(=O)C(=O)N1,17697,[H]OC1=NC(=O)N([H])C(=O)C12OC([H])(C([H])([H])O[H])C([H])=C([H])C2([H])C([H])(C([H])([H])[H])C([H])([H])[H],0,3 6 5 6 23 0,9,27.50595373366798,13.370842314770549,35.3130084938768,17.2363706688598,5.236763203988886,22.473133872848685,0.0008066929701142,0.0075470983661231,0.0087239638171563,0.0075470983661231,-5.993343314759223,0.0001651028815759,0.0043856520392815,0.0195837367802044,-3.926413894729393,-3.528044527434627,-6.4501204369436,20.590222508262887,19.60493582871721
5158,CC(C)/C=C/C=C/CO,14327,O=C1N=CC2=CC=NC2=N1,17702,[H]OC([H])([H])C1([H])C([H])=C([H])C([H])(C([H])(C([H])([H])[H])C([H])([H])[H])C23C([H])=NC(=O)N=C2N=C([H])C31[H],1,3 6 4 5 23 1,0,24.03082564941089,12.130390685671829,30.3610494247407,16.80939589478969,3.5834984584642804,20.39289435325397,0.0005510890238865,0.0217682035078054,0.0048869696506886,0.0217682035078054,-18.14888798285066,0.0006061377049449,0.0290134951417428,0.0066622264598939,-17.861979666453358,-18.5763439679806,-17.9889060726653,20.688393751948112,15.31092620723102
5211,CC(C)/C=C/C=C/CO,14327,O=C1N=NC(C2CC2)=N1,17707,[H]OC([H])([H])C1([H])C([H])=C([H])C([H])(C([H])(C([H])([H])[H])C([H])([H])[H])n2c(C3([H])C([H])([H])C3([H])[H])nc(=O)n21,1,3 6 3 2 23 1,5,25.461238924366064,7.875789623035248,29.428755141777582,17.040377824185935,4.71174519646911,21.752123020655045,7.513665568857708e-05,0.0012357784137338,6.028259832775873e-05,0.0012357784137338,-11.922002062264689,2.7497381713683544e-05,0.0037455025495057,0.0001192117622892,-7.029881664694969,-12.19360852290776,-11.80849813188052,18.94839705459656,17.650569260399035
5220,CC(C)/C=C/C=C/CO,14327,O=C1N=Nc2ccccc21,17709,[H]OC([H])([H])C1([H])C([H])=C([H])C([H])(C([H])(C([H])([H])[H])C([H])([H])[H])n2c(=O)c3c([H])c([H])c([H])c([H])c3n21,1,3 6 2 3 23 1,4,24.49484536272628,5.305363894196415,27.672602173540174,17.010175336858538,3.5158284855765807,20.52600382243512,0.0005427616380393,0.0054443871266794,0.0004363073273841,0.0054443871266794,-16.531511888422777,6.702953805025627e-05,0.0108825027549577,0.0002828258514914,-12.818997343923051,-15.318111762859822,-15.694564973884267,18.2633292454679,19.044318409998127
5324,CC(C)/C=C/C=C/CO,14327,O=C1NCN=C2N=CN=C12,17733,[H]OC([H])([H])C1([H])C([H])=C([H])C([H])(C([H])(C([H])([H])[H])C([H])([H])[H])C23C(=O)N([H])C([H])([H])N=C2N=C([H])N31,1,3 6 9 8 23 1,14,26.224502447079896,11.657939821672198,29.033861714390035,17.46543873982162,7.566678863095923,25.032117602917545,0.0005453230123396,0.006542153031375,0.0021948429944523,0.006542153031375,-12.261683110194532,0.0001063708904773,0.0266515354079383,0.0043381957616076,-10.439643251909615,-10.778827255938644,-11.439209065061974,23.9412449075743,23.17227854564567
6002,CC(C)/C=C/C=C/CO,14327,O=NC(F)(F)F,17917,[H]OC([H])([H])C1([H])ON(C(F)(F)F)C([H])(C([H])(C([H])([H])[H])C([H])([H])[H])C([H])=C1[H],1,3 6 1 0 23 1,2,20.708825437021137,6.963560498089318,25.05649302270508,16.853074457915916,2.262078620509339,19.11515307842525,2.9799963153785108e-06,3.102906831725862e-05,4.748090809050304e-06,3.102906831725862e-05,-15.85006783345586,3.36199579049033e-05,3.107279223464801e-05,2.309507416478774e-05,-15.44399007224716,-15.198505444193088,-16.76996905991232,17.744518681289517,14.894961700534871
6008,CC(C)/C=C/C=C/CO,14327,O=NCNCCO,17920,[H]OC([H])([H])C([H])([H])N([H])C([H])([H])N1OC([H])(C([H])(C([H])([H])[H])C([H])([H])[H])C([H])=C([H])C1([H])C([H])([H])O[H],1,3 6 0 1 23 1,0,25.00969530176581,4.925092422931726,22.68410544046729,17.705797903941384,6.06950950978095,23.77530741372233,0.0012440328092451,0.000538153573338,0.0001759879263546,0.000538153573338,-6.815319489756689,0.000803244419013,0.0014512075934614,0.00129488970122,-6.270968728746531,-6.055469027418383,-7.7703945818553635,22.31421055012543,23.27541638115776
6100,CC(C)/C=C/C=C/CO,14327,O=Nc1cccnc1N=O,17932,[H]OC([H])([H])C1([H])C([H])=C([H])C([H])(C([H])(C([H])([H])[H])C([H])([H])[H])ON1c1nc([H])c([H])c([H])c1N=O,1,3 6 9 8 23 1,18,26.263373103305867,5.840330458583102,27.170181451186508,17.029567392443482,4.300546412203637,21.33011380464712,0.0038826398256683,0.0071668319509988,0.0003199411873061,0.0071668319509988,-8.526915416676836,0.0003920516511413,0.0066928076861072,0.0019283432837058,-4.21701835186515,-9.289118129766509,-9.212681254628208,20.549330572654004,19.823937704190723
6000,CC(C)=C/C=C/C(C)(C)C,14337,O=NC(F)(F)F,17917,[H]C1=C([H])C([H])(C(C([H])([H])[H])(C([H])([H])[H])C([H])([H])[H])N(C(F)(F)F)OC1(C([H])([H])[H])C([H])([H])[H],1,1 5 0 1 28 1,0,29.24140956129485,8.70926576911532,26.77283900032397,17.16406566283956,11.453791865576694,28.61785752841625,0.0002377449003478,4.152257796567193e-06,0.0001062363076916,4.152257796567193e-06,-10.024610109620106,0.0001212876831341,0.0002152610497929,3.672062251893211e-05,-9.401860757720977,-12.386551648537775,-12.712531341820622,26.76840959252108,21.004166408809525
885,CC/C=C(\C)C=C(C)C,14450,N#CC(C#N)N=O,16602,[H]C1=C(C([H])([H])[H])C([H])(C([H])([H])C([H])([H])[H])N(C([H])(C#N)C#N)OC1(C([H])([H])[H])C([H])([H])[H],0,2 6 5 6 25 0,9,26.54428110682855,8.423588135568835,28.468900699409023,16.558612300804914,4.435670147259245,20.99428244806416,0.0001283482129272,0.0005520233008765,8.836273985419694e-05,0.0005520233008765,-15.318156905655217,0.0012112112163405,0.0006381378075744,0.0005376078393618,-12.430474650801472,-11.98842234799288,-10.899594708970994,21.67986594417127,17.797210753288212
2842,CC/C=C(\C)C=C(C)C,14450,N[C@H]1N=CN=C2N=NC=C21,17093,[H]C1=N[C@]([H])(N([H])[H])C23C(=N1)N=NC2([H])C(C([H])([H])[H])(C([H])([H])[H])C([H])=C(C([H])([H])[H])C3([H])C([H])([H])C([H])([H])[H],0,2 6 9 8 25 0,3,24.00380335529207,12.634817647366145,27.728452966496945,17.183685687995396,10.235857819265563,27.41954350726096,0.0096131323518346,0.003439645702826,0.003390458442724,0.003439645702826,-15.65852122496645,0.0041142084645576,0.0059975331963116,0.0103596361947734,-15.614097162495009,-15.177283358250392,-16.428421858212538,25.315237134957737,21.194576324551903
4442,CC/C=C(\C)C=C(C)C,14450,O=C1C=C(C(F)(F)F)N=N1,17526,[H]C1=C(C([H])([H])[H])C([H])(C([H])([H])C([H])([H])[H])C2(C(F)(F)F)N=NC(=O)C2([H])C1(C([H])([H])[H])C([H])([H])[H],0,2 6 3 2 25 0,3,22.06342074971465,12.408835671469909,27.488281396499108,16.888046861766362,6.680856595479007,23.56890345724537,1.3785687534834948e-05,0.0037882273438115,0.0007391681517728,0.0037882273438115,-29.121828246877016,0.0007958767626287,0.0017066285602626,0.0021879030324123,-28.86449388822645,-25.7615585577872,-22.61482949920724,23.57638233414864,19.939671216019573
4478,CC/C=C(\C)C=C(C)C,14450,O=C1C=CC(=O)C(F)=C1,17533,[H]C1=C(F)C(=O)C2([H])C([H])(C1=O)C(C([H])([H])[H])(C([H])([H])[H])C([H])=C(C([H])([H])[H])C2([H])C([H])([H])C([H])([H])[H],0,2 6 3 2 25 0,3,25.98744656950165,12.805733921280694,29.89132254779439,16.50096700267094,8.874468310497829,25.37543531316877,0.0141163458029221,0.0058674421068959,0.0213070107468761,0.0058674421068959,-13.156641640973383,0.0505005368883166,0.0063375123569661,0.0724103658158866,-16.244861646294147,-14.628727344628878,-12.536126307329226,24.211331432575832,19.300562266051703
4484,CC/C=C(\C)C=C(C)C,14450,O=C1C=CC(=O)N1C1CC1,17534,[H]C1=C(C([H])([H])[H])C([H])(C([H])([H])C([H])([H])[H])C2([H])C(=O)N(C3([H])C([H])([H])C3([H])[H])C(=O)C2([H])C1(C([H])([H])[H])C([H])([H])[H],0,2 6 2 3 25 0,1,23.80911992421072,10.58380397545071,24.6658155014896,16.380026725663345,11.329763069386384,27.70978979504973,0.0009347073509657,0.0010392765959934,0.0046714208831265,0.0010392765959934,-17.285160001695843,0.006626863791049,0.0047165420345978,0.0206999108572848,-18.619670880238488,-15.681643644196406,-16.067470300324935,26.620558923394405,23.76151816299584
4486,CC/C=C(\C)C=C(C)C,14450,O=C1C=CC(=O)N1CO,17535,[H]OC([H])([H])N1C(=O)C2([H])C([H])(C1=O)C([H])(C([H])([H])C([H])([H])[H])C(C([H])([H])[H])=C([H])C2(C([H])([H])[H])C([H])([H])[H],0,2 6 2 3 25 0,1,23.33114027491664,9.64207891893244,23.93359263121164,16.469513138384613,10.011659660841625,26.48117279922624,0.0015778610050974,0.0009700220443033,0.0042264742941564,0.0009700220443033,-19.81515406061679,0.0063589619187687,0.004328931890445,0.0208180407433718,-20.76891759469377,-18.8731287383113,-19.214066331973555,26.19784646497414,23.59732308112924
5151,CC/C=C(\C)C=C(C)C,14450,O=C1N=CC2(N=N2)C(=O)N1,17701,[H]C1=C(C([H])([H])[H])C([H])(C([H])([H])C([H])([H])[H])C2([H])N(C(=O)N([H])C(=O)C23N=N3)C1(C([H])([H])[H])C([H])([H])[H],1,2 6 3 2 25 1,6,27.648567041915808,13.135299127709352,32.24929644435825,16.885798949362687,10.0832808083386,26.969079757701287,0.0014895197442771,0.0004166584600553,0.0053374220694216,0.0004166584600553,-13.041854479423137,0.0043263987300682,0.0046126233841408,0.0021367397814489,-9.109128470581346,-13.429628124280876,-10.347525436003096,25.848866015548204,22.81127927021797
5158,CC/C=C(\C)C=C(C)C,14450,O=C1N=CC2=CC=NC2=N1,17702,[H]C1=NC2=NC(=O)N=C([H])C23C1([H])C(C([H])([H])[H])(C([H])([H])[H])C([H])=C(C([H])([H])[H])C3([H])C([H])([H])C([H])([H])[H],1,2 6 4 5 25 1,0,25.22019776139488,12.58856120233246,31.410550580071927,16.670061092252684,6.697228562793363,23.367289655046047,0.0030469210570924,0.0062639149594301,0.0023492031751976,0.0062639149594301,-16.12067937429825,0.0047649256578432,0.0043880623383799,0.0054246357810048,-16.925388591053512,-16.266947371714636,-17.100024114611465,22.73858852427661,14.92812658331453
5211,CC/C=C(\C)C=C(C)C,14450,O=C1N=NC(C2CC2)=N1,17707,[H]C1=C(C([H])([H])[H])C([H])(C([H])([H])C([H])([H])[H])n2c(C3([H])C([H])([H])C3([H])[H])nc(=O)n2C1(C([H])([H])[H])C([H])([H])[H],1,2 6 3 2 25 1,5,26.944171570262288,8.204044731749343,29.94306813536817,16.629989679670587,7.854469867986722,24.48445954765731,0.0002247839146351,0.000422510413296,6.700132969682956e-05,0.000422510413296,-13.292074306684247,0.0007393969510326,0.0018900742144692,0.0001302624258104,-8.575888830932065,-9.968709137630476,-7.780534036107525,21.233047904550403,18.28717412247084
5220,CC/C=C(\C)C=C(C)C,14450,O=C1N=Nc2ccccc21,17709,[H]C1=C(C([H])([H])[H])C([H])(C([H])([H])C([H])([H])[H])n2c(=O)c3c([H])c([H])c([H])c([H])c3n2C1(C([H])([H])[H])C([H])([H])[H],1,2 6 2 3 25 1,4,26.074716803115347,6.005032599348462,27.769108386982246,16.547135753900402,6.46406785631816,23.01120361021856,0.0006573915926228,0.0012461447415325,0.0004965248656027,0.0012461447415325,-19.336005715620622,0.0021032058446367,0.0018091163524529,0.000322778709553,-14.684006236607424,-13.589443982109344,-12.182368605200992,20.615837212770067,18.365685321192668
5324,CC/C=C(\C)C=C(C)C,14450,O=C1NCN=C2N=CN=C12,17733,[H]C1=NC2=NC([H])([H])N([H])C(=O)C23N1C(C([H])([H])[H])(C([H])([H])[H])C([H])=C(C([H])([H])[H])C3([H])C([H])([H])C([H])([H])[H],1,2 6 9 8 25 1,14,27.57391941929965,12.468798706619005,29.896687648641247,17.328586563768695,9.2983836502304,26.62697021399909,0.0015237489850498,0.0015336307206796,0.0018221442583112,0.0015336307206796,-11.311601499490417,0.0019201063771992,0.0056351480706614,0.003899255611302,-12.534023698838965,-9.294373625175687,-9.1649542121015,26.027026981560468,22.583226433903
6003,CC/C=C(\C)C=C(C)C,14450,O=NC(F)(F)F,17917,[H]C1=C(C([H])([H])[H])C([H])(C([H])([H])C([H])([H])[H])N(C(F)(F)F)OC1(C([H])([H])[H])C([H])([H])[H],0,2 6 1 0 25 0,3,23.21297545885275,7.374698109719826,28.45367173582561,16.316469772360808,2.487499185741477,18.803968958102285,4.883409590787882e-05,2.803129130320606e-05,5.29642564358093e-05,2.803129130320606e-05,-21.89837749428712,2.9294648809493345e-05,8.402897046221797e-05,0.0009860912254485,-20.191469122722687,-17.201391318451513,-16.960057863092253,18.75944621769741,15.15613318619775
6010,CC/C=C(\C)C=C(C)C,14450,O=NCNCCO,17920,[H]OC([H])([H])C([H])([H])N([H])C([H])([H])N1OC(C([H])([H])[H])(C([H])([H])[H])C([H])=C(C([H])([H])[H])C1([H])C([H])([H])C([H])([H])[H],1,2 6 1 0 25 1,2,25.703327133535726,4.486106805130365,23.621443963411178,16.505219360712267,5.518421627743919,22.023640988456187,0.0002354542820512,0.0013780410112758,0.0005818855206572,0.0013780410112758,-11.23249674546421,0.0003536193418621,0.0005188858695803,0.0006435184706226,-8.86068196280715,-7.3194069767143155,-5.117359848613837,23.622646311563628,22.39822048619872
6098,CC/C=C(\C)C=C(C)C,14450,O=Nc1cccnc1N=O,17932,[H]C1=C(C([H])([H])[H])C([H])(C([H])([H])C([H])([H])[H])N(c2nc([H])c([H])c([H])c2N=O)OC1(C([H])([H])[H])C([H])([H])[H],1,2 6 8 9 25 1,16,27.44992293108603,6.335067085016586,27.529590893830907,16.77070966503269,5.690984485616426,22.46169415064912,0.0019879634709756,0.0019325206948769,0.0007311148080057,0.0019325206948769,-9.839432193723944,0.0091918663885233,0.0016785827034747,0.0033025794909849,-7.219492219355153,-8.452169203315243,-5.480413428041079,23.305466305987814,20.59199892317393
9416,CC/C=C(\C)C=C(C)C,14450,C1=NCC2=CC=NC2=N1,13799,[H]C1=NC([H])([H])C23C(=N1)N=C([H])C2([H])C(C([H])([H])[H])(C([H])([H])[H])C([H])=C(C([H])([H])[H])C3([H])C([H])([H])C([H])([H])[H],1,2 6 3 4 25 1,0,25.74463670019552,12.770364211027704,28.121767854944768,16.893683286171328,10.79137937531473,27.685062661486057,0.00712238446719,0.0018190545732358,0.0023842690472519,0.0018190545732358,-11.269676615696987,0.0032195666180698,0.0078126746699175,0.0122384011389059,-11.98356186009405,-11.904664110757691,-12.79867673555718,26.848350791386828,23.334700568258725
2842,CC1(C)C=C(O)C=C(O)C1,14475,N[C@H]1N=CN=C2N=NC=C21,17093,[H]OC1=C([H])C2(O[H])C([H])([H])C(C([H])([H])[H])(C([H])([H])[H])C1([H])C13C(=NC([H])=N[C@]1([H])N([H])[H])N=NC23[H],0,3 7 9 8 22 0,3,22.521528316468697,13.201819829674324,28.75428913242367,16.698480224341157,9.654922943760994,26.35340316810215,0.0113267068334903,0.0069192674627198,0.0041347300383536,0.0069192674627198,-10.69971996036059,0.0061936815315476,0.0077864074005042,0.0178998910632859,-14.798116022188928,-11.11769403932636,-13.166114299802352,23.36409977495721,22.01098827719056
4441,CC1(C)C=C(O)C=C(O)C1,14475,O=C1C=C(C(F)(F)F)N=N1,17526,[H]OC1=C([H])C2(O[H])C([H])([H])C(C([H])([H])[H])(C([H])([H])[H])C1([H])C1(C(F)(F)F)N=NC(=O)C21[H],1,3 7 3 2 22 1,2,20.78913605819418,12.904921199534437,28.700013411785022,16.540460421416494,5.976728609261794,22.51718903067829,6.309484360407703e-06,0.0039585915587193,0.0013257896615839,0.0039585915587193,-21.49671428698616,0.0004918180226425,0.0138472602756969,0.0013332950111985,-24.483718294320404,-21.83606952025042,-18.38684515370196,21.305548138590765,19.554786702371462
4478,CC1(C)C=C(O)C=C(O)C1,14475,O=C1C=CC(=O)C(F)=C1,17533,[H]OC1=C([H])C2(O[H])C([H])([H])C(C([H])([H])[H])(C([H])([H])[H])C1([H])C1([H])C(=O)C(F)=C([H])C(=O)C12[H],0,3 7 3 2 22 0,3,24.272526702911566,12.681468395994042,29.97095789642394,15.87926479090391,7.272768576313027,23.152033367216937,0.006236203540774,0.0091060772592655,0.0418398009381724,0.0091060772592655,-6.622432027908538,0.0222353160928077,0.0082553137884822,0.030027623426315,-11.217365113817436,-10.826764266473432,-7.815145126220074,22.474658057969272,20.379066205581555
4484,CC1(C)C=C(O)C=C(O)C1,14475,O=C1C=CC(=O)N1C1CC1,17534,[H]OC1=C([H])C2(O[H])C([H])([H])C(C([H])([H])[H])(C([H])([H])[H])C1([H])C1([H])C(=O)N(C3([H])C([H])([H])C3([H])[H])C(=O)C12[H],0,3 7 2 3 22 0,1,22.704093694528243,11.003435761573256,25.316849063468027,15.904340440199238,8.298144132739061,24.2024845729383,0.0003986598217294,0.0020784938628603,0.0141123248582386,0.0020784938628603,-11.219997410548118,0.0020625232979054,0.0025599396648756,0.012253208966551,-14.571638031646655,-12.668055419424803,-12.83938915679434,24.54532400339252,23.39010080749553
4486,CC1(C)C=C(O)C=C(O)C1,14475,O=C1C=CC(=O)N1CO,17535,[H]OC1=C([H])C2(O[H])C([H])([H])C(C([H])([H])[H])(C([H])([H])[H])C1([H])C1([H])C(=O)N(C([H])([H])O[H])C(=O)C12[H],0,3 7 2 3 22 0,1,21.905235639096897,10.143987002185373,25.50599676117961,15.966214172592007,6.413046122346245,22.37926029493825,0.002207135018907,0.0034952140910189,0.0139131719044475,0.0034952140910189,-13.632547129006824,0.0020213065097917,0.0034430667364172,0.0092097400921997,-15.96770864734534,-15.730844864518597,-15.505128612986129,23.4170052901229,22.437782668311726
5151,CC1(C)C=C(O)C=C(O)C1,14475,O=C1N=CC2(N=N2)C(=O)N1,17701,[H]OC1=C([H])C2(O[H])N3C(=O)N([H])C(=O)C4(N=N4)C3([H])C1([H])C(C([H])([H])[H])(C([H])([H])[H])C2([H])[H],1,3 7 3 2 22 1,6,24.984929625598337,12.942284095265682,33.05372385065444,16.388819686571683,8.048356540743256,24.43717622731494,0.0008580409846769,0.0008267324999261,0.0035437720829882,0.0008267324999261,-3.661499960645507,0.0009276460945112,0.006013925926497,0.0017403500387789,-4.692703027784589,-9.8247736600482,-8.720171889282078,21.838481060303344,21.39043945185861
5158,CC1(C)C=C(O)C=C(O)C1,14475,O=C1N=CC2=CC=NC2=N1,17702,[H]OC1=C([H])C2(O[H])C([H])([H])C(C([H])([H])[H])(C([H])([H])[H])C1([H])C13C([H])=NC(=O)N=C1N=C([H])C23[H],1,3 7 4 5 22 1,0,23.48592033003404,13.209169545899863,32.077870661491225,16.052060157385277,6.247960642191135,22.30002079957641,0.0013737344906481,0.0122981635039913,0.003453191629248,0.0122981635039913,-9.333146184335916,0.0039760064462432,0.0082449793871287,0.0072020466229732,-14.401489824120482,-12.24450479953655,-13.693625137943684,20.36314671121137,15.46640251498494
5220,CC1(C)C=C(O)C=C(O)C1,14475,O=C1N=Nc2ccccc21,17709,[H]OC1=C([H])C2(O[H])n3c4c([H])c([H])c([H])c([H])c4c(=O)n3C1([H])C(C([H])([H])[H])(C([H])([H])[H])C2([H])[H],1,3 7 2 3 22 1,4,24.72527261114891,5.999405822654937,28.95207690745429,16.186157530553615,3.139225041303732,19.325382571857347,0.0007134673163622,0.0023717971495476,0.0012765463901941,0.0023717971495476,-11.33049974616275,0.0013548488451199,0.0022655006861526,0.0001870370225264,-10.08729859523828,-10.396748149547712,-6.509208955254106,18.901096540491395,19.137728767948285
5324,CC1(C)C=C(O)C=C(O)C1,14475,O=C1NCN=C2N=CN=C12,17733,[H]OC1=C([H])C2(O[H])N3C([H])=NC4=NC([H])([H])N([H])C(=O)C43C1([H])C(C([H])([H])[H])(C([H])([H])[H])C2([H])[H],1,3 7 9 8 22 1,14,25.512974053115723,12.564770154367066,31.560064961922905,16.66750625080037,7.599324738178296,24.266830988978665,0.0003930326506451,0.0032054458625314,0.0024371075998861,0.0032054458625314,-5.257337016935075,0.0008220604318145,0.0076408288050622,0.0074912091006485,-8.958231248598693,-5.816804213709705,-7.620979401504751,22.6908410272172,21.454663177779583
5418,CC1(C)C=C(O)C=C(O)C1,14475,O=CC#CC(F)(F)F,17787,[H]OC1=C([H])C2(O[H])C(C(F)(F)F)=C(C([H])=O)C1([H])C(C([H])([H])[H])(C([H])([H])[H])C2([H])[H],1,3 7 2 3 22 1,0,14.994079817420566,15.074597076870504,23.18005489475217,15.933565280521442,8.063473993556652,23.99703927407809,0.0008270341196497,0.0004978359204599,0.0027077617675289,0.0004978359204599,-30.33724532230336,0.0022882243109344,0.0026106609216024,0.0009250607435259,-31.831945259703964,-31.28207919468312,-32.07355956427573,24.52763578771729,23.76040147325829
6002,CC1(C)C=C(O)C=C(O)C1,14475,O=NC(F)(F)F,17917,[H]OC1=C([H])C2(O[H])ON(C(F)(F)F)C1([H])C(C([H])([H])[H])(C([H])([H])[H])C2([H])[H],1,3 7 1 0 22 1,2,20.633505667333488,6.990673218133169,28.530710239176777,16.018132189142396,-0.9806953357645228,15.037436853377873,5.3710583591469386e-06,2.8530530829475907e-06,1.5980483949069182e-06,2.8530530829475907e-06,-13.97137631591734,0.0001536408120708,5.2441829795029e-05,2.3890129823174915e-05,-17.0328479464319,-12.902585987113548,-10.18564459438656,15.395858539344449,11.79825914581948
9416,CC1(C)C=C(O)C=C(O)C1,14475,C1=NCC2=CC=NC2=N1,13799,[H]OC1=C([H])C2(O[H])C([H])([H])C(C([H])([H])[H])(C([H])([H])[H])C1([H])C13C(=NC([H])=NC1([H])[H])N=C([H])C23[H],1,3 7 3 4 22 1,0,23.84781453937482,13.341607586301024,28.728778892727945,16.266176477896227,10.285425442263126,26.55160192015936,0.0049477118317012,0.0042550679841982,0.0037198628757644,0.0042550679841982,-5.288650162657092,0.0057379440135764,0.0075968110562313,0.024374257326753,-8.732536812211322,-7.20198726174252,-8.868085396666316,24.74992541985433,23.487391503555084
446,CC1=C(C)C(C)C(C)=C1C,14523,N#CC(F)(F)C(F)=C(F)F,16603,[H]C([H])([H])C1=C(C([H])([H])[H])C2(C([H])([H])[H])C([H])(C([H])([H])[H])C1(C([H])([H])[H])C(F)(F)C2(F)C(F)(F)C#N,0,6 2 5 7 26 0,1,15.122083622321952,18.90564449915753,25.320245901413188,15.366262838853295,11.438300251235257,26.80456309008855,0.0003242329033656,0.0054715106241417,0.0249796406489052,0.0054715106241417,-16.48460727122606,0.0072045196540158,0.0173495045452335,0.0168999916199553,-14.87872207817344,-16.9477812965919,-16.901426613621517,24.830775390302296,23.28689182910417
1423,CC1=C(C)C(C)C(C)=C1C,14523,N[C@H]1N=CN=C2N=NC=C21,17093,[H]C1=N[C@]([H])(N([H])[H])C23C(=N1)N=NC2([H])C1(C([H])([H])[H])C(C([H])([H])[H])=C(C([H])([H])[H])C3(C([H])([H])[H])C1([H])C([H])([H])[H],1,6 2 8 9 26 1,0,19.935759086388817,12.18544242622805,26.94232877430049,15.819817005410227,6.475212791885092,22.29502979729532,0.0446516543389687,0.0253408721570943,0.0281939360669721,0.0253408721570943,-5.491549058488488,0.1190192969307935,0.0118222614579457,0.0352614815926156,-5.425528108461329,-4.959579676418738,-6.734432204581971,22.07957142872641,20.88873925874559
2225,CC1=C(C)C(C)C(C)=C1C,14523,O=C1C=C(C(F)(F)F)N=N1,17526,[H]C([H])([H])C1=C(C([H])([H])[H])C2(C([H])([H])[H])C([H])(C([H])([H])[H])C1(C([H])([H])[H])C1([H])C(=O)N=NC12C(F)(F)F,1,6 2 2 3 26 1,0,16.89961915274719,11.324382859648184,27.78791516891617,16.09445667287906,1.070434992155178,17.164891665034236,0.0041541433117961,0.0012694178064595,0.0059576165067874,0.0012694178064595,-16.073311598254975,0.000801972650477,0.0065931714604499,0.0017600487326337,-16.127884738091247,-17.691734471683695,-15.335631678424306,17.966808618218064,15.637898220778336
2248,CC1=C(C)C(C)C(C)=C1C,14523,O=C1C=CC(=O)N1C1CC1,17534,[H]C([H])([H])C1=C(C([H])([H])[H])C2(C([H])([H])[H])C3([H])C(=O)N(C4([H])C([H])([H])C4([H])[H])C(=O)C3([H])C1(C([H])([H])[H])C2([H])C([H])([H])[H],0,6 2 2 3 26 0,1,18.30736603425409,10.117336354044738,25.071050338471192,15.421062872095067,4.976261265999934,20.397324138095,0.0008162166776739,0.0106515775826666,0.0179035202247918,0.0106515775826666,-6.070617936983794,0.0061636451897126,0.0089832325425996,0.0243676975317968,-7.050781832613879,-7.671304997062428,-8.026348844850723,21.49797885878344,19.55182704112316
2250,CC1=C(C)C(C)C(C)=C1C,14523,O=C1C=CC(=O)N1CO,17535,[H]OC([H])([H])N1C(=O)C2([H])C([H])(C1=O)C1(C([H])([H])[H])C(C([H])([H])[H])=C(C([H])([H])[H])C2(C([H])([H])[H])C1([H])C([H])([H])[H],0,6 2 2 3 26 0,1,18.10876869960133,8.690020300375316,24.94535142465552,15.506465366951542,2.7882180715722,18.29468343852374,0.0029918363389237,0.0120719793920216,0.0128291147128988,0.0120719793920216,-7.66516342662868,0.0057395757636496,0.010761334611928,0.0251222414269786,-9.788052350048844,-10.82670144403584,-11.095665399627109,20.56672570101588,18.31009382297012
2292,CC1=C(C)C(C)C(C)=C1C,14523,O=C1C=Cc2ccccc21,17549,[H]c1c([H])c([H])c2c(c1[H])C(=O)C1([H])C2([H])C2(C([H])([H])[H])C(C([H])([H])[H])=C(C([H])([H])[H])C1(C([H])([H])[H])C2([H])C([H])([H])[H],0,6 2 2 3 26 0,1,19.402617217231324,9.96307286011156,24.05347591249529,15.030905360024253,5.794109398397694,20.825014758421947,0.0215898612641079,0.0354448308424116,0.1696941577816688,0.0354448308424116,-5.341408280263451,0.0077714797894553,0.0357977420851654,0.1246260914025393,-7.397846490596862,-6.010109911331437,-5.247758056219833,23.14719351402657,21.105265479234845
2580,CC1=C(C)C(C)C(C)=C1C,14523,O=C1N=CC(F)=C[C@H]1F,17700,[H]C1=NC(=O)[C@]([H])(F)C2([H])C1(F)C1(C([H])([H])[H])C(C([H])([H])[H])=C(C([H])([H])[H])C2(C([H])([H])[H])C1([H])C([H])([H])[H],1,6 2 4 6 26 1,0,19.098240319786832,15.865725265632545,27.43998171454686,15.548184925809853,9.32293772468404,24.87112265049389,0.0257301469611745,0.0407997412464799,0.0321126746142052,0.0407997412464799,-6.391331542437754,0.0396367130741599,0.0400017015416568,0.007296115871717,-6.13878706076256,-4.751495591974816,-7.077813478553409,23.906485434261423,22.74359837336196
2589,CC1=C(C)C(C)C(C)=C1C,14523,O=C1N=CC2=CC=NC2=N1,17702,[H]C1=NC2=NC(=O)N=C([H])C23C1([H])C1(C([H])([H])[H])C(C([H])([H])[H])=C(C([H])([H])[H])C3(C([H])([H])[H])C1([H])C([H])([H])[H],1,6 2 4 5 26 1,0,19.87039920994889,12.029947647670443,30.942221952956665,15.481713287074356,1.954612167338084,17.43632545441244,0.0064563871112904,0.0321268032417423,0.0048414499100509,0.0321268032417423,-5.959210844404431,0.013097402500657,0.0160120322436103,0.0064683431096008,-7.515000988620571,-7.682697279498807,-7.9935581505027,17.899139611949263,13.146424679203534
2627,CC1=C(C)C(C)C(C)=C1C,14523,O=C1NC(=O)C2=C1CCC2,17711,[H]N1C(=O)C23C([H])([H])C([H])([H])C([H])([H])C2(C1=O)C1(C([H])([H])[H])C(C([H])([H])[H])=C(C([H])([H])[H])C3(C([H])([H])[H])C1([H])C([H])([H])[H],1,6 2 5 6 26 1,0,19.881563896258605,13.871901545564404,26.58361290372071,16.784023928052246,6.301981411878174,23.08600533993042,0.0033109295521973,0.0055013547483087,0.017105047467839,0.0055013547483087,-5.20532605910028,0.0089815414347553,0.0159943485654847,0.0220832659263137,-4.724746019360609,-6.707448164451041,-6.122002346924198,22.822480735556937,22.346350537118607
2720,CC1=C(C)C(C)C(C)=C1C,14523,O=CC#CC(F)(F)F,17787,[H]C(=O)C1=C(C(F)(F)F)C2(C([H])([H])[H])C(C([H])([H])[H])=C(C([H])([H])[H])C1(C([H])([H])[H])C2([H])C([H])([H])[H],1,6 2 2 3 26 1,0,11.888552416859063,13.726501329715695,22.49770492245605,15.318514620015874,5.624529823197442,20.94304444321332,0.0016304413983524,0.0042569453622908,0.0092594270479105,0.0042569453622908,-21.188305269433634,0.0016282395882805,0.0304966420057743,0.00165955717872,-18.49037846877952,-21.286306471909377,-26.87670016624168,20.39498548139988,20.493778720128137
2806,CC1=C(C)C(C)C(C)=C1C,14523,O=CNC(=O)/C=C\C(=O)O,17824,[H]OC(=O)C1([H])C2(C([H])([H])[H])C(C([H])([H])[H])=C(C([H])([H])[H])C(C([H])([H])[H])(C2([H])C([H])([H])[H])C1([H])C(=O)N([H])C([H])=O,0,6 2 5 6 26 0,1,19.617803249969853,13.97398542976119,25.149668590903183,15.890910175051388,8.127433360954242,24.01834353600563,0.0031501797552839,0.0078243897216872,0.0100650297220789,0.0078243897216872,-2.8063006392439007,0.0085442657811752,0.0074046965100225,0.0129139072446576,-4.444793230644777,-5.945028007770247,-5.514703575541095,23.85101813395864,23.441612249732373
3011,CC1=C(C)C(C)C(C)=C1C,14523,O=NC(F)(F)F,17917,[H]C([H])([H])C1=C(C([H])([H])[H])C2(C([H])([H])[H])N(C(F)(F)F)OC1(C([H])([H])[H])C2([H])C([H])([H])[H],1,6 2 0 1 26 1,0,17.90070154850411,7.493415980927897,29.30285765902505,15.356932368759816,-3.029180924802436,12.32775144395738,7.88989332306347e-05,1.68226733300258e-05,0.000260673609177,1.68226733300258e-05,-6.537706118909242,0.0002120010350814,0.0019878824604595,7.412538053757839e-05,-7.2171439880502035,-7.025756683337384,-6.365778953691837,13.73836625329356,9.845614597632348
3406,CC1=C(C)C(C)C(C)=C1C,14523,OC1=C(O)c2ccccc21,18015,[H]OC12c3c([H])c([H])c([H])c([H])c3C1(O[H])C1(C([H])([H])[H])C(C([H])([H])[H])=C(C([H])([H])[H])C2(C([H])([H])[H])C1([H])C([H])([H])[H],1,6 2 1 2 26 1,0,14.21302532218937,12.808604842752947,19.91133636412684,15.483234442332034,8.765684585713775,24.24891902804581,0.0143163734648925,0.0116566965907328,0.0203678011880254,0.0116566965907328,-26.333246061839496,0.0357872246900402,0.020046881383099,0.0114193290887561,-27.211214446584577,-26.96442299420504,-24.591397754493585,21.04405693965533,21.56699402609513
3421,CC1=C(C)C(C)C(C)=C1C,14523,OCC1=Cc2ccccc21,18025,[H]OC([H])([H])C12c3c([H])c([H])c([H])c([H])c3C1([H])C1(C([H])([H])[H])C(C([H])([H])[H])=C(C([H])([H])[H])C2(C([H])([H])[H])C1([H])C([H])([H])[H],1,6 2 2 3 26 1,0,13.920419919747165,9.770593925730989,19.73902520347788,15.271432345223422,4.99450446220667,20.26593680743009,0.0164881314483912,0.0241847851435651,0.0830077885550489,0.0241847851435651,-18.475135438328955,0.0703618273768468,0.0276816343564955,0.0980207903965853,-17.607522913404466,-24.26119364972781,-25.50089831051961,19.731464851369257,20.291565821228584
3521,CC1=C(C)C(C)C(C)=C1C,14523,O[C@@H]1CC/C=C/CCC1,18100,[H]O[C@@]1([H])C([H])([H])C([H])([H])C([H])([H])C2([H])C3(C([H])([H])[H])C(C([H])([H])[H])=C(C([H])([H])[H])C(C([H])([H])[H])(C3([H])C([H])([H])[H])C2([H])C([H])([H])C1([H])[H],0,6 2 6 5 26 0,1,15.997230858934545,1.8790852555361488,12.769240731929736,14.738550522904006,5.220480448926743,19.95903097183075,0.0509534099854037,0.0968786666799642,0.0233423934008025,0.0968786666799642,-16.1376436600043,0.2964272151498843,0.0208497261742015,0.0075155273467906,-15.887241703492016,-15.530544135479822,-14.371985441652685,20.44346314435012,20.4578032405328
5016,CC1=C(C)C(C)C(C)=C1C,14523,C=CC(=O)NC(=N)NC#N,13956,[H]N=C(N([H])C#N)N([H])C(=O)C1([H])C2(C([H])([H])[H])C(C([H])([H])[H])=C(C([H])([H])[H])C(C([H])([H])[H])(C2([H])C([H])([H])[H])C1([H])[H],1,6 2 0 1 26 1,0,19.78441067341305,10.838199378858592,23.839787972326143,15.59878326933749,6.548061817214492,22.146845086551984,0.0041057378558448,0.0097716903200188,0.0037244515604496,0.0097716903200188,-4.5129189767152695,0.0106377211856634,0.0085915256129305,0.0044908715948886,-5.604663430223432,-6.280719905218685,-5.481775649974853,22.957365936661272,22.82019179838913
5034,CC1=C(C)C(C)C(C)=C1C,14523,C=CC(F)(F)C(=O)C(=O)O,13974,[H]OC(=O)C(=O)C(F)(F)C1([H])C2(C([H])([H])[H])C(C([H])([H])[H])=C(C([H])([H])[H])C(C([H])([H])[H])(C2([H])C([H])([H])[H])C1([H])[H],1,6 2 0 1 26 1,0,19.77278401061642,12.835138000634004,24.739796155638643,15.796168355992576,8.247907934299462,24.04407629029204,0.004264381460548,0.0574859434613983,0.004822710749313,0.0574859434613983,-5.277821459930507,0.0251691827100991,0.0508682082577902,0.0104360870752362,-5.1842315994061465,-6.487311079663197,-5.320400183780549,24.09964869108287,23.55443484706672
5071,CC1=C(C)C(C)C(C)=C1C,14523,C=CC1=NC(C)(C)C(=O)O1,13986,[H]C([H])([H])C1=C(C([H])([H])[H])C2(C([H])([H])[H])C([H])(C([H])([H])[H])C1(C([H])([H])[H])C([H])([H])C2([H])C1=NC(C([H])([H])[H])(C([H])([H])[H])C(=O)O1,0,6 2 0 1 26 0,1,18.96567514936288,11.764635757190735,22.141209309844804,15.424493984911743,10.03283753158646,25.457331516498204,0.0386080623623776,0.0420260867804936,0.0678929603755974,0.0420260867804936,-2.3066438791930963,0.0476467328815512,0.1186887992046413,0.0542425646254748,-2.8064821547248897,-4.3041121078664695,-5.478033346475286,24.982081421669168,23.65985873205824
2842,CC1=CC(C)(C)C(C)=C1C,14539,N[C@H]1N=CN=C2N=NC=C21,17093,[H]C1=N[C@]([H])(N([H])[H])C23C(=N1)N=NC2([H])C1([H])C(C([H])([H])[H])=C(C([H])([H])[H])C3(C([H])([H])[H])C1(C([H])([H])[H])C([H])([H])[H],0,6 2 9 8 26 0,3,21.185926300114406,12.37952852174552,25.81543185109028,16.687433367837407,8.934223423980555,25.62165679181796,0.0063942720158036,0.0083877421145577,0.000932076177597,0.0083877421145577,-4.725387871910598,0.0008574029980751,0.0067468187035297,0.0030186990213267,-6.09979617665973,-5.40995421190911,-7.616419780897456,24.082204736410223,22.47890033006401
4442,CC1=CC(C)(C)C(C)=C1C,14539,O=C1C=C(C(F)(F)F)N=N1,17526,[H]C([H])([H])C1=C(C([H])([H])[H])C2(C([H])([H])[H])C3(C(F)(F)F)N=NC(=O)C3([H])C1([H])C2(C([H])([H])[H])C([H])([H])[H],0,6 2 3 2 26 0,3,19.486638880190696,12.371503098999009,26.753580372248297,16.534869631481463,5.234917869919435,21.7697875014009,1.153100078143625e-06,0.0107765959146751,0.0005221481186712,0.0107765959146751,-13.953804584310753,8.887521253682652e-05,0.0022169025825322,0.0006372360925099,-17.77468553831777,-15.231254323786755,-13.54582901978852,21.713455231351265,19.43078175369436
4484,CC1=CC(C)(C)C(C)=C1C,14539,O=C1C=CC(=O)N1C1CC1,17534,[H]C([H])([H])C1=C(C([H])([H])[H])C2(C([H])([H])[H])C3([H])C(=O)N(C4([H])C([H])([H])C4([H])[H])C(=O)C3([H])C1([H])C2(C([H])([H])[H])C([H])([H])[H],0,6 2 2 3 26 0,1,20.48435197829916,10.131735702543036,23.17012542453577,16.146403998362526,7.958797215345967,24.105201213708494,0.0001125741724062,0.0030727629179419,0.0053227702377515,0.0030727629179419,-7.706054825762486,0.0002511443150048,0.0021087202909209,0.0037257356224851,-8.993753468158715,-7.915407119378358,-8.089708094779667,23.887095612905867,22.30249783628895
4486,CC1=CC(C)(C)C(C)=C1C,14539,O=C1C=CC(=O)N1CO,17535,[H]OC([H])([H])N1C(=O)C2([H])C([H])(C1=O)C1(C([H])([H])[H])C(C([H])([H])[H])=C(C([H])([H])[H])C2([H])C1(C([H])([H])[H])C([H])([H])[H],0,6 2 2 3 26 0,1,20.49949826657355,8.79979497712896,23.527858628851504,16.164869863887517,5.992838125775847,22.157707989663365,0.0008032706698925,0.0044464178712402,0.0043596369662722,0.0044464178712402,-9.722260897246606,0.000227860113528,0.0028124125274798,0.0034504925626955,-11.460776499887343,-10.808222893458826,-10.846607639324596,23.74254532742348,21.593289544005263
5144,CC1=CC(C)(C)C(C)=C1C,14539,O=C1N=CC(F)=C[C@H]1F,17700,[H]C1=NC(=O)[C@]([H])(F)C2([H])C1(F)C1([H])C(C([H])([H])[H])=C(C([H])([H])[H])C2(C([H])([H])[H])C1(C([H])([H])[H])C([H])([H])[H],0,6 2 6 4 26 0,3,21.89051462382428,16.36085289871034,27.18823610381144,16.26305317453894,11.80918426747689,28.07223744201583,0.0029697386333088,0.0163107087411888,0.0045862510236795,0.0163107087411888,-6.938640350446391,0.003407526812889,0.0104953248842257,0.0056036332937233,-6.884244446573781,-6.077813435594649,-5.941915578338712,26.918586409670368,23.880163263780304
5160,CC1=CC(C)(C)C(C)=C1C,14539,O=C1N=CC2=CC=NC2=N1,17702,[H]C1=NC2=NC(=O)N=C([H])C23C1([H])C1(C([H])([H])[H])C(C([H])([H])[H])=C(C([H])([H])[H])C3([H])C1(C([H])([H])[H])C([H])([H])[H],1,6 2 5 4 26 1,2,22.182891245223885,12.585436087985869,29.486082732697845,15.98822593344628,4.671018817227356,20.65924475067364,0.0007396417293763,0.0080343622853144,0.0036820964699642,0.0080343622853144,-8.436870621645298,0.0025200101623633,0.0122417721649074,0.0055993124693033,-10.286617682910531,-8.288145917526691,-8.29889268986527,21.362381528770687,16.19482244922185
5418,CC1=CC(C)(C)C(C)=C1C,14539,O=CC#CC(F)(F)F,17787,[H]C(=O)C1=C(C(F)(F)F)C2([H])C(C([H])([H])[H])=C(C([H])([H])[H])C1(C([H])([H])[H])C2(C([H])([H])[H])C([H])([H])[H],1,6 2 2 3 26 1,0,13.21202400383015,13.629125101061206,21.176405404167703,15.944734688059553,8.08033547880326,24.02507016686281,0.0004130141258142,0.002406664037245,0.0004804090135047,0.002406664037245,-24.57927987827034,0.0001242475664461,0.006134347432456,0.000178916721994,-21.579081324789883,-21.19994835993416,-27.811954318494088,23.187696905839523,23.026126500616623
2842,CC1=CC(C)(C)CC(C)=C1,14540,N[C@H]1N=CN=C2N=NC=C21,17093,[H]C1=N[C@]([H])(N([H])[H])C23C(=N1)N=NC2([H])C1([H])C(C([H])([H])[H])=C([H])C3(C([H])([H])[H])C([H])([H])C1(C([H])([H])[H])C([H])([H])[H],0,7 2 9 8 26 0,3,22.468689016931062,12.750292430970305,24.194691005179333,16.529461878099106,12.106784522179971,28.63624640027908,0.0344407853934078,0.0383996818744311,0.0028991187966263,0.0383996818744311,-11.593107347840323,0.0402983203922719,0.0476725684477783,0.0145909240972812,-11.595564751384806,-10.89709709647034,-10.866997887407344,25.918871154904178,23.768975904197948
4442,CC1=CC(C)(C)CC(C)=C1,14540,O=C1C=C(C(F)(F)F)N=N1,17526,[H]C1=C(C([H])([H])[H])C2([H])C3([H])C(=O)N=NC3(C(F)(F)F)C1(C([H])([H])[H])C([H])([H])C2(C([H])([H])[H])C([H])([H])[H],0,7 2 3 2 26 0,3,20.603123214657018,13.468106798709243,25.22617329028472,16.314406638397788,8.280021574032325,24.59442821243012,1.984519733899814e-05,0.0145358241937649,0.0018436682109166,0.0145358241937649,-21.44049389023754,0.0006247955222357,0.0136679280066646,0.0062323085538191,-22.787519107522066,-21.09394290692688,-16.271234192448922,23.967614543327,21.05845094768499
4478,CC1=CC(C)(C)CC(C)=C1,14540,O=C1C=CC(=O)C(F)=C1,17533,[H]C1=C(F)C(=O)C2([H])C([H])(C1=O)C1([H])C(C([H])([H])[H])=C([H])C2(C([H])([H])[H])C([H])([H])C1(C([H])([H])[H])C([H])([H])[H],0,7 2 3 2 26 0,3,24.828242785790028,12.455793182102727,25.852130629934305,15.858368489005327,10.88913861464453,26.74750710364986,0.0284106346452388,0.0286912436015041,0.0212171187573652,0.0286912436015041,-7.7026243248865,0.0752867934682608,0.0725877542531836,0.0579041395393232,-10.485600871964586,-10.697502121091034,-6.809909163416791,25.041221222295256,21.843054443890303
5149,CC1=CC(C)(C)CC(C)=C1,14540,O=C1N=CC2(N=N2)C(=O)N1,17701,[H]C1=C(C([H])([H])[H])C2([H])C3([H])N(C(=O)N([H])C(=O)C34N=N4)C1(C([H])([H])[H])C([H])([H])C2(C([H])([H])[H])C([H])([H])[H],1,7 2 2 3 26 1,4,26.34378426944449,13.536224452135228,29.194836663678977,16.54613383296843,12.424769944031006,28.970903776999435,0.0001971004817456,0.0204127431469603,0.0054007815780671,0.0204127431469603,-8.403340007039738,0.0186477491793346,0.0347810475725734,0.0301604247801402,-9.697627403940857,-9.70809169116906,-6.319975184486719,26.136415179365912,23.797155573607853
5158,CC1=CC(C)(C)CC(C)=C1,14540,O=C1N=CC2=CC=NC2=N1,17702,[H]C1=NC2=NC(=O)N=C([H])C23C1([H])C1([H])C(C([H])([H])[H])=C([H])C3(C([H])([H])[H])C([H])([H])C1(C([H])([H])[H])C([H])([H])[H],1,7 2 4 5 26 1,0,24.02831980750069,12.580355216923127,27.949052804699107,15.930804335617454,8.585310830418376,24.51611516603583,0.0082619308315161,0.0307770628520736,0.0026867237960338,0.0307770628520736,-9.62808028639143,0.0446618591840255,0.0232275431897284,0.0127863618392914,-12.583727625282656,-12.721124789074146,-11.098540420354126,23.76012513245778,18.22925854779983
5220,CC1=CC(C)(C)CC(C)=C1,14540,O=C1N=Nc2ccccc21,17709,[H]C1=C(C([H])([H])[H])C2([H])n3c4c([H])c([H])c([H])c([H])c4c(=O)n3C1(C([H])([H])[H])C([H])([H])C2(C([H])([H])[H])C([H])([H])[H],1,7 2 2 3 26 1,4,25.25617206279737,5.384943460326433,24.52616319339436,16.01995383305608,7.659783793937795,23.67973762699388,0.0062908600741005,0.0055449780809404,0.0011527325400248,0.0055449780809404,-9.85780523740383,0.0230595349985767,0.017620209085087,0.0005319647147881,-8.95082457838695,-9.421680506728189,-6.592895717241131,20.85767613176653,20.594411884271786
5419,CC1=CC(C)(C)CC(C)=C1,14540,O=CC#CC(F)(F)F,17787,[H]C(=O)C1=C(C(F)(F)F)C2(C([H])([H])[H])C([H])=C(C([H])([H])[H])C1([H])C(C([H])([H])[H])(C([H])([H])[H])C2([H])[H],1,7 2 3 2 26 1,1,13.007662342880469,15.209703856148296,20.055675883380594,16.063340992869968,8.02910105843236,24.092442051302328,5.833152947322565e-05,0.0185252614947243,0.0011441637132838,0.0185252614947243,-34.337454384626284,0.0001192457985198,0.0193013078396596,0.014520481284648,-34.6943447262409,-32.6054395352523,-31.63821972014969,24.47010479489365,23.55359721667849
6000,CC1=CC(C)(C)CC(C)=C1,14540,O=NC(F)(F)F,17917,[H]C1=C(C([H])([H])[H])C2([H])N(C(F)(F)F)OC1(C([H])([H])[H])C([H])([H])C2(C([H])([H])[H])C([H])([H])[H],1,7 2 0 1 26 1,0,21.442923131691213,8.519266368135508,25.67201485641485,15.955876850439422,5.374830419426836,21.33070726986626,7.681956837110903e-05,2.0922555077973e-06,0.0001069732746259,2.0922555077973e-06,-12.573640384837631,0.0002135170978118,0.0011517171339996,1.1553174542331391e-05,-14.021517661345442,-11.675015223201854,-8.693545727511214,18.32252525841784,14.5176873158084
4442,CC1=CC(C)(C)NC(C)=C1,14542,O=C1C=C(C(F)(F)F)N=N1,17526,[H]C1=C(C([H])([H])[H])C2([H])C3([H])C(=O)N=NC3(C(F)(F)F)C1(C([H])([H])[H])N([H])C2(C([H])([H])[H])C([H])([H])[H],0,7 2 3 2 25 0,3,21.335552607729223,14.788080139874795,28.00450967173346,15.968924409393251,7.250574735721013,23.219499145114263,1.6685158791042774e-05,0.0093637632966268,0.0009837638081569,0.0093637632966268,-17.726874756796164,0.0011723582028126,0.0056547785429171,0.0043222204706851,-17.58721989559701,-16.79023501130137,-12.566004003196262,23.6511033811294,21.88894887913777
5158,CC1=CC(C)(C)NC(C)=C1,14542,O=C1N=CC2=CC=NC2=N1,17702,[H]C1=NC2=NC(=O)N=C([H])C23C1([H])C1([H])C(C([H])([H])[H])=C([H])C3(C([H])([H])[H])N([H])C1(C([H])([H])[H])C([H])([H])[H],1,7 2 4 5 25 1,0,24.728042296780288,14.5778798226236,30.40263532790732,15.597592194212856,7.555919180300137,23.153511374512995,0.0069580580015248,0.0180078571794327,0.0022087090352297,0.0180078571794327,-5.884358821879147,0.0221385634752807,0.0101296258165899,0.0196809214655122,-7.637483519843379,-7.9939945977901345,-7.461403936888974,23.77553712691388,19.28592434039836
6000,CC1=CC(C)(C)NC(C)=C1,14542,O=NC(F)(F)F,17917,[H]C1=C(C([H])([H])[H])C2([H])N(C(F)(F)F)OC1(C([H])([H])[H])N([H])C2(C([H])([H])[H])C([H])([H])[H],1,7 2 0 1 25 1,0,21.44833592998092,10.060976657522373,28.50804679069516,15.703453786033236,2.6350686586375787,18.33852244467081,5.796077428558e-05,7.3890459038376835e-06,3.218310518515769e-05,7.3890459038376835e-06,-10.438114864868275,0.0001472781970556,0.0001831217914369,1.3024743400111708e-05,-12.835860439722708,-7.16676122176926,-6.386297873232099,18.48787300606874,14.662993641499828
2842,CC1=CC(C)=C(C)[C@H]1C,14545,N[C@H]1N=CN=C2N=NC=C21,17093,[H]C1=N[C@]([H])(N([H])[H])C23C(=N1)N=NC2([H])C1(C([H])([H])[H])C(C([H])([H])[H])=C([H])C3(C([H])([H])[H])[C@]1([H])C([H])([H])[H],0,1 5 9 8 23 0,3,20.373004842470703,12.59523320178876,27.22540494537544,16.210308629987615,6.382027564605544,22.59233619459316,0.0298842904054388,0.028763756671965,0.004841357984376,0.028763756671965,-6.225202520690367,0.0076110054695322,0.0346646277020364,0.0148332697815915,-5.692511961875141,-5.715965947258482,-6.632501382947048,21.47863663547287,20.456565080629392
4441,CC1=CC(C)=C(C)[C@H]1C,14545,O=C1C=C(C(F)(F)F)N=N1,17526,[H]C1=C(C([H])([H])[H])C2(C([H])([H])[H])C3([H])C(=O)N=NC3(C(F)(F)F)C1(C([H])([H])[H])[C@]2([H])C([H])([H])[H],1,1 5 3 2 23 1,2,18.633110257132795,12.080106170603964,28.030621024260817,16.027691253179253,4.062658760911461,20.09035001409072,2.364073303372573e-05,0.0137811105300376,0.001284635426462,0.0137811105300376,-16.362104815341688,0.0010551180241628,0.0384424498822401,0.0041004542470774,-16.121978616984862,-16.028049901687858,-13.105608009363614,19.68927619540767,18.069047494238053
4484,CC1=CC(C)=C(C)[C@H]1C,14545,O=C1C=CC(=O)N1C1CC1,17534,[H]C1=C(C([H])([H])[H])C2(C([H])([H])[H])C3([H])C(=O)N(C4([H])C([H])([H])C4([H])[H])C(=O)C3([H])C1(C([H])([H])[H])[C@]2([H])C([H])([H])[H],0,1 5 2 3 23 0,1,19.94178614804539,10.958567250666537,24.995522996629774,15.548499166320552,6.086875547293996,21.63537471361455,0.0022323125333568,0.0099337217639365,0.0113621243741836,0.0099337217639365,-6.382691326324576,0.0067004193481653,0.0202899579195173,0.018115226249073,-8.015179409304118,-6.237297525505326,-5.970688695660311,22.73052177303933,20.92714402660521
4486,CC1=CC(C)=C(C)[C@H]1C,14545,O=C1C=CC(=O)N1CO,17535,[H]OC([H])([H])N1C(=O)C2([H])C([H])(C1=O)C1(C([H])([H])[H])C(C([H])([H])[H])=C([H])C2(C([H])([H])[H])[C@]1([H])C([H])([H])[H],0,1 5 2 3 23 0,1,19.067216994919704,8.907053923635171,24.432276400763023,15.71534473603812,5.04991207126055,20.76525680729867,0.0071480949207004,0.0123791469899906,0.0084369905471207,0.0123791469899906,-8.46618872393892,0.0060405923148739,0.0252759515752164,0.0175743816035567,-10.102008675911463,-9.29569487823968,-9.185124248578902,21.44718541031469,19.72070025696637
5144,CC1=CC(C)=C(C)[C@H]1C,14545,O=C1N=CC(F)=C[C@H]1F,17700,[H]C1=NC(=O)[C@]([H])(F)C2([H])C1(F)C1(C([H])([H])[H])C(C([H])([H])[H])=C([H])C2(C([H])([H])[H])[C@]1([H])C([H])([H])[H],0,1 5 6 4 23 0,3,20.326882088139104,16.355432321814103,27.80223441187,15.817659692411995,10.0735585711229,25.891218263534896,0.0890992291266583,0.0383551320337716,0.0402279653021491,0.0383551320337716,-5.355746351635176,0.1045437404898304,0.0770978238146228,0.0459461036518642,-5.696420152886141,-4.324423143707367,-5.170381303709348,24.51465343053249,21.87879409355374
5158,CC1=CC(C)=C(C)[C@H]1C,14545,O=C1N=CC2=CC=NC2=N1,17702,[H]C1=NC2=NC(=O)N=C([H])C23C1([H])C1(C([H])([H])[H])C(C([H])([H])[H])=C([H])C3(C([H])([H])[H])[C@]1([H])C([H])([H])[H],1,1 5 4 5 23 1,0,21.29540944678844,12.191552204184188,30.491322660521817,15.62178700170316,2.932751749232402,18.554538750935563,0.0114627964795087,0.0253170249300801,0.0047718208768027,0.0253170249300801,-7.450364594557499,0.0134019762691304,0.0182483898985413,0.0048725113836233,-8.28900066345458,-7.1710990843073965,-7.271268055487354,19.288164217858608,14.826407125595662
5419,CC1=CC(C)=C(C)[C@H]1C,14545,O=CC#CC(F)(F)F,17787,[H]C(=O)C1=C(C(F)(F)F)C2(C([H])([H])[H])C([H])=C(C([H])([H])[H])C1(C([H])([H])[H])[C@@]2([H])C([H])([H])[H],1,1 5 3 2 23 1,1,12.458672854503853,13.53091404382687,22.539620657504525,15.552670714152764,6.541484142769832,22.0941548569226,2.4829895041334643e-05,0.0241163376552494,0.0070166723135347,0.0241163376552494,-20.802673780777,0.0002827227822065,0.0458426250849194,0.0257418509616516,-18.98947262454434,-21.551432047414387,-23.979019537322337,21.560403480425112,21.532483398564903
6000,CC1=CC(C)=C(C)[C@H]1C,14545,O=NC(F)(F)F,17917,[H]C1=C(C([H])([H])[H])C2(C([H])([H])[H])N(C(F)(F)F)OC1(C([H])([H])[H])[C@]2([H])C([H])([H])[H],1,1 5 0 1 23 1,0,18.453059897373727,7.673456521372409,29.0444512555046,15.357338930963486,-2.8349739868669808,12.522364944096504,0.0003776529062421,4.527484043847832e-05,0.000150728544965,4.527484043847832e-05,-8.000620372787395,0.0002057054833038,0.0030639773443791,0.0001735451930285,-5.8438971412945335,-6.223027466583755,-5.885089899385381,14.3548561133614,10.774252998227691
6802,CC1=CC(C)=C(C)[C@H]1C,14545,OCC1=Cc2ccccc21,18025,[H]OC([H])([H])C12c3c([H])c([H])c([H])c([H])c3C1([H])C1(C([H])([H])[H])C(C([H])([H])[H])=C([H])C2(C([H])([H])[H])[C@]1([H])C([H])([H])[H],1,1 5 2 3 23 1,0,15.08467357188518,9.869731184718235,19.384619606474374,15.42935928650985,6.395755845618158,21.82511513212801,0.022610803909211,0.023292456408743,0.1037345182608786,0.023292456408743,-19.974437046603832,0.078225080551224,0.0454420553164574,0.1220535910755641,-18.07744452905289,-23.13343999919788,-23.922367395822874,20.78490906539789,21.82600706332629
7000,CC1=CC(C)=C(C)[C@H]1C,14545,O[C@@H]1CC/C=C/CCC1,18100,[H]O[C@@]1([H])C([H])([H])C([H])([H])C([H])([H])C2([H])C3(C([H])([H])[H])C([H])=C(C([H])([H])[H])C(C([H])([H])[H])(C2([H])C([H])([H])C1([H])[H])[C@@]3([H])C([H])([H])[H],1,1 5 5 6 23 1,2,18.001476322773122,2.1857305524496304,13.003467006248057,14.943581183669718,6.796304304895706,21.739885488565424,0.0859755124918628,0.106710969909324,0.042993538842089,0.106710969909324,-11.418290873050664,0.2882933346412414,0.0673650916408802,0.0250678597336162,-11.67893339220749,-14.652158132099151,-13.14220426498126,23.15765644310649,23.53850862464281
2842,CC1=CC=C(C(C)C)CC1,14548,N[C@H]1N=CN=C2N=NC=C21,17093,[H]C1=N[C@]([H])(N([H])[H])C23C(=N1)N=NC2([H])C1(C([H])(C([H])([H])[H])C([H])([H])[H])C([H])=C([H])C3(C([H])([H])[H])C([H])([H])C1([H])[H],0,1 4 9 8 26 0,3,22.64997070581747,12.716112826421114,25.16094577720708,17.267251236767468,11.959122456012436,29.226373692779905,0.0098378904091918,0.0202374943596666,0.0042210979980499,0.0202374943596666,-8.01351855367313,0.0054797384572626,0.0203870095453901,0.0104822848709383,-7.44539574989512,-5.520452012009358,-8.565179124455618,25.111431256836784,23.819736653632205
4439,CC1=CC=C(C(C)C)CC1,14548,O=C1C=C(C(F)(F)F)N=N1,17526,[H]C1=C([H])C2(C([H])(C([H])([H])[H])C([H])([H])[H])C([H])([H])C([H])([H])C1(C([H])([H])[H])C1([H])C(=O)N=NC12C(F)(F)F,1,1 4 2 3 26 1,0,21.51278508594269,12.854887856366393,25.96999430015661,17.2486525370218,7.462648880573596,24.7113014175954,0.0029360765568847,0.0006598049196217,0.0004965657844219,0.0006598049196217,-16.407976555064536,0.0007823200362078,0.0055587761817847,0.0027252425011982,-17.210737413800487,-16.544468645012515,-14.435198837473678,23.37746535664543,21.85766002684521
5158,CC1=CC=C(C(C)C)CC1,14548,O=C1N=CC2=CC=NC2=N1,17702,[H]C1=NC2=NC(=O)N=C([H])C23C1([H])C1(C([H])(C([H])([H])[H])C([H])([H])[H])C([H])=C([H])C3(C([H])([H])[H])C([H])([H])C1([H])[H],1,1 4 4 5 26 1,0,23.99406725046536,12.598308069661297,28.48181431889752,16.648889675163616,8.525129507685463,25.17401918284908,0.0032282583581929,0.022746707720359,0.0045643658167551,0.022746707720359,-6.909655552444271,0.0088990866531945,0.0218517148001981,0.0043863321945025,-8.294093528352057,-7.181544867736157,-8.5957441940715,23.39987278489532,18.247479034145904
5220,CC1=CC=C(C(C)C)CC1,14548,O=C1N=Nc2ccccc21,17709,[H]C1=C([H])C2(C([H])(C([H])([H])[H])C([H])([H])[H])n3c4c([H])c([H])c([H])c([H])c4c(=O)n3C1(C([H])([H])[H])C([H])([H])C2([H])[H],1,1 4 2 3 26 1,4,23.908355008929504,4.499440838688779,25.232747677350687,16.611779938166364,4.309132457820439,20.920912395986804,0.0026069164417621,0.0040821206573514,0.0012149250731838,0.0040821206573514,-7.789535598264578,0.0036886143773363,0.0055502202973353,0.0004797998662331,-6.696120049372404,-5.4179187789011465,-7.379611908579033,19.40578252473196,19.294669934781897
6000,CC1=CC=C(C(C)C)CC1,14548,O=NC(F)(F)F,17917,[H]C1=C([H])C2(C([H])(C([H])([H])[H])C([H])([H])[H])N(C(F)(F)F)OC1(C([H])([H])[H])C([H])([H])C2([H])[H],1,1 4 0 1 26 1,0,20.629320119146577,7.211861576119796,26.273196075298507,16.756984476742144,2.548088605665356,19.3050730824075,0.0002428441600084,7.41448323618336e-06,0.0001143206184684,7.41448323618336e-06,-7.182156332219833,0.0001376826018235,0.0007327064714844,3.9495125257447135e-05,-8.079785355126603,-6.894152837971152,-9.762028127443273,16.932008535705275,13.77866411158297
12007,CC1=CC=CC=C(C)CC1,14549,O=NC(F)(F)F,17917,[H]C1=C([H])C2(C([H])([H])[H])ON(C(F)(F)F)C1([H])/C([H])=C(/C([H])([H])[H])C([H])([H])C2([H])[H],0,3 6 1 0 24 0,7,27.07995655258928,8.411110156789736,26.75480839814658,16.253689394516524,8.018048567405554,24.27173796192208,3.743130439419719e-05,1.541444065934644e-05,1.208764052339305e-05,1.541444065934644e-05,-11.07568514001442,3.361466505096871e-05,0.0005220494824765,0.0001155348093416,-9.828240808409896,-7.524779888115919,-9.270637485864045,25.000436553406765,22.843929570676664
5158,CC1=CC=C[C@H](C)C(=O)N1,14550,O=C1N=CC2=CC=NC2=N1,17702,[H]C1=NC2=NC(=O)N=C([H])C23C1([H])C1([H])C([H])=C([H])C3(C([H])([H])[H])N([H])C(=O)[C@@]1([H])C([H])([H])[H],1,1 4 4 5 21 1,0,29.280609920860776,14.209292330959364,29.714894049264025,15.999499181757642,12.183281839461388,28.18278102121903,0.0065193604450208,0.0163950489928149,0.0074957470482702,0.0163950489928149,-9.010712059868546,0.0086185471158121,0.0330065306067762,0.0132859385371074,-9.612233554902602,-9.490570825318583,-9.31084565614043,29.073337969310664,23.94900807436109
6000,CC1=CC=C[C@H](C)C(=O)N1,14550,O=NC(F)(F)F,17917,[H]C1=C([H])C2([H])N(C(F)(F)F)OC1(C([H])([H])[H])N([H])C(=O)[C@@]2([H])C([H])([H])[H],1,1 4 0 1 21 1,0,27.214753617208785,9.532021857845535,26.22739323606821,16.04185454590857,10.711302841521103,26.75315738742968,5.789974631763182e-05,1.1989744810859426e-05,5.307981930924717e-05,1.1989744810859426e-05,-10.255597599126029,0.0004585744523395,0.0008224282540664,5.1144515478958845e-05,-12.648067392393884,-7.748376426342112,-7.132662422194965,25.74829842104869,21.73941230342624
5160,CC1=CCCCC(C)=C1,14554,O=C1N=CC2=CC=NC2=N1,17702,[H]C1=NC2=NC(=O)N=C([H])C23C2([H])C(C([H])([H])[H])=C([H])C(C([H])([H])[H])(C([H])([H])C([H])([H])C2([H])[H])C13[H],1,6 2 5 4 23 1,2,26.908723425895225,13.981333575804651,28.908916260846727,15.678671272713649,11.990747094601724,27.66941836731537,0.0219264260129702,0.0216707980774311,0.0089298278776141,0.0216707980774311,-16.20986659059689,0.0244066629341546,0.0582443018275291,0.0454488667488451,-16.644460295330333,-15.278227040452144,-14.01403303030554,27.800656255754497,22.12624495870605
6000,CC1=CCCCC(C)=C1,14554,O=NC(F)(F)F,17917,[H]C1=C(C([H])([H])[H])C2([H])N(C(F)(F)F)OC1(C([H])([H])[H])C([H])([H])C([H])([H])C2([H])[H],1,6 2 0 1 23 1,0,25.886397459256845,8.918761490085638,26.546647679612608,15.731779580784622,7.67001539449554,23.40179497528016,9.612597481815116e-05,1.1898102905992055e-05,3.746479307457911e-05,1.1898102905992055e-05,-14.288068988473334,0.0004964896412321,0.0011674795044121,5.312652813822027e-05,-13.463653603871158,-12.950269307070728,-11.550434602793793,23.275858189089845,19.83255139898522
2842,CC1=CC[C@@H](C(C)C)C=C1,14561,N[C@H]1N=CN=C2N=NC=C21,17093,[H]C1=N[C@]([H])(N([H])[H])C23C(=N1)N=NC2([H])C1([H])C(C([H])([H])[H])=C([H])C3([H])[C@]([H])(C([H])(C([H])([H])[H])C([H])([H])[H])C1([H])[H],0,8 2 9 8 26 0,3,21.54047816742607,12.13458620193185,24.20010085911221,16.135636551190377,10.281156109404346,26.416792660594723,0.0165436026316008,0.0140036069157023,0.0051130484830149,0.0140036069157023,-14.330750228606597,0.011353839459281,0.0766888028342837,0.0274449495073064,-13.925147762896202,-13.2810772656836,-14.186392671661842,24.53462176692604,22.170870634352376
4442,CC1=CC[C@@H](C(C)C)C=C1,14561,O=C1C=C(C(F)(F)F)N=N1,17526,[H]C1=C(C([H])([H])[H])C2([H])C3([H])C(=O)N=NC3(C(F)(F)F)C1([H])[C@]([H])(C([H])(C([H])([H])[H])C([H])([H])[H])C2([H])[H],0,8 2 3 2 26 0,3,20.21137186489774,12.507761605264331,25.01538016472842,15.89683107418814,6.136986990456073,22.03381806464421,6.103124323299316e-06,0.0073401298973627,0.0014007217579713,0.0073401298973627,-24.76839599468381,0.0005425403093167,0.0242262075038415,0.0042964477866265,-27.27727210289544,-23.42807505079059,-19.349642485951044,23.345273542907627,21.409574761908715
4478,CC1=CC[C@@H](C(C)C)C=C1,14561,O=C1C=CC(=O)C(F)=C1,17533,[H]C1=C(F)C(=O)C2([H])C([H])(C1=O)C1([H])C(C([H])([H])[H])=C([H])C2([H])[C@]([H])(C([H])(C([H])([H])[H])C([H])([H])[H])C1([H])[H],0,8 2 3 2 26 0,3,23.27632692688021,11.252101270223005,25.93848651097304,15.456769374485104,8.05730155967656,23.514070934161666,0.0253805257340958,0.0178207782798361,0.0608974381773232,0.0178207782798361,-11.337801605539106,0.0201617413798293,0.0647051961096298,0.0714381849120628,-13.078741258612157,-13.54687047338922,-11.571737324761187,22.58664079112993,19.87006710077432
4484,CC1=CC[C@@H](C(C)C)C=C1,14561,O=C1C=CC(=O)N1C1CC1,17534,[H]C1=C(C([H])([H])[H])C2([H])C3([H])C(=O)N(C4([H])C([H])([H])C4([H])[H])C(=O)C3([H])C1([H])[C@]([H])(C([H])(C([H])([H])[H])C([H])([H])[H])C2([H])[H],0,8 2 2 3 26 0,1,21.013156960470315,9.70352153347264,21.927060744634147,15.505563477772354,9.122033965569322,24.62759744334168,0.0008452726859517,0.0031879868371897,0.0099109434718543,0.0031879868371897,-15.972499264933433,0.0021932193224511,0.0228069192104285,0.0244048953194992,-16.380802143440413,-15.320438360631565,-15.45947074693165,24.56908664273947,22.66380872517694
4486,CC1=CC[C@@H](C(C)C)C=C1,14561,O=C1C=CC(=O)N1CO,17535,[H]OC([H])([H])N1C(=O)C2([H])C3([H])C(C([H])([H])[H])=C([H])C([H])(C2([H])C1=O)[C@]([H])(C([H])(C([H])([H])[H])C([H])([H])[H])C3([H])[H],0,8 2 2 3 26 0,1,20.74052721617893,8.836543064310636,21.90547493413125,15.543569054478468,8.157195847741573,23.70076490222004,0.0032182713402515,0.0042358171189913,0.0108229550630158,0.0042358171189913,-17.20383567753857,0.0015763035566146,0.0374799696975638,0.0264974748889476,-17.461660400705995,-17.830269206772627,-18.24640932082228,23.57330104981861,22.422945427397327
5158,CC1=CC[C@@H](C(C)C)C=C1,14561,O=C1N=CC2=CC=NC2=N1,17702,[H]C1=NC2=NC(=O)N=C([H])C23C1([H])C1([H])C(C([H])([H])[H])=C([H])C3([H])[C@]([H])(C([H])(C([H])([H])[H])C([H])([H])[H])C1([H])[H],1,8 2 4 5 26 1,0,23.5331370522133,12.110226974452996,28.200019949161472,15.507614979073177,6.045647359590518,21.553262338663693,0.003594169750008,0.0110123009358633,0.0064719372826174,0.0110123009358633,-11.938242115862366,0.007950585352601,0.0395961338896375,0.0240620748918099,-15.675919512818597,-14.743175434573928,-13.933141285672804,22.344545624133552,16.59850357044889
5220,CC1=CC[C@@H](C(C)C)C=C1,14561,O=C1N=Nc2ccccc21,17709,[H]C1=C(C([H])([H])[H])C2([H])n3c4c([H])c([H])c([H])c([H])c4c(=O)n3C1([H])[C@]([H])(C([H])(C([H])([H])[H])C([H])([H])[H])C2([H])[H],1,8 2 2 3 26 1,4,24.006388649233536,5.330689315742768,25.36406141359401,15.794805477145967,5.996674183976001,21.79147966112197,0.0055981735199273,0.0115063511538127,0.003885012875133,0.0115063511538127,-13.78896711301951,0.0137090538467947,0.036571339244068,0.0010449840591167,-11.902700972647438,-11.168843605268812,-7.590864536585133,20.537685291345657,20.146772220120425
6000,CC1=CC[C@@H](C(C)C)C=C1,14561,O=NC(F)(F)F,17917,[H]C1=C(C([H])([H])[H])C2([H])N(C(F)(F)F)OC1([H])[C@]([H])(C([H])(C([H])([H])[H])C([H])([H])[H])C2([H])[H],1,8 2 0 1 26 1,0,21.074867292881887,8.192330148267079,26.630675009219388,15.60240224599162,4.164222683123054,19.76662492911468,6.142448712818104e-05,4.04571517071523e-06,0.0001454001596646,4.04571517071523e-06,-15.355497845042692,0.0001499649513741,0.0022117640611057,5.5706124413226166e-05,-15.803783168303028,-12.834514733586616,-8.209222759245812,18.41399424389453,15.411861437957388
2842,CC1=C[C@H](C)C(C)=C1C,14572,N[C@H]1N=CN=C2N=NC=C21,17093,[H]C1=N[C@]([H])(N([H])[H])C23C(=N1)N=NC2([H])C1([H])C(C([H])([H])[H])=C(C([H])([H])[H])C3(C([H])([H])[H])[C@@]1([H])C([H])([H])[H],0,5 2 9 8 23 0,3,18.7303065662754,11.95063575855955,25.743334169037787,16.135936181048546,7.1669932940209655,23.30292947506951,0.0157044359120082,0.0217172173626147,0.0066784063689713,0.0217172173626147,-6.938433304650168,0.0107584058645457,0.0237940763660605,0.0294121093113018,-7.1098705892925125,-6.334492286114859,-7.934438582437707,21.640813052532074,19.668256782586564
4439,CC1=C[C@H](C)C(C)=C1C,14572,O=C1C=C(C(F)(F)F)N=N1,17526,[H]C([H])([H])C1=C(C([H])([H])[H])C2(C([H])([H])[H])C3([H])C(=O)N=NC3(C(F)(F)F)C1([H])[C@]2([H])C([H])([H])[H],1,5 2 2 3 23 1,0,17.42440880790455,11.07129306824711,26.38807727741373,16.01294567144315,2.4157665372532584,18.428712208696407,0.0027436627590024,0.0012739797743276,0.0056040679665023,0.0012739797743276,-17.233775421103694,0.0005475563077864,0.0067051099180338,0.0023628190323247,-19.66005540881648,-18.106319595215083,-15.313608103814452,18.83700995144898,16.230299755919734
4484,CC1=C[C@H](C)C(C)=C1C,14572,O=C1C=CC(=O)N1C1CC1,17534,[H]C([H])([H])C1=C(C([H])([H])[H])C2(C([H])([H])[H])C3([H])C(=O)N(C4([H])C([H])([H])C4([H])[H])C(=O)C3([H])C1([H])[C@]2([H])C([H])([H])[H],0,5 2 2 3 23 0,1,18.72946003978991,10.005164843726304,23.136857207074776,15.494082555378805,6.605526146198272,22.099608701577075,0.0009034306574558,0.0076482582060971,0.0176008305377281,0.0076482582060971,-7.437286283280066,0.005006330804337,0.0083291180940335,0.0336153568308175,-8.89423932989289,-7.480631561337066,-7.931207401455488,22.57448715924636,20.46882348021208
4486,CC1=C[C@H](C)C(C)=C1C,14572,O=C1C=CC(=O)N1CO,17535,[H]OC([H])([H])N1C(=O)C2([H])C([H])(C1=O)C1(C([H])([H])[H])C(C([H])([H])[H])=C(C([H])([H])[H])C2([H])[C@]1([H])C([H])([H])[H],0,5 2 2 3 23 0,1,18.41023241797907,8.612903095543157,23.633158478055964,15.569974151731936,4.708868001756144,20.27884215348808,0.0031618346779276,0.0106119151140497,0.0122572117829634,0.0106119151140497,-8.379593783762651,0.0037726524106438,0.0136421071528135,0.0357372578915841,-10.270273043624975,-10.299947513586211,-10.516527507914134,21.63908324091716,19.41326267838749
4568,CC1=C[C@H](C)C(C)=C1C,14572,O=C1C=Cc2ccccc21,17549,[H]c1c([H])c([H])c2c(c1[H])C(=O)C1([H])C2([H])C2([H])C(C([H])([H])[H])=C(C([H])([H])[H])C1(C([H])([H])[H])[C@@]2([H])C([H])([H])[H],0,5 2 2 3 23 0,1,19.54623347377134,9.750772900241802,22.265009581949727,15.082509106793747,7.473188421224286,22.55569752801804,0.0202751134002815,0.0504250065642458,0.1631415880594614,0.0504250065642458,-6.041941448271906,0.0102170558953511,0.0474523624043132,0.1574750622855471,-8.445127782043272,-5.855197543724604,-5.081344944518754,24.259552686489805,21.960607606880668
5144,CC1=C[C@H](C)C(C)=C1C,14572,O=C1N=CC(F)=C[C@H]1F,17700,[H]C1=NC(=O)[C@]([H])(F)C2([H])C1(F)C1([H])C(C([H])([H])[H])=C(C([H])([H])[H])C2(C([H])([H])[H])[C@@]1([H])C([H])([H])[H],0,5 2 6 4 23 0,3,19.786196593547828,15.583387559179856,26.82423130470696,15.700817962224576,10.155915900520824,25.8567338627454,0.0521464966549987,0.0374136729081554,0.0451163500082098,0.0374136729081554,-6.086078401524894,0.095731626666888,0.0420326715257887,0.0722130352559375,-7.274923928836714,-6.1045810616718725,-6.795693073239498,24.13582975618777,21.722396768884607
5160,CC1=C[C@H](C)C(C)=C1C,14572,O=C1N=CC2=CC=NC2=N1,17702,[H]C1=NC2=NC(=O)N=C([H])C23C1([H])C1(C([H])([H])[H])C(C([H])([H])[H])=C(C([H])([H])[H])C3([H])[C@]1([H])C([H])([H])[H],1,5 2 5 4 23 1,2,19.85059123995932,12.106720276579749,29.31670475989123,15.508485220583433,3.0289281689221426,18.537413389505573,0.014549536089577,0.0345368419919236,0.0131583242611963,0.0345368419919236,-8.562350667183729,0.0219987292181479,0.0416839781149493,0.048937522301906,-10.310916544143282,-8.997984232511257,-8.996772288231483,18.92712634627468,13.310647616678263
5234,CC1=C[C@H](C)C(C)=C1C,14572,O=C1NC(=O)C2=C1CCC2,17711,[H]N1C(=O)C23C([H])([H])C([H])([H])C([H])([H])C2(C1=O)C1(C([H])([H])[H])C(C([H])([H])[H])=C(C([H])([H])[H])C3([H])[C@]1([H])C([H])([H])[H],1,5 2 5 6 23 1,0,20.02422168353681,13.569915791290146,25.14215164785351,16.744554145679064,8.069826697581174,24.81438084326024,0.0032296489718438,0.0047951237236882,0.0202039659157988,0.0047951237236882,-7.975453432681867,0.005895701055827,0.0132563332360377,0.0559360251771759,-7.816584119314328,-7.28435256211181,-6.588514944775316,23.903605106179302,22.97992189488304
5419,CC1=C[C@H](C)C(C)=C1C,14572,O=CC#CC(F)(F)F,17787,[H]C(=O)C1=C(C(F)(F)F)C2(C([H])([H])[H])C(C([H])([H])[H])=C(C([H])([H])[H])C1([H])[C@]2([H])C([H])([H])[H],1,5 2 3 2 23 1,1,11.108186557794266,13.18181717005229,20.896835263115232,15.682851445070009,6.233670180056993,21.916521625127,6.025136407475722e-06,0.0352742644055423,0.0045821292498768,0.0352742644055423,-21.84904104433325,0.0002500132765673,0.040929849528058,0.0349810226415397,-20.8518030411867,-22.594700167917463,-26.756452755985045,20.86952989699963,20.343605741871333
6780,CC1=C[C@H](C)C(C)=C1C,14572,OC1=C(O)c2ccccc21,18015,[H]OC12c3c([H])c([H])c([H])c([H])c3C1(O[H])C1(C([H])([H])[H])C(C([H])([H])[H])=C(C([H])([H])[H])C2([H])[C@]1([H])C([H])([H])[H],1,5 2 1 2 23 1,0,14.273165989047806,12.599173451170412,18.53221368375291,15.523737787658591,9.6630532211572,25.186791008815792,0.0062600997908096,0.0172975159253119,0.0141487308297056,0.0172975159253119,-28.73179154544048,0.0347438377173643,0.0113992436632104,0.0184840086376465,-29.51276197212617,-28.024062194443296,-25.6747346030234,21.783583421334555,23.070915859600035
6802,CC1=C[C@H](C)C(C)=C1C,14572,OCC1=Cc2ccccc21,18025,[H]OC([H])([H])C12c3c([H])c([H])c([H])c([H])c3C1([H])C1([H])C(C([H])([H])[H])=C(C([H])([H])[H])C2(C([H])([H])[H])[C@@]1([H])C([H])([H])[H],1,5 2 2 3 23 1,0,13.971566053725711,9.45780098356619,18.462336885095368,15.345862806238696,5.5299066147999945,20.87576942103869,0.0077601430881764,0.035659893374447,0.0712039394396432,0.035659893374447,-19.66161829941228,0.0562430232510134,0.0277876283183642,0.1394018630470269,-19.01553447076818,-24.76656708318258,-25.972959214933937,20.0979780014328,21.038901458183
7000,CC1=C[C@H](C)C(C)=C1C,14572,O[C@@H]1CC/C=C/CCC1,18100,[H]O[C@@]1([H])C([H])([H])C([H])([H])C([H])([H])C2([H])C3(C([H])([H])[H])C(C([H])([H])[H])=C(C([H])([H])[H])C([H])(C2([H])C([H])([H])C1([H])[H])[C@]3([H])C([H])([H])[H],1,5 2 5 6 23 1,2,16.12619976674036,1.7677513981627726,11.930348701614584,14.78835474945299,6.528327066629483,21.316681816082472,0.0456315006744359,0.0599705879132715,0.0373881157796004,0.0599705879132715,-14.871808435724724,0.2299177900279322,0.0207231786527002,0.0537069502712979,-15.58789122976301,-16.37468756379687,-14.727375753671057,22.11338581960809,21.63322261556987
9937,CC1=C[C@H](C)C(C)=C1C,14572,C=CC(=O)NC(=N)NC#N,13956,[H]N=C(N([H])C#N)N([H])C(=O)C1([H])C2([H])C(C([H])([H])[H])=C(C([H])([H])[H])C(C([H])([H])[H])(C1([H])[H])[C@@]2([H])C([H])([H])[H],1,5 2 0 1 23 1,0,20.033758552968507,10.629425101982424,22.57170679419508,15.70542468016618,8.065757551474864,23.77118223164104,0.0039265478362152,0.0064560275284137,0.0061112611288382,0.0064560275284137,-5.096670029987131,0.0092947457511846,0.0093056859522069,0.0061475228841814,-6.03839899624397,-6.263138087864345,-5.392385705800361,23.721625705107144,23.187807461983628
2589,CC1C[C@H]2C=CC=C[C@@H]2C1,14610,O=C1N=CC2=CC=NC2=N1,17702,[H]C1=NC2=NC(=O)N=C([H])C23C1([H])C1([H])C([H])=C([H])C3([H])[C@]2([H])C([H])([H])C([H])(C([H])([H])[H])C([H])([H])[C@@]12[H],1,4 7 4 5 24 1,0,24.745084970753428,12.757028692272652,25.954218608281764,16.21655917659811,10.611206493607687,26.8277656702058,0.0040256054597744,0.007192110044662,0.0014000302040177,0.007192110044662,-3.890600177383156,0.0119228911030273,0.0046175524290193,0.00875224074008,-6.824398250342469,-6.171500330061406,-6.882606292120574,26.5215086002391,20.655382950407848
885,CC=CC=CCOC(C)=O,14615,N#CC(C#N)N=O,16602,[H]C1=C([H])C([H])(C([H])([H])[H])N(C([H])(C#N)C#N)OC1([H])C([H])([H])OC(=O)C([H])([H])[H],0,1 4 5 6 22 0,9,25.89179718858901,8.691158124409103,27.828684583768823,17.37150543963484,6.567930296834994,23.93943573646984,0.0037558249496542,0.0025617245387273,0.0005870733696438,0.0025617245387273,-7.672759537812936,0.0297874911970529,0.0103390381534376,0.0005297431374015,-5.600535578585003,-7.879563030980691,-6.349829309035751,22.719494500752063,21.47338111191988
4442,CC=CC=CCOC(C)=O,14615,O=C1C=C(C(F)(F)F)N=N1,17526,[H]C1=C([H])C([H])(C([H])([H])[H])C2(C(F)(F)F)N=NC(=O)C2([H])C1([H])C([H])([H])OC(=O)C([H])([H])[H],0,1 4 3 2 22 0,3,21.393150608052714,12.16337355020016,26.619018490990328,17.224712173814,5.377964642365782,22.602676816179784,2.673213852142462e-05,0.0281917739229401,0.0138174306132074,0.0281917739229401,-29.31525579553257,0.0015024705454191,0.0264244861274694,0.009439737330085,-26.55349799173826,-26.258043716731464,-19.43935971291969,23.84344319689977,22.7950465653696
4478,CC=CC=CCOC(C)=O,14615,O=C1C=CC(=O)C(F)=C1,17533,[H]C1=C(F)C(=O)C2([H])C([H])(C1=O)C([H])(C([H])([H])OC(=O)C([H])([H])[H])C([H])=C([H])C2([H])C([H])([H])[H],0,1 4 3 2 22 0,3,23.501893455898056,11.946632748830076,27.54198983497465,16.909917510147736,7.937301561940146,24.84721907208788,0.0214244364227074,0.0628615178521294,0.1848789851013718,0.0628615178521294,-13.982143041258604,0.0569401573715628,0.0893449498898052,0.1784277212460925,-13.730308328488434,-15.257328995804492,-12.196525855486072,24.10844707240379,22.159125624548043
5158,CC=CC=CCOC(C)=O,14615,O=C1N=CC2=CC=NC2=N1,17702,[H]C1=NC2=NC(=O)N=C([H])C23C1([H])C([H])(C([H])([H])OC(=O)C([H])([H])[H])C([H])=C([H])C3([H])C([H])([H])[H],1,1 4 4 5 22 1,0,23.95760001506248,12.284804995261798,30.386721062343053,16.9696205215863,4.176104605061831,21.14572512664813,0.0050591142148292,0.0643849535113212,0.0245004767605443,0.0643849535113212,-16.474311889243722,0.0270347187588966,0.0723499519479766,0.0136958533257022,-16.314686656218065,-16.754479052741416,-13.81747957113472,22.45353004197177,18.0894573545539
5211,CC=CC=CCOC(C)=O,14615,O=C1N=NC(C2CC2)=N1,17707,[H]C1=C([H])C([H])(C([H])([H])OC(=O)C([H])([H])[H])n2c(=O)nc(C3([H])C([H])([H])C3([H])[H])n2C1([H])C([H])([H])[H],1,1 4 3 2 22 1,5,26.379617110589333,8.7926247229268,30.617990774731908,17.15193613458798,7.1337797285614,24.28571586314938,0.0013193766795864,0.0072066838589507,0.0009723299288451,0.0072066838589507,-10.249964912574503,0.001824434770791,0.0265572806996326,0.0012447406432886,-4.325606872313962,-9.38026103926223,-5.37585332222498,22.65640167230908,21.739391989574667
5220,CC=CC=CCOC(C)=O,14615,O=C1N=Nc2ccccc21,17709,[H]C1=C([H])C([H])(C([H])([H])OC(=O)C([H])([H])[H])n2c3c([H])c([H])c([H])c([H])c3c(=O)n2C1([H])C([H])([H])[H],1,1 4 2 3 22 1,4,25.601947852504697,5.283489552815098,28.482388098406272,17.164327633892043,6.083195204528803,23.24752283842085,0.008889380389993,0.0334046157979082,0.0029841332663231,0.0334046157979082,-13.142747434129,0.020631129231899,0.0658839403031069,0.0025968781786492,-7.955195104107254,-12.278376740072568,-9.5021258609937,20.98016262484528,21.47907203478562
6003,CC=CC=CCOC(C)=O,14615,O=NC(F)(F)F,17917,[H]C1=C([H])C([H])(C([H])([H])[H])N(C(F)(F)F)OC1([H])C([H])([H])OC(=O)C([H])([H])[H],0,1 4 1 0 22 0,3,21.965423467689515,7.693879337278186,27.003345777349296,17.19577317005006,3.436877859106815,20.632651029156875,1.855055913757164e-05,4.889031888052397e-05,0.0001888970478336,4.889031888052397e-05,-14.28237380193424,9.813002640488808e-05,0.0007397217022327,0.0001875537721527,-12.077761505537076,-12.191231399490746,-13.072602438656602,19.319154738202904,17.526567849206742
5160,CCC/C=C(\CC)C(C)=O,14639,O=C1N=CC2=CC=NC2=N1,17702,[H]C1=NC(=O)N=C2N=C([H])C3([H])C12OC(C([H])([H])[H])=C(C([H])([H])C([H])([H])[H])C3([H])C([H])([H])C([H])([H])C([H])([H])[H],1,3 9 5 4 26 1,2,19.09903236843844,12.897781229511097,22.75821029570464,15.914852576141232,10.30702382501102,26.22187640115225,0.0060102229681244,0.0029262169283727,0.004976806274154,0.0029262169283727,-0.9101522385133798,0.0025380080807758,0.0306834860535812,0.0234475807256072,0.2929375353565397,-3.4626092777978847,-5.658622435309091,23.43526612614599,19.684328557545022
10839,CCCC(=O)C1=CC=CC1,14653,O=CC#CC(F)(F)F,17787,[H]C(=O)C1=C(C(F)(F)F)C2(C(=O)C([H])([H])C([H])([H])C([H])([H])[H])C([H])=C([H])C1([H])C2([H])[H],1,5 8 3 2 22 1,3,11.406295002774144,13.648473183665724,18.669333689504285,15.899904102401669,7.537555539600913,23.43745964200258,3.082777957742334e-05,0.0117821703113046,0.0012189934652832,0.0117821703113046,-15.157762281004416,0.0041796009669184,0.0148766314519674,0.0059143710372835,-13.97220531233679,-15.866121966553976,-14.252146191964286,23.16800453197323,23.57675363140364
2842,CCCCC1=CCC=C1,14666,N[C@H]1N=CN=C2N=NC=C21,17093,[H]C1=N[C@]([H])(N([H])[H])C23C(=N1)N=NC2([H])C1([H])C(C([H])([H])C([H])([H])C([H])([H])C([H])([H])[H])=C([H])C3([H])C1([H])[H],0,7 5 9 8 23 0,3,16.48131764299653,11.961925280107504,23.045789325779783,16.50062040820099,5.529123848022028,22.02974425622302,0.0405750401329151,0.0199874531337777,0.0123903562365387,0.0199874531337777,-9.547454535805455,0.025378226031727,0.0423109706502373,0.0319137367706436,-9.538493032747128,-7.904205098109294,-8.189351307302644,21.7138192513662,20.84812239456534
4442,CCCCC1=CCC=C1,14666,O=C1C=C(C(F)(F)F)N=N1,17526,[H]C1=C(C([H])([H])C([H])([H])C([H])([H])C([H])([H])[H])C2([H])C([H])([H])C1([H])C1(C(F)(F)F)N=NC(=O)C21[H],0,7 5 3 2 23 0,3,15.25984219390229,11.837745974164594,22.60448788501984,16.11868660592317,1.5948877444922474,17.713574350415417,3.624819734846798e-05,0.0099149807741421,0.0026595984655317,0.0099149807741421,-21.84646563143601,0.0013716807310796,0.0077340062141939,0.0052548871499681,-24.644348430602854,-18.388911347804505,-14.534543828471776,19.70782312992916,17.993736556023986
4484,CCCCC1=CCC=C1,14666,O=C1C=CC(=O)N1C1CC1,17534,[H]C1=C(C([H])([H])C([H])([H])C([H])([H])C([H])([H])[H])C2([H])C([H])([H])C1([H])C1([H])C(=O)N(C3([H])C([H])([H])C3([H])[H])C(=O)C21[H],0,7 5 2 3 23 0,1,16.547971093004577,9.994177223083332,20.68923204764555,15.824581538384898,5.726611276076067,21.551192814460965,0.0041337102955777,0.0073827611998544,0.0175525688636161,0.0073827611998544,-9.13596830620731,0.0167113221713665,0.0190934925825457,0.0703217126821086,-9.318374020260038,-7.624140684040856,-7.75223431234415,23.306116049561894,22.45537582192923
4486,CCCCC1=CCC=C1,14666,O=C1C=CC(=O)N1CO,17535,[H]OC([H])([H])N1C(=O)C2([H])C3([H])C([H])=C(C([H])([H])C([H])([H])C([H])([H])C([H])([H])[H])C([H])(C3([H])[H])C2([H])C1=O,0,7 5 2 3 23 0,1,16.391639496461394,8.799562430674339,21.07245021338719,15.938915371900933,4.489434038888263,20.428349410789195,0.0073985485163834,0.006203238793695,0.0145733982308674,0.006203238793695,-10.3696770384746,0.0093774493945483,0.0351405271985151,0.0733846892139834,-11.190978449327991,-10.452403823769783,-10.43768175799564,22.556495622298684,21.47215658020816
5158,CCCCC1=CCC=C1,14666,O=C1N=CC2=CC=NC2=N1,17702,[H]C1=NC2=NC(=O)N=C([H])C23C2([H])C([H])=C(C([H])([H])C([H])([H])C([H])([H])C([H])([H])[H])C([H])(C2([H])[H])C13[H],1,7 5 4 5 23 1,0,18.384923914526937,11.886051984890068,26.184400374935617,15.919815143403014,2.287019862641732,18.206835006044745,0.0121294488995928,0.0219614995973662,0.0079278771587851,0.0219614995973662,-10.49749546136198,0.0389402120053035,0.0175903161432566,0.0159194912937403,-12.059538088061196,-9.428295240785625,-8.577017173054614,19.91801304852948,15.31874805442664
5235,CCCCC1=CCC=C1,14666,O=C1NC(=O)C2=C1CCC2,17711,[H]C1=C(C([H])([H])C([H])([H])C([H])([H])C([H])([H])[H])C2([H])C([H])([H])C1([H])C13C(=O)N([H])C(=O)C21C([H])([H])C([H])([H])C3([H])[H],0,7 5 5 6 23 0,1,16.460201845808584,12.542927236134156,21.13699990305548,16.90294056752421,7.350178041907885,24.253118609432097,0.0119576004179134,0.003378745641574,0.02478574863638,0.003378745641574,-11.317257769176436,0.0200240075186057,0.0025281450133212,0.022324766223814,-10.5526781992735,-9.105111519759769,-7.411421017414888,24.2544991740433,23.47503384548893
5419,CCCCC1=CCC=C1,14666,O=CC#CC(F)(F)F,17787,[H]C(=O)C1=C(C(F)(F)F)C2([H])C([H])=C(C([H])([H])C([H])([H])C([H])([H])C([H])([H])[H])C1([H])C2([H])[H],1,7 5 3 2 23 1,1,10.651386394238866,13.15933920750029,18.46698888717728,15.934125354740564,5.36484368217867,21.29896903691923,1.3958757983385558e-05,0.0206638127119678,0.0099700639269488,0.0206638127119678,-24.23088677087384,0.0015260101764605,0.0380468092302748,0.0580675700459188,-23.36348024198153,-23.89142696689403,-25.599698072565538,22.33009212371841,22.12918646705405
6802,CCCCC1=CCC=C1,14666,OCC1=Cc2ccccc21,18025,[H]OC([H])([H])C12c3c([H])c([H])c([H])c([H])c3C1([H])C1([H])C(C([H])([H])C([H])([H])C([H])([H])C([H])([H])[H])=C([H])C2([H])C1([H])[H],1,7 5 2 3 23 1,0,12.475230684401255,9.3738933671168,16.040239634098914,15.604724029551432,4.908521892791132,20.513245922342563,0.0206270744473327,0.0346991883511064,0.0789683376259262,0.0346991883511064,-21.15581235949844,0.1365002081644629,0.0414737995081743,0.2372235057664761,-20.620023410912488,-25.005718834605908,-26.586194277481027,20.387031311207977,21.002120465884264
7000,CCCCC1=CCC=C1,14666,O[C@@H]1CC/C=C/CCC1,18100,[H]O[C@@]1([H])C([H])([H])C([H])([H])C([H])([H])C2([H])C3([H])C([H])=C(C([H])([H])C([H])([H])C([H])([H])C([H])([H])[H])C([H])(C3([H])[H])C2([H])C([H])([H])C1([H])[H],1,7 5 5 6 23 1,2,14.156854099391698,2.5540655617235526,11.17758967783161,15.008885788384648,5.577416388105453,20.5863021764901,0.073375927013682,0.0815879842385857,0.0515872914532241,0.0815879842385857,-15.77704849543045,0.0794731493445657,0.0287278433006636,0.0615348533689913,-16.793742472298895,-16.89367121746259,-16.10892377418402,21.74385055333288,22.264326480306668
2225,CCCCC1C=CC=C1,14668,O=C1C=C(C(F)(F)F)N=N1,17526,[H]C1=C([H])C2([H])C([H])(C([H])([H])C([H])([H])C([H])([H])C([H])([H])[H])C1([H])C1([H])C(=O)N=NC12C(F)(F)F,1,5 8 2 3 23 1,0,17.720898862400777,11.551141317509249,22.698910651265308,16.49155152052001,4.668607152937835,21.160158673457843,0.0008881541686173,0.0005963475760538,0.0018169611737491,0.0005963475760538,-18.002204573405272,0.0010939052191738,0.0024644898980041,0.0011196865099268,-19.11978718877439,-15.942554116162924,-12.20551612337487,21.79145991078578,20.62127665062821
2248,CCCCC1C=CC=C1,14668,O=C1C=CC(=O)N1C1CC1,17534,[H]C1=C([H])C2([H])C3([H])C(=O)N(C4([H])C([H])([H])C4([H])[H])C(=O)C3([H])C1([H])C2([H])C([H])([H])C([H])([H])C([H])([H])C([H])([H])[H],0,5 8 2 3 23 0,1,18.327269363434443,10.199281804565214,20.10813741647067,15.727454474993548,8.428817777580583,24.15627225257413,0.0004217487011769,0.0103058838934996,0.017464126079499,0.0103058838934996,-8.628167111913719,0.0103859479819448,0.01089306814394,0.0398484686989972,-7.002965076621663,-4.116800856874143,-5.046558780995895,25.018758383047256,22.88105927920723
2250,CCCCC1C=CC=C1,14668,O=C1C=CC(=O)N1CO,17535,[H]OC([H])([H])N1C(=O)C2([H])C([H])(C1=O)C1([H])C([H])=C([H])C2([H])C1([H])C([H])([H])C([H])([H])C([H])([H])C([H])([H])[H],0,5 8 2 3 23 0,1,17.794817725939016,8.80330395170396,20.05056089654237,15.769250893302056,7.698876104249127,23.46812699755118,0.0010659877660061,0.0114555289078321,0.0182478723030628,0.0114555289078321,-9.533477467247089,0.005782027907051,0.0210817262581848,0.0360269886616332,-9.020119175268931,-6.986464177759871,-8.113880078837234,23.86673462122384,22.27267770177097
2589,CCCCC1C=CC=C1,14668,O=C1N=CC2=CC=NC2=N1,17702,[H]C1=NC2=NC(=O)N=C([H])C23C1([H])C1([H])C([H])=C([H])C3([H])C1([H])C([H])([H])C([H])([H])C([H])([H])C([H])([H])[H],1,5 8 4 5 23 1,0,20.358614279878097,12.313086632445902,25.533154308257977,15.8860890148251,5.077574283791833,20.96366329861693,0.0023449187443283,0.0133429083955469,0.0057614579950879,0.0133429083955469,-8.860376386888753,0.0202106931455666,0.0083449419727227,0.0060045235739984,-9.63587781321759,-6.087224769032599,-6.100716345221699,22.17646123489017,17.308503471475287
2720,CCCCC1C=CC=C1,14668,O=CC#CC(F)(F)F,17787,[H]C(=O)C1=C(C(F)(F)F)C2([H])C([H])=C([H])C1([H])C2([H])C([H])([H])C([H])([H])C([H])([H])C([H])([H])[H],1,5 8 2 3 23 1,0,12.645836424848977,13.29327703250751,18.480681628893954,15.85556489638522,8.986179873030622,24.841744769415843,0.0002256863032966,0.0016361940261752,0.0040352247739271,0.0016361940261752,-23.73695819138574,0.0014437201200201,0.0080114300664283,0.0019538943165915,-20.778029304753915,-18.539978474516616,-22.41428765440621,23.40324664604181,23.029082924715944
3421,CCCCC1C=CC=C1,14668,OCC1=Cc2ccccc21,18025,[H]OC([H])([H])C12c3c([H])c([H])c([H])c([H])c3C1([H])C1([H])C([H])=C([H])C2([H])C1([H])C([H])([H])C([H])([H])C([H])([H])C([H])([H])[H],1,5 8 2 3 23 1,0,13.790041612389516,9.923124973660231,16.19337936019742,15.55103100344427,8.012863044632777,23.56389404807705,0.0033343434933524,0.0218302054162992,0.0752379618221496,0.0218302054162992,-19.10892478973772,0.1300271459222672,0.0103815352433164,0.1705091951244333,-16.20988941687235,-20.892788662478864,-23.21812146504124,22.200066759269472,22.26506280159153
6804,CC[C@@H](N)c1cocn1,14916,OCC1=Cc2ccccc21,18025,[H]OC([H])([H])C12c3c([H])c([H])c([H])c([H])c3C1([H])C1([H])N=C([C@]([H])(N([H])[H])C([H])([H])C([H])([H])[H])C2([H])O1,1,7 5 3 2 19 1,2,16.167821164963186,11.569734649785662,19.99787516756217,15.272251284688949,5.834936387944726,21.107187672633675,0.1467673757009623,0.0180155381545573,0.038275104189894,0.0180155381545573,-11.152066033820404,0.3896172149834278,0.0255743823393353,0.1777858104240055,-12.936537449086323,-15.480244733267469,-13.298309711380156,22.513992740580555,23.18232516583764
5419,CC[C@@H](O)c1ccc(C)o1,14918,O=CC#CC(F)(F)F,17787,[H]O[C@@]([H])(C12OC(C([H])([H])[H])(C([H])=C1[H])C(C([H])=O)=C2C(F)(F)F)C([H])([H])C([H])([H])[H],1,4 7 3 2 22 1,1,16.4097426777957,16.048562753934785,24.207293589150314,16.281191516392738,9.374358805262968,25.655550321655703,7.459668216288353e-05,0.0137113371585688,0.0077258905421123,0.0137113371585688,-2.856600570585627,0.000916859226887,0.0046027435297492,0.0225589111644964,-2.3105284449731016,-3.4615112400779253,-6.815690104928162,25.521469789729785,23.86772029632192
5418,CC[C@@](C)(O)c1ccco1,14929,O=CC#CC(F)(F)F,17787,[H]O[C@@](C([H])([H])[H])(C12OC([H])(C([H])=C1[H])C(C(F)(F)F)=C2C([H])=O)C([H])([H])C([H])([H])[H],1,5 8 2 3 22 1,0,15.474721681761473,15.01214495725126,23.198047994318543,16.123151993268564,9.398319016359808,25.52147100962837,0.0026300252324307,0.0019440676255778,0.0007443749970254,0.0019440676255778,-5.726179445767833,0.0014055188267697,0.0040906901153302,0.0010267063808435,-4.33565486486112,-4.521249786470211,-7.469805543532693,24.187705652871017,23.400206814510256
6804,CCc1coc(N)c1C#N,15015,OCC1=Cc2ccccc21,18025,[H]OC([H])([H])C12c3c([H])c([H])c([H])c([H])c3C1([H])C1(N([H])[H])OC2([H])C(C([H])([H])C([H])([H])[H])=C1C#N,1,5 3 3 2 18 1,2,14.785513193182092,11.99825079853698,19.674886047130336,15.05711849118883,7.822944920853153,22.880063412041984,0.2027519962794883,0.0100214446804022,0.0958158922298543,0.0100214446804022,-12.922167526942722,0.5217598028480658,0.0277356539145153,0.2256930372851548,-12.076209123755234,-14.686084079219532,-17.321078110651634,21.7455448325104,23.77498474826893
4442,CCn1cc(N)ccc1=O,15065,O=C1C=C(C(F)(F)F)N=N1,17526,[H]C1=C(N([H])[H])C2([H])N(C([H])([H])C([H])([H])[H])C(=O)C1([H])C1([H])C(=O)N=NC21C(F)(F)F,0,3 7 3 2 20 0,3,20.15171729573572,15.101010136507604,27.593402226247427,15.694379020546242,7.387166870921114,23.08154589146736,3.41022596263918e-05,0.0020448317648417,0.0064669303322571,0.0020448317648417,-11.628630418325749,0.0004165737864983,0.0106757900928238,0.0039227505333434,-9.661450661128775,-10.838071536922726,-6.010480315442489,23.886310889742056,23.889550454969743
4440,CN(C)CC1=CC=CC1,15123,O=C1C=C(C(F)(F)F)N=N1,17526,[H]C1=C([H])C2(C([H])([H])N(C([H])([H])[H])C([H])([H])[H])C([H])([H])C1([H])C1(C(F)(F)F)N=NC(=O)C12[H],0,4 7 2 3 22 0,1,17.250432374816512,12.43025470594455,24.302016635783342,16.417977071125403,2.8660396127199768,19.28401668384538,0.0016828807310146,0.0006910370846532,0.0019504749946764,0.0006910370846532,-15.511628154327134,0.0028132060685912,0.0124338362548257,0.0005853801786785,-15.29824764619925,-14.830351345636906,-10.318902985347592,20.686165553390893,20.23029453949445
4486,CN(C)CC1=CC=CC1,15123,O=C1C=CC(=O)N1CO,17535,[H]OC([H])([H])N1C(=O)C2([H])C3([H])C([H])=C([H])C(C([H])([H])N(C([H])([H])[H])C([H])([H])[H])(C3([H])[H])C2([H])C1=O,0,4 7 2 3 22 0,1,18.092695491733146,10.463221698542789,20.860968082990272,16.034160580757703,7.029925984726091,23.064086565483795,0.0058209344217112,0.0015210063479933,0.0046621604619089,0.0015210063479933,-5.133408387017312,0.0079510863975363,0.0106612032965257,0.0074007579358298,-6.650997732870671,-7.058182504167643,-5.3874814255840455,24.91491054510584,23.708622930422504
5419,CN(C)CC1=CC=CC1,15123,O=CC#CC(F)(F)F,17787,[H]C(=O)C1=C(C(F)(F)F)C2(C([H])([H])N(C([H])([H])[H])C([H])([H])[H])C([H])=C([H])C1([H])C2([H])[H],1,4 7 3 2 22 1,1,12.91418670913088,13.570320441784522,19.17575674618037,16.151985768965137,6.567430009071959,22.719415778037096,3.505224257999534e-05,0.0090479518903362,0.0021077719878836,0.0090479518903362,-18.951708138797045,0.0018434389106873,0.0115287766416326,0.0042522826146878,-17.886331330433585,-19.29761725161076,-20.30659644225573,23.06812880003829,23.51967859355548
885,CN1C=CC(CN)=CN1,15168,N#CC(C#N)N=O,16602,[H]C1=C(C([H])([H])N([H])[H])C2([H])ON(C([H])(C#N)C#N)C1([H])N(C([H])([H])[H])N2[H],0,2 7 5 6 20 0,9,23.956634139808845,8.64769422853591,28.075128220034216,16.204046375194093,4.494708451076679,20.69875482627077,0.0028169432373961,0.0013579245199587,9.26350539119148e-05,0.0013579245199587,-5.251172661817215,0.0335603270482953,0.0020633113246296,0.0005894530163836,-3.244314568540972,-5.822220523835465,-6.669118290544482,18.128276032868463,14.993113928300122
2842,CN1C=CC(CN)=CN1,15168,N[C@H]1N=CN=C2N=NC=C21,17093,[H]C1=N[C@]([H])(N([H])[H])C23C(=N1)N=NC2([H])C1([H])C(C([H])([H])N([H])[H])=C([H])C3([H])N(C([H])([H])[H])N1[H],0,2 7 9 8 20 0,3,22.14343905486624,12.161048098959313,26.133809262383103,16.506006986884273,9.36886916998371,25.874876156867984,0.0487337852853267,0.022384586419076,0.0097361283950392,0.022384586419076,-14.01554688156608,0.0340427385299274,0.0704468748196485,0.0457872503578113,-14.16697142540204,-12.47619259288333,-13.342868106021363,23.79854750602238,21.517603519949112
4442,CN1C=CC(CN)=CN1,15168,O=C1C=C(C(F)(F)F)N=N1,17526,[H]C1=C(C([H])([H])N([H])[H])C2([H])N([H])N(C([H])([H])[H])C1([H])C1(C(F)(F)F)N=NC(=O)C21[H],0,2 7 3 2 20 0,3,20.22168595253708,12.165986557531223,26.669480923475103,16.125017658623303,5.262449035635484,21.387466694258787,8.987907604253979e-06,0.0094843380456266,0.0049689886890656,0.0094843380456266,-24.06069440979657,0.0014761890388361,0.0090113309023588,0.0049206074385761,-25.08834983153642,-23.268645756800566,-19.08392667913716,20.70572612776336,18.42952222363701
4478,CN1C=CC(CN)=CN1,15168,O=C1C=CC(=O)C(F)=C1,17533,[H]C1=C(F)C(=O)C2([H])C3([H])C([H])=C(C([H])([H])N([H])[H])C([H])(N([H])N3C([H])([H])[H])C2([H])C1=O,0,2 7 3 2 20 0,3,25.65673574494894,11.654710145214755,28.261004666113788,16.028359707509942,10.439825714933328,26.46818542244327,0.0780708019058873,0.0205917913234962,0.1377791673482223,0.0205917913234962,-8.648586900088418,0.3522656977152674,0.0442398607835595,0.1392673032902232,-11.386809373377709,-10.341476460504524,-7.709765020790268,24.34989701882121,20.12128245927132
4484,CN1C=CC(CN)=CN1,15168,O=C1C=CC(=O)N1C1CC1,17534,[H]C1=C(C([H])([H])N([H])[H])C2([H])N([H])N(C([H])([H])[H])C1([H])C1([H])C(=O)N(C3([H])C([H])([H])C3([H])[H])C(=O)C21[H],0,2 7 2 3 20 0,1,23.35639425288498,10.025633670385766,23.72959402720874,15.853772614678784,9.902207800035931,25.75598041471472,0.0039751063950253,0.0037872714702843,0.0203149088159159,0.0037872714702843,-14.395735378459667,0.0337680043440582,0.0110361862289665,0.0798465302931721,-15.45665241406141,-13.222559376621524,-12.9175985877458,25.92528438762153,23.9026974002299
4486,CN1C=CC(CN)=CN1,15168,O=C1C=CC(=O)N1CO,17535,[H]OC([H])([H])N1C(=O)C2([H])C3([H])C(C([H])([H])N([H])[H])=C([H])C([H])(N(C([H])([H])[H])N3[H])C2([H])C1=O,0,2 7 2 3 20 0,1,22.52796350146633,9.313531740063157,23.752362616454004,16.002963987924137,9.13809586781317,25.141059855737307,0.0132898769638989,0.0054333715518196,0.0135455382972719,0.0054333715518196,-15.29256433344095,0.0309709059217423,0.0174121604840891,0.0932761838039051,-16.460337597446824,-15.36633749368054,-15.65308171121579,24.877090782039065,22.60835871378785
5151,CN1C=CC(CN)=CN1,15168,O=C1N=CC2(N=N2)C(=O)N1,17701,[H]C1=C(C([H])([H])N([H])[H])C2([H])N([H])N(C([H])([H])[H])C1([H])C1([H])N2C(=O)N([H])C(=O)C12N=N2,1,2 7 3 2 20 1,6,25.02045184220133,12.606558478913405,31.02939002379913,16.512992271682265,10.639928589690182,27.152920861372447,0.0105101617379414,0.001260503974712,0.0108691592877853,0.001260503974712,-8.36323870945376,0.029626876045692,0.0217985583920256,0.0060698003875683,-7.532864763552169,-9.136696477976656,-8.151677167553927,23.303027910070167,21.294493318472625
5158,CN1C=CC(CN)=CN1,15168,O=C1N=CC2=CC=NC2=N1,17702,[H]C1=NC2=NC(=O)N=C([H])C23C2([H])C([H])=C(C([H])([H])N([H])[H])C([H])(N([H])N2C([H])([H])[H])C13[H],1,2 7 4 5 20 1,0,24.054631222491075,12.192982567329857,30.68547249605044,15.915081442378824,6.074013181523341,21.989094623902165,0.0130241586733182,0.0206127250781047,0.0093050698809269,0.0206127250781047,-13.331786703375982,0.0228996413275865,0.0263134810989587,0.0198480459980044,-14.213889266373492,-13.655218223137233,-13.616869662475828,20.77293974291014,14.294973099763922
5211,CN1C=CC(CN)=CN1,15168,O=C1N=NC(C2CC2)=N1,17707,[H]C1=C(C([H])([H])N([H])[H])C2([H])N([H])N(C([H])([H])[H])C1([H])n1c(C3([H])C([H])([H])C3([H])[H])nc(=O)n12,1,2 7 3 2 20 1,5,24.46905356008581,7.672843312058606,29.713954198430088,16.070469526172904,6.556485459672505,22.62695498584541,0.0052597923562639,0.0026596675577227,0.0002907888965281,0.0026596675577227,-6.930706006981758,0.0114267178116614,0.0055734667116522,0.0005904729781738,-2.3099580091567304,-6.236029255832023,-7.118256147439563,19.34693425049884,16.103694776448894
5220,CN1C=CC(CN)=CN1,15168,O=C1N=Nc2ccccc21,17709,[H]C1=C(C([H])([H])N([H])[H])C2([H])N([H])N(C([H])([H])[H])C1([H])n1c(=O)c3c([H])c([H])c([H])c([H])c3n12,1,2 7 2 3 20 1,4,23.635038834094125,5.164361815358857,27.32522984481041,16.276167911508768,7.1223681626737445,23.39853607418252,0.0167446940722387,0.0093349489728316,0.0018741933432352,0.0093349489728316,-12.25301437927255,0.0455454072644136,0.0156954300342032,0.0021165109370348,-7.592662381257128,-9.0385780149496,-10.412222824156087,18.60887106371502,16.529480340850004
5324,CN1C=CC(CN)=CN1,15168,O=C1NCN=C2N=CN=C12,17733,[H]C1=NC2=NC([H])([H])N([H])C(=O)C23N1C1([H])C(C([H])([H])N([H])[H])=C([H])C3([H])N(C([H])([H])[H])N1[H],1,2 7 9 8 20 1,14,24.814396919545004,12.442103966325702,28.858168149675745,16.511580403092015,8.166870134016904,24.67845053710892,0.0038319666648444,0.0062013953558819,0.0076088397450964,0.0062013953558819,-7.818542507865139,0.0110255150919834,0.0240397166924812,0.0349491901889238,-7.91639684018886,-5.426767552325863,-6.458507214571551,23.51330981040971,21.179915299982227
5419,CN1C=CC(CN)=CN1,15168,O=CC#CC(F)(F)F,17787,[H]C(=O)C1=C(C(F)(F)F)C2([H])C([H])=C(C([H])([H])N([H])[H])C1([H])N([H])N2C([H])([H])[H],1,2 7 3 2 20 1,1,15.649994820889376,14.785665228207773,21.584335014170463,15.84799856685174,8.743629346499254,24.591627913351,2.003337981780117e-05,0.0109300090737861,0.0144612285634939,0.0109300090737861,-33.46630317287767,0.0027295389211098,0.0240089490673435,0.0491491354893914,-32.824377386017915,-32.00031401374894,-32.05613876578486,25.05895075348629,23.746414472504533
6003,CN1C=CC(CN)=CN1,15168,O=NC(F)(F)F,17917,[H]C1=C(C([H])([H])N([H])[H])C2([H])ON(C(F)(F)F)C1([H])N(C([H])([H])[H])N2[H],0,2 7 1 0 20 0,3,20.080155406799665,7.254829273535405,27.292197630629,15.910800866954787,1.0353684837645147,16.946169350719302,4.6958236955485656e-05,1.7182910408157637e-05,7.872295491804126e-05,1.7182910408157637e-05,-9.851282287601428,0.0001180046135635,0.0002688535565449,0.0002160796999997,-9.485769197528086,-10.635807077634992,-13.508996062938344,15.257975818184448,11.866456645571404
6802,CN1C=CC(CN)=CN1,15168,OCC1=Cc2ccccc21,18025,[H]OC([H])([H])C12c3c([H])c([H])c([H])c([H])c3C1([H])C1([H])C(C([H])([H])N([H])[H])=C([H])C2([H])N(C([H])([H])[H])N1[H],1,2 7 2 3 20 1,0,16.995692813147404,10.487718429199578,19.57745381682609,15.683158931901016,7.221171534927315,22.90433046682833,0.020791609123786,0.0340824288965243,0.0901018236310203,0.0340824288965243,-26.698483204128323,0.138262690668279,0.0438578323987406,0.2883373278408822,-25.836394209360087,-30.768716251141484,-31.37001661384112,22.555775309802467,22.99089065496773
9416,CN1C=CC(CN)=CN1,15168,C1=NCC2=CC=NC2=N1,13799,[H]C1=NC([H])([H])C23C(=N1)N=C([H])C2([H])C1([H])C(C([H])([H])N([H])[H])=C([H])C3([H])N(C([H])([H])[H])N1[H],1,2 7 3 4 20 1,0,23.846347235679715,12.181911383318411,25.93905944346381,16.06832984775868,9.88149600215499,25.94982584991367,0.0385953304214109,0.0224803957746455,0.0165962857638315,0.0224803957746455,-10.275185299866024,0.0259415993606856,0.0349964771175465,0.0786835009308062,-9.84176932598966,-9.129005753096996,-9.216117086317396,25.84133554046012,22.809601468823296
4440,CN1C=CC(N(C)C)=CC1,15169,O=C1C=C(C(F)(F)F)N=N1,17526,[H]C1=C(N(C([H])([H])[H])C([H])([H])[H])C2([H])C([H])([H])N(C([H])([H])[H])C1([H])C1([H])C(=O)N=NC21C(F)(F)F,0,2 8 2 3 24 0,1,21.223423075954507,13.429665127209022,26.65752085919477,16.040004526258773,6.216290754821749,22.25629528108052,0.001336120154155,0.0028864012969828,0.0037123097488152,0.0028864012969828,-20.78753886373574,0.0010511556494326,0.0091581189055183,0.0031190348807885,-20.8376609925568,-20.797340604681786,-17.85591431107344,23.193168966173168,20.80532737118929
4478,CN1C=CC(N(C)C)=CC1,15169,O=C1C=CC(=O)C(F)=C1,17533,[H]C1=C(F)C(=O)C2([H])C3([H])C([H])=C(N(C([H])([H])[H])C([H])([H])[H])C([H])(C([H])([H])N3C([H])([H])[H])C2([H])C1=O,0,2 8 3 2 24 0,3,25.036606417169427,12.922575899863814,27.800759794511364,15.514566486025984,9.534461788892203,25.04902827491819,0.0159269909940128,0.0339311105261202,0.0535328450527964,0.0339311105261202,-5.47472754636437,0.089764768901396,0.0418318152394843,0.0522720630251323,-9.81168339423646,-9.503561819562968,-6.8955858261928284,24.26917737773589,21.349092010832635
4486,CN1C=CC(N(C)C)=CC1,15169,O=C1C=CC(=O)N1CO,17535,[H]OC([H])([H])N1C(=O)C2([H])C3([H])C([H])=C(N(C([H])([H])[H])C([H])([H])[H])C([H])(C([H])([H])N3C([H])([H])[H])C2([H])C1=O,0,2 8 2 3 24 0,1,22.462487237456155,10.28198734137924,23.395431171036527,15.55859829201173,8.77438778197607,24.3329860739878,0.0044661574697989,0.0120214059212726,0.0072170876520616,0.0120214059212726,-12.84596240198961,0.0087321970282096,0.0125522224488868,0.0312257136979864,-14.808244042416868,-14.884718901876248,-13.450636813227485,25.35240008310961,23.99278048488378
5149,CN1C=CC(N(C)C)=CC1,15169,O=C1N=CC2(N=N2)C(=O)N1,17701,[H]C1=C(N(C([H])([H])[H])C([H])([H])[H])C2([H])C([H])([H])N(C([H])([H])[H])C1([H])N1C(=O)N([H])C(=O)C3(N=N3)C12[H],1,2 8 2 3 24 1,4,26.06818396881077,13.578003458308284,30.89321025510829,16.282373306108024,10.747620480725836,27.02999378683386,9.607525973619326e-05,0.0227347495684515,0.0273414522219521,0.0227347495684515,-8.611449678512123,0.0100511671755703,0.0269002767172338,0.0691446392470557,-9.86674532089873,-9.710341126703817,-6.93242509853571,25.15350713929674,22.84417488721423
5160,CN1C=CC(N(C)C)=CC1,15169,O=C1N=CC2=CC=NC2=N1,17702,[H]C1=NC2=NC(=O)N=C([H])C23C2([H])C(N(C([H])([H])[H])C([H])([H])[H])=C([H])C([H])(N(C([H])([H])[H])C2([H])[H])C13[H],1,2 8 5 4 24 1,2,24.506108971486764,12.97461412581912,29.21245666674041,15.653572894376468,6.35166690604477,22.00523980042124,0.0220262459470311,0.0150482178115043,0.0136077416401111,0.0150482178115043,-11.144467542944804,0.0211206590698796,0.0276357096714583,0.0367606411670572,-14.13004179468227,-13.717918732070288,-12.976725570869434,22.614306218172405,16.990356725289118
5220,CN1C=CC(N(C)C)=CC1,15169,O=C1N=Nc2ccccc21,17709,[H]C1=C(N(C([H])([H])[H])C([H])([H])[H])C2([H])n3c4c([H])c([H])c([H])c([H])c4c(=O)n3C1([H])N(C([H])([H])[H])C2([H])[H],1,2 8 2 3 24 1,4,24.872345584531622,6.880864545788722,27.105942763271813,15.75947080769524,7.008524541491685,22.76799534918693,0.0048750265028671,0.0140576495980811,0.0020857597717243,0.0140576495980811,-11.22963933831997,0.0092006681481552,0.0141097130397604,0.0008614831804307,-9.725441941249528,-8.200907687974471,-5.561539069050713,20.4235938027836,19.268208061938072
6000,CN1C=CC(N(C)C)=CC1,15169,O=NC(F)(F)F,17917,[H]C1=C(N(C([H])([H])[H])C([H])([H])[H])C2([H])N(C(F)(F)F)OC1([H])N(C([H])([H])[H])C2([H])[H],1,2 8 0 1 24 1,0,21.882742751378995,8.427556112978158,28.17501454679301,15.648446337547824,3.596583368809224,19.245029706357048,5.273690517470531e-05,7.370680596135134e-05,0.0001996604613574,7.370680596135134e-05,-12.59182157666384,0.0001250378271469,0.0035572247315537,3.2326237808128226e-05,-14.761475316463532,-10.568880243050472,-8.789384655705234,17.418172793090136,13.042574844588476
4441,CN1N=NN2CC=CC=C12,15210,O=C1C=C(C(F)(F)F)N=N1,17526,[H]C1=C([H])C2([H])C([H])([H])N3N=NN(C([H])([H])[H])C13C1([H])C(=O)N=NC21C(F)(F)F,1,6 9 3 2 18 1,2,19.482036393453093,15.946382390146027,26.641475749190235,16.254476447529903,7.99952643287515,24.254002880405054,3.9478703944357846e-05,0.0148185448725762,0.0031979084472075,0.0148185448725762,-15.04800724961502,0.0025933975787937,0.0289320505155928,0.0055506544285491,-19.783262900056062,-9.3133231341508,-5.686552570393033,24.69624509151725,23.092030172154367
13610,CNC(=O)c1ccoc1C,15236,OCC1=Cc2ccccc21,18025,[H]OC([H])([H])C12c3c([H])c([H])c([H])c([H])c3C1([H])C1(C([H])([H])[H])OC2([H])C([H])=C1C(=O)N([H])C([H])([H])[H],1,8 6 3 2 19 1,6,16.001119734677438,12.309681107141053,20.83768746599805,15.513333190537786,7.320497470426346,22.83383066096413,0.0699598236601052,0.014880845400639,0.0727644804902036,0.014880845400639,-11.597352022880848,0.2332504440278755,0.0109553743039393,0.2734862814459455,-10.944472550261956,-13.039913633492615,-13.819489967879804,22.11425175663113,23.51824346840637
4441,CNc1nc[nH]c(=O)c1N,15347,O=C1C=C(C(F)(F)F)N=N1,17526,[H]N(C1=NC2([H])N([H])C(=O)C1(N([H])[H])C1(C(F)(F)F)N=NC(=O)C21[H])C([H])([H])[H],1,8 4 3 2 18 1,2,20.444481202562667,13.924124707967936,28.579630779090703,16.66327193891508,5.788855191356436,22.45212713027152,2.0977394365078776e-05,0.0032084323424245,0.0071559058178483,0.0032084323424245,-10.374765773807006,0.0016330176777575,0.0038841350608086,0.0012930626611492,-9.428224774565315,-10.49473869646168,-6.569752174479543,21.28842863263564,20.816924447172926
6802,CNc1nc[nH]c(=O)c1N,15347,OCC1=Cc2ccccc21,18025,[H]OC([H])([H])C12c3c([H])c([H])c([H])c([H])c3C1([H])C1([H])N=C(N([H])C([H])([H])[H])C2(N([H])[H])C(=O)N1[H],1,8 4 2 3 18 1,0,16.95064755018695,12.202280698156171,24.51497253113002,15.866687819074292,5.105171690172444,20.97185950924673,0.0113079448659242,0.0120955963158604,0.0902578332269893,0.0120955963158604,-14.455729669003176,0.026246232979358,0.0118951416812407,0.0883668226651321,-13.131537576497353,-20.381167538801613,-21.273064425127167,20.61693251744435,22.611184442229167
7000,CNc1nc[nH]c(=O)c1N,15347,O[C@@H]1CC/C=C/CCC1,18100,[H]O[C@@]1([H])C([H])([H])C([H])([H])C([H])([H])C2([H])C3(N([H])[H])C(=O)N([H])C([H])(N=C3N([H])C([H])([H])[H])C2([H])C([H])([H])C1([H])[H],1,8 4 5 6 18 1,2,18.778474040852373,4.695320525994847,18.16283194030804,15.193403822489929,6.188712852863112,21.38211667535304,0.1385511689092542,0.0664990554830278,0.1729332975404517,0.0664990554830278,-11.020260688369524,0.0421793511186081,0.0145379291171784,0.0147497302409045,-12.34830844915755,-13.53091329569429,-12.397433586571289,21.36954123199509,21.852354205052222
1773,COC(=O)/C=C/C=C=O,15372,N#CC(C#N)N=O,16602,[H]C1=C([H])C([H])(C(=O)OC([H])([H])[H])N(C([H])(C#N)C#N)OC1=O,0,4 7 5 6 15 0,21,21.930054482087822,7.4146196822447505,21.717785753234,15.702902850856129,10.040876244113225,25.743779094969355,0.0021580151128811,0.0019747314708718,0.0001444002225669,0.0019747314708718,-0.9180510560227048,0.0003492411115667,0.0061488042089686,0.0001425875254139,-5.154283557218193,-2.288483662789023,-14.18323111302881,21.95040637260181,22.020983875046177
5685,COC(=O)/C=C/C=C=O,15372,N[C@H]1N=CN=C2N=NC=C21,17093,[H]C1=N[C@]([H])(N([H])[H])C23C(=N1)N=NC2([H])C(=O)C([H])=C([H])C3([H])C(=O)OC([H])([H])[H],0,4 7 9 8 15 0,7,20.29934761773557,10.380251846346056,22.66140313857677,15.883505614739647,9.567195134138096,25.450700748877743,0.022730829636626,0.0183472813078795,0.0202000420672963,0.0183472813078795,-24.546169926686595,3.3227832374331366e-05,0.0755523617370897,0.0235742476041409,-22.478104339349983,-21.4692584386526,-20.61695208174445,23.5045037828695,22.71076510127516
8885,COC(=O)/C=C/C=C=O,15372,O=C1C=C(C(F)(F)F)N=N1,17526,[H]C1=C([H])C([H])(C(=O)OC([H])([H])[H])C2(C(F)(F)F)N=NC(=O)C2([H])C1=O,0,4 7 3 2 15 0,7,18.461078302188376,10.463403247847085,20.99022335614113,15.707214944551827,8.506890585537825,24.21410553008965,5.794082113177555e-05,0.0127542859266639,0.0131317227579674,0.0127542859266639,-34.19543397309369,3.7587920366562064e-06,0.0181769606608999,0.0033793778079098,-34.161935250470975,-32.21414065356806,-25.699030735894468,25.057273210331992,23.707283583087165
8961,COC(=O)/C=C/C=C=O,15372,O=C1C=CC(=O)C(F)=C1,17533,[H]C1=C(F)C(=O)C2([H])C([H])(C1=O)C(=O)C([H])=C([H])C2([H])C(=O)OC([H])([H])[H],0,4 7 3 2 15 0,11,21.51662516740103,10.354758946093847,22.4964029960503,15.141298657772758,11.463496366939548,26.604795024712303,0.0348984538117416,0.0384819166291055,0.0374719132138874,0.0384819166291055,-18.840724396214057,0.0001058579120794,0.0856509549690483,0.043251209520073,-20.13889270946081,-21.794611333277537,-17.6147273968024,24.97666596558838,23.12144938704497
10243,COC(=O)/C=C/C=C=O,15372,O=C1N=C(O)C(=O)C(=O)N1,17697,[H]OC1=NC(=O)N([H])C(=O)C12OC(=O)C([H])=C([H])C2([H])C(=O)OC([H])([H])[H],0,4 7 5 6 15 0,25,24.10120426306918,12.207434392840094,30.11378749973924,15.894493805972497,12.50241510505828,28.396908911030778,0.0330447197576655,0.0077690368692672,0.0605990412615166,0.0077690368692672,0.7586121790794245,0.0002602981898077,0.009087052632144,0.0353633219853709,-3.1270021643707864,4.054762942305935,-9.01413319063495,22.00581799758353,22.511830101866
10320,COC(=O)/C=C/C=C=O,15372,O=C1N=CC2=CC=NC2=N1,17702,[H]C1=NC2=NC(=O)N=C([H])C23C1([H])C(=O)C([H])=C([H])C3([H])C(=O)OC([H])([H])[H],1,4 7 4 5 15 1,4,21.97065956945344,10.1282941361168,25.479263877691075,15.216895507256467,7.124874882280828,22.34177038953729,0.006544350522131,0.0178998907227151,0.0142940071737621,0.0178998907227151,-21.96523024310444,3.732650369809756e-05,0.0485628884215622,0.0045937247391266,-23.71524224018161,-23.49450050429938,-20.02091046735964,21.807285023806006,17.747621269407798
10427,COC(=O)/C=C/C=C=O,15372,O=C1N=NC(C2CC2)=N1,17707,[H]C1=C([H])C([H])(C(=O)OC([H])([H])[H])n2c(C3([H])C([H])([H])C3([H])[H])nc(=O)n2C1=O,1,4 7 3 2 15 1,15,22.65471171601345,7.139552062259189,24.07521841962828,15.599268550862316,10.6259862347809,26.225254785643216,0.0008296276230892,0.0040377411424609,0.0003522105954779,0.0040377411424609,-6.904807051740015,3.1219060688900187e-06,0.019038460379107,0.0002938376698026,-1.723724046241287,-5.435129642285698,-10.091962917897966,22.66912058663675,23.065651626022785
12007,COC(=O)/C=C/C=C=O,15372,O=NC(F)(F)F,17917,[H]C1=C([H])C([H])(C(=O)OC([H])([H])[H])N(C(F)(F)F)OC1=O,0,4 7 1 0 15 0,7,19.532094407453364,6.179423509890187,21.360450945739228,15.587995253252178,6.844688377823179,22.43268363107536,0.0002001770245567,3.2616811781356926e-05,0.0001197444410441,3.2616811781356926e-05,-5.235654794490372,2.3215764067168707e-05,0.0002353805196556,5.04105628108862e-05,-10.5544714578864,-5.640212024587097,-17.340368081498532,21.26326178075536,21.693870176908217
18836,COC(=O)/C=C/C=C=O,15372,C1=NCC2=CC=NC2=N1,13799,[H]C1=NC([H])([H])C23C(=N1)N=C([H])C2([H])C(=O)C([H])=C([H])C3([H])C(=O)OC([H])([H])[H],1,4 7 3 4 15 1,4,20.99750199889328,10.40228115008972,22.029024964576728,15.33453156625188,9.860568093234916,25.1950996594868,0.0167327764424885,0.0151990678654335,0.0154058681547972,0.0151990678654335,-20.92530877830484,8.108178475418589e-05,0.0677342466806894,0.0301337975083375,-20.100329961111363,-20.241043044663435,-16.96103765166999,25.451169093424426,23.78879901173841
2842,COC(=O)N1C=CC=CC1,15403,N[C@H]1N=CN=C2N=NC=C21,17093,[H]C1=N[C@]([H])(N([H])[H])C23C(=N1)N=NC2([H])C1([H])C([H])=C([H])C3([H])N(C(=O)OC([H])([H])[H])C1([H])[H],0,5 8 9 8 19 0,3,20.1641797344232,12.360493225658905,24.727231178489085,16.66466648578588,8.460206718856824,25.124873204642704,0.0019954016358415,0.0245467752079896,0.0047485038488585,0.0245467752079896,-12.40884165438164,0.0233266325283372,0.0608507601267501,0.0266909433326448,-11.51617567658576,-10.1646716893545,-12.05045626913175,23.272110943986625,21.83594948567501
4442,COC(=O)N1C=CC=CC1,15403,O=C1C=C(C(F)(F)F)N=N1,17526,[H]C1=C([H])C2([H])C([H])([H])N(C(=O)OC([H])([H])[H])C1([H])C1(C(F)(F)F)N=NC(=O)C21[H],0,5 8 3 2 19 0,3,18.221055592806675,13.238794367912988,24.841319340512914,16.247846936931246,4.97775395472555,21.2256008916568,3.2959164482851973e-06,0.0089960935639292,0.0015053563469133,0.0089960935639292,-22.66691891516741,0.0005178134383861,0.0136960848108461,0.002861229730329,-21.70888370668941,-20.431620666263285,-16.393468127353955,22.24837958830788,19.606274587880257
4478,COC(=O)N1C=CC=CC1,15403,O=C1C=CC(=O)C(F)=C1,17533,[H]C1=C(F)C(=O)C2([H])C3([H])C([H])=C([H])C([H])(C([H])([H])N3C(=O)OC([H])([H])[H])C2([H])C1=O,0,5 8 3 2 19 0,3,22.09269942499258,11.825695162866335,25.04670275628296,15.768520567008595,8.827294817927758,24.595815384936355,0.0051776929120808,0.018188144041015,0.0235854534275243,0.018188144041015,-7.029536234684024,0.0354490614941258,0.0356881636440297,0.0553944492383782,-7.478437164749856,-8.55677523190019,-7.761928584612427,24.004267317925688,21.2333057622886
4484,COC(=O)N1C=CC=CC1,15403,O=C1C=CC(=O)N1C1CC1,17534,[H]C1=C([H])C2([H])C([H])([H])N(C(=O)OC([H])([H])[H])C1([H])C1([H])C(=O)N(C3([H])C([H])([H])C3([H])[H])C(=O)C21[H],0,5 8 2 3 19 0,1,19.97646286985609,10.31839038900612,21.12171769507757,15.74550637307555,8.711434486435738,24.45694085951129,0.0003844880664678,0.0034511811516683,0.006194083470768,0.0034511811516683,-13.036467128645356,0.003715026401377,0.0162564107911278,0.0215115666583059,-13.891010815292065,-11.40912914196165,-12.082967109203397,25.35170450772325,23.60181415889213
4486,COC(=O)N1C=CC=CC1,15403,O=C1C=CC(=O)N1CO,17535,[H]OC([H])([H])N1C(=O)C2([H])C3([H])C([H])=C([H])C([H])(C([H])([H])N3C(=O)OC([H])([H])[H])C2([H])C1=O,0,5 8 2 3 19 0,1,19.24909248779678,9.733134788322843,21.334723396880765,15.830635268318114,7.528564931876851,23.35920020019496,0.0009959771768295,0.0041912220423603,0.0047162095612367,0.0041912220423603,-13.26571499666386,0.0022297247880874,0.0187466477908928,0.0291954897268255,-13.252849321648055,-14.08387361210805,-14.68536327166715,24.36125526269531,22.68371846716332
5158,COC(=O)N1C=CC=CC1,15403,O=C1N=CC2=CC=NC2=N1,17702,[H]C1=NC2=NC(=O)N=C([H])C23C2([H])C([H])=C([H])C([H])(C([H])([H])N2C(=O)OC([H])([H])[H])C13[H],1,5 8 4 5 19 1,0,21.45153577057321,12.494814293855232,27.724822061628643,16.010054977399463,5.561895095818009,21.571950073217472,0.0005660738615528,0.010556963787122,0.0042544109757992,0.010556963787122,-10.068105598707312,0.018274639808503,0.0411738650655476,0.0127736835477693,-9.844449011788086,-11.214444110543496,-11.531888623241294,21.720139598939287,16.940331471724857
5220,COC(=O)N1C=CC=CC1,15403,O=C1N=Nc2ccccc21,17709,[H]C1=C([H])C2([H])n3c4c([H])c([H])c([H])c([H])c4c(=O)n3C1([H])N(C(=O)OC([H])([H])[H])C2([H])[H],1,5 8 2 3 19 1,4,22.166963242651168,6.178398278340898,24.194662543522515,15.962726281722237,4.593265257037047,20.555991538759283,0.0031818005668083,0.0097183594607835,0.0005111608522218,0.0097183594607835,-9.82653589615979,0.0070791111897715,0.0124137593288091,0.0012728170292211,-4.822149750422724,-7.079556053202943,-5.166836745733747,21.3370480898276,20.87015582906867
6000,COC(=O)N1C=CC=CC1,15403,O=NC(F)(F)F,17917,[H]C1=C([H])C2([H])N(C(F)(F)F)OC1([H])N(C(=O)OC([H])([H])[H])C2([H])[H],1,5 8 0 1 19 1,0,19.846887539653817,8.259462581156086,25.87600377983449,16.25018975049992,2.0981507044287007,18.34834045492862,0.0001603874201309,2.307471069343434e-05,6.125194284440976e-05,2.307471069343434e-05,-12.049122644815943,3.3683933606770136e-05,0.0006870261167961,2.8679180380881223e-05,-12.99280141604887,-9.776018684729875,-7.703289300857858,18.847512844498024,15.589071805800462
6802,COC(=O)N1C=CC=CC1,15403,OCC1=Cc2ccccc21,18025,[H]OC([H])([H])C12c3c([H])c([H])c([H])c([H])c3C1([H])C1([H])C([H])=C([H])C2([H])N(C(=O)OC([H])([H])[H])C1([H])[H],1,5 8 2 3 19 1,0,14.119499562204773,10.940020891488595,19.019521881552933,15.708238902241357,6.00034511250194,21.70858401474329,0.0011421978411723,0.02304706573288,0.0281965816401961,0.02304706573288,-26.37122358127575,0.0656216080375856,0.0473761707613787,0.160690406015254,-26.019073148732936,-29.04487877261972,-30.41439977481594,21.968516592434128,22.53304360136483
10320,COC1=CC=CC=CC1,15449,O=C1N=CC2=CC=NC2=N1,17702,[H]C1=NC2=NC(=O)N=C([H])C23C2([H])C([H])=C(OC([H])([H])[H])C([H])([H])C([H])(C([H])=C2[H])C13[H],1,4 7 4 5 19 1,4,27.679872886663727,12.50361374477421,26.4828275022994,15.04847997120973,13.39819385670688,28.44667382791661,0.0090204208040189,0.0257784048696733,0.0142286209603546,0.0257784048696733,-10.197135682002193,0.0075922652700929,0.0494091514916881,0.0122623447970162,-11.3852206314793,-10.773601775763318,-11.49963410299582,27.21197831586208,22.245845712924844
12007,COC1=CC=CC=CC1,15449,O=NC(F)(F)F,17917,[H]C1=C(OC([H])([H])[H])C([H])([H])C2([H])ON(C(F)(F)F)C1([H])C([H])=C2[H],0,4 7 1 0 19 0,7,26.1694453918304,7.05801311606217,25.03881027503488,15.226422142794409,7.194968515325822,22.42139065812023,4.0050429618477984e-05,7.754385146601919e-05,3.859095806234223e-05,7.754385146601919e-05,-7.954252576904267,3.540118326050202e-05,0.0004834514761753,7.582197580011549e-05,-8.150102014301623,-7.98713348479076,-8.930773355269523,23.57376700862507,20.16808031809372
8885,COC1C=CC=CC=C1,15457,O=C1C=C(C(F)(F)F)N=N1,17526,[H]C1=C([H])C2([H])C([H])=C([H])C([H])(C1([H])OC([H])([H])[H])C1([H])C(=O)N=NC21C(F)(F)F,0,5 8 3 2 19 0,7,21.291331331045424,12.669693751271028,23.082035274481505,15.851557363901176,10.44419581696975,26.295753180870925,1.4465541738806873e-05,0.0184722062870112,0.0024234996968617,0.0184722062870112,-19.078469640021737,0.0013139212071891,0.0239661349329593,0.0040899823668309,-19.492044009359844,-18.47794634187236,-15.201906055851566,27.425891331476443,23.9408667354566
10320,COC1C=CC=CC=C1,15457,O=C1N=CC2=CC=NC2=N1,17702,[H]C1=NC2=NC(=O)N=C([H])C23C2([H])C([H])=C([H])C([H])(OC([H])([H])[H])C([H])(C([H])=C2[H])C13[H],1,5 8 4 5 19 1,4,23.732201265934584,12.564603531875449,26.003433784536263,15.576214472524653,10.580247214059703,26.15646168658436,0.0101715246370996,0.0282611639598975,0.0111452081859308,0.0282611639598975,-8.29839487219914,0.0199707191199309,0.040378584566439,0.0145259818503633,-8.723188675564742,-9.193088969217392,-10.109760895866096,26.18539065136512,20.629884771262667
10454,COC1C=CC=CC=C1,15457,O=C1N=Nc2ccccc21,17709,[H]C1=C([H])C([H])(OC([H])([H])[H])C2([H])C([H])=C([H])C1([H])n1c(=O)c3c([H])c([H])c([H])c([H])c3n12,1,5 8 2 3 19 1,22,24.940384857513504,4.802762210099338,22.603248038604576,15.6230341239789,10.307111763411974,25.93014588739087,0.0111764937726997,0.0117316400887187,0.0023808517091483,0.0117316400887187,-6.757350405732808,0.0171051413044244,0.0640873955030761,0.0024988290646268,-1.3648416941718828,-4.373581494139071,-6.320806225907795,24.091193489193508,23.103281039163303
12007,COC1C=CC=CC=C1,15457,O=NC(F)(F)F,17917,[H]C1=C([H])C2([H])ON(C(F)(F)F)C1([H])C([H])=C([H])C2([H])OC([H])([H])[H],0,5 8 1 0 19 0,7,21.95949752311881,6.569111104224373,23.43506813124731,15.575549903644085,4.677047929954917,20.252597833599,6.659636531593848e-05,7.171956031082689e-05,7.40968198010662e-05,7.171956031082689e-05,-5.455035935061709,0.0001278354508494,0.0008013957119773,0.0003336405285783,-6.05574562774342,-5.44981410276657,-7.04042898815138,22.625304350131195,19.20728616536396
5418,COC[C@H](N)c1ccco1,15494,O=CC#CC(F)(F)F,17787,[H]C(=O)C1=C(C(F)(F)F)C2([H])OC1([C@@]([H])(N([H])[H])C([H])([H])OC([H])([H])[H])C([H])=C2[H],1,5 8 2 3 21 1,0,15.629506440671555,16.094897575814404,23.004341087841603,16.179311938802787,9.665496480494683,25.844808419297472,0.0009977874080069,0.0014828070725345,0.0006444867461042,0.0014828070725345,-5.01526765968606,0.0007278969080804,0.0047645290189148,0.000460826379008,-2.84899252538856,-2.613794834271431,-5.241334795233897,25.209434715226923,23.97668312162543
5419,COCc1ocnc1CN,15516,O=CC#CC(F)(F)F,17787,[H]C(=O)C1=C(C(F)(F)F)C2([H])N=C(C([H])([H])N([H])[H])C1(C([H])([H])OC([H])([H])[H])O2,1,5 3 3 2 20 1,1,14.157554752301248,14.181162848919604,20.905400437537573,15.888149444852788,9.59147474921501,25.4796241940678,1.729041125476185e-05,0.018176449337114,0.0044268062475362,0.018176449337114,-7.596276225454638,0.0006104687502292,0.0116708490101601,0.0485470223403477,-6.78983010134322,-7.793327157541221,-8.650620419475011,24.56756069305618,23.960581050490383
6802,COCc1ocnc1CN,15516,OCC1=Cc2ccccc21,18025,[H]OC([H])([H])C12c3c([H])c([H])c([H])c([H])c3C1([H])C1(C([H])([H])OC([H])([H])[H])OC2([H])N=C1C([H])([H])N([H])[H],1,5 3 2 3 20 1,0,16.3752408744719,10.825121999069196,20.841172015429347,15.75615848778807,5.041387327149945,20.79754581493801,0.0133451192448974,0.0424163132487301,0.0360120130035122,0.0424163132487301,-11.481362180488809,0.0615041559119975,0.0740664795373407,0.2666495952109962,-10.605122942466444,-14.984188306829886,-14.874937170531275,22.11653935157566,22.26678523168936
10320,COc1cccc(=O)cc1,15585,O=C1N=CC2=CC=NC2=N1,17702,[H]C1=NC2=NC(=O)N=C([H])C23C2([H])C(=O)C([H])=C([H])C([H])(C(OC([H])([H])[H])=C2[H])C13[H],1,8 3 4 5 18 1,4,23.668673731195646,12.757116432197178,26.713790205226687,15.195946099937458,11.06509701263111,26.26104311256857,0.0047039401665881,0.0115997888735696,0.0098410776047286,0.0115997888735696,-6.187569610299356,0.0127498140073758,0.0309258433914869,0.0113200687390614,-7.617333417993919,-6.56306758969151,-9.532985654135423,24.33471635924381,22.080764311240934
4440,C[C@@H](C1=CC=CC1)N(C)C,15653,O=C1C=C(C(F)(F)F)N=N1,17526,[H]C1=C([H])C2([C@@]([H])(N(C([H])([H])[H])C([H])([H])[H])C([H])([H])[H])C([H])([H])C1([H])C1(C(F)(F)F)N=NC(=O)C12[H],0,2 5 2 3 25 0,1,18.205782804779066,12.278665873041422,24.7053881297121,16.341406724592563,4.081068219091307,20.42247494368387,0.0018797672361114,0.000602240153807,0.000741220393901,0.000602240153807,-15.79117700146633,0.0013223978220797,0.0135897211332919,0.0019300587648834,-15.825972438817525,-13.937128962063632,-10.447177804816327,21.17563433094553,20.76859375078012
5418,C[C@@H](C1=CC=CC1)N(C)C,15653,O=CC#CC(F)(F)F,17787,[H]C(=O)C1=C(C(F)(F)F)C2([H])C([H])=C([H])C1([C@@]([H])(N(C([H])([H])[H])C([H])([H])[H])C([H])([H])[H])C2([H])[H],1,2 5 2 3 25 1,0,14.133648781386135,13.475744575160912,19.50745054468262,15.8277101815508,9.372142048006104,25.199852229556903,0.001243967204858,0.0006784800158429,0.0024679365784615,0.0006784800158429,-18.20732963053731,0.001723687436292,0.0129877929946536,0.000827794518346,-16.329259572551237,-16.238449881899975,-20.17257467797421,23.10952169909627,23.839382711793604
885,C[C@@H]1CCC2=C1N=CCN2,15695,N#CC(C#N)N=O,16602,[H]N1C([H])([H])C2([H])N=C3C1(N(C([H])(C#N)C#N)O2)C([H])([H])C([H])([H])[C@@]3([H])C([H])([H])[H],0,4 7 5 6 22 0,9,20.10005714689618,8.853933272107906,29.209675818997265,16.8204972365106,-1.5213717239103204,15.29912551260028,0.000172565203663,0.0011168583026569,8.769557569037064e-05,0.0011168583026569,-5.799668751540331,0.0034347362427905,0.0023668701299059,0.0009936568551154,-6.246229001607325,-8.170668025698859,-6.534000708987136,15.227539906687564,13.623367649109586
888,C[C@@H]1CCC2=C1N=CCN2,15695,N#CC(F)(F)C(F)=C(F)F,16603,[H]N1C([H])([H])C2([H])N=C3C1(C([H])([H])C([H])([H])[C@@]3([H])C([H])([H])[H])C(F)(C(F)(F)C#N)C2(F)F,1,4 7 5 7 22 1,0,14.357831308479083,21.02752085758404,24.86950479701986,16.09283232440343,11.525896564849145,27.618728889252576,0.0010609037793093,0.009851963491691,0.0189189211984415,0.009851963491691,-20.44832281731804,0.0047652252002052,0.0368843827169383,0.0593281870954941,-19.648254306319288,-23.014787556315667,-23.051647907111864,25.55151665802486,23.667448238080265
1587,C[C@@H]1CCC2=C1N=CCN2,15695,N#Cc1cnoc1C#N,16711,[H]c1noc(C2=NC34C(=NC2([H])C([H])([H])N3[H])[C@]([H])(C([H])([H])[H])C([H])([H])C4([H])[H])c1C#N,0,4 7 8 7 22 0,11,18.54136404397353,16.178014274962187,27.57340075926505,15.835018455130998,7.150646762720974,22.98566521785197,0.0033991497028469,0.0217653500319727,0.0126857780346444,0.0217653500319727,-8.477080801342318,0.0017587110698597,0.0258930341542802,0.0167533707671263,-8.369200283729349,-9.784914449552332,-8.181734817222782,24.03263014886303,22.52048750686692
1693,C[C@@H]1CCC2=C1N=CCN2,15695,N#Cc1nonc1C#N,16728,[H]N1C([H])([H])C2([H])N=C3C1(N=C2c1nonc1C#N)C([H])([H])C([H])([H])[C@@]3([H])C([H])([H])[H],0,4 7 0 1 22 0,1,18.05245477676416,15.300104218088627,26.77036843155893,15.435561859617124,7.180066410235703,22.615628269852827,0.003410879177968,0.0019277072563174,0.0094282256343728,0.0019277072563174,-9.74010549913438,0.0018006621418838,0.0102704587200664,0.0090440939312589,-10.488980354807836,-11.552693726158004,-9.02607035554145,22.87665482618048,22.15288912442925
2056,C[C@@H]1CCC2=C1N=CCN2,15695,NC(=O)C#CC(N)=O,16803,[H]N([H])C(=O)C1=C(C(=O)N([H])[H])C23C(=NC1([H])C([H])([H])N2[H])[C@]([H])(C([H])([H])[H])C([H])([H])C3([H])[H],1,4 7 3 4 22 1,0,12.14720825277716,15.171631688559431,20.67999476098661,16.340457832871753,6.388955047573486,22.72941288044524,0.1450583701340375,0.057088509311059,0.0603208890392194,0.057088509311059,-33.814105630031506,0.0887075956236543,0.0546366714439243,0.0269716434651938,-32.70045824491338,-34.18589687391502,-32.06047920687871,21.35784609886085,23.30830581520182
2839,C[C@@H]1CCC2=C1N=CCN2,15695,N[C@H]1N=CN=C2N=NC=C21,17093,[H]C1=N[C@]([H])(N([H])[H])C23C(=N1)N=NC2([H])C12C(=NC3([H])C([H])([H])N1[H])[C@]([H])(C([H])([H])[H])C([H])([H])C2([H])[H],1,4 7 8 9 22 1,0,18.15303276971348,11.903986791579156,30.6678679626106,16.65546536066008,1.0078443060302824,17.663309666690363,0.0575699260608354,0.0104353134063586,0.0147701137899701,0.0104353134063586,-9.934046223161076,0.0133392377249523,0.0329702422915869,0.0973099455171817,-12.854168044725055,-13.440811179901097,-15.47749547190309,15.2030439953575,13.48647741898194
4336,C[C@@H]1CCC2=C1N=CCN2,15695,O=C(O)[C@@H]1C=CC=NC1=O,17480,[H]OC(=O)[C@@]1([H])C(=O)N=C([H])C2([H])C3([H])N=C4C(N([H])C3([H])[H])(C([H])([H])C([H])([H])[C@@]4([H])C([H])([H])[H])C21[H],0,4 7 4 5 22 0,1,19.81853837174655,14.095156999854495,29.452132936357323,17.096455962980222,3.192947383450885,20.289403346431108,0.0351433000424037,0.0277072319027104,0.0264233029081448,0.0277072319027104,-5.215677518219671,0.0467726403668008,0.0730168326188429,0.1933321485433212,-6.4630196145225725,-10.60568735147806,-9.085606910738475,21.476387519696747,20.627743643907607
4403,C[C@@H]1CCC2=C1N=CCN2,15695,O=C1C(F)=C(F)C1(F)F,17521,[H]N1C([H])([H])C2([H])N=C3C1(C([H])([H])C([H])([H])[C@@]3([H])C([H])([H])[H])C1(F)C(=O)C(F)(F)C21F,1,4 7 2 4 22 1,0,17.41655179096257,19.79060461296436,26.040199590588387,16.545446834742908,10.14485106598639,26.6902979007293,0.0061706082014053,0.0223511748152016,0.0011544302248804,0.0223511748152016,-8.088397398361352,0.0052374679242845,0.0235999333455634,0.0302286870060095,-10.194629234068527,-11.390313641628005,-11.42496710182077,23.81277422639131,23.934548672227955
4418,C[C@@H]1CCC2=C1N=CCN2,15695,O=C1C(O)=Nc2ncnn21,17523,[H]OC12C(=O)n3nc([H])nc3N1C13C(=NC2([H])C([H])([H])N1[H])[C@]([H])(C([H])([H])[H])C([H])([H])C3([H])[H],0,4 7 4 2 22 0,7,20.50704955163486,14.813806256685742,29.326698206598937,16.548607107252252,5.998708031418623,22.547315138670875,1.8021317374855382e-05,0.0026311764770757,0.0017032429117703,0.0026311764770757,-8.278515174536231,0.0005419918285026,0.0584608677322107,0.0126624793416556,-10.588034519781353,-9.411998280585038,-8.906844853148229,21.961063130082007,20.323662029429286
4440,C[C@@H]1CCC2=C1N=CCN2,15695,O=C1C=C(C(F)(F)F)N=N1,17526,[H]N1C([H])([H])C2([H])N=C3C1(C([H])([H])C([H])([H])[C@@]3([H])C([H])([H])[H])C1([H])C(=O)N=NC21C(F)(F)F,0,4 7 2 3 22 0,1,16.687424673616995,12.799832178266202,30.53738543777168,16.803100508304762,-0.8857322595124728,15.91736824879229,0.0015533281381507,0.0037855582159251,0.0006125216218267,0.0037855582159251,-20.13670556230344,0.0010651696373024,0.0204699304631657,0.0020239143491169,-21.98948068180964,-24.68466531269361,-20.80960895750989,14.436053268888193,12.067590518776033
4476,C[C@@H]1CCC2=C1N=CCN2,15695,O=C1C=CC(=O)C(F)=C1,17533,[H]C1=C(F)C(=O)C2([H])C3([H])N=C4C(N([H])C3([H])[H])(C([H])([H])C([H])([H])[C@@]4([H])C([H])([H])[H])C2([H])C1=O,0,4 7 2 3 22 0,1,19.564559593902977,12.299296661854632,30.281538198779128,16.227073114400667,2.018996938868348,18.24607005326901,0.0196175073941801,0.0514531704951696,0.1035984332327368,0.0514531704951696,-8.022304305160034,0.0144050787774404,0.1838669063681941,0.2216009301837135,-11.613975258718618,-13.743432551871043,-11.149936689965685,16.96543985604292,13.773105042054684
4484,C[C@@H]1CCC2=C1N=CCN2,15695,O=C1C=CC(=O)N1C1CC1,17534,[H]N1C([H])([H])C2([H])N=C3C1(C([H])([H])C([H])([H])[C@@]3([H])C([H])([H])[H])C1([H])C(=O)N(C3([H])C([H])([H])C3([H])[H])C(=O)C21[H],0,4 7 2 3 22 0,1,17.91380948722338,10.621301752542196,25.90767551333535,16.249176407119364,4.893182301444664,21.14235870856403,0.0008709409390308,0.0050394278135147,0.0126740394248264,0.0050394278135147,-13.185944962472677,0.0043628748804158,0.0258408279094214,0.0594190053378443,-13.878116688489904,-15.16121681364016,-15.519169558371502,18.977938021137923,17.184581885723414
4486,C[C@@H]1CCC2=C1N=CCN2,15695,O=C1C=CC(=O)N1CO,17535,[H]OC([H])([H])N1C(=O)C2([H])C3([H])N=C4C(N([H])C3([H])[H])(C([H])([H])C([H])([H])[C@@]4([H])C([H])([H])[H])C2([H])C1=O,0,4 7 2 3 22 0,1,17.501818613167796,9.670102141004383,26.288146069370026,16.441709305006725,2.050261998891141,18.491971303897863,0.0041328629802776,0.0041148122576546,0.0062358990495883,0.0041148122576546,-14.510437525793208,0.0031815341342937,0.0405374520282545,0.0625286138263779,-15.879772643636931,-18.124681452662927,-18.07901519048089,17.800110587965825,16.19770184015524
4488,C[C@@H]1CCC2=C1N=CCN2,15695,O=C1C=CC2(C=C1)CO2,17536,[H]C1=C([H])C2(OC2([H])[H])C2([H])C3([H])N=C4C(N([H])C3([H])[H])(C([H])([H])C([H])([H])[C@@]4([H])C([H])([H])[H])C2([H])C1=O,0,4 7 2 3 22 0,1,19.99978802472744,13.346437705592717,25.24968926968033,16.662795962642512,8.291295777148935,24.954091739791448,0.0223197555425506,0.0725226300721672,0.2022347278530858,0.0725226300721672,-6.568526171274954,0.0439816454666428,0.2290237044822294,0.1958028979290149,-6.005157399200037,-9.22537274271751,-7.518072869615395,24.07746335664035,23.34503665279441
4564,C[C@@H]1CCC2=C1N=CCN2,15695,O=C1C=C[C@@H]2CO[C@H]1O2,17547,[H]N1C([H])([H])C2([H])N=C3C1(C([H])([H])C([H])([H])[C@@]3([H])C([H])([H])[H])C1([H])C(=O)[C@@]3([H])OC([H])([H])[C@]([H])(O3)C21[H],0,4 7 2 3 22 0,1,19.64238861680619,13.72159555898613,25.04535181641202,16.518094298914498,9.038776866131858,25.55687116504636,0.0209723196501254,0.0648869949759446,0.0860957499296816,0.0648869949759446,-6.73471952937804,0.0320865852820645,0.1221391125844933,0.0948039982266971,-6.05264778431809,-8.644766548008938,-9.5040353331947,24.223153878238698,23.789401355430307
4568,C[C@@H]1CCC2=C1N=CCN2,15695,O=C1C=Cc2ccccc21,17549,[H]c1c([H])c([H])c2c(c1[H])C(=O)C1([H])C2([H])C2([H])N=C3C1(N([H])C2([H])[H])C([H])([H])C([H])([H])[C@@]3([H])C([H])([H])[H],0,4 7 2 3 22 0,1,18.825878154595905,9.773085483343138,24.47669505738732,16.10394678198394,4.5945078763444265,20.69845465832837,0.0240253705228147,0.0268785342046058,0.1443882547666463,0.0268785342046058,-13.692968683667296,0.0124419858636141,0.1753771711700997,0.2623041890079134,-14.386082138628062,-13.761054918217006,-12.73983464880132,20.986827986988104,19.386740768128828
4571,C[C@@H]1CCC2=C1N=CCN2,15695,O=C1C=c2ccccc2=N1,17550,[H]C1=C([H])C([H])=C([H])C23C1=NC(=O)C2([H])C12C(=NC3([H])C([H])([H])N1[H])[C@]([H])(C([H])([H])[H])C([H])([H])C2([H])[H],1,4 7 2 3 22 1,0,19.940506502039256,14.179701142233368,31.42027882412534,16.479638856209117,4.14515764191367,20.624796498122787,0.0221821817818983,0.0282559972296836,0.027446384744219,0.0282559972296836,-1.644251116441989,0.0060349675140689,0.1005752507860359,0.1907779841053293,-2.72112716840563,-6.480226231715342,-9.152611893180977,19.007719632542607,17.43899775340789
4842,C[C@@H]1CCC2=C1N=CCN2,15695,O=C1CC[C@H]2C=CC=C12,17617,[H]C1=C([H])[C@]2([H])C([H])([H])C([H])([H])C(=O)C23C1([H])C1([H])N=C2C3(N([H])C1([H])[H])C([H])([H])C([H])([H])[C@@]2([H])C([H])([H])[H],0,4 7 8 7 22 0,7,19.43265790067958,12.725149709265548,23.900325214838908,16.21040246684234,9.104163921688984,25.31456638853132,0.0210607209224944,0.0384054383387695,0.0239398279843243,0.0384054383387695,-9.748896323228408,0.0053341476618913,0.0450047652316618,0.0252036665016342,-9.22313528801601,-7.350774694820078,-8.16977325310723,24.076554109374573,23.70658124922665
5141,C[C@@H]1CCC2=C1N=CCN2,15695,O=C1N=CC(F)=C[C@H]1F,17700,[H]C1=NC(=O)[C@]([H])(F)C2([H])C3([H])N=C4C(N([H])C3([H])[H])(C([H])([H])C([H])([H])[C@@]4([H])C([H])([H])[H])C12F,1,4 7 4 6 22 1,0,18.31688328874952,16.38708698526085,29.38284762833893,16.583939869253413,7.229963430614891,23.813903299868304,0.020525772786388,0.0303989320675232,0.0450821945396512,0.0303989320675232,-9.01775499075314,0.0324043296729772,0.2244112800991603,0.0298821475932992,-10.7815565100087,-12.096075953254626,-12.903897894974122,20.15657402509915,19.524342330492978
5149,C[C@@H]1CCC2=C1N=CCN2,15695,O=C1N=CC2(N=N2)C(=O)N1,17701,[H]N1C(=O)N2C34C(=NC([H])(C([H])([H])N3[H])C2([H])C2(N=N2)C1=O)[C@]([H])(C([H])([H])[H])C([H])([H])C4([H])[H],1,4 7 2 3 22 1,4,20.45146695206892,13.061474496626415,32.07297778733539,16.75909138644311,2.368420502729162,19.127511889172272,4.4547747750898586e-05,0.0140719900534317,0.019704663545194,0.0140719900534317,-10.230379293541269,0.0011407021665276,0.183135501895803,0.0613935830769556,-11.819238378098078,-12.624284777433274,-9.99733823711341,17.638906279040715,16.577094009131372
5161,C[C@@H]1CCC2=C1N=CCN2,15695,O=C1N=CC2=CC=NC2=N1,17702,[H]C1=NC2=NC(=O)N=C([H])C23C2([H])N=C4C(N([H])C2([H])[H])(C([H])([H])C([H])([H])[C@@]4([H])C([H])([H])[H])C13[H],0,4 7 5 4 22 0,3,19.682877337706085,14.808156946276588,40.24446038727267,16.619039968010973,-6.267129836490774,10.3519101315202,0.0193995698084674,0.0250198706846828,0.0099054089536229,0.0250198706846828,-11.845561665085278,0.0013837813217684,0.1258300903487096,0.1941034962787456,-11.5034838653823,-16.188884034188973,-17.1931820666313,10.965240117334094,5.710396492376674
5163,C[C@@H]1CCC2=C1N=CCN2,15695,O=C1N=CC=C2N=CN=C12,17703,[H]C1=NC23C(=N1)C(=O)N=C([H])C2([H])C12C(=NC3([H])C([H])([H])N1[H])[C@]([H])(C([H])([H])[H])C([H])([H])C2([H])[H],0,4 7 4 5 22 0,1,21.347457636520726,17.047485079921103,32.87026609547751,16.626433694550098,4.803046448424162,21.42948014297426,0.0862718590894542,0.0412524701208223,0.0422069045798398,0.0412524701208223,-5.141816459352725,0.0149884283903092,0.3680773913289871,0.2095201742672391,-8.14035922904501,-7.731145817899371,-7.21965948617655,22.31635660295797,18.57133464378513
5210,C[C@@H]1CCC2=C1N=CCN2,15695,O=C1N=NC(C2CC2)=N1,17707,[H]N1C([H])([H])C2([H])N=C3C1(n1c(=O)nc(C4([H])C([H])([H])C4([H])[H])n12)C([H])([H])C([H])([H])[C@@]3([H])C([H])([H])[H],1,4 7 2 3 22 1,4,20.396620870503856,7.961498977058746,29.750866129950204,16.445251751647096,-1.4321199097070585,15.013131841940035,0.0004075976542853,0.0025862105449254,0.0003392666839609,0.0025862105449254,-12.60546296997122,0.0026991224624811,0.0291698608783959,0.0003753803682043,-4.058475582431207,-12.001381850959852,-6.397014728234524,15.018740561147538,13.509873119973332
5220,C[C@@H]1CCC2=C1N=CCN2,15695,O=C1N=Nc2ccccc21,17709,[H]c1c([H])c([H])c2c(c1[H])c(=O)n1n2C2([H])N=C3C1(N([H])C2([H])[H])C([H])([H])C([H])([H])[C@@]3([H])C([H])([H])[H],1,4 7 2 3 22 1,4,19.653532026449472,5.42805899693591,28.476829139678465,16.561753577608478,-1.9857576790051328,14.575995898603344,0.0031170756973781,0.0030673872721536,0.0013332422064832,0.0030673872721536,-13.167952088470408,0.0103976386871697,0.0276588444545859,0.0007895689951308,-10.75799971683788,-12.82421791826964,-9.833516272905122,13.815074237442118,13.486806772018872
5235,C[C@@H]1CCC2=C1N=CCN2,15695,O=C1NC(=O)C2=C1CCC2,17711,[H]N1C(=O)C23C([H])([H])C([H])([H])C([H])([H])C2(C1=O)C12C(=NC3([H])C([H])([H])N1[H])[C@]([H])(C([H])([H])[H])C([H])([H])C2([H])[H],0,4 7 5 6 22 0,1,17.712066398862603,13.9146211955206,27.745268118584253,17.488503985081437,5.3328515591685495,22.821355544249982,0.0120714074434979,0.0046312461892824,0.0230168325118922,0.0046312461892824,-11.873912230215184,0.0146362235004656,0.0114372810117186,0.0602500829416931,-10.240775806892728,-12.784977583482018,-13.180898473093484,19.686369982396595,18.86844353867191
5322,C[C@@H]1CCC2=C1N=CCN2,15695,O=C1NCN=C2N=CN=C12,17733,[H]C1=NC2=NC([H])([H])N([H])C(=O)C23N1C12C(=NC3([H])C([H])([H])N1[H])[C@]([H])(C([H])([H])[H])C([H])([H])C2([H])[H],1,4 7 8 9 22 1,12,20.57336930454585,13.641606703438883,30.959505553822744,17.024708339050967,1.099314175970019,18.124022515020982,0.0079645993164653,0.0038954606394216,0.0043443725955023,0.0038954606394216,-8.885470684189379,0.0025465042358788,0.0566550768684099,0.0201928821490641,-11.386463811303244,-10.38106412552022,-8.841270677913023,17.456363140093696,15.80723060690801
5419,C[C@@H]1CCC2=C1N=CCN2,15695,O=CC#CC(F)(F)F,17787,[H]C(=O)C1=C(C(F)(F)F)C23C(=NC1([H])C([H])([H])N2[H])[C@]([H])(C([H])([H])[H])C([H])([H])C3([H])[H],1,4 7 3 2 22 1,1,12.133616880143675,15.129320501670628,22.739131711646777,16.374252057455195,3.052510981563337,19.42676303901853,9.370052983874371e-06,0.0159321557427177,0.0074141185445179,0.0159321557427177,-34.83344789789298,0.0010096620701742,0.0248184520367562,0.0127480759923241,-33.21045363131369,-35.72764358573665,-34.44704972725677,20.50279776094645,19.144324721515463
5421,C[C@@H]1CCC2=C1N=CCN2,15695,O=CC(=O)/C=C\[C@H](O)CO,17788,[H]OC([H])([H])[C@@]([H])(O[H])C1([H])C2([H])N=C3C(N([H])C2([H])[H])(C([H])([H])C([H])([H])[C@@]3([H])C([H])([H])[H])C1([H])C(=O)C([H])=O,0,4 7 4 5 22 0,1,21.01138214942207,15.219160406851696,30.3526623375758,16.630645909622107,6.486702291941693,23.1173482015638,0.0192148844588678,0.0642999416409359,0.2034415390399706,0.0642999416409359,-5.745282083534299,0.0130261863258895,0.1917885183714794,0.3176408485657345,-5.911827055917158,-8.27685553447941,-7.437912746640841,22.97505350918344,20.958502476858268
5588,C[C@@H]1CCC2=C1N=CCN2,15695,O=CNC(=O)/C=C\C(=O)O,17824,[H]OC(=O)C1([H])C2([H])N=C3C(N([H])C2([H])[H])(C([H])([H])C([H])([H])[C@@]3([H])C([H])([H])[H])C1([H])C(=O)N([H])C([H])=O,1,4 7 5 6 22 1,0,18.530444922908217,15.377135631151711,26.54813469484645,17.04201265437559,5.40166901992928,22.44368167430487,0.0096625544378317,0.0602557563894438,0.0034720430190039,0.0602557563894438,-9.027332322382165,0.008147810340163,0.0881974522576497,0.013624529154345,-10.08349644507296,-12.281814954395394,-11.454260436703052,21.516283444719843,21.88897085503882
6000,C[C@@H]1CCC2=C1N=CCN2,15695,O=NC(F)(F)F,17917,[H]N1C([H])([H])C2([H])N=C3C1(ON2C(F)(F)F)C([H])([H])C([H])([H])[C@@]3([H])C([H])([H])[H],1,4 7 0 1 22 1,0,16.754100781619393,7.861852876803463,27.69427149299471,16.343740692186948,-3.2375779332671755,13.106162758919773,2.4811674807531515e-05,2.2443369881426503e-06,2.1924278582231098e-05,2.2443369881426503e-06,-14.92460176448472,0.0002799852476718,7.469666188077777e-05,1.1836929550759833e-05,-16.477877119604102,-14.684835076656718,-13.578117269351536,11.585857429607463,8.668626307277421
6513,C[C@@H]1CCC2=C1N=CCN2,15695,O=c1ccc(=O)n(CO)[nH]1,17988,[H]OC([H])([H])N1C(=O)C2([H])C3([H])N=C4C(N([H])C3([H])[H])(C([H])([H])C([H])([H])[C@@]4([H])C([H])([H])[H])C2([H])C(=O)N1[H],0,4 7 2 3 22 0,5,20.463726917868264,13.756955640984776,28.389369642991568,16.726304864453517,8.452383445936615,25.17868831039013,0.0010631865641518,0.0123054689294403,0.0024119565850834,0.0123054689294403,-3.7579876349813617,0.0016368279898063,0.1026647666818744,0.0145909957413723,-3.689006353282771,-4.392066479884853,-8.534570688597505,22.001428975729183,22.13703823848932
6802,C[C@@H]1CCC2=C1N=CCN2,15695,OCC1=Cc2ccccc21,18025,[H]OC([H])([H])C12c3c([H])c([H])c([H])c([H])c3C1([H])C1([H])N=C3C2(N([H])C1([H])[H])C([H])([H])C([H])([H])[C@@]3([H])C([H])([H])[H],1,4 7 2 3 22 1,0,14.316521381575877,12.369641649649209,22.93741617539458,16.045147420143707,2.334413812746373,18.37956123289008,0.0072968524202824,0.0409880944027424,0.0351747061344485,0.0409880944027424,-27.265165731367446,0.0954522831758221,0.0451578176320295,0.2476756548382667,-28.42087966712701,-32.15907670801962,-32.03176202629985,18.075189622735607,18.862036301932047
7000,C[C@@H]1CCC2=C1N=CCN2,15695,O[C@@H]1CC/C=C/CCC1,18100,[H]O[C@@]1([H])C([H])([H])C([H])([H])C([H])([H])C2([H])C34C(=NC([H])(C([H])([H])N3[H])C2([H])C([H])([H])C1([H])[H])[C@]([H])(C([H])([H])[H])C([H])([H])C4([H])[H],1,4 7 5 6 22 1,2,15.469261245885397,4.837902732160391,16.37539636103571,15.79669471185298,3.7713388800425633,19.568033591895546,0.1418657738271322,0.0429281865154153,0.0578823856795092,0.0429281865154153,-18.637988103325,0.0530375941741924,0.0423670816068955,0.0676326465954064,-20.18002615498221,-24.38205236121476,-22.35871990335098,19.41417300012656,19.221324285970567
8210,C[C@@H]1CCC2=C1N=CCN2,15695,C=C1C=CC(=O)O1,12125,[H]C([H])=C1OC(=O)C2([H])C1([H])C1([H])N=C3C2(N([H])C1([H])[H])C([H])([H])C([H])([H])[C@@]3([H])C([H])([H])[H],0,4 7 3 2 22 0,7,19.958748426526927,12.15711694790306,25.986747021659298,16.3224434499829,7.236927308478009,23.559370758460908,0.0110610826844875,0.0172030796031452,0.020441995745881,0.0172030796031452,-6.587026992148225,0.0029388588105888,0.0669664963235616,0.0649694754857763,-7.019202421986201,-9.023786923473928,-8.886466665351769,22.824178195099048,21.103225547326275
8664,C[C@@H]1CCC2=C1N=CCN2,15695,NC1=NC(=O)C=N1,13154,[H]N([H])C1=NC(=O)C2([H])N1C13C(=NC2([H])C([H])([H])N1[H])[C@]([H])(C([H])([H])[H])C([H])([H])C3([H])[H],0,4 7 6 5 22 0,11,19.87429488546853,10.880205337854887,27.745818686321496,16.636752630384073,4.57944397269646,21.216196603080533,0.0001236867347221,0.0029704078662267,0.0028163872711713,0.0029704078662267,-11.658676079569098,0.0009664781853125,0.0931852456172773,0.0123847645920308,-11.87596483687301,-11.435410840415308,-9.79927785447451,19.17432882101865,19.82876481100904
9418,C[C@@H]1CCC2=C1N=CCN2,15695,C1=NCC2=CC=NC2=N1,13799,[H]C1=NC([H])([H])C23C(=N1)N=C([H])C2([H])C12C(=NC3([H])C([H])([H])N1[H])[C@]([H])(C([H])([H])[H])C([H])([H])C2([H])[H],1,4 7 4 3 22 1,2,18.958732535542588,13.061550914253534,31.11169799545533,16.68673388332409,2.897260495344625,19.58399437866872,0.0418740189816469,0.0058156554494597,0.0226005427038765,0.0058156554494597,-8.635476292752166,0.007403821671586,0.2587113212525555,0.0596223904727004,-8.73382116238976,-11.137518852829864,-12.054079283236128,18.820888866827,16.308894213095655
9547,C[C@@H]1CCC2=C1N=CCN2,15695,C=C(C(F)(F)F)C(F)(F)F,13835,[H]N1C([H])([H])C2([H])N=C3C1(C([H])([H])C([H])([H])[C@@]3([H])C([H])([H])[H])C([H])([H])C2(C(F)(F)F)C(F)(F)F,1,4 7 0 1 22 1,0,17.82041698525038,16.18263109108597,26.735657000781128,16.97803442963899,7.685707074109409,24.6637415037484,0.0013338461742628,0.0005755794904798,0.0066516037390216,0.0005755794904798,-9.542729142541347,0.0132515620692407,0.0016329506222774,0.000305801805775,-8.824739389846414,-10.53065636509688,-11.92752793510359,24.3024271550578,23.901658147599413
9751,C[C@@H]1CCC2=C1N=CCN2,15695,C=C1C(=O)OC=C1C(=O)O,13909,[H]OC(=O)C1=C([H])OC(=O)C12C1([H])N=C3C(N([H])C1([H])[H])(C([H])([H])C([H])([H])[C@@]3([H])C([H])([H])[H])C2([H])[H],1,4 7 0 1 22 1,0,19.73377945541992,14.305208993105463,27.1970914380304,16.749802182537344,6.709131602781532,23.45893378531888,0.0714146657090264,0.0876235444796978,0.0329819004808404,0.0876235444796978,-6.0989030339410135,0.0239912716027713,0.1459955749366968,0.2097959302457266,-6.105955751020204,-8.371849899111218,-9.53343376099606,22.946740788656165,22.29020416937472
9762,C[C@@H]1CCC2=C1N=CCN2,15695,C=C1C(=O)[C@@H]2CCCO[C@H]12,13910,[H]N1C([H])([H])C2([H])N=C3C1(C([H])([H])C([H])([H])[C@@]3([H])C([H])([H])[H])C1(C(=O)[C@]3([H])C([H])([H])C([H])([H])C([H])([H])O[C@]13[H])C2([H])[H],0,4 7 1 0 22 0,3,16.801174190422767,13.379950242876994,21.631855336104863,16.425178911676046,9.52641604151993,25.951594953195976,0.0221418433826338,0.0310599113189861,0.0760885725354455,0.0310599113189861,-13.492505613049786,0.0761942474546287,0.0867674959763603,0.1161729963411194,-13.385175767887397,-12.755689528327814,-14.227551479473057,23.869751396436925,22.814341792483788
9939,C[C@@H]1CCC2=C1N=CCN2,15695,C=CC(=O)NC(=N)NC#N,13956,[H]N=C(N([H])C#N)N([H])C(=O)C1([H])C23C(=NC([H])(C([H])([H])N2[H])C1([H])[H])[C@]([H])(C([H])([H])[H])C([H])([H])C3([H])[H],1,4 7 1 0 22 1,2,19.443913765055395,11.08308990717572,26.159319561441112,16.7711099589058,4.111128145589561,20.88223810449536,2.666503376575773e-06,0.0183416378359868,0.0073203616204573,0.0183416378359868,-11.866264155952392,0.0017197080207371,0.0136250148663124,0.0769209408481636,-12.88246985299616,-14.291139377101302,-12.518111780340805,20.37865196210147,21.60408156798812
9950,C[C@@H]1CCC2=C1N=CCN2,15695,C=CC(=O)O[C@H]1CCCO1,13969,[H]N1C([H])([H])C2([H])N=C3C1(C([H])([H])C([H])([H])[C@@]3([H])C([H])([H])[H])C([H])([H])C2([H])C(=O)O[C@]1([H])OC([H])([H])C([H])([H])C1([H])[H],0,4 7 0 1 22 0,1,18.666214908045934,11.666366452368354,23.713221861432963,17.055540277969634,6.682954047536072,23.738494325505705,0.0018398397008285,0.0023186761711759,0.0097598583169966,0.0023186761711759,-11.391549375196774,0.0262105968558284,0.021432344446498,0.0209803971990038,-11.79499830544522,-13.74411896900775,-13.14109003330239,24.062255355271624,23.922841556449143
9974,C[C@@H]1CCC2=C1N=CCN2,15695,C=CC(F)(F)C(=O)C(=O)O,13974,[H]OC(=O)C(=O)C(F)(F)C1([H])C2([H])N=C3C(N([H])C2([H])[H])(C([H])([H])C([H])([H])[C@@]3([H])C([H])([H])[H])C1([H])[H],0,4 7 0 1 22 0,1,18.09776580857841,13.411523828007288,25.115774856296497,16.757562115550197,5.900080132978051,22.657642248528248,0.0067729148633886,0.023883820993016,0.0080131115103326,0.023883820993016,-10.9659248607824,0.0034658965728403,0.0493567328347411,0.0249733351582649,-10.867218699742118,-14.04083231931515,-13.16610955587739,20.73177235974022,20.62574646389816
10043,C[C@@H]1CCC2=C1N=CCN2,15695,C=CC1=NC(C)(C)C(=O)O1,13986,[H]N1C([H])([H])C2([H])N=C3C1(C([H])([H])C([H])([H])[C@@]3([H])C([H])([H])[H])C([H])([H])C2([H])C1=NC(C([H])([H])[H])(C([H])([H])[H])C(=O)O1,1,4 7 0 1 22 1,0,18.186833515827544,12.978586266314926,23.390252057239845,16.399091341230736,8.302897909347177,24.70198925057792,0.0321615216372508,0.0688568905836398,0.0299185280521287,0.0688568905836398,-9.827441790743286,0.0660153258874368,0.1439612602897098,0.0736224201955133,-10.509279622863689,-12.467252157950584,-13.12168127303226,23.57305205974192,22.99280570209023
11202,C[C@@H]1CCC2=C1N=CCN2,15695,CC1=C(CCO)C(=O)N=N1,14530,[H]OC([H])([H])C([H])([H])C12C(=O)N=NC1(C([H])([H])[H])C1([H])N=C3C2(N([H])C1([H])[H])C([H])([H])C([H])([H])[C@@]3([H])C([H])([H])[H],0,4 7 2 1 22 0,3,21.11377047052584,19.230355994120032,33.222658568216545,17.53398073112041,7.020801814840567,24.55478254596097,0.0463713698088545,0.0472387004596753,0.0077998369926037,0.0472387004596753,-6.678098466906207,0.0092956670999843,0.0605131580335245,0.0764666635760701,-8.11027741410016,-10.76139536213487,-6.263317675915552,23.36582614308256,21.76016937342857
11217,C[C@@H]1CCC2=C1N=CCN2,15695,CC1=CC(=O)C=C(C)C1=O,14535,[H]C1=C(C([H])([H])[H])C(=O)C2(C([H])([H])[H])C3([H])N=C4C(N([H])C3([H])[H])(C([H])([H])C([H])([H])[C@@]4([H])C([H])([H])[H])C2([H])C1=O,1,4 7 2 1 22 1,2,21.589710571132763,15.998135918167009,31.5210412351094,17.22233556748815,6.031392685306081,23.253728252794232,0.0446371610040137,0.0778684016507161,0.133521500340846,0.0778684016507161,-0.9817488726385656,0.0120207050518843,0.2851100455201595,0.272474383459007,-2.6240082739816515,-4.268681994765661,-5.242162239373805,23.658286349556224,20.812122829073047
11417,C[C@@H]1CCC2=C1N=CCN2,15695,CC1=NC(=O)[C@H](C#N)C=C1,14580,[H]N1C([H])([H])C2([H])N=C3C1(C([H])([H])C([H])([H])[C@@]3([H])C([H])([H])[H])C1([H])C(C([H])([H])[H])=NC(=O)[C@]([H])(C#N)C21[H],1,4 7 9 8 22 1,2,19.05888933120925,14.783910393664677,27.350864779985898,16.962133757739675,6.525584617436174,23.48771837517585,0.0228241398864244,0.0482437291141084,0.0880482459051758,0.0482437291141084,-5.835628368378217,0.0181762587713352,0.1722329399546241,0.126762332455437,-7.3007034495966465,-10.685655543243648,-9.581116855469588,23.016860142323164,22.36395405044316
12570,C[C@@H]1CCC2=C1N=CCN2,15695,COC[C@]1(O)C=CC(=O)O1,15497,[H]O[C@]1(C([H])([H])OC([H])([H])[H])OC(=O)C2([H])C34C(=NC([H])(C([H])([H])N3[H])C21[H])[C@]([H])(C([H])([H])[H])C([H])([H])C4([H])[H],0,4 7 6 5 22 0,3,18.26065030100077,13.714890569069466,24.71104153666534,16.732469888074316,7.643679318798458,24.37614920687277,0.0020191445773633,0.0091507757553032,0.0047019194763519,0.0091507757553032,-13.507465925298376,0.0043052559578846,0.0151824872010277,0.0374854137682199,-11.619272302812584,-14.288678873348369,-13.686197798216284,23.19244241659902,23.508071308350388
2842,C[C@H](C1=CCC=C1)N(C)C,15757,N[C@H]1N=CN=C2N=NC=C21,17093,[H]C1=N[C@]([H])(N([H])[H])C23C(=N1)N=NC2([H])C1([H])C([C@]([H])(N(C([H])([H])[H])C([H])([H])[H])C([H])([H])[H])=C([H])C3([H])C1([H])[H],0,5 3 9 8 25 0,3,17.223347914785926,12.227493679640116,23.63935930078893,16.35862745761802,6.22664245578197,22.58526991339999,0.057566864853663,0.0159995884784917,0.009520738085891,0.0159995884784917,-9.107315442247357,0.0137482786612227,0.045830727443081,0.0269066128506369,-9.455337272050564,-7.781678094031093,-7.888472869713269,22.44003107161132,22.154908301938043
4441,C[C@H](C1=CCC=C1)N(C)C,15757,O=C1C=C(C(F)(F)F)N=N1,17526,[H]C1=C([C@]([H])(N(C([H])([H])[H])C([H])([H])[H])C([H])([H])[H])C2([H])C([H])([H])C1([H])C1(C(F)(F)F)N=NC(=O)C21[H],1,5 3 3 2 25 1,2,16.10101992855151,11.523716593116609,23.558557298310085,16.130818272077242,2.415930733020083,18.546749005097325,2.251470289374496e-05,0.0110718614001871,0.0012658001577062,0.0110718614001871,-18.652137180622823,0.001327139802213,0.023160387184833,0.00644305479394,-21.87068159036783,-18.152268694020165,-14.350731788109982,20.116525636133726,19.024372513788
4486,C[C@H](C1=CCC=C1)N(C)C,15757,O=C1C=CC(=O)N1CO,17535,[H]OC([H])([H])N1C(=O)C2([H])C3([H])C([H])=C([C@]([H])(N(C([H])([H])[H])C([H])([H])[H])C([H])([H])[H])C([H])(C3([H])[H])C2([H])C1=O,0,5 3 2 3 25 0,1,17.193143754410375,9.027727620568484,21.36066609808184,15.830316041097642,5.83894116147281,21.669257202570453,0.0104470863576027,0.004934312194758,0.0071661962200299,0.004934312194758,-9.720270933428743,0.0137248080070776,0.0219911392565639,0.0641464454440106,-11.039118249007124,-10.870063087597195,-10.08232291588584,23.29302688488007,23.01686961393942
5158,C[C@H](C1=CCC=C1)N(C)C,15757,O=C1N=CC2=CC=NC2=N1,17702,[H]C1=NC2=NC(=O)N=C([H])C23C2([H])C([H])=C([C@]([H])(N(C([H])([H])[H])C([H])([H])[H])C([H])([H])[H])C([H])(C2([H])[H])C13[H],1,5 3 4 5 25 1,0,19.06752105789856,12.077691926084734,27.019074678639114,15.821487771914528,3.176766189539773,18.998253961454303,0.0137547616710936,0.0197547148710158,0.0052961989561876,0.0197547148710158,-7.029667609838299,0.0235977554337014,0.016616418916708,0.0170194383308849,-9.941821207917757,-9.063331651234918,-8.477616680185513,19.999558275483544,15.887796963610883
5419,C[C@H](C1=CCC=C1)N(C)C,15757,O=CC#CC(F)(F)F,17787,[H]C(=O)C1=C(C(F)(F)F)C2([H])C([H])=C([C@]([H])(N(C([H])([H])[H])C([H])([H])[H])C([H])([H])[H])C1([H])C2([H])[H],1,5 3 3 2 25 1,1,11.917461925949228,13.634017454957933,18.84437634939974,15.835084371676256,7.291327179619039,23.12641155129529,2.1750996458165666e-05,0.0138664933367129,0.0052569682156591,0.0138664933367129,-23.74074080675652,0.0024633256526364,0.0368558230575735,0.0268178670092529,-22.61889470853877,-23.350258602533444,-25.551589711718805,23.00905292518492,23.44372424762617
6802,C[C@H](C1=CCC=C1)N(C)C,15757,OCC1=Cc2ccccc21,18025,[H]OC([H])([H])C12c3c([H])c([H])c([H])c([H])c3C1([H])C1([H])C([C@]([H])(N(C([H])([H])[H])C([H])([H])[H])C([H])([H])[H])=C([H])C2([H])C1([H])[H],1,5 3 2 3 25 1,0,13.255546007999916,9.459803176053,16.360271439415815,15.421822907608169,6.063571145429695,21.48539405303786,0.0139183606164405,0.0342015291026164,0.0552431586324443,0.0342015291026164,-21.125270033663057,0.1462582313792048,0.0404666109033315,0.1446206610004199,-20.233218202760952,-25.3967721237468,-26.29049574998423,20.69564378247642,22.192548929427584
7000,C[C@H](C1=CCC=C1)N(C)C,15757,O[C@@H]1CC/C=C/CCC1,18100,[H]O[C@@]1([H])C([H])([H])C([H])([H])C([H])([H])C2([H])C3([H])C([H])=C([C@]([H])(N(C([H])([H])[H])C([H])([H])[H])C([H])([H])[H])C([H])(C3([H])[H])C2([H])C([H])([H])C1([H])[H],1,5 3 5 6 25 1,2,15.207214170990063,2.567800456744875,11.42745928203452,14.87497083716262,6.911975296915042,21.78694613407766,0.0805388885329388,0.0892026250058805,0.1144317795454018,0.0892026250058805,-14.396494314142508,0.1194216652338708,0.0217752641625416,0.0679290887210709,-14.392916081140235,-16.31771650851954,-15.274402347054291,22.37666802464027,23.44189422572677
6802,Cc1cc(C(F)(F)F)co1,15906,OCC1=Cc2ccccc21,18025,[H]OC([H])([H])C12c3c([H])c([H])c([H])c([H])c3C1([H])C1([H])OC2(C([H])([H])[H])C([H])=C1C(F)(F)F,1,1 8 2 3 15 1,0,17.05026846340244,11.7529328205188,21.92565525116909,15.56367716424014,6.580385739468639,22.14406290370878,0.0064298405662163,0.0037321799402807,0.0702004749392902,0.0037321799402807,-10.168203616000907,0.0257998543391037,0.0044854868934941,0.120252467209277,-8.086259950503475,-11.4315122291763,-12.23080578062131,22.009290387849124,23.450666060911285
13606,Cc1cc(C(N)=O)co1,15908,OCC1=Cc2ccccc21,18025,[H]OC([H])([H])C12c3c([H])c([H])c([H])c([H])c3C1([H])C1(C([H])([H])[H])OC2([H])C(C(=O)N([H])[H])=C1[H],1,1 7 3 2 16 1,2,15.79297878480252,12.24741635065499,20.648798209761285,15.567441333156951,7.15800355438725,22.7254448875442,0.0467938980619758,0.0055013777873014,0.0539558317030681,0.0055013777873014,-12.345251093910449,0.1564481768512365,0.0177567499776899,0.1389895193217096,-12.052667628626033,-13.215106060916485,-14.347153706090763,21.41023119112105,22.7576339634772
5419,Cc1cc(CO)c(C)o1,15950,O=CC#CC(F)(F)F,17787,[H]OC([H])([H])C1=C([H])C2(C([H])([H])[H])OC1(C([H])([H])[H])C(C([H])=O)=C2C(F)(F)F,1,1 6 3 2 19 1,1,15.384980066314002,16.658445437278182,24.9667906909822,15.924259865762172,8.705109937620072,24.629369803382247,2.866882185154394e-05,0.0108476091515036,0.0087516633332619,0.0108476091515036,-4.407855222029305,0.001959774826666,0.00870805469902,0.0739251869616578,-3.8931904723874737,-5.469962062223384,-7.854198060811584,24.10149858750229,23.63595634083827
4442,Cc1cc(N)cn(C)c1=O,15972,O=C1C=C(C(F)(F)F)N=N1,17526,[H]C1=C(N([H])[H])C2([H])N(C([H])([H])[H])C(=O)C1(C([H])([H])[H])C1(C(F)(F)F)N=NC(=O)C21[H],0,1 5 3 2 20 0,3,20.39063713948431,16.145421545989432,27.840142177148625,16.289183169105016,9.26108616501677,25.550269334121783,1.2697722446723922e-05,0.0057113454386512,0.0018274036232479,0.0057113454386512,-8.887335942985608,0.0007524095730816,0.0043943191682294,0.0013699120724763,-7.651272680960524,-5.841910402303412,-5.505709511602792,24.019518877745224,23.809372185554587
10839,Cc1coc(C)c1C(=O)O,16220,O=CC#CC(F)(F)F,17787,[H]OC(=O)C1=C(C([H])([H])[H])C2([H])OC1(C([H])([H])[H])C(C(F)(F)F)=C2C([H])=O,1,4 2 3 2 18 1,3,13.572758157842786,14.81939159089017,22.42124757505737,15.608051673617297,8.317376114126915,23.92542778774421,1.2372699606636531e-05,0.0280100547277396,0.0137030711449836,0.0280100547277396,-4.656304126053982,0.001153131016565,0.0146910780728736,0.0337559540571456,-5.059241213660272,-6.444841614066196,-9.882649768526214,22.80291304568653,23.429717882688745
5419,Cc1coc(C)c1CN,16221,O=CC#CC(F)(F)F,17787,[H]C(=O)C1=C(C(F)(F)F)C2(C([H])([H])[H])OC1([H])C(C([H])([H])[H])=C2C([H])([H])N([H])[H],1,4 2 3 2 20 1,1,14.013535045742737,16.091613759968382,25.365969792446496,16.142108075149565,6.827192075348584,22.96930015049815,1.4518053967513698e-05,0.0099223596921375,0.012269859571359,0.0099223596921375,-5.45204292354871,0.0011319704337981,0.0025585431097332,0.0318383507437482,-6.136471354937115,-7.605070884150251,-10.311357770414254,22.163104476903065,22.44110496102858
6804,Cc1coc(C)c1CN,16221,OCC1=Cc2ccccc21,18025,[H]OC([H])([H])C12c3c([H])c([H])c([H])c([H])c3C1([H])C1(C([H])([H])[H])OC2([H])C(C([H])([H])[H])=C1C([H])([H])N([H])[H],1,4 2 3 2 20 1,2,15.244311834021271,13.55025724717435,21.82386553638024,15.77319034722806,6.208851898359544,21.982042245587603,0.0834273509061577,0.0125655244094834,0.0781790245719203,0.0125655244094834,-11.901507908780268,0.3632509018842334,0.0022663423626856,0.2886571194421201,-11.978826198839856,-14.352684287327795,-16.307309632107163,21.185926997329343,22.585700444152
5419,Cc1coc(C)c1[C@H](C)O,16222,O=CC#CC(F)(F)F,17787,[H]O[C@]([H])(C1=C(C([H])([H])[H])C2([H])OC1(C([H])([H])[H])C(C(F)(F)F)=C2C([H])=O)C([H])([H])[H],1,4 2 3 2 22 1,1,13.519932794999123,15.807358486242194,25.0988868172611,16.266107269821603,5.563808521155487,21.82991579097709,1.1972097190333486e-05,0.0165625648002498,0.0148353277471068,0.0165625648002498,-6.728401523885189,0.0011355653379044,0.0047673253608706,0.0286809156279884,-7.449817248802326,-8.801886924388924,-11.552140186408508,21.075539147577903,20.92255491929664
6804,Cc1coc(C)c1[C@H](C)O,16222,OCC1=Cc2ccccc21,18025,[H]OC([H])([H])C12c3c([H])c([H])c([H])c([H])c3C1([H])C1(C([H])([H])[H])OC2([H])C(C([H])([H])[H])=C1[C@@]([H])(O[H])C([H])([H])[H],1,4 2 3 2 22 1,2,14.389158664157804,13.290306492668565,21.46003880718508,15.526134042795862,5.753534088637785,21.279668131433645,0.1129765534036641,0.0093664986839637,0.0616723190506465,0.0093664986839637,-13.5599305890688,0.3328771032886451,0.0051410316571196,0.3100553856619634,-15.46441797353792,-16.289235949393706,-17.37515455677729,20.70592553688268,21.8541313892687
7000,Cc1coc(C)c1[C@H](C)O,16222,O[C@@H]1CC/C=C/CCC1,18100,[H]O[C@@]1([H])C([H])([H])C([H])([H])C([H])([H])C2([H])C3(C([H])([H])[H])OC([H])(C(C([H])([H])[H])=C3[C@@]([H])(O[H])C([H])([H])[H])C2([H])C([H])([H])C1([H])[H],1,4 2 5 6 22 1,2,18.034943669238057,4.967049513093043,16.74705416536529,15.214998298845792,5.680744682746425,20.895742981592218,0.0596899813174812,0.1082711411425783,0.0840313568167728,0.1082711411425783,-7.976044473115508,0.0693419544424727,0.0291019015135818,0.1044619157026697,-7.97417501574769,-8.562577172641014,-6.718480431095408,22.71326994420325,23.31083025145556
5419,Cc1cocc1CCCO,16225,O=CC#CC(F)(F)F,17787,[H]OC([H])([H])C([H])([H])C([H])([H])C1=C(C([H])([H])[H])C2([H])OC1([H])C(C(F)(F)F)=C2C([H])=O,1,4 2 3 2 22 1,1,13.322293679169588,15.202652084892572,22.89493823387638,16.602773428560123,6.878927770120363,23.481701198680486,3.839294583744167e-05,0.0055085783433535,0.0137203036452546,0.0055085783433535,-7.100922653621353,0.0149505796197148,0.0026987015405819,0.0371674807940631,-6.35351362344344,-8.003886932299572,-9.55992778954196,22.25018149085644,22.604265382236505
6804,Cc1cocc1CCCO,16225,OCC1=Cc2ccccc21,18025,[H]OC([H])([H])C([H])([H])C([H])([H])C1=C(C([H])([H])[H])C2([H])OC1([H])C1([H])c3c([H])c([H])c([H])c([H])c3C21C([H])([H])O[H],1,4 2 3 2 22 1,2,14.47342904332619,11.926694516613528,19.623812221664032,15.886318793315588,6.598320607588988,22.484639400904577,0.1427827014861049,0.0075375318425754,0.0456390474384192,0.0075375318425754,-11.706974995206116,0.4569011736051215,0.0037200761134688,0.161595276354346,-11.759285032962609,-13.823272341120244,-14.912128818967403,21.55467245875168,22.876611740290866
13606,Cc1nc(C(=N)N)co1,16248,OCC1=Cc2ccccc21,18025,[H]N=C(C1=NC2(C([H])([H])[H])OC1([H])C1(C([H])([H])O[H])c3c([H])c([H])c([H])c([H])c3C21[H])N([H])[H],1,1 7 3 2 16 1,2,17.614828080614966,12.01902635740694,21.14840939443692,15.499742656778354,5.796672192737624,21.296414849515976,0.045508172082501,0.0082167825571092,0.0443689730455855,0.0082167825571092,-10.907206553923722,0.2119953870172747,0.0154442305984612,0.144710490285507,-11.128888927841842,-13.469536117596832,-11.62163989892197,22.98924485552496,23.778215285358783
5419,Cc1nc2c(o1)CCCC2,16294,O=CC#CC(F)(F)F,17787,[H]C(=O)C1=C(C(F)(F)F)C2(C([H])([H])[H])N=C3C([H])([H])C([H])([H])C([H])([H])C([H])([H])C31O2,1,1 4 3 2 21 1,1,14.396663853547487,15.192495429962928,23.01934269411453,16.029621927035883,8.646007443104633,24.67562937014052,3.770879937543593e-05,0.0068042571614954,0.0134276036863542,0.0068042571614954,-7.526689550066948,0.0013198791283915,0.0072391058803763,0.0456431436702425,-6.032770629711649,-6.954969022899057,-10.584814469707888,23.057595424990005,23.591587457335606
6802,Cc1nc2c(o1)CCCC2,16294,OCC1=Cc2ccccc21,18025,[H]OC([H])([H])C12c3c([H])c([H])c([H])c([H])c3C1([H])C13OC2(C([H])([H])[H])N=C1C([H])([H])C([H])([H])C([H])([H])C3([H])[H],1,1 4 2 3 21 1,0,16.359894821019324,11.330716530265727,21.49267439233465,15.905130833902344,4.510232348991529,20.41536318289388,0.0075832696860915,0.0130042224555792,0.0374542099254323,0.0130042224555792,-11.787179345435938,0.0358789175390105,0.0215745390888009,0.1623788264205916,-10.40858308843528,-14.046749316209208,-14.734442796684434,21.508380824826062,22.73747808492162
7000,Cc1nc2c(o1)CCCC2,16294,O[C@@H]1CC/C=C/CCC1,18100,[H]O[C@@]1([H])C([H])([H])C([H])([H])C([H])([H])C2([H])C3(C([H])([H])[H])N=C4C([H])([H])C([H])([H])C([H])([H])C([H])([H])C4(O3)C2([H])C([H])([H])C1([H])[H],1,1 4 5 6 21 1,2,19.73060697641165,3.997055273258189,17.20484054308285,15.635510191052704,6.239918480669584,21.87542867172229,0.0446459655693798,0.1033524861248496,0.0160277118524851,0.1033524861248496,-7.115613252560955,0.2453703969953763,0.0720259817260216,0.0102565972868769,-7.377093040116932,-7.213194753781924,-6.57116503098036,22.886808173164944,23.59788406057831
5419,Cc1nc2c(o1)CNC2,16295,O=CC#CC(F)(F)F,17787,[H]C(=O)C1=C(C(F)(F)F)C2(C([H])([H])[H])N=C3C([H])([H])N([H])C([H])([H])C31O2,1,1 4 3 2 17 1,1,12.451512645064104,14.897148088566295,22.56907821748484,15.69491739691836,5.463405533053255,21.15832292997161,4.967024814014524e-05,0.0143147064194999,0.0269998387397077,0.0143147064194999,-10.60704893739247,0.0022065972401884,0.0253985475644641,0.0925095800076795,-9.53180509384709,-9.67572970451402,-11.460272848202392,21.666547414944088,22.50968661163713
6802,Cc1nc2c(o1)CNC2,16295,OCC1=Cc2ccccc21,18025,[H]OC([H])([H])C12c3c([H])c([H])c([H])c([H])c3C1([H])C13OC2(C([H])([H])[H])N=C1C([H])([H])N([H])C3([H])[H],1,1 4 2 3 17 1,0,14.652723147068505,10.445236212102843,21.22501563459158,15.528859107021578,2.661094632218713,18.18995373924029,0.0140069130734202,0.0254958187191174,0.1081777009412111,0.0254958187191174,-13.567450982966015,0.0822773234153284,0.0425371053034747,0.2930665756830972,-12.74451922608788,-16.78760155831292,-17.423271509463802,19.69684736894325,20.75946265411698
7000,Cc1nc2c(o1)CNC2,16295,O[C@@H]1CC/C=C/CCC1,18100,[H]O[C@@]1([H])C([H])([H])C([H])([H])C([H])([H])C2([H])C3(C([H])([H])[H])N=C4C([H])([H])N([H])C([H])([H])C4(O3)C2([H])C([H])([H])C1([H])[H],1,1 4 5 6 17 1,2,17.286665919250847,2.4408388012562536,16.40820232340809,15.14006561849303,3.4765073556033137,18.616572974096343,0.1236161966903929,0.1717450560369524,0.0575737641506452,0.1717450560369524,-8.725533460869045,0.4073185094017472,0.1323685625240177,0.0681357841852359,-8.370701905780678,-9.883588170698694,-9.015460798208345,19.876141367372163,20.5090921745602
4439,Cc1ncc(=O)[nH]c1C,16304,O=C1C=C(C(F)(F)F)N=N1,17526,[H]N1C(=O)C2([H])N=C(C([H])([H])[H])C1(C([H])([H])[H])C1([H])C(=O)N=NC21C(F)(F)F,1,7 3 2 3 17 1,0,20.02722143336527,13.861007969768051,27.12813169871781,16.79786744617309,6.013697895444068,22.81156534161716,0.0010010185852585,0.0006063829697668,0.0028366596910967,0.0006063829697668,-9.78463479908418,0.0006587306981685,0.0043875558004991,0.0018211397511133,-8.32002030741733,-8.965851962228868,-6.4846391097924965,23.37227671044102,23.97252151871773
2225,Cc1oc(C)c(C)c1C,16381,O=C1C=C(C(F)(F)F)N=N1,17526,[H]C([H])([H])C1=C(C([H])([H])[H])C2(C([H])([H])[H])OC1(C([H])([H])[H])C1([H])C(=O)N=NC12C(F)(F)F,1,3 1 2 3 21 1,0,19.414709616469267,13.957969344050314,29.080751595262583,16.246960345155546,2.305246558463594,18.55220690361914,0.0041874023684228,0.0003150799859774,0.0006952833332496,0.0003150799859774,-8.614055215099441,0.0003067521908767,0.0005922232305486,0.0019828758406417,-6.771679836140777,-6.836861462063183,-5.067188640524577,21.69745891106821,20.379448305422155
2720,Cc1oc(C)c(C)c1C,16381,O=CC#CC(F)(F)F,17787,[H]C(=O)C1=C(C(F)(F)F)C2(C([H])([H])[H])OC1(C([H])([H])[H])C(C([H])([H])[H])=C2C([H])([H])[H],1,3 1 2 3 21 1,0,15.31136289589248,15.605985090915418,25.01657752085343,15.461439819907902,8.256725730324739,23.71816555023264,0.0018299745056412,0.0005076055874614,0.0020527266718395,0.0005076055874614,-5.491603617066211,0.0005038120589811,0.0012744214386339,0.0013357891528621,-2.879472261592952,-5.139104128619039,-10.837692439015974,22.48252091020104,22.298176652947525
3421,Cc1oc(C)c(C)c1C,16381,OCC1=Cc2ccccc21,18025,[H]OC([H])([H])C12c3c([H])c([H])c([H])c([H])c3C1([H])C1(C([H])([H])[H])OC2(C([H])([H])[H])C(C([H])([H])[H])=C1C([H])([H])[H],1,3 1 2 3 21 1,0,16.323140112796487,11.366865362129287,21.69677153888349,15.476471098923453,5.111253342927316,20.587724441850767,0.0068292927349347,0.0116640439817903,0.0086936278497205,0.0116640439817903,-11.231151462903384,0.0205380673896872,0.0024842438286511,0.09359499535211,-8.697527010045249,-13.47951490333724,-15.924989855070756,21.784043588859863,22.40695661826893
3521,Cc1oc(C)c(C)c1C,16381,O[C@@H]1CC/C=C/CCC1,18100,[H]O[C@@]1([H])C([H])([H])C([H])([H])C([H])([H])C2([H])C3(C([H])([H])[H])OC(C([H])([H])[H])(C(C([H])([H])[H])=C3C([H])([H])[H])C2([H])C([H])([H])C1([H])[H],0,3 1 6 5 21 0,1,18.98720817393536,4.402276577097146,15.535280006621717,15.02771254376098,6.482285531146129,21.50999807490711,0.0250821999458184,0.0866109244276174,0.0009488108064501,0.0866109244276174,-6.691380313972715,0.1506965042363281,0.0067762450620525,0.0100303296178188,-6.413790600129325,-6.158774492243236,-5.5162205288797885,23.122172028175456,22.579474630704823
6802,Cc1occc1CNN,16383,OCC1=Cc2ccccc21,18025,[H]OC([H])([H])C12c3c([H])c([H])c([H])c([H])c3C1([H])C1(C([H])([H])[H])OC2([H])C([H])=C1C([H])([H])N([H])N([H])[H],1,3 1 2 3 19 1,0,16.949162969261252,11.327239018877012,20.952426961974297,15.501215975953452,6.932557285046279,22.43377326099973,0.0376108662710492,0.0499331263844957,0.1669970229732645,0.0499331263844957,-8.295033820399347,0.0705666071209149,0.0328643519283101,0.2653657063589099,-5.871332284276733,-11.301745438881198,-13.356374916228049,23.106041055894742,23.38151962543333
443,FC(F)=C(F)C(F)=C(F)F,16517,N#CC(C#N)N=O,16602,[H]C(C#N)(C#N)N1OC(F)(F)C(F)=C(F)C1(F)F,1,1 7 5 6 10 1,4,26.392815767546136,5.528971903855055,20.52797998601065,16.12539873387285,11.16030892465266,27.28570765852551,0.0013761317070751,0.0051777904749274,0.000137002082542,0.0051777904749274,-32.32113377174305,0.026726423100977,0.0128420599611419,0.0001312361450993,-31.88593104428375,-31.039425727934265,-31.68528064737748,25.703499450970128,23.55683989439604
1423,FC(F)=C(F)C(F)=C(F)F,16517,N[C@H]1N=CN=C2N=NC=C21,17093,[H]C1=N[C@]([H])(N([H])[H])C23C(=N1)N=NC2([H])C(F)(F)C(F)=C(F)C3(F)F,1,1 7 8 9 10 1,0,24.027237337779948,7.48017113024771,19.852910078375665,15.689558406299524,13.30891597648975,28.99847438278928,0.0747050203349231,0.0069226722265753,0.0314637728289688,0.0069226722265753,-36.74118819927576,0.1787618882693409,0.0448846651481745,0.0470599832301472,-32.31417405087914,-36.01287933190122,-36.278856216652095,26.02247815323419,23.26137430762769
2244,FC(F)=C(F)C(F)=C(F)F,16517,O=C1C=CC(=O)C(F)=C1,17533,[H]C1=C(F)C(=O)C2([H])C([H])(C1=O)C(F)(F)C(F)=C(F)C2(F)F,0,1 7 2 3 10 0,1,24.88255589479886,7.083527471635303,21.527654827091474,15.361149502647152,9.93591176762887,25.29706127027602,0.0380006957469811,0.0152273071965235,0.0331840450109645,0.0152273071965235,-36.34282963334202,0.1049031010622148,0.0207535488234516,0.1510946995633105,-34.198538000515754,-40.69705161875078,-37.7117503773008,25.21547593414809,22.61211402640159
2248,FC(F)=C(F)C(F)=C(F)F,16517,O=C1C=CC(=O)N1C1CC1,17534,[H]C1([H])C([H])([H])C1([H])N1C(=O)C2([H])C([H])(C1=O)C(F)(F)C(F)=C(F)C2(F)F,0,1 7 2 3 10 0,1,23.42126210670036,5.842644645396279,18.7077078480701,15.430933416143631,10.780262920466306,26.211196336609937,0.0019300768896406,0.0026747136406829,0.0125830443274491,0.0026747136406829,-39.44249484592184,0.0100601257721725,0.0051660772196967,0.0285715344999221,-39.727580040145696,-41.40078636919976,-40.716385513279846,26.8747431959736,23.974885130185964
2292,FC(F)=C(F)C(F)=C(F)F,16517,O=C1C=Cc2ccccc21,17549,[H]c1c([H])c([H])c2c(c1[H])C(=O)C1([H])C2([H])C(F)(F)C(F)=C(F)C1(F)F,0,1 7 2 3 10 0,1,24.21210376901083,5.305710541875714,18.33130231099569,15.040966347704432,10.390590428061085,25.43155677576552,0.0285569126128611,0.0084872066401131,0.0289307736780127,0.0084872066401131,-39.91509755960932,0.036015421929432,0.0182440199151257,0.0690381363281196,-39.54857154099662,-40.61845371665301,-37.84730882597783,26.717015696934794,23.83993924349249
2589,FC(F)=C(F)C(F)=C(F)F,16517,O=C1N=CC2=CC=NC2=N1,17702,[H]C1=NC2=NC(=O)N=C([H])C23C1([H])C(F)(F)C(F)=C(F)C3(F)F,1,1 7 4 5 10 1,0,25.37532187817441,7.697448650519467,23.57758500967176,15.292150417161412,8.673854171685672,23.966004588847085,0.0055307064340206,0.0069033854484082,0.0023853456605556,0.0069033854484082,-32.80413255180212,0.0245147597900192,0.0171013168687168,0.0042483639980309,-32.908600016715084,-37.022935820646616,-35.19525632173292,24.026727068028123,17.851673876210775
2615,FC(F)=C(F)C(F)=C(F)F,16517,O=C1N=NC(C2CC2)=N1,17707,[H]C1([H])C([H])([H])C1([H])c1nc(=O)n2n1C(F)(F)C(F)=C(F)C2(F)F,1,1 7 2 3 10 1,2,26.05499102119981,4.681801797259032,20.622819310788145,15.854621738321445,10.70798972054359,26.562611458865035,0.0027923548803089,0.0070026271780267,0.0011516935421166,0.0070026271780267,-43.76820914000402,0.0282332998587055,0.0093162637856478,0.0016845053217565,-29.46739815409049,-36.835826332177234,-32.7416698097611,25.764968224223946,23.43546526777824
2620,FC(F)=C(F)C(F)=C(F)F,16517,O=C1N=Nc2ccccc21,17709,[H]c1c([H])c([H])c2c(c1[H])c(=O)n1n2C(F)(F)C(F)=C(F)C1(F)F,1,1 7 2 3 10 1,2,25.84463002210488,2.444096601195872,20.28283502262226,15.988438737198967,10.301835289391803,26.29027402659077,0.0078062536512893,0.0083106160492503,0.0010141436322508,0.0083106160492503,-39.96272817648652,0.079292281473394,0.0104896471678708,0.0019399201448035,-34.84784060791979,-36.16603302459167,-36.72169863440133,23.44624370824904,22.45154790618956
3011,FC(F)=C(F)C(F)=C(F)F,16517,O=NC(F)(F)F,17917,FC1=C(F)C(F)(F)N(C(F)(F)F)OC1(F)F,1,1 7 0 1 10 1,0,23.99754378033625,5.09456643213429,19.4410321598986,16.10960438870878,9.9958771658958,26.10548155460458,0.0001313117032805,3.829071704547053e-06,9.219236437405598e-05,3.829071704547053e-06,-38.51551911543649,0.0006535158541395,4.582362199396566e-05,3.947515990077408e-05,-35.75615959791786,-38.33543573674605,-37.57129822460068,23.74154859804688,21.823265773164568
4753,FC(F)=C(F)C(F)=C(F)F,16517,C1=NCC2=CC=NC2=N1,13799,[H]C1=NC([H])([H])C23C(=N1)N=C([H])C2([H])C(F)(F)C(F)=C(F)C3(F)F,1,1 7 3 4 10 1,0,24.45664550632062,7.654500928040452,20.020332084019014,15.371751087543036,10.778096989040424,26.14984807658346,0.0160932625873048,0.0039637264590636,0.0062281395913491,0.0039637264590636,-35.34313381911312,0.0123899492612623,0.0176641747777,0.0267832096131906,-33.31975224549846,-35.90437778563503,-33.76134577533987,27.078824944067403,23.52562659153171
2842,N#CCC1=CC=CO[C@@H]1O,16618,N[C@H]1N=CN=C2N=NC=C21,17093,[H]O[C@@]1([H])OC2([H])C([H])=C([H])C1(C([H])([H])C#N)C13C(=NC([H])=N[C@]1([H])N([H])[H])N=NC23[H],0,3 6 9 8 17 0,3,21.534612414877927,12.335009288299338,25.369241423210184,16.442251943533424,8.313764016135014,24.75601595966844,0.0176493725282923,0.0100623378099314,0.002375057173203,0.0100623378099314,-13.786585371547758,0.0308228539172918,0.0254902769112984,0.033936582032019,-11.641758045443764,-10.695236398238556,-9.05129585721538,23.60605178425882,22.788071886006584
4440,N#CCC1=CC=CO[C@@H]1O,16618,O=C1C=C(C(F)(F)F)N=N1,17526,[H]O[C@@]1([H])OC2([H])C([H])=C([H])C1(C([H])([H])C#N)C1([H])C(=O)N=NC21C(F)(F)F,0,3 6 2 3 17 0,1,20.10673768390528,12.533319120321412,25.218094644049067,15.852108614386646,4.962173034201353,20.814281648588,0.0014795869442251,0.005699100472315,0.0005859149220266,0.005699100472315,-24.28584785577024,0.0018632811660794,0.0242209609463113,0.001036170311724,-22.99841043775881,-21.654991485709743,-13.906535070323647,22.44576366672981,21.156328251130432
4484,N#CCC1=CC=CO[C@@H]1O,16618,O=C1C=CC(=O)N1C1CC1,17534,[H]O[C@@]1([H])OC2([H])C([H])=C([H])C1(C([H])([H])C#N)C1([H])C(=O)N(C3([H])C([H])([H])C3([H])[H])C(=O)C21[H],0,3 6 2 3 17 0,1,21.34637307366048,10.190666834829203,22.557484331552345,15.409006069329076,8.366370797470612,23.77537686679969,0.0011875368175967,0.0031150114871007,0.0058746333664675,0.0031150114871007,-14.571817477971756,0.0058726201985737,0.0196152379233265,0.0387102126238343,-14.351473503699316,-12.505117287078257,-9.647798180762564,25.1312573659074,23.747687921509044
4486,N#CCC1=CC=CO[C@@H]1O,16618,O=C1C=CC(=O)N1CO,17535,[H]OC([H])([H])N1C(=O)C2([H])C3([H])O[C@]([H])(O[H])C(C([H])([H])C#N)(C([H])=C3[H])C2([H])C1=O,0,3 6 2 3 17 0,1,21.13248097778716,9.340902676022832,22.909940049883545,15.549410702056008,7.421112856541072,22.97052355859708,0.0038203701922078,0.004219495142492,0.004161825562386,0.004219495142492,-15.544897091780484,0.0038855889017909,0.0232919243942669,0.0369312746132146,-14.471690728078464,-14.954824103486366,-12.167653685597024,24.20147233910856,23.413672654297848
5158,N#CCC1=CC=CO[C@@H]1O,16618,O=C1N=CC2=CC=NC2=N1,17702,[H]O[C@@]1([H])OC2([H])C([H])=C([H])C1(C([H])([H])C#N)C13C([H])=NC(=O)N=C1N=C([H])C23[H],1,3 6 4 5 17 1,0,22.99519213834703,12.579084892290382,28.769604402430232,15.700901287307612,5.157332218873268,20.85823350618088,0.0031201249150976,0.0085404345606813,0.0025998160999787,0.0085404345606813,-13.231106961714133,0.0159931826515118,0.0160844293006867,0.0166384517289066,-11.66765126374252,-12.283001005856905,-8.192944522831887,22.016569702211378,17.977548040287974
5220,N#CCC1=CC=CO[C@@H]1O,16618,O=C1N=Nc2ccccc21,17709,[H]O[C@@]1([H])OC2([H])C([H])=C([H])C1(C([H])([H])C#N)n1c(=O)c3c([H])c([H])c([H])c([H])c3n12,1,3 6 2 3 17 1,4,22.927555836557858,5.658249582642025,25.159885186126743,15.693311172371397,3.788550162911207,19.4818613352826,0.0127320741424916,0.0224099395093683,0.0003801107002503,0.0224099395093683,-14.370998313837111,0.0028552900296269,0.0173702261849133,0.0006471975153947,-7.711227899555396,-9.028279039248112,-5.31968726034707,19.96275110181457,20.63052918604923
6003,N#CCC1=CC=CO[C@@H]1O,16618,O=NC(F)(F)F,17917,[H]O[C@@]1([H])OC2([H])ON(C(F)(F)F)C1(C([H])([H])C#N)C([H])=C2[H],0,3 6 1 0 17 0,3,20.105995596573827,7.08978583595287,24.83425232693014,15.747159862470395,0.476639352349693,16.22379921482009,0.0003217021615425,8.257388997907475e-05,5.743762341434233e-05,8.257388997907475e-05,-9.615485233892455,4.905473645575616e-05,0.0001869414704862,0.0001245342319204,-7.336031316492132,-8.833826671850645,-7.31140325169984,18.243036470017543,17.050370756070944
5419,NC1(c2ccoc2)CC1,16880,O=CC#CC(F)(F)F,17787,[H]C(=O)C1=C(C(F)(F)F)C2([H])OC1([H])C([H])=C2C1(N([H])[H])C([H])([H])C1([H])[H],1,6 4 3 2 18 1,1,14.55827123676099,14.551251991213148,21.568462081353907,15.533134007803357,8.749603206737547,24.2827372145409,1.3017038185373724e-05,0.0132445534208653,0.0084900940957364,0.0132445534208653,-7.043283865557726,0.0039281393502316,0.016651292081519,0.0234102000314612,-6.961039961438075,-6.676971900913287,-8.05561093799627,23.276077960596112,22.88990718461444
6804,NC1(c2ccoc2)CC1,16880,OCC1=Cc2ccccc21,18025,[H]OC([H])([H])C12c3c([H])c([H])c([H])c([H])c3C1([H])C1([H])OC2([H])C([H])=C1C1(N([H])[H])C([H])([H])C1([H])[H],1,6 4 3 2 18 1,2,15.15857296143346,11.961829411788262,19.099674923629703,15.113028827332707,8.222695567634904,23.335724394967613,0.122006598563304,0.0172871291105602,0.0661194550633657,0.0172871291105602,-10.29321643619204,0.2213484159506757,0.0122972094987627,0.2622687927783051,-11.101977804448175,-12.79946495877838,-13.847066532805194,22.45020032047181,22.92034455188608
889,NC1=C(O)C(O)=C(CO)C1,16890,N#CC(F)(F)C(F)=C(F)F,16603,[H]OC1=C(O[H])C2(N([H])[H])C([H])([H])C1(C([H])([H])O[H])C(F)(F)C2(F)C(F)(F)C#N,0,1 6 5 7 19 0,1,13.468534393918748,20.4909915928284,27.78051927874941,16.18907634510611,6.179379028695664,22.368455373801773,0.0014027986079493,0.0027870988702978,0.0171861444805484,0.0027870988702978,-15.329029149697256,0.0277081751769851,0.0138718620197573,0.0418842742995277,-14.249549509018898,-17.71757170066043,-16.731622003746644,21.585278658226777,21.434682291800453
2056,NC1=C(O)C(O)=C(CO)C1,16890,NC(=O)C#CC(N)=O,16803,[H]OC1=C(O[H])C2(C([H])([H])O[H])C(C(=O)N([H])[H])=C(C(=O)N([H])[H])C1(N([H])[H])C2([H])[H],1,1 6 3 4 19 1,0,12.404914472886476,15.14098110919436,23.31513180378224,16.157719451991703,7.834084340622137,23.99180379261384,0.6135806075589815,0.0117177322668909,0.0578195513407911,0.0117177322668909,-19.63241049158805,0.417292443938809,0.015780083217032,0.0765778047722895,-20.78365107407928,-20.174322602494904,-20.356519405503114,19.831250336434948,23.526287480413103
2842,NC1=C(O)C(O)=C(CO)C1,16890,N[C@H]1N=CN=C2N=NC=C21,17093,[H]OC1=C(O[H])C2(C([H])([H])O[H])C([H])([H])C1(N([H])[H])C13C(=NC([H])=N[C@]1([H])N([H])[H])N=NC23[H],0,1 6 9 8 19 0,3,16.495762684239008,13.347926937879908,30.694259912287464,16.980536994357053,1.5716709244061242,18.552207918763177,0.0570266535444061,0.0129185008013302,0.0131820061936755,0.0129185008013302,-10.029667921940025,0.0282580221825864,0.0204159092386245,0.0399201335430072,-7.910597545724329,-8.050555373671074,-9.15059397647277,15.751231205050114,16.342256307641115
3784,NC1=C(O)C(O)=C(CO)C1,16890,Nc1nc2occ(O)c2o1,17301,[H]OC1=C([H])OC23N=C(N([H])[H])OC12C1(N([H])[H])C(O[H])=C(O[H])C3(C([H])([H])O[H])C1([H])[H],0,1 6 8 3 19 0,9,15.840880149767026,12.37082236492311,22.335606625585445,16.435551207466407,4.774041048720527,21.209592256186934,0.0492682152619738,0.0149749235686259,0.0729757296148474,0.0149749235686259,-14.137308324730457,0.0283930391094648,0.0209978949299024,0.0246758541415834,-13.316345799979636,-12.022792154837262,-11.518395037017925,21.7142353543969,23.63872585128309
4406,NC1=C(O)C(O)=C(CO)C1,16890,O=C1C(F)=C(F)C1(F)F,17521,[H]OC1=C(O[H])C2(C([H])([H])O[H])C([H])([H])C1(N([H])[H])C1(F)C(F)(F)C(=O)C12F,0,1 6 4 2 19 0,3,16.805709638868645,19.83424960744036,28.33670481391285,16.50326592718721,8.432643989322855,24.935909916510067,0.0128184816567705,0.008000206284205,0.0096403932410192,0.008000206284205,-5.539543533087901,0.0998508826238285,0.0107328640701099,0.0220798979966238,-5.357920968608873,-6.585784175836057,-5.703933945612402,23.026598273059463,23.032509868749564
4441,NC1=C(O)C(O)=C(CO)C1,16890,O=C1C=C(C(F)(F)F)N=N1,17526,[H]OC1=C(O[H])C2(C([H])([H])O[H])C([H])([H])C1(N([H])[H])C1(C(F)(F)F)N=NC(=O)C12[H],1,1 6 3 2 19 1,2,14.45446854985214,13.103717508898956,31.02605694908672,16.71487637705212,-0.6129707380890466,16.101905638963075,4.7898088360799886e-05,0.0046542086055591,0.0051177503048055,0.0046542086055591,-19.099372669547613,0.0064549537430146,0.0229716447214087,0.0076158596826935,-17.702475961336937,-17.817916944257746,-14.220436105130318,13.804608226018036,13.742383646164608
4484,NC1=C(O)C(O)=C(CO)C1,16890,O=C1C=CC(=O)N1C1CC1,17534,[H]OC1=C(O[H])C2(C([H])([H])O[H])C([H])([H])C1(N([H])[H])C1([H])C(=O)N(C3([H])C([H])([H])C3([H])[H])C(=O)C12[H],0,1 6 2 3 19 0,1,17.018805483580838,11.47673281082334,27.88356806821954,16.363265329570897,3.3288483596974103,19.692113689268307,0.0088695474736029,0.0057973143107067,0.0138303942674019,0.0057973143107067,-7.386257100457399,0.1007620842139552,0.0095904342111147,0.052591871362457,-9.007646880674828,-7.825657954936489,-7.721357309309223,18.988541113378275,18.486027817207525
4486,NC1=C(O)C(O)=C(CO)C1,16890,O=C1C=CC(=O)N1CO,17535,[H]OC1=C(O[H])C2(C([H])([H])O[H])C([H])([H])C1(N([H])[H])C1([H])C(=O)N(C([H])([H])O[H])C(=O)C12[H],0,1 6 2 3 19 0,1,16.479855670408636,10.504273864141124,28.557326459882223,16.588703684378512,1.1630099239129947,17.751713608291507,0.021005280837277,0.005532499536505,0.0106999597186399,0.005532499536505,-8.86789175595753,0.0763989186339187,0.0083110551050027,0.0506899267468583,-10.3968748661172,-10.831130345133062,-11.065836564242892,17.46273269376914,16.931441369421023
4612,NC1=C(O)C(O)=C(CO)C1,16890,O=C1CC2=C(CC=C2)O1,17558,[H]OC1=C(O[H])C2(C([H])([H])O[H])C([H])([H])C1(N([H])[H])C13C([H])=C([H])C([H])([H])C21OC(=O)C3([H])[H],0,1 6 3 4 19 0,1,15.197211880579877,12.62266782415691,22.19554672355429,16.90296537620964,4.510653510522822,21.41361888673246,0.2726499081420214,0.0206582599855723,0.0607811303714024,0.0206582599855723,-11.690505769155251,0.1413516571378542,0.0114533913914636,0.0484017428987385,-12.025372895701636,-13.458098215663496,-12.632147138195762,21.77981102001489,23.56937523525284
5144,NC1=C(O)C(O)=C(CO)C1,16890,O=C1N=CC(F)=C[C@H]1F,17700,[H]OC1=C(O[H])C2(C([H])([H])O[H])C([H])([H])C1(N([H])[H])C1([H])C2(F)C([H])=NC(=O)[C@]1([H])F,0,1 6 6 4 19 0,3,17.269220552562338,16.937965180594073,31.45998519547616,16.799645082633724,6.098079817326575,22.8977248999603,0.1894011439023148,0.0193490631943614,0.0416122277145493,0.0193490631943614,-6.007591214069727,0.367345991385008,0.0233724279063977,0.0778925931983671,-8.572758536020359,-6.27229275161956,-7.373643127517351,19.878776823577187,18.89521364988553
5158,NC1=C(O)C(O)=C(CO)C1,16890,O=C1N=CC2=CC=NC2=N1,17702,[H]OC1=C(O[H])C2(C([H])([H])O[H])C([H])([H])C1(N([H])[H])C13C([H])=NC(=O)N=C1N=C([H])C32[H],1,1 6 4 5 19 1,0,17.934671664190144,13.315596710171018,33.71541753232492,16.457405064081836,-1.1148676985077517,15.342537365574085,0.0262931939680796,0.0120093917720664,0.0093757687033948,0.0120093917720664,-9.179340243876204,0.0520076174650414,0.0200250771678883,0.01096956378542,-8.339282983016439,-8.97638061174628,-8.918948918238335,13.450433053128169,10.817924849077972
5235,NC1=C(O)C(O)=C(CO)C1,16890,O=C1NC(=O)C2=C1CCC2,17711,[H]OC1=C(O[H])C2(C([H])([H])O[H])C([H])([H])C1(N([H])[H])C13C(=O)N([H])C(=O)C21C([H])([H])C([H])([H])C3([H])[H],0,1 6 5 6 19 0,1,16.849195815741,13.450946845946875,29.18928584787621,17.38479068254825,1.217763699668609,18.60255438221686,0.0283730743005402,0.0012095526231755,0.030945267640426,0.0012095526231755,-11.130186102061806,0.0632503940505911,0.0037099139272401,0.0302670761022495,-10.516926689193276,-9.50345622481617,-7.765641060042896,18.65681365705124,19.56444360625412
5419,NC1=C(O)C(O)=C(CO)C1,16890,O=CC#CC(F)(F)F,17787,[H]OC1=C(O[H])C2(C([H])([H])O[H])C(C([H])=O)=C(C(F)(F)F)C1(N([H])[H])C2([H])[H],1,1 6 3 2 19 1,1,9.734894834069678,15.087758896268996,25.53427635394801,16.268389228431253,3.469209414083064,19.73759864251432,3.13062753481081e-05,0.0084145229101028,0.0117244824121589,0.0084145229101028,-19.75867833476512,0.003200524100079,0.011443062209542,0.0734210621855248,-19.6149938791574,-21.470995369575206,-23.774349779153795,17.81428536459449,19.700635161699708
5589,NC1=C(O)C(O)=C(CO)C1,16890,O=CNC(=O)/C=C\C(=O)O,17824,[H]OC(=O)C1([H])C2(C([H])([H])O[H])C(O[H])=C(O[H])C(N([H])[H])(C2([H])[H])C1([H])C(=O)N([H])C([H])=O,0,1 6 5 6 19 0,1,18.514320917775965,15.413426043375171,28.99621155639125,16.776399364748055,6.731138337861694,23.50753770260975,0.0258739425112883,0.008997812450392,0.0294210091707882,0.008997812450392,-4.325709817374694,0.0285308665722215,0.010244579221722,0.034041902438765,-5.837984127162905,-6.649284957314091,-5.504779823267192,20.976832422642783,22.33569849971227
6780,NC1=C(O)C(O)=C(CO)C1,16890,OC1=C(O)c2ccccc21,18015,[H]OC1=C(O[H])C2(C([H])([H])O[H])C([H])([H])C1(N([H])[H])C1(O[H])c3c([H])c([H])c([H])c([H])c3C12O[H],1,1 6 1 2 19 1,0,13.614117438817273,13.478186230256515,22.3916765714992,16.478371663588902,3.175554731016764,19.653926394605666,0.0483936325131125,0.0066042725461976,0.0487179755601776,0.0066042725461976,-27.232817592533863,0.1188162312769031,0.0339175658416277,0.0262455209849941,-29.14397048304589,-27.486932239668626,-24.61188858223225,17.176344679805517,18.807316643844057
6802,NC1=C(O)C(O)=C(CO)C1,16890,OCC1=Cc2ccccc21,18025,[H]OC1=C(O[H])C2(C([H])([H])O[H])C([H])([H])C1(N([H])[H])C1(C([H])([H])O[H])c3c([H])c([H])c([H])c([H])c3C21[H],1,1 6 2 3 19 1,0,12.610455171645636,10.830417263442222,23.147863985015224,16.108439541746733,1.6187189271101623,17.727158468856896,0.0613589371599379,0.0286618159371752,0.1750809524451903,0.0286618159371752,-21.490319327288127,0.2984029309563683,0.0580181702151756,0.2394998960006632,-20.324428945201824,-25.17498549348276,-25.53788728333837,15.77952720920096,17.260782699886512
7000,NC1=C(O)C(O)=C(CO)C1,16890,O[C@@H]1CC/C=C/CCC1,18100,[H]OC1=C(O[H])C2(C([H])([H])O[H])C([H])([H])C1(N([H])[H])C1([H])C([H])([H])C([H])([H])C([H])([H])[C@]([H])(O[H])C([H])([H])C([H])([H])C21[H],1,1 6 5 6 19 1,2,14.174450234724986,1.4537106478291744,15.672574119579492,15.503081587433812,-0.0930346405225996,15.410046946911212,0.440833010022558,0.1158317752886713,0.163161151458181,0.1158317752886713,-13.607946457603164,0.8184850082937192,0.0711975118840298,0.0445565789120119,-14.457923420091028,-17.736814487059142,-16.344840452841815,15.296470741143269,15.783262981352514
8486,NC1=C(O)C(O)=C(CO)C1,16890,FC1(F)C=CC1(F)F,13004,[H]OC1=C(O[H])C2(C([H])([H])O[H])C([H])([H])C1(N([H])[H])C1([H])C(F)(F)C(F)(F)C12[H],0,1 6 3 4 19 0,1,15.71622103799758,14.38825530647802,23.666925175796653,16.305787028229684,7.80418308269709,24.10997011092677,0.0046015345136016,0.0005303538602878,0.0031719139512681,0.0005303538602878,-10.364397337726572,0.0553863591710537,0.0010678697306848,0.0172144671927335,-11.76522088109582,-10.58516957277662,-10.3127724828011,22.646669894043097,23.36560919847961
9224,NC1=C(O)C(O)=C(CO)C1,16890,C1=CC2=C(C1)[C@@H]1C=C[C@H]2C1,13755,[H]OC1=C(O[H])C2(C([H])([H])O[H])C([H])([H])C1(N([H])[H])C13C([H])=C([H])C([H])([H])C21[C@]1([H])C([H])=C([H])[C@@]3([H])C1([H])[H],1,1 6 2 3 19 1,4,15.653014694970569,11.470466395550147,20.44353892772097,17.077553402347185,4.785468868961928,21.86302227130912,0.0089634486573268,0.0045360291480314,0.011841926317858,0.0045360291480314,-13.693489837454798,0.0978491244965675,0.003075305882156,0.0010921168883806,-12.398423268054408,-16.371180441660876,-14.776306423362172,21.459673353043627,22.88152635066337
9762,NC1=C(O)C(O)=C(CO)C1,16890,C=C1C(=O)[C@@H]2CCCO[C@H]12,13910,[H]OC1=C(O[H])C2(N([H])[H])C([H])([H])C1(C([H])([H])O[H])C([H])([H])C21C(=O)[C@]2([H])C([H])([H])C([H])([H])C([H])([H])O[C@]12[H],0,1 6 1 0 19 0,3,16.327436397147117,13.680755996063157,23.630041628077244,16.19650212107902,8.353827937830133,24.55033005890916,0.073985901361403,0.0126788587375874,0.1413288103895099,0.0126788587375874,-6.300224967140906,0.1829999451771219,0.0130914945156739,0.2247365592688495,-6.527085383692636,-5.776006730361303,-7.144074584591298,23.90907981721127,23.70450525033484
9939,NC1=C(O)C(O)=C(CO)C1,16890,C=CC(=O)NC(=N)NC#N,13956,[H]N=C(N([H])C#N)N([H])C(=O)C1([H])C2(N([H])[H])C(O[H])=C(O[H])C(C([H])([H])O[H])(C2([H])[H])C1([H])[H],1,1 6 1 0 19 1,2,18.59663807441888,12.18613191385668,28.018969410134027,16.727539828677482,3.515150185403801,20.242690014081283,2.005386363111304e-05,0.010485562636011,0.0151361676431653,0.010485562636011,-5.631418459410327,0.0101445236251697,0.0029561577388251,0.0503074733007259,-8.155430548275731,-7.506609627357367,-6.123612659248106,20.13788315595378,21.80926417547636
9974,NC1=C(O)C(O)=C(CO)C1,16890,C=CC(F)(F)C(=O)C(=O)O,13974,[H]OC(=O)C(=O)C(F)(F)C1([H])C2(C([H])([H])O[H])C(O[H])=C(O[H])C(N([H])[H])(C2([H])[H])C1([H])[H],0,1 6 0 1 19 0,1,17.238136723017842,13.790285453836706,26.72475410311532,16.929858856279854,6.410295546177899,23.34015440245776,0.058402946716752,0.0075062691073878,0.0082550999279391,0.0075062691073878,-4.281347609437766,0.0257446843513924,0.0079902293705683,0.0305263621398578,-4.916335181860475,-7.030362566174379,-6.1521699804665,21.369515803109948,23.66156172564505
10044,NC1=C(O)C(O)=C(CO)C1,16890,C=CC1=NC(C)(C)C(=O)O1,13986,[H]OC1=C(O[H])C2(C([H])([H])O[H])C([H])([H])C1(N([H])[H])C([H])([H])C2([H])C1=NC(C([H])([H])[H])(C([H])([H])[H])C(=O)O1,0,1 6 0 1 19 0,1,17.817637013875064,13.39266360885818,25.81797097525569,16.738392612358446,8.631853960378049,25.37024657273649,0.2327582811032108,0.009162426357437,0.0688649748057906,0.009162426357437,-1.799253408755099,0.2060149239208107,0.0369287843421795,0.114301260972096,-3.181710865670219,-4.797485552546121,-5.727123440938179,22.927360411155217,22.91417753818152
2842,NC1=C2NC=CN2CC=C1,16891,N[C@H]1N=CN=C2N=NC=C21,17093,[H]C1=N[C@]([H])(N([H])[H])C23C(=N1)N=NC2([H])C12C(N([H])[H])=C([H])C3([H])C([H])([H])N1C([H])=C([H])N2[H],0,8 2 9 8 19 0,3,20.059378403968022,15.781111593729724,30.108573604023736,16.89631417203666,7.23816973916427,24.13448391120093,0.0195568337905191,0.0027905335481545,0.0034877934816037,0.0027905335481545,-9.315741096453252,0.0131972490444101,0.0021816857304617,0.0056420933986751,-8.321970515027743,-6.39262649351183,-7.289163895641355,23.610047369944624,23.29723100069081
4442,NC1=C2NC=CN2CC=C1,16891,O=C1C=C(C(F)(F)F)N=N1,17526,[H]C1=C([H])N2C([H])([H])C3([H])C([H])=C(N([H])[H])C2(N1[H])C1([H])C(=O)N=NC31C(F)(F)F,0,8 2 3 2 19 0,3,17.63889530626222,15.66781154744878,29.9900919549186,16.60201172357936,4.229172488828386,20.831184212407745,1.6803599587443356e-05,0.0008490021749877,0.0018228131392169,0.0008490021749877,-19.523150675268266,0.0014842267365064,0.0009218422451963,0.0018555128194275,-19.437994710734067,-16.607601979663343,-12.320128145505612,21.264500815845675,20.24298797285004
4486,NC1=C2NC=CN2CC=C1,16891,O=C1C=CC(=O)N1CO,17535,[H]OC([H])([H])N1C(=O)C2([H])C34C(N([H])[H])=C([H])C([H])(C([H])([H])N3C([H])=C([H])N4[H])C2([H])C1=O,0,8 2 2 3 19 0,1,19.956101646720253,12.353150864084332,26.84998459781169,16.458500674206533,6.186969629564061,22.6454703037706,0.0071665025879029,0.0005894574855785,0.0024300451164144,0.0005894574855785,-8.547067347945102,0.0122586951796587,0.0006624652455114,0.0137708922373333,-8.592505887906334,-10.131816812676036,-9.031498586160474,23.95944844613532,23.46293151133424
5158,NC1=C2NC=CN2CC=C1,16891,O=C1N=CC2=CC=NC2=N1,17702,[H]C1=NC2=NC(=O)N=C([H])C23C2([H])C([H])=C(N([H])[H])C4(N([H])C([H])=C([H])N4C2([H])[H])C13[H],1,8 2 4 5 19 1,0,21.228509137551352,15.622814038945211,32.96036057180191,16.316394126778608,6.529393633746555,22.84578776052516,0.0078293155583483,0.0043128494993289,0.0027185292513322,0.0043128494993289,-8.9088606041297,0.0121225714203966,0.0021712182317157,0.0029490518827489,-8.19549868768916,-7.638479159813318,-7.292493858355506,20.8781913588176,18.51643540771593
6003,NC1=C2NC=CN2CC=C1,16891,O=NC(F)(F)F,17917,[H]C1=C([H])N2C3(ON(C(F)(F)F)C([H])(C([H])=C3N([H])[H])C2([H])[H])N1[H],0,8 2 1 0 19 0,3,18.539692202808,10.27054671636738,30.96561893497121,16.33767273059714,-1.5503132434028757,14.787359487194266,0.0001105255671802,1.0429083379070502e-05,0.000110445659096,1.0429083379070502e-05,-9.54721949030553,0.0001411753799235,4.839058657333947e-05,3.0770512244414914e-05,-10.77541670863171,-7.582219091058189,-7.616632414729906,16.20335376617065,14.734626034707254
4441,NC1=NN[C@@H]2C=CC=CN12,16899,O=C1C=C(C(F)(F)F)N=N1,17526,[H]C1=C([H])C2([H])C3(C(F)(F)F)N=NC(=O)C3([H])C1([H])N1C(N([H])[H])=NN([H])[C@@]12[H],1,5 8 3 2 18 1,2,20.198955273522444,12.756339753946833,24.796027910463657,16.101038661941768,8.383582847227654,24.484621509169425,2.6458928772874333e-05,0.0122827005920497,0.003663782658036,0.0122827005920497,-20.31215989812457,0.0006382161940325,0.0433885400091648,0.0042874850268128,-20.635671855518225,-19.00017148157408,-13.861055659826263,23.36121809989688,22.28950955362136
5158,NC1=NN[C@@H]2C=CC=CN12,16899,O=C1N=CC2=CC=NC2=N1,17702,[H]C1=NC2=NC(=O)N=C([H])C23C1([H])C1([H])C([H])=C([H])C3([H])[C@@]2([H])N([H])N=C(N([H])[H])N12,1,5 8 4 5 18 1,0,23.09832870887184,12.877222740803834,27.589426041298395,15.43502645017974,8.933023966783075,24.368050416962816,0.0026661273685304,0.0215447747724373,0.0109160592605467,0.0215447747724373,-7.501912320162404,0.0069272915435065,0.0344817079625849,0.0195429952204922,-8.430974311783508,-9.588713465491288,-8.665727518702681,22.33553001140397,19.257378192880243
6003,NC1=NN[C@@H]2C=CC=CN12,16899,O=NC(F)(F)F,17917,[H]C1=C([H])C2([H])N(C(F)(F)F)OC1([H])N1C(N([H])[H])=NN([H])[C@@]12[H],0,5 8 1 0 18 0,3,21.342259754971767,8.827431161431939,26.59213076130064,15.739883102083027,2.328594559012565,18.068477661095592,8.701761218453246e-05,1.241495893008074e-05,4.608485125015944e-05,1.241495893008074e-05,-7.162417012808554,0.0001123409048015,0.000334602977794,3.271405777637988e-05,-8.071657545462784,-7.199860147044905,-5.75091078372207,19.253596764217463,17.414902037203195
421,NC1=NON/C1=C(\N)N=O,16901,F/C(=C\C(F)F)C(F)(F)F,16500,[H]N([H])C1=NON([H])C12C(N([H])[H])=NOC(F)(C(F)(F)F)C2([H])C([H])(F)F,0,5 9 2 1 15 0,3,9.732157867633193,16.129582899212785,19.161365082193544,16.353218524971897,7.505617651560936,23.85883617653284,0.0161470711125744,0.0015824814474019,0.0043797687370217,0.0015824814474019,-20.414456592873123,0.0223454402328113,0.0181576468085083,0.0015443130920512,-21.17071294781291,-20.377027290616645,-19.682732109493287,23.529434791880103,23.29337248728574
423,NC1=NON/C1=C(\N)N=O,16901,FC(F)(F)/C=C/C(F)(F)F,16501,[H]N([H])C1=NON([H])C12C(N([H])[H])=NOC([H])(C(F)(F)F)C2([H])C(F)(F)F,1,5 9 5 4 15 1,1,12.488376650002367,15.262849751046817,20.38130284907204,16.072237047348462,8.666616147203115,24.738853194551577,8.79222490988642e-07,0.0003709288413935,5.0038160271674415e-05,0.0003709288413935,-14.515397472006931,0.0003512305834907,0.0003423519428035,9.647483788770156e-05,-14.01510085295191,-15.288821989677617,-13.3249195206281,24.05343967460987,23.858102280474057
864,NC1=NON/C1=C(\N)N=O,16901,N#CC#CC1=CCCCC1,16598,[H]N([H])C1=NON([H])C12C(N([H])[H])=NOC1(C#CC#N)C([H])([H])C([H])([H])C([H])([H])C([H])([H])C12[H],1,5 9 5 4 15 1,4,14.542667730107866,15.879064210737257,20.71734091106153,16.54450248146984,11.247938003864228,27.79244048533407,0.0108956373531447,0.0139448225596546,0.002346187547506,0.0139448225596546,-5.81751408729437,0.1070952600670842,0.040549612184601,0.0246747453242528,-5.026383677579212,-7.691726761452802,-9.027402095058823,25.08228886455609,23.86527351550348
889,NC1=NON/C1=C(\N)N=O,16901,N#CC(F)(F)C(F)=C(F)F,16603,[H]N([H])C1=NON([H])C12C(N([H])[H])=NOC(F)(F)C2(F)C(F)(F)C#N,0,5 9 5 7 15 0,1,7.727797496932254,16.8778917566659,18.135655314229407,15.742755011982714,4.988027534607124,20.73078254658984,0.0001302809082761,0.0008606495168352,0.0014548570163622,0.0008606495168352,-27.834862010307504,0.005002361124621,0.0106201620030144,0.0056387557480202,-23.803626283961343,-28.16026462742733,-27.326555388213407,22.444579906712065,21.94556852359528
1007,NC1=NON/C1=C(\N)N=O,16901,N#CCC(=O)c1ccoc1,16617,[H]C1=C(C(=O)C([H])([H])C#N)C2([H])C([H])(ON=C(N([H])[H])C23C(N([H])[H])=NON3[H])O1,0,5 9 6 7 15 0,9,14.455452484768616,11.42778181782528,16.230605440748434,15.867429604320378,11.05424514684876,26.92167475116914,0.0070134863304077,0.0036029342929665,0.0049042434930762,0.0036029342929665,-6.2450770050943945,0.0394470157017821,0.0157182286498075,0.0144268687135793,-6.348165026286594,-4.452466444918926,-8.597750789294764,24.0093292470242,23.40679166922685
1587,NC1=NON/C1=C(\N)N=O,16901,N#Cc1cnoc1C#N,16711,[H]c1noc(C2=NC3(C(N([H])[H])=NON3[H])C(N([H])[H])=NO2)c1C#N,0,5 9 8 7 15 0,11,11.98108016526649,12.97362495179289,17.478242037293278,15.249639045118764,9.64690636309714,24.896545408215907,0.0011331498275016,0.0027539792424307,0.0012487829497541,0.0027539792424307,-14.859837357143531,0.0032999249018734,0.0106245811278711,0.0050541580373545,-11.300896821612142,-12.641771818874666,-14.61061999663388,21.98308311490048,23.34192412254875
1692,NC1=NON/C1=C(\N)N=O,16901,N#Cc1nonc1C#N,16728,[H]N([H])C1=NON([H])C12N=C(c1nonc1C#N)ON=C2N([H])[H],1,5 9 0 1 15 1,0,11.188756787012826,12.949787080561618,17.11422104939812,15.016911143460751,8.382085801065323,23.398996944526075,0.0021302152091275,0.0006024843714389,0.0016314063009698,0.0006024843714389,-14.293579410848244,0.0041752468377135,0.0032930160364242,0.0065968247512805,-13.502604137681772,-14.08601845459544,-15.72516082563802,21.69349905794781,22.742260886354032
2042,NC1=NON/C1=C(\N)N=O,16901,NC#CC(=O)C(F)(F)F,16794,[H]N([H])C1=NON([H])C12C(N([H])[H])=C(C(=O)C(F)(F)F)ON=C2N([H])[H],1,5 9 1 2 15 1,0,6.174391090175426,12.89887886255759,15.770722756036545,16.437378799844872,4.181726286425931,20.619105086270803,0.0013992409703341,0.0009481107076601,0.0003487770134528,0.0009481107076601,-43.39786094061833,0.0037330780379933,0.0062259564225022,0.0043407919067412,-39.68077805607702,-42.35039242355681,-41.449601961734416,20.86056875790475,23.69728042505192
2056,NC1=NON/C1=C(\N)N=O,16901,NC(=O)C#CC(N)=O,16803,[H]N([H])C(=O)C1=C(C(=O)N([H])[H])C2(C(N([H])[H])=NON2[H])C(N([H])[H])=NO1,1,5 9 3 4 15 1,0,5.936367710145266,12.77018825179162,13.588535190256655,15.836827137258524,4.830820299398317,20.667647436656843,0.1147163486532295,0.0091361292557762,0.0020197799292302,0.0091361292557762,-41.71605379701211,0.0591183682775132,0.0180781373348927,0.0175078888333923,-41.26891289238044,-39.56537688002577,-37.70423077081387,20.528040823780152,23.272011373703336
2839,NC1=NON/C1=C(\N)N=O,16901,N[C@H]1N=CN=C2N=NC=C21,17093,[H]C1=N[C@]([H])(N([H])[H])C23ON=C(N([H])[H])C4(C(N([H])[H])=NON4[H])C2([H])N=NC3=N1,1,5 9 8 9 15 1,0,10.694992569494808,9.502161669400111,18.847439990131274,15.9104656211977,4.58093995296645,20.491405574164148,0.0235287850859902,0.0192940682060493,0.0065422179769215,0.0192940682060493,-17.947679608027833,0.0424467056308829,0.0706199503389165,0.0154289406452889,-17.034542343967686,-18.198136803368406,-20.09702283983637,16.788453623918468,16.824612450582205
4263,NC1=NON/C1=C(\N)N=O,16901,O=C(NO)c1cc(=O)[nH]o1,17420,[H]ON([H])C(=O)C12ON=C(N([H])[H])C3(C(N([H])[H])=NON3[H])C1([H])C(=O)N([H])O2,1,5 9 5 4 15 1,6,14.39446407870814,13.69821058475824,20.160663338505067,16.079576191088453,13.955022344394637,30.034598535483088,0.0012530696565233,0.0039578935553809,0.0007961830977154,0.0039578935553809,-4.106232203038836,0.0044664337268896,0.0354356949139941,0.0114733953040949,-3.337146196643751,-4.171185113982009,-9.473632681745856,23.242104004362204,22.25201147291936
4278,NC1=NON/C1=C(\N)N=O,16901,O=C(O)/C=C/c1cocn1,17427,[H]OC(=O)C1([H])C2(C(N([H])[H])=NON2[H])C(N([H])[H])=NOC1([H])c1nc([H])oc1[H],0,5 9 3 4 15 0,1,14.266292024553549,12.70569892626954,19.455051731783623,16.123488856448073,7.467862598120604,23.59135145456868,0.0067211216690923,0.0185552675996552,0.0100172332971344,0.0185552675996552,-13.50809331412202,0.0151534351439407,0.1091890809685095,0.0442089633315381,-12.306046270166348,-12.981187777214627,-11.380671498984526,23.078903454822708,22.02224043900684
4282,NC1=NON/C1=C(\N)N=O,16901,O=C(O)/C=C1\CCC(=O)O1,17431,[H]OC(=O)C1([H])C2(C(N([H])[H])=NON2[H])C(N([H])[H])=NOC12OC(=O)C([H])([H])C2([H])[H],0,5 9 3 4 15 0,1,14.129674380670291,16.521626386117674,22.35849655234016,16.83058628351773,8.791649029769086,25.62223531328681,0.0031929155744328,0.0248022302536526,0.014915693272672,0.0248022302536526,-12.776427716447508,0.0120852704095693,0.0499943196602393,0.0667933110672694,-10.805206051570543,-12.375691160011243,-11.363473387339852,24.13369847223393,23.23512812450135
4311,NC1=NON/C1=C(\N)N=O,16901,O=C(O)CC1=CCNC1=O,17453,[H]OC(=O)C([H])([H])C12ON=C(N([H])[H])C3(C(N([H])[H])=NON3[H])C1([H])C([H])([H])N([H])C2=O,1,5 9 5 4 15 1,2,13.5358033165248,15.186665000923654,21.99910919112396,16.852316261492803,4.358426317317075,21.21074257880988,0.0079308786290124,0.0050267482233086,0.0154675633552452,0.0050267482233086,-12.691742363942623,0.0539531753061464,0.0482560267130914,0.01921320780169,-13.778538383768378,-14.662467865097623,-13.4943148060835,22.533726802226923,22.692724415874046
4336,NC1=NON/C1=C(\N)N=O,16901,O=C(O)[C@@H]1C=CC=NC1=O,17480,[H]OC(=O)[C@@]1([H])C(=O)N=C([H])C2([H])ON=C(N([H])[H])C3(C(N([H])[H])=NON3[H])C21[H],0,5 9 4 5 15 0,1,13.850365568793432,12.49520384580712,21.578730413741955,16.268388810882296,5.024641296509763,21.29303010739206,0.0092617791230322,0.0062136052550166,0.0063342452547815,0.0062136052550166,-9.839567450218176,0.0935147127728963,0.0164201401001676,0.0200064738733709,-8.389205886405072,-12.64338478439732,-11.822353215477214,21.819213327581,21.36384523787018
4373,NC1=NON/C1=C(\N)N=O,16901,O=C(O)c1coc(F)n1,17512,[H]OC(=O)C12N=C(F)OC1([H])C1(C(N([H])[H])=NON1[H])C(N([H])[H])=NO2,1,5 9 4 3 15 1,6,12.587726352189506,13.568176365722904,16.598902731674887,15.915623467347665,12.833175494596496,28.74879896194416,0.0031687322396423,0.0046751135567032,0.0011815813634957,0.0046751135567032,-6.30179940092642,0.0111918859778592,0.0344119783792502,0.0183503301381264,-5.723580992113433,-6.465079438122249,-10.54986057222451,24.039332096839843,23.24031547722094
4406,NC1=NON/C1=C(\N)N=O,16901,O=C1C(F)=C(F)C1(F)F,17521,[H]N([H])C1=NON([H])C12C(N([H])[H])=NOC1(F)C(=O)C(F)(F)C12F,0,5 9 4 2 15 0,3,10.329027304690715,15.278637908796012,18.647862327388303,15.831316841953056,6.315254039260374,22.146570881213428,0.0014780529515315,0.0065972646714828,0.0010879678540993,0.0065972646714828,-16.81333452822033,0.0031310907174682,0.012587998790838,0.0026866382158399,-18.50734873560772,-18.171888455134702,-17.702777389098976,20.50448051073517,20.95151293655892
4418,NC1=NON/C1=C(\N)N=O,16901,O=C1C(O)=Nc2ncnn21,17523,[H]OC12ON=C(N([H])[H])C3(C(N([H])[H])=NON3[H])N1c1nc([H])nn1C2=O,0,5 9 4 2 15 0,7,13.128806931734749,11.803145998086846,22.29778410139195,15.905455427933816,4.587136213726616,20.492591641660432,1.1031804362372991e-05,0.000530632713696,0.0001054880551368,0.000530632713696,-13.316244767860615,0.00236668875302,0.025005013378797,0.0025154332065989,-12.751507721449194,-11.99587910536173,-13.816924157072492,18.813073709679,18.64160922376923
4440,NC1=NON/C1=C(\N)N=O,16901,O=C1C=C(C(F)(F)F)N=N1,17526,[H]N([H])C1=NON([H])C12C(N([H])[H])=NOC1(C(F)(F)F)N=NC(=O)C12[H],0,5 9 2 3 15 0,1,9.03683709565056,10.186097475474211,19.888015349070624,16.216570296385466,-0.0987079356230182,16.117862360762448,0.000347167650784,0.0008670422433997,0.0002403061892381,0.0008670422433997,-26.16896530277609,0.000900257652777,0.0117414001085011,0.0005632374737102,-21.18931652464433,-26.473043374493585,-22.70020189211504,17.04131093102605,16.701012538401297
4444,NC1=NON/C1=C(\N)N=O,16901,O=C1C=C(CO)CCO1,17527,[H]OC([H])([H])C12ON=C(N([H])[H])C3(C(N([H])[H])=NON3[H])C1([H])C(=O)OC([H])([H])C2([H])[H],0,5 9 2 3 15 0,1,14.334320843610056,15.344729868859137,22.627227924070365,16.83151027795587,5.449568883212844,22.28107916116872,0.0037937924941725,0.0185072771594039,0.0024983934189042,0.0185072771594039,-12.214538980228228,0.0245461267909423,0.0452142794641207,0.0366700173730413,-12.871381526886488,-13.85983132346825,-12.593734099344346,23.281491984070264,23.42813482691861
4448,NC1=NON/C1=C(\N)N=O,16901,O=C1C=C(O)C(=O)C=C1O,17528,[H]OC1=C([H])C(=O)C2(O[H])ON=C(N([H])[H])C3(C(N([H])[H])=NON3[H])C2([H])C1=O,0,5 9 2 3 15 0,1,15.51203551271188,14.128252856622773,23.152073542918835,15.984710494628471,6.961249160320946,22.94595965494942,0.0236559251449895,0.002415885522724,0.0006537250486513,0.002415885522724,-7.054009242709782,0.0068045061157312,0.0166889657122203,0.0034576811719939,-7.825725740139731,-9.725448160629,-9.421422820039474,23.34628421887665,22.09808336907632
4456,NC1=NON/C1=C(\N)N=O,16901,O=C1C=C(O)C(=O)[C@@H]2O[C@H]12,17529,[H]OC12ON=C(N([H])[H])C3(C(N([H])[H])=NON3[H])C1([H])C(=O)[C@@]1([H])O[C@@]1([H])C2=O,0,5 9 2 3 15 0,1,15.887056577398392,15.386807857900935,24.30827197994824,16.348446761645004,7.936604936232012,24.285051697877016,0.0195268003973794,0.0028788211254777,0.0087017121371216,0.0028788211254777,-5.207977888072186,0.0223241316034949,0.0157200829527514,0.0123358142027289,-5.793134486178637,-8.525057147238002,-8.87926160317096,23.8001322734732,23.654757351758548
4482,NC1=NON/C1=C(\N)N=O,16901,O=C1C=CC(=O)C(F)=C1,17533,[H]C1=C([H])C(=O)C2([H])C(F)(ON=C(N([H])[H])C23C(N([H])[H])=NON3[H])C1=O,0,5 9 8 6 15 0,7,11.584861449031916,12.07433947041455,19.228150440145743,15.712526240640946,6.711215490784067,22.42374173142501,0.0068622563831692,0.0132468637939073,0.005777089499217,0.0132468637939073,-13.189040532794962,0.0196249359382623,0.0336703674933411,0.048753445891971,-10.595854403526673,-14.248599297478576,-17.51576588829274,19.43072192337541,16.79089708268225
4484,NC1=NON/C1=C(\N)N=O,16901,O=C1C=CC(=O)N1C1CC1,17534,[H]N([H])C1=NON([H])C12C(N([H])[H])=NOC1([H])C(=O)N(C3([H])C([H])([H])C3([H])[H])C(=O)C12[H],0,5 9 2 3 15 0,1,11.117966043249798,8.732078665396346,18.5092624401004,15.716476173231136,2.318057943491965,18.0345341167231,0.0002636188777142,0.0007558825400514,0.001074911855275,0.0007558825400514,-17.11501519354865,0.0051877689025671,0.0120703914343634,0.0078864092404061,-16.55287785665157,-19.40943350484943,-20.27724832377467,17.562274194817643,16.72233170426319
4486,NC1=NON/C1=C(\N)N=O,16901,O=C1C=CC(=O)N1CO,17535,[H]OC([H])([H])N1C(=O)C2([H])ON=C(N([H])[H])C3(C(N([H])[H])=NON3[H])C2([H])C1=O,0,5 9 2 3 15 0,1,11.056964469290092,8.305784137787143,18.748739630658857,15.903021192520328,2.4827254823045664,18.38574667482489,0.0004554721649142,0.0006566889593469,0.000585277509749,0.0006566889593469,-16.99220741361833,0.0035395576217124,0.0094381461063654,0.0073111204794737,-16.125615351606612,-19.830974385030657,-20.83426450259504,17.372973465086357,16.9714339777036
4492,NC1=NON/C1=C(\N)N=O,16901,O=C1C=CC2(C=C1)CO2,17536,[H]C1=C([H])C2(OC2([H])[H])C2([H])C([H])(ON=C(N([H])[H])C23C(N([H])[H])=NON3[H])C1=O,0,5 9 5 6 15 0,5,15.02176203334866,12.079987881405142,18.774655877993126,16.180362600356816,6.505634018775623,22.68599661913244,0.0096806223744244,0.0082567110975993,0.0043102299153507,0.0082567110975993,-9.864251700473822,0.0753429885844901,0.0198982500124228,0.037573409204667,-7.340359140788536,-11.616318476309452,-9.209653786759397,23.37524732033853,23.001177776369307
4516,NC1=NON/C1=C(\N)N=O,16901,O=C1C=CC=CCC1=O,17539,[H]C1=C([H])C2([H])C([H])(ON=C(N([H])[H])C23C(N([H])[H])=NON3[H])C([H])([H])C(=O)C1=O,0,5 9 4 5 15 0,5,14.764626944492525,12.897527812175232,19.882424711434787,16.59937399620302,7.199312470048007,23.798686466251027,0.0212246334843092,0.0247630364315755,0.0202217617389555,0.0247630364315755,-13.25414519722422,0.068376679107957,0.0304358536295523,0.0327648977208802,-10.627079017112472,-10.88994618238467,-11.436112863014984,23.699957190303948,22.620276526525856
4550,NC1=NON/C1=C(\N)N=O,16901,O=C1C=CCCCC=C1,17543,[H]/C1=C(\[H])C([H])([H])C([H])([H])C([H])([H])C2([H])ON=C(N([H])[H])C3(C(N([H])[H])=NON3[H])C2([H])C1=O,0,5 9 8 7 15 0,7,14.446614475854986,11.764737510497865,18.33385028551323,16.133678701849945,7.485640913593414,23.61931961544336,0.0086316691941564,0.0076216705525767,0.0029395760229628,0.0076216705525767,-13.428854440561716,0.0766502889436343,0.015843260930356,0.0211992829642596,-12.633587866756535,-12.29434440715756,-10.340476357204883,23.208757940491857,23.266187791139743
4564,NC1=NON/C1=C(\N)N=O,16901,O=C1C=C[C@@H]2CO[C@H]1O2,17547,[H]N([H])C1=NON([H])C12C(N([H])[H])=NOC1([H])C2([H])C(=O)[C@@]2([H])OC([H])([H])[C@]1([H])O2,0,5 9 2 3 15 0,1,13.649991638935711,12.0084721567345,18.36189273649129,16.002509384512344,6.176693657191869,22.179203041704213,0.0115402692187631,0.0117452691932269,0.008831172551918,0.0117452691932269,-14.590475887921649,0.0598188564740331,0.0259522766952337,0.086235949711368,-13.185281872591313,-13.392789778389798,-13.045075637267878,22.349791880106185,21.593796022668407
4568,NC1=NON/C1=C(\N)N=O,16901,O=C1C=Cc2ccccc21,17549,[H]c1c([H])c([H])c2c(c1[H])C(=O)C1([H])C2([H])ON=C(N([H])[H])C12C(N([H])[H])=NON2[H],0,5 9 2 3 15 0,1,12.19859403116182,8.315353445428578,16.71102112941112,15.8515876712155,2.846692772040776,18.69828044325628,0.0055627890307421,0.0038042175657532,0.0085949965681721,0.0038042175657532,-17.546670320280562,0.0159891459021777,0.0666166770334538,0.0675602153847315,-15.391464366366463,-16.800534794902887,-15.98212478629236,18.380347813511747,16.889421199199415
4572,NC1=NON/C1=C(\N)N=O,16901,O=C1C=c2ccccc2=N1,17550,[H]C1=C([H])C([H])=C([H])C23ON=C(N([H])[H])C4(C(N([H])[H])=NON4[H])C2([H])C(=O)N=C13,0,5 9 2 3 15 0,1,12.904965316209177,11.89860103557194,20.34368288754281,15.878435150768528,7.191404197955389,23.06983934872392,0.0051695716820402,0.0085179455329231,0.0054068643009362,0.0085179455329231,-7.655018777441867,0.0114668202530408,0.0393684592206285,0.0121924362703295,-6.668781557118834,-8.079910679603188,-13.770776160613272,19.180816270796008,17.8937874493503
5050,NC1=NON/C1=C(\N)N=O,16901,O=C1C[C@H](O)C=C1CO,17672,[H]OC([H])([H])C12ON=C(N([H])[H])C3(C(N([H])[H])=NON3[H])C1([H])[C@@]([H])(O[H])C([H])([H])C2=O,0,5 9 5 6 15 0,1,12.947794166042875,11.89782999252923,20.10471656026036,16.639353802870193,4.794943977607851,21.434297780478044,0.0097049983916973,0.0176402616443217,0.0229793028525727,0.0176402616443217,-12.223271667808431,0.027215981185352,0.0387292286440976,0.0366802621244133,-11.53985396762466,-13.624018607191012,-14.17859655157308,20.733396165954485,21.325032402910686
5063,NC1=NON/C1=C(\N)N=O,16901,O=C1C[C@H]2CC=CC=C12,17676,[H]C1=C([H])C([H])([H])[C@]2([H])C([H])([H])C(=O)C23ON=C(N([H])[H])C2(C(N([H])[H])=NON2[H])C13[H],1,5 9 7 8 15 1,4,13.684947488412533,11.650036764752675,19.75950469301697,16.455409477660943,3.9255304217731712,20.380939899434114,0.0195670276851169,0.0130280699553456,0.0031269769786413,0.0130280699553456,-15.726790716990015,0.0494657053932302,0.0717352211605186,0.0178677397015523,-12.846362195867478,-14.00459207191672,-10.123313503017483,21.63721397581872,21.83735644241925
5144,NC1=NON/C1=C(\N)N=O,16901,O=C1N=CC(F)=C[C@H]1F,17700,[H]C1=NC(=O)[C@]([H])(F)C2([H])C1(F)ON=C(N([H])[H])C21C(N([H])[H])=NON1[H],0,5 9 6 4 15 0,3,11.54073530455668,13.79935231618579,19.939484808480955,16.127876451452902,6.601648334478767,22.72952478593167,0.0131605819107375,0.0172466946186963,0.0060251898150983,0.0172466946186963,-17.30161687279155,0.0536399506131888,0.028187650711019,0.0218237154535532,-17.22325051981911,-17.872021093236143,-18.52316757565204,19.477899004908075,18.59735903146975
5149,NC1=NON/C1=C(\N)N=O,16901,O=C1N=CC2(N=N2)C(=O)N1,17701,[H]N([H])C1=NON([H])C12C(N([H])[H])=NOC1([H])N2C(=O)N([H])C(=O)C12N=N2,1,5 9 2 3 15 1,4,14.031657181767825,11.648664621598307,23.721994549216586,16.376035363637953,3.644486899909492,20.020522263547445,8.047944324910593e-05,0.0034471995185829,0.0016783666492237,0.0034471995185829,-14.418620448791756,0.0055613814760545,0.0404644961069174,0.015913414626559,-12.528961928266462,-13.242775911999937,-12.587856028478484,19.835259622417944,19.19702823489124
5160,NC1=NON/C1=C(\N)N=O,16901,O=C1N=CC2=CC=NC2=N1,17702,[H]C1=NC(=O)N=C2N=C([H])C3([H])C12ON=C(N([H])[H])C31C(N([H])[H])=NON1[H],1,5 9 5 4 15 1,2,11.776654439896696,10.169043839393805,22.541204630273143,15.916947584708758,2.4292418267966305,18.34618941150539,0.0028959577572421,0.0035356355344826,0.0052613054621426,0.0035356355344826,-16.21599952001158,0.0108164689095161,0.0651235372075547,0.0080373032444046,-12.976043112648377,-17.48730328871344,-20.458477457312675,15.21632087900744,11.007867561166538
5163,NC1=NON/C1=C(\N)N=O,16901,O=C1N=CC=C2N=CN=C12,17703,[H]C1=NC23ON=C(N([H])[H])C4(C(N([H])[H])=NON4[H])C2([H])C([H])=NC(=O)C3=N1,0,5 9 4 5 15 0,1,14.952249296279213,14.14477112601637,23.341891799790154,16.03732625101444,5.963205610713327,22.00053186172777,0.0195524569048433,0.0201616640885289,0.0083035283333164,0.0201616640885289,-11.000764163669013,0.0286797729103527,0.0704660222865502,0.0130816872976208,-9.843157639234184,-10.226364194149603,-10.96449729235686,22.10071853230543,19.25555224026708
5215,NC1=NON/C1=C(\N)N=O,16901,O=C1N=NC(C2CC2)=N1,17707,[H]N([H])C1=NON([H])C12C(N([H])[H])=NOC1(C3([H])C([H])([H])C3([H])[H])N=NC(=O)N12,0,5 9 8 4 15 0,9,13.559127244457748,13.171781846322633,21.567663067589,16.398496675660837,5.990429311377369,22.388925987038206,0.001156460987366,0.003796608230745,0.0002365778955768,0.003796608230745,-13.456362095320683,0.0033072369428858,0.0627558813202705,0.0049537028409717,-12.417253401674069,-11.176196539958418,-12.900259258550726,18.46233434124565,18.525268718716337
5234,NC1=NON/C1=C(\N)N=O,16901,O=C1NC(=O)C2=C1CCC2,17711,[H]N([H])C1=NON([H])C12C(N([H])[H])=NOC13C(=O)N([H])C(=O)C12C([H])([H])C([H])([H])C3([H])[H],1,5 9 5 6 15 1,0,10.723204455132628,11.53214001245357,20.96414955784345,16.627742788135933,1.719744225264968,18.3474870134009,0.0052395716000866,0.0019195031904456,0.0055841730452514,0.0019195031904456,-20.603869577699783,0.0176074169475676,0.0115633924225502,0.0109599708781864,-18.2199517709197,-20.70377288494967,-19.011167522890872,18.58113332213104,19.093596936796185
5322,NC1=NON/C1=C(\N)N=O,16901,O=C1NCN=C2N=CN=C12,17733,[H]C1=NC2=NC([H])([H])N([H])C(=O)C23ON=C(N([H])[H])C2(C(N([H])[H])=NON2[H])N13,1,5 9 8 9 15 1,12,12.87476277910975,11.328068057038552,21.486250049302125,16.30933060833837,3.3814612439146785,19.69079185225305,0.0017207714763282,0.0019626336075303,0.0003740554407102,0.0019626336075303,-12.663813190900918,0.0051827315385882,0.0118700391170498,0.0027110525545416,-11.351349083798452,-11.754267291369343,-13.861419752401352,17.520660810719253,17.754181125467937
5419,NC1=NON/C1=C(\N)N=O,16901,O=CC#CC(F)(F)F,17787,[H]C(=O)C1=C(C(F)(F)F)C2(C(N([H])[H])=NON2[H])C(N([H])[H])=NO1,1,5 9 3 2 15 1,1,5.55169319519181,13.072370196315076,14.32708941224363,15.984132214282743,3.377997510555689,19.362129724838432,6.851620256688737e-05,0.0025267038695466,0.0002328291832733,0.0025267038695466,-42.43425041638784,0.0013472436513601,0.0085638012139015,0.0040209461182419,-38.98669389741217,-40.36161085779264,-39.01884967442067,20.87692374413456,21.864911648430454
5421,NC1=NON/C1=C(\N)N=O,16901,O=CC(=O)/C=C\[C@H](O)CO,17788,[H]OC([H])([H])[C@@]([H])(O[H])C1([H])ON=C(N([H])[H])C2(C(N([H])[H])=NON2[H])C1([H])C(=O)C([H])=O,0,5 9 4 5 15 0,1,14.841392780714273,13.48685822447302,22.073809960324795,16.269572543184278,6.235691665521323,22.5052642087056,0.0224009889216583,0.0110521123351676,0.0345107149302054,0.0110521123351676,-10.22909928912835,0.0460992951416886,0.0906961637399525,0.0882421060879058,-6.903386669505188,-11.5436899428433,-11.40156193473193,22.38921617716336,20.88626336668847
5589,NC1=NON/C1=C(\N)N=O,16901,O=CNC(=O)/C=C\C(=O)O,17824,[H]OC(=O)C1([H])ON=C(N([H])[H])C2(C(N([H])[H])=NON2[H])C1([H])C(=O)N([H])C([H])=O,0,5 9 5 6 15 0,1,12.02973598471728,13.46612054548228,20.243983135409103,16.287233212848147,5.56232537630753,21.84955858915568,0.0025828049939908,0.0013033646397306,0.0018232671525235,0.0013033646397306,-15.188342784998206,0.0085942138866635,0.0093517347412519,0.0146702582210505,-12.958871884276782,-16.81941385074368,-16.21589318908859,20.283537411414915,20.99947801112797
5967,NC1=NON/C1=C(\N)N=O,16901,O=Cc1noc2c1CCC2,17911,[H]C(=O)C1=NOC23ON=C(N([H])[H])C4(C(N([H])[H])=NON4[H])C12C([H])([H])C([H])([H])C3([H])[H],0,5 9 6 5 15 0,11,13.186344501796764,12.496251138952903,18.27145460281972,16.194030421104042,11.96119843820787,28.15522885931191,0.0207294334408601,0.0096147974078673,0.0029749262378941,0.0096147974078673,-5.200612044180339,0.0284831605089584,0.0055927405796385,0.0042160733386189,-5.868920291189141,-5.03671373481312,-12.252505708115208,21.84477007882351,22.1669635207832
6513,NC1=NON/C1=C(\N)N=O,16901,O=c1ccc(=O)n(CO)[nH]1,17988,[H]OC([H])([H])N1C(=O)C2([H])ON=C(N([H])[H])C3(C(N([H])[H])=NON3[H])C2([H])C(=O)N1[H],0,5 9 2 3 15 0,5,14.527632598880812,12.09951806810901,22.248433604981606,16.139535301363708,8.648784949506869,24.788320250870576,0.0001691179804796,0.0020018197443838,0.0002467507081864,0.0020018197443838,-5.215536396396814,0.0019480871756464,0.0249325854650812,0.0060342006393782,-2.094954827481736,-4.996832489702637,-12.390351981132902,21.287011439790746,20.98308454543705
8210,NC1=NON/C1=C(\N)N=O,16901,C=C1C=CC(=O)O1,12125,[H]C([H])=C1OC(=O)C2([H])C1([H])ON=C(N([H])[H])C21C(N([H])[H])=NON1[H],0,5 9 3 2 15 0,7,14.13931169705115,10.233683592676964,18.196683714027248,15.60780263325095,6.073545606489951,21.6813482397409,0.0018252600136128,0.0024887752458108,0.0010244120873027,0.0024887752458108,-11.237322309874706,0.0036620977250364,0.0175277994700037,0.0253567374823011,-9.672990952220324,-13.296305364918226,-12.870714447750345,21.643860390731685,20.03677840588181
8331,NC1=NON/C1=C(\N)N=O,16901,C=Cn1cnnn1,12269,[H]c1nnnn1C1([H])ON=C(N([H])[H])C2(C(N([H])[H])=NON2[H])C1([H])[H],1,5 9 0 1 15 1,0,11.706422382186943,9.801253471969757,14.810042962528302,16.006333483748,6.179826762497614,22.186160246245613,0.0210119353232252,0.0154186286074993,0.0076584830974235,0.0154186286074993,-19.267084908675105,0.0597172056321406,0.1098334632955536,0.0653342542720626,-19.004319288567416,-17.82345087137761,-16.490910378636798,22.526572966180296,21.94429048814116
8486,NC1=NON/C1=C(\N)N=O,16901,FC1(F)C=CC1(F)F,13004,[H]N([H])C1=NON([H])C12C(N([H])[H])=NOC1([H])C(F)(F)C(F)(F)C12[H],0,5 9 3 4 15 0,1,9.6181401693393,11.59027133801056,14.786026025265109,15.621475020684985,5.915964100034818,21.537439120719803,0.0006456157788764,0.0002298616542152,0.0004203671062318,0.0002298616542152,-23.865194105352508,0.0044605502597162,0.0003951184802833,0.0049441194752055,-25.55898557249575,-22.631981781391048,-21.657855126874168,20.64780964846473,21.09037919031584
8513,NC1=NON/C1=C(\N)N=O,16901,N#CC(=N)C(=N)C#N,13033,[H]N=C(C#N)C1(C#N)ON=C(N([H])[H])C2(C(N([H])[H])=NON2[H])N1[H],1,5 9 5 4 15 1,10,15.940255961807312,11.99499945575264,20.08035677937041,15.73014378388034,11.087969071087148,26.818112854967488,0.0241344392769423,0.0006996456295763,0.0062856892831826,0.0006996456295763,-6.412569044154985,0.0079622264658562,0.0103767866318018,0.0065270381213598,-3.7654178244844303,-4.131183174592405,-7.769431321816263,23.09246001104262,21.79636539451067
8664,NC1=NON/C1=C(\N)N=O,16901,NC1=NC(=O)C=N1,13154,[H]N([H])C1=NC(=O)C2([H])ON=C(N([H])[H])C3(C(N([H])[H])=NON3[H])N12,0,5 9 6 5 15 0,11,13.569609327447376,9.96379411718172,19.899267338905027,16.200833426432723,2.7127545864907248,18.913588012923448,0.0001197846136081,0.0008784627247035,0.0001757295725456,0.0008784627247035,-16.14155582202615,0.001698891063007,0.0206310619012055,0.0029832858444264,-13.427248131755206,-13.779157530804888,-13.10163861722625,18.87012659667993,20.30310376595436
8794,NC1=NON/C1=C(\N)N=O,16901,C#CCC(=C)C(=O)OCC,13586,[H]C#CC([H])([H])C1(C(=O)OC([H])([H])C([H])([H])[H])ON=C(N([H])[H])C2(C(N([H])[H])=NON2[H])C1([H])[H],1,5 9 4 3 15 1,4,12.423705765323255,12.066411134925008,20.08344688686698,16.39291810410461,4.676229166763537,21.069147270868147,0.0424991930877495,0.0057631719472646,0.0195845558707756,0.0057631719472646,-14.596273838052497,0.0244758781043658,0.0695775723957254,0.0142950791475193,-14.949943639737375,-16.176525503257658,-17.722339757871325,22.39314953590583,19.765359821983257
8840,NC1=NON/C1=C(\N)N=O,16901,C#CCn1ccnc1C=O,13611,[H]C(=O)c1nc([H])c([H])n1C([H])([H])C1=C([H])C2(C(N([H])[H])=NON2[H])C(N([H])[H])=NO1,1,5 9 0 1 15 1,0,7.86802007314429,10.517166183091444,13.600062584390002,16.252656013184296,5.637593851851479,21.890249865035777,0.0097055849529176,0.0014193088620321,0.0003435927700433,0.0014193088620321,-40.90516051008065,0.0105540495780405,0.0148215804136283,0.0189895092936781,-37.642329488726205,-38.284786876789454,-38.60997627567276,21.673856337121805,23.23605875447724
8874,NC1=NON/C1=C(\N)N=O,16901,C#Cc1ccc(C=O)o1,13637,[H]C(=O)c1oc(C2=C([H])C3(C(N([H])[H])=NON3[H])C(N([H])[H])=NO2)c([H])c1[H],1,5 9 0 1 15 1,0,8.708396129252101,9.919798844631163,11.57507091777157,14.411348325815016,7.363220281853028,21.774568607668044,0.004182552318355,0.0010575552406796,0.0002014527163366,0.0010575552406796,-42.80855420217274,0.0022390153761506,0.0165391108240982,0.0063228504946017,-38.131626428404005,-40.03022950172614,-40.21024070685708,21.65922157480396,22.926089492344826
8894,NC1=NON/C1=C(\N)N=O,16901,C#Cc1cncc(C#N)c1,13660,[H]C1=C(c2c([H])nc([H])c(C#N)c2[H])ON=C(N([H])[H])C12C(N([H])[H])=NON2[H],1,5 9 0 1 15 1,0,8.649665431110432,9.809402211421691,12.27671595575595,14.722333132527211,6.897844033559039,21.62017716608625,0.0059867446057585,0.0010745458744267,0.0003983516822789,0.0010745458744267,-38.78823891688823,0.002730998080579,0.016784893930396,0.0049044069266431,-36.52066062628728,-38.76094893278376,-37.54011648551925,22.34539947943241,23.9443972562703
8898,NC1=NON/C1=C(\N)N=O,16901,C#Cc1ncc(C=O)cn1,13668,[H]C(=O)c1c([H])nc(C2=C([H])C3(C(N([H])[H])=NON3[H])C(N([H])[H])=NO2)nc1[H],1,5 9 0 1 15 1,0,8.849684355263523,10.857715065566817,12.313957711662086,14.273875938284355,7.561991587041122,21.83586752532548,0.0024059720244948,0.0008456247441159,0.0001817516872574,0.0008456247441159,-41.17457588670746,0.0021779989261969,0.0103094031676294,0.0028700232889338,-38.53681883374675,-41.03671033221063,-41.95516383018129,22.505373136084096,23.363750167415645
8902,NC1=NON/C1=C(\N)N=O,16901,C#Cc1nccc(C)n1,13670,[H]C1=C(c2nc([H])c([H])c(C([H])([H])[H])n2)ON=C(N([H])[H])C12C(N([H])[H])=NON2[H],1,5 9 0 1 15 1,0,8.904158216460013,9.403742845101553,11.549741668818667,14.627791404488342,6.59059370732906,21.2183851118174,0.0040389397200479,0.0011763182515566,0.0005962645607977,0.0011763182515566,-41.66063231609638,0.0038993603425333,0.0200035555823363,0.007535811008338,-37.19174379706087,-41.03820664814772,-39.6447966706252,21.75605795826013,22.40494589603309
8915,NC1=NON/C1=C(\N)N=O,16901,C/C(=C\C(=O)O)CC(=O)O,13676,[H]OC(=O)C([H])([H])C1(C([H])([H])[H])ON=C(N([H])[H])C2(C(N([H])[H])=NON2[H])C1([H])C(=O)O[H],0,5 9 2 1 15 0,3,13.608910244843944,14.770454586038651,22.047640660090064,16.760747191936474,7.101394722747166,23.86214191468364,0.0132286300349648,0.0095489319017736,0.0170152614245354,0.0095489319017736,-13.096987921957895,0.0165001988814619,0.0246929774198528,0.0285072290850683,-12.928896646198538,-12.263508250769776,-10.577854239838622,24.052710660671107,23.03873248807664
8982,NC1=NON/C1=C(\N)N=O,16901,C/C=C/C(=O)OCC(F)F,13700,[H]N([H])C1=NON([H])C12C(N([H])[H])=NOC([H])(C([H])([H])[H])C2([H])C(=O)OC([H])([H])C([H])(F)F,1,5 9 2 1 15 1,2,12.48286052417432,11.629964294175007,19.80993554173449,16.463919641574158,4.100431266612553,20.56435090818671,0.0016578285828709,0.0091921647354915,0.0025548826313742,0.0091921647354915,-16.50145523333056,0.0073500092736877,0.0296579658604891,0.021322834508213,-16.407409406452345,-16.1270067579062,-15.434097753885638,21.3871848394772,20.996550918084324
9046,NC1=NON/C1=C(\N)N=O,16901,C/C=C/C=N/n1cnnc1,13713,[H]/C(=N\n1c([H])nnc1[H])C1([H])C2(C(N([H])[H])=NON2[H])C(N([H])[H])=NOC1([H])C([H])([H])[H],1,5 9 2 1 15 1,2,14.364498554181422,11.33491749181131,19.68730761806309,16.54139316342908,5.563408582231887,22.104801745660968,0.0089321353353362,0.0147379678509976,0.0047336335116061,0.0147379678509976,-14.703415745042475,0.0302605983369907,0.0230393828013034,0.0186380037637505,-13.192418369218402,-13.125741636178702,-12.356294381934568,22.604563526574296,22.17450599109438
9075,NC1=NON/C1=C(\N)N=O,16901,C/C=C/[C@H]1C=CC(=O)O1,13719,[H]/C(=C(/[H])[C@]1([H])OC(=O)C2([H])C1([H])ON=C(N([H])[H])C21C(N([H])[H])=NON1[H])C([H])([H])[H],0,5 9 5 4 15 0,7,12.184773616639603,11.681176598747106,18.85824181533601,16.330232578393872,3.5170967326171727,19.847329311011045,0.0021088100690112,0.0034216133333261,0.0022246772902819,0.0034216133333261,-17.144481142873943,0.0132993177229491,0.0256677353418712,0.0292124811414509,-15.884506361763094,-17.582417161248735,-17.39230742447522,20.619253856551698,20.53547639625406
9081,NC1=NON/C1=C(\N)N=O,16901,C/C=C1\N=C(C)OC1=O,13724,[H]N([H])C1=NON([H])C12C(N([H])[H])=NOC1(N=C(C([H])([H])[H])OC1=O)C2([H])C([H])([H])[H],0,5 9 1 2 15 0,1,14.0538656856843,14.62237826766928,22.25163995008433,16.55465438776319,6.161076099713547,22.715730487476737,0.0181870280705989,0.0368965936046423,0.032235135529709,0.0368965936046423,-11.306765901522825,0.0448873590486328,0.0968227728714487,0.0433137281194784,-12.014282911126893,-12.05952203887363,-11.429562775010588,22.54899484038732,22.58597643596825
9087,NC1=NON/C1=C(\N)N=O,16901,C/C=C\C(=O)CCCC#N,13726,[H]N([H])C1=NON([H])C12C(N([H])[H])=NOC([H])(C([H])([H])[H])C2([H])C(=O)C([H])([H])C([H])([H])C([H])([H])C#N,0,5 9 2 1 15 0,3,14.091093125263797,12.20474752008747,21.283765966488893,16.543554349812876,4.986196340969265,21.52975069078214,0.0422606403150517,0.0300156382541529,0.0123269317798621,0.0300156382541529,-11.942630819113,0.1396857212265002,0.0825971217892003,0.05005447188819,-11.24348129541761,-12.635156026719372,-11.280606992221609,21.2217720194854,20.72107608958157
9418,NC1=NON/C1=C(\N)N=O,16901,C1=NCC2=CC=NC2=N1,13799,[H]C1=NC([H])([H])C23ON=C(N([H])[H])C4(C(N([H])[H])=NON4[H])C2([H])C([H])=NC3=N1,1,5 9 4 3 15 1,2,11.179359224968286,10.760359535034803,19.75970717435731,16.01175641967678,2.931814602772967,18.943571022449746,0.0104503448827188,0.0055508438046968,0.0048733265044321,0.0055508438046968,-17.51649736062712,0.0175395851831553,0.1005307044782749,0.0059957551544002,-16.881582040983687,-16.451839523504574,-18.23718164540506,17.921290124295638,16.64679239101473
9547,NC1=NON/C1=C(\N)N=O,16901,C=C(C(F)(F)F)C(F)(F)F,13835,[H]N([H])C1=NON([H])C12C(N([H])[H])=NOC(C(F)(F)F)(C(F)(F)F)C2([H])[H],1,5 9 0 1 15 1,0,11.25833105117887,12.838967387305544,17.934700507896572,16.114012648285758,7.526273900996152,23.64028654928191,0.0002333708893886,0.000284191249435,0.0013083871209345,0.000284191249435,-13.819553095662812,0.0031244231317848,0.0005232612607783,0.0001150685016289,-11.455787344853782,-14.896046341326688,-15.65121411025246,23.27336407466476,22.429405135101835
9572,NC1=NON/C1=C(\N)N=O,16901,C=C(C)C(=O)n1ccnc1,13851,[H]c1nc([H])n(C(=O)C2(C([H])([H])[H])ON=C(N([H])[H])C3(C(N([H])[H])=NON3[H])C2([H])[H])c1[H],0,5 9 0 1 15 0,1,13.422437773543749,12.194969941658451,19.438350816899824,16.238064979037382,6.143861461864216,22.3819264409016,0.0129694325918179,0.0030956785842079,0.0046281592529191,0.0030956785842079,-12.926910781289102,0.0480868417706251,0.0162872504409056,0.0143506188636888,-12.104970393653318,-15.072607990952283,-14.373564545132991,22.24940063434196,20.78907431829706
9659,NC1=NON/C1=C(\N)N=O,16901,C=C(CCN=C=O)C(=O)O,13881,[H]OC(=O)C1(C([H])([H])C([H])([H])N=C=O)ON=C(N([H])[H])C2(C(N([H])[H])=NON2[H])C1([H])[H],1,5 9 0 1 15 1,0,11.810276586635618,11.291980196739631,18.140384229159512,16.194719171509593,5.784020915694885,21.97874008720448,0.0123276098632608,0.0040102819103838,0.0061568731236389,0.0040102819103838,-13.607228859002603,0.0616114962995075,0.0182915874907905,0.0227695607453465,-15.463318448748815,-15.79611209022562,-16.3447264275689,21.20229087975964,20.60852279357006
9747,NC1=NON/C1=C(\N)N=O,16901,C=C1C(=O)CC[C@H]1C(=O)O,13908,[H]OC(=O)[C@]1([H])C([H])([H])C([H])([H])C(=O)C12ON=C(N([H])[H])C1(C(N([H])[H])=NON1[H])C2([H])[H],1,5 9 0 1 15 1,0,11.553858835750372,11.883535612221326,17.677958688677467,16.23728007593271,6.641787883007051,22.87906795893976,0.0357945116954787,0.0236315634672682,0.0046466700858248,0.0236315634672682,-15.421154991102142,0.0154643549682369,0.0506215274170306,0.0393099419723345,-14.449028873009148,-16.25029975608342,-15.847429623040036,21.8157025124382,21.79282476801701
9752,NC1=NON/C1=C(\N)N=O,16901,C=C1C(=O)OC=C1C(=O)O,13909,[H]OC(=O)C1=C([H])OC(=O)C12ON=C(N([H])[H])C1(C(N([H])[H])=NON1[H])C2([H])[H],0,5 9 0 1 15 0,1,13.150824665033962,11.236519399824738,18.400596152600823,16.18432086419103,8.075631109408349,24.25995197359937,0.0155829456018688,0.0237171639398806,0.0025286759482423,0.0237171639398806,-10.211794268790982,0.0204644424141223,0.0721774171744971,0.036973578115356,-8.513187997197669,-12.611577003090671,-14.393506327567335,21.89381449434152,20.86097953889939
9759,NC1=NON/C1=C(\N)N=O,16901,C=C1C(=O)[C@@H]2CCCO[C@H]12,13910,[H]N([H])C1=NON([H])C12C(N([H])[H])=NOC1(C(=O)[C@]3([H])C([H])([H])C([H])([H])C([H])([H])O[C@]13[H])C2([H])[H],1,5 9 0 1 15 1,0,10.208296609344046,9.937904469062024,14.137657924264392,15.752613174541391,5.5651681002415,21.31778127478289,0.019515978561242,0.0169650743791165,0.0052695611444755,0.0169650743791165,-20.88459933850784,0.0330833188394202,0.0441789786079929,0.0260994947703737,-20.559685469891576,-19.549472362753875,-21.72526454354877,21.528799181423786,20.523296240272405
9938,NC1=NON/C1=C(\N)N=O,16901,C=CC(=O)NC(=N)NC#N,13956,[H]N=C(N([H])C#N)N([H])C(=O)C1([H])ON=C(N([H])[H])C2(C(N([H])[H])=NON2[H])C1([H])[H],0,5 9 0 1 15 0,1,12.775416708492047,9.324985412708363,18.21306347164358,16.05684880871598,4.788674490174959,20.84552329889094,0.0019077720602819,0.0027432899779272,0.0003456145170943,0.0027432899779272,-16.584744728769174,0.0040591529664782,0.0471671447659372,0.0005084193377549,-15.960816151898548,-18.26379899643502,-15.9118575474873,20.124662134694965,20.337500259919395
9950,NC1=NON/C1=C(\N)N=O,16901,C=CC(=O)O[C@H]1CCCO1,13969,[H]N([H])C1=NON([H])C12C(N([H])[H])=NOC([H])(C(=O)O[C@]1([H])OC([H])([H])C([H])([H])C1([H])[H])C2([H])[H],0,5 9 0 1 15 0,1,12.298310666002198,8.995246193877936,16.060528800023828,16.432396595155055,5.679231525720528,22.111628120875583,0.0014470788982521,0.0010051356879197,0.0005049929631528,0.0010051356879197,-16.89169666370868,0.0142518130898386,0.0106655153751413,0.0033186863564922,-17.323910927857526,-17.988174933488125,-16.515582383439764,21.557555111514,20.36072495080684
9975,NC1=NON/C1=C(\N)N=O,16901,C=CC(F)(F)C(=O)C(=O)O,13974,[H]OC(=O)C(=O)C(F)(F)C1([H])C([H])([H])ON=C(N([H])[H])C12C(N([H])[H])=NON2[H],1,5 9 1 0 15 1,2,11.57099861148524,11.294506016622604,15.957887705579784,16.44760057394585,8.275244516079804,24.72284509002565,0.0002389326958404,0.0022217761824955,0.0014995632254158,0.0022217761824955,-14.932879774209333,0.0105233999460285,0.004137690592738,0.0088089987283731,-13.18962261280884,-14.72471993713075,-15.438148578509868,21.978861501401934,23.14701931647457
10043,NC1=NON/C1=C(\N)N=O,16901,C=CC1=NC(C)(C)C(=O)O1,13986,[H]N([H])C1=NON([H])C12C(N([H])[H])=NOC([H])(C1=NC(C([H])([H])[H])(C([H])([H])[H])C(=O)O1)C2([H])[H],1,5 9 0 1 15 1,0,11.864429281935756,10.155934977528348,15.712783300048208,15.902896372508636,7.565609884882701,23.468506257391336,0.0213201781075357,0.0113540762577481,0.0016970797568383,0.0113540762577481,-15.438204560630368,0.0259353648308278,0.0674283728177323,0.0115855474370009,-15.034598081030005,-16.634762830723915,-16.889352813409957,21.890584916460075,20.343133682131658
10458,NC1=NON/C1=C(\N)N=O,16901,C=Cc1cc(C=O)ccn1,14096,[H]C(=O)c1c([H])c([H])nc(C2([H])ON=C(N([H])[H])C3(C(N([H])[H])=NON3[H])C2([H])[H])c1[H],0,5 9 0 1 15 0,1,12.297979511215605,8.879734062867744,14.307801119154394,15.764100945117574,7.851055711596999,23.61515665671457,0.0159766997708423,0.034281354863492,0.0171458482772199,0.034281354863492,-16.475515359229277,0.0550334312175669,0.1315997072795304,0.0971071571222456,-13.270233277257631,-15.535151451754103,-16.33100039812804,22.83743911125716,20.626206518989378
10535,NC1=NON/C1=C(\N)N=O,16901,C=c1[nH]c(=O)c(=C)[nH]c1=O,14138,[H]C([H])=C1C(=O)N([H])C2(ON=C(N([H])[H])C3(C(N([H])[H])=NON3[H])C2([H])[H])C(=O)N1[H],1,5 9 6 5 15 1,6,11.896982695511154,11.227333325299483,19.031849906686727,15.926673971162929,10.15782344491446,26.08449741607739,0.007923085341078,0.0036024364357102,0.0013931558618358,0.0036024364357102,-9.874467579276768,0.006478043261227,0.0123558192508177,0.0105479470516574,-5.855109633897811,-10.14347049905318,-16.904507235582813,20.468394893362007,17.88839391115324
11198,NC1=NON/C1=C(\N)N=O,16901,CC1=C(C)[C@H](O)OC1=O,14529,[H]O[C@]1([H])OC(=O)C2(C([H])([H])[H])ON=C(N([H])[H])C3(C(N([H])[H])=NON3[H])C21C([H])([H])[H],0,5 9 2 1 15 0,3,14.050173550767571,15.740657554396742,23.24876734078332,17.081771729764572,7.629288246892397,24.71105997665697,0.0052891378665136,0.020053401279093,0.0059476405976043,0.020053401279093,-6.623714788909709,0.0115071950378586,0.0263312762536672,0.0019829455249456,-6.93062708392717,-10.376415381374116,-10.211671714369771,24.32891193777157,23.784212039502545
11202,NC1=NON/C1=C(\N)N=O,16901,CC1=C(CCO)C(=O)N=N1,14530,[H]OC([H])([H])C([H])([H])C12C(=O)N=NC1(C([H])([H])[H])ON=C(N([H])[H])C21C(N([H])[H])=NON1[H],0,5 9 2 1 15 0,3,14.554994160506268,15.815522833313375,24.368824777836767,16.86164832665119,4.401398610415978,21.26304693706717,0.0147840359929048,0.0137001829533403,0.0021576833859003,0.0137001829533403,-16.477790559361004,0.0202375946646004,0.0237414960370796,0.0046049383249815,-16.41661382952502,-16.365585999650115,-9.784451494177254,21.588147615731888,22.04116930286405
11209,NC1=NON/C1=C(\N)N=O,16901,CC1=C/C(=N\O)NC1=O,14533,[H]O/N=C1/N([H])C(=O)C2(C([H])([H])[H])ON=C(N([H])[H])C3(C(N([H])[H])=NON3[H])C12[H],1,5 9 2 1 15 1,2,14.321929975053374,12.626307765959885,22.23103919485981,16.611410956940176,4.566222759165601,21.177633716105777,0.005424296850899,0.0042843398136473,0.0056007962719731,0.0042843398136473,-8.799853126415265,0.0063501997845269,0.0383010851403073,0.0218524191262473,-9.135511193341038,-10.172223360183864,-12.106919489813109,21.73773610558255,20.9626593096856
11217,NC1=NON/C1=C(\N)N=O,16901,CC1=CC(=O)C=C(C)C1=O,14535,[H]C1=C(C([H])([H])[H])C(=O)C2(C([H])([H])[H])ON=C(N([H])[H])C3(C(N([H])[H])=NON3[H])C2([H])C1=O,1,5 9 2 1 15 1,2,15.254744622507424,12.982425429161768,22.887301612251647,16.59791640779052,4.5560312469084,21.15394765469892,0.0416685718960752,0.0177450359681822,0.0137372071890335,0.0177450359681822,-9.83391083592238,0.0414788092961578,0.0497543972760949,0.0254904974326177,-8.42487482792955,-9.403505223283595,-10.104452005481164,22.50857600595971,20.073318794019823
11416,NC1=NON/C1=C(\N)N=O,16901,CC1=NC(=O)[C@H](C#N)C=C1,14580,[H]N([H])C1=NON([H])C12C(N([H])[H])=NOC1([H])C(C([H])([H])[H])=NC(=O)[C@]([H])(C#N)C12[H],0,5 9 8 9 15 0,1,13.743319062005622,12.307454662336486,19.439638364400423,16.51715841273582,5.519759731292531,22.036918144028352,0.0097583575898704,0.020804327938069,0.0112847944971094,0.020804327938069,-12.205092283110956,0.1163540876538622,0.0319592149796723,0.0743700701647095,-10.171488718751265,-14.4220856137471,-13.687399070499469,21.808257875839857,21.919263265951777
12498,NC1=NON/C1=C(\N)N=O,16901,COC(=O)/C=C/[C@@H]1O[C@@H]1C,15373,[H]N([H])C1=NON([H])C12C(N([H])[H])=NOC([H])([C@]1([H])O[C@]1([H])C([H])([H])[H])C2([H])C(=O)OC([H])([H])[H],0,5 9 4 5 15 0,1,11.737661310923151,12.259666809000493,18.51896487181783,16.114224340636277,6.069616720955903,22.18384106159218,0.001174727038193,0.0112092651263071,0.0048797532660614,0.0112092651263071,-15.387272167048124,0.0155195737174877,0.0305742052781553,0.0306844403926483,-15.11494064506038,-15.015964649259352,-15.483769641575662,21.895367046732,19.84116500475306
12501,NC1=NON/C1=C(\N)N=O,16901,COC(=O)C#C[C@@H](O)OC,15376,[H]O[C@@]([H])(OC([H])([H])[H])C1=C(C(=O)OC([H])([H])[H])C2(C(N([H])[H])=NON2[H])C(N([H])[H])=NO1,1,5 9 4 5 15 1,0,6.593132926797502,13.955469078509534,13.771589497877503,15.949319136844489,6.67676237481691,22.6260815116614,0.0791698697790671,0.0054265108428485,0.0042732265748737,0.0054265108428485,-41.36702151498788,0.0664239603525968,0.0303090578552917,0.047883841604196,-41.2438259272449,-39.99600588608138,-38.85704211103567,21.82586660669044,23.23244071395172
12570,NC1=NON/C1=C(\N)N=O,16901,COC[C@]1(O)C=CC(=O)O1,15497,[H]O[C@]1(C([H])([H])OC([H])([H])[H])OC(=O)C2([H])C1([H])ON=C(N([H])[H])C21C(N([H])[H])=NON1[H],0,5 9 6 5 15 0,3,11.608327584633862,12.427176968623376,20.266310036910355,16.216285044305344,3.97337407427559,20.18965911858093,0.0011485881652278,0.0030942335101099,0.0006667033418158,0.0030942335101099,-17.7939068991298,0.008121517528557,0.0163827001985139,0.006880915371402,-16.002854464305145,-19.894625935737025,-18.30634160936915,19.95270008707917,21.31822017132877
8880,N[C@H]1C=CC=C(C(=O)O)C1,17078,O=C1C=C(C(F)(F)F)N=N1,17526,[H]OC(=O)C12C([H])=C([H])C([H])(C3(C(F)(F)F)N=NC(=O)C13[H])[C@]([H])(N([H])[H])C2([H])[H],1,2 5 3 2 19 1,2,21.28799602751426,11.713631877071007,24.48059816542121,16.3223988746501,8.573262917041532,24.89566179169164,1.716090942540329e-05,0.0296746619258778,0.0056084394621755,0.0296746619258778,-17.468583355603045,0.000680324250543,0.1014378795153847,0.0065325943677168,-18.243519766065965,-18.97708485051876,-11.9599822385292,23.14031422176632,23.48679357879398
10318,N[C@H]1C=CC=C(C(=O)O)C1,17078,O=C1N=CC2=CC=NC2=N1,17702,[H]OC(=O)C12C([H])=C([H])C([H])(C3([H])C([H])=NC4=NC(=O)N=C([H])C431)[C@]([H])(N([H])[H])C2([H])[H],1,2 5 5 4 19 1,2,23.61542913115196,12.121572718937143,27.556330401825377,15.781523366744503,7.587289982743478,23.368813349487983,0.0350015608983632,0.0189896858512532,0.0179295463956595,0.0189896858512532,-7.9418704681407135,0.0145920397963069,0.0896871154129248,0.0339693295476661,-10.426846114585407,-10.6957522723822,-8.726979579231845,21.854214446092683,19.20909255375112
8885,Nc1ccc(O)c(=O)cc1,17165,O=C1C=C(C(F)(F)F)N=N1,17526,[H]OC1=C([H])C2([H])C(N([H])[H])=C([H])C([H])(C1=O)C1(C(F)(F)F)N=NC(=O)C21[H],0,8 2 3 2 17 0,7,13.363178839351749,13.327742000702044,25.262854462638906,15.720078107733656,2.554748298253511,18.274826405987167,7.905129923269386e-06,0.0078469179345046,0.0011065418705096,0.0078469179345046,-22.29251131373342,0.0008114310346776,0.0081194221537099,0.0011150182738814,-23.292743865169328,-19.613361952535,-16.461244758482543,21.337354379993496,22.846946404878945
8959,Nc1ccc(O)c(=O)cc1,17165,O=C1C=CC(=O)C(F)=C1,17533,[H]OC1=C([H])C2([H])C(N([H])[H])=C([H])C([H])(C1=O)C1([H])C(=O)C([H])=C(F)C(=O)C21[H],0,8 2 2 3 17 0,9,15.627613270220824,12.51791600764968,25.13489719141773,15.292044289102083,3.565406650655781,18.857450939757868,0.0363935996757366,0.0306600443408155,0.0262388535327463,0.0306600443408155,-7.774012934697922,0.1215933028058299,0.0763860874064148,0.0597322683715487,-9.283587320854627,-7.782357228276489,-7.977969653058906,23.263218330761752,23.44413139001609
10320,Nc1ccc(O)c(=O)cc1,17165,O=C1N=CC2=CC=NC2=N1,17702,[H]OC1=C([H])C2([H])C(N([H])[H])=C([H])C([H])(C1=O)C13C([H])=NC(=O)N=C1N=C([H])C23[H],1,8 2 4 5 17 1,4,15.948178611507547,12.620715547923748,27.992329855881223,15.344557315382708,2.2648791675018067,17.609436482884515,0.0139301288916231,0.0212987244898588,0.0032412266431991,0.0212987244898588,-12.48801016992251,0.0256488886122912,0.0203249406252658,0.0061595863687194,-13.260435541666496,-10.944306607104323,-12.593400348523929,20.475914811197924,19.799413641956686
13326,Nc1ccc2c(c1)C=C2,17170,O=C1C=C(C(F)(F)F)N=N1,17526,[H]C1=C([H])C23C([H])=C(N([H])[H])C([H])(C([H])=C12)C1(C(F)(F)F)N=NC(=O)C31[H],0,5 2 2 3 16 0,9,20.677912865184737,14.325734674062645,26.1938453151026,15.503510483675798,8.34743685107933,23.850947334755126,0.0025090270827255,0.0018735029673404,0.0041750659056107,0.0018735029673404,-11.842003520633654,0.0015567451158302,0.0107952347103432,0.0012558553398344,-11.04777123922876,-9.19360191848007,-9.46308928618759,24.46943201496797,23.94898331103038
5419,Nc1cn(C(F)F)cn1,17222,O=CC#CC(F)(F)F,17787,[H]C(=O)C1=C(C(F)(F)F)C2([H])N=C(N([H])[H])C1([H])N2C([H])(F)F,1,7 2 3 2 14 1,1,14.29005687540011,15.638890533831251,22.769893340632294,15.67533622941834,8.651691461094334,24.327027690512672,2.555233455336428e-05,0.0209199157541872,0.0144261708188255,0.0209199157541872,-6.786893336238023,0.0012084193809058,0.0114461650788404,0.037612537679696,-5.614825262284803,-7.6544119194923965,-7.065949139721408,24.377872649383573,23.94907897387254
6804,Nc1cn(C(F)F)cn1,17222,OCC1=Cc2ccccc21,18025,[H]OC([H])([H])C12c3c([H])c([H])c([H])c([H])c3C1([H])C1([H])N=C(N([H])[H])C2([H])N1C([H])(F)F,1,7 2 3 2 14 1,2,15.805033038886013,11.829248422745136,21.40375771642425,15.583170811843647,5.067441361892612,20.65061217373626,0.1051730313854801,0.0164791752704176,0.0487566699234071,0.0164791752704176,-13.05917455236839,0.3973080486638642,0.0192257301386937,0.1735759357437055,-12.459509843865805,-15.528472854374556,-15.596080453749686,21.302457607403323,23.06828521001782
10839,Nc1nc2occ(O)c2o1,17301,O=CC#CC(F)(F)F,17787,[H]OC1=C2OC(N([H])[H])=NC23OC1([H])C(C(F)(F)F)=C3C([H])=O,1,5 3 3 2 14 1,3,11.920726487785402,15.286789718417442,22.39513010866779,16.1224537069812,6.607974479672773,22.73042818665397,9.713115871892784e-05,0.0171899443711093,0.0494461115728002,0.0171899443711093,-11.725568811806646,0.0038779401272022,0.0175135669646399,0.1307298683195566,-10.794723835525389,-11.890424951081712,-11.179185512558604,20.902525820082,20.825412604036835
13562,Nc1nc2occ(O)c2o1,17301,OC1=C(O)c2ccccc21,18015,[H]OC1=C2OC(N([H])[H])=NC23OC1([H])C1(O[H])c2c([H])c([H])c([H])c([H])c2C31O[H],1,5 3 1 2 14 1,2,15.090884215265604,13.27699332282786,21.02709778709869,16.349928811084766,7.121203487418171,23.471132298502937,0.0288400859451914,0.0142012763989703,0.0240478011275913,0.0142012763989703,-21.89248140449846,0.0250999276446315,0.0323388125653345,0.0582272684910076,-23.8686968287492,-20.18801261543828,-16.678857923402525,21.82198300512804,23.152293841474865
13610,Nc1nc2occ(O)c2o1,17301,OCC1=Cc2ccccc21,18025,[H]OC1=C2OC(N([H])[H])=NC23OC1([H])C1([H])c2c([H])c([H])c([H])c([H])c2C31C([H])([H])O[H],1,5 3 3 2 14 1,6,13.587464883316516,10.94972799588328,20.32596465140749,16.00235004812037,3.904461470336731,19.9068115184571,0.1480447608208098,0.0099612408304483,0.0445994664624592,0.0099612408304483,-17.106835079062833,0.2086131382229287,0.0184292656243131,0.2864627965977949,-18.721256860077787,-18.46050478228205,-18.12598920752724,19.60444118882932,20.799561208525663
14002,Nc1nc2occ(O)c2o1,17301,O[C@@H]1CC/C=C/CCC1,18100,[H]OC1=C2OC(N([H])[H])=NC23OC1([H])C1([H])C([H])([H])C([H])([H])C([H])([H])[C@]([H])(O[H])C([H])([H])C([H])([H])C31[H],1,5 3 5 6 14 1,6,15.593403115853798,2.8955706604769347,15.790619703395253,15.50344773506366,3.620129475019322,19.12357721008298,0.0558900045753604,0.3149839570526809,0.099084010651879,0.3149839570526809,-12.316253587524088,0.1292705318026429,0.1100423990908084,0.0418790851603973,-11.637832512796225,-13.241699167810602,-10.726710744542522,19.682951332339144,20.387102966397844
5158,O/N=C\C1=CCCCC1,17407,O=C1N=CC2=CC=NC2=N1,17702,[H]ON1C([H])=C2C([H])([H])C([H])([H])C([H])([H])C([H])([H])C2([H])C2([H])C([H])=NC3=NC(=O)N=C([H])C312,1,1 4 4 5 20 1,0,22.280511061028605,13.609362122904631,27.568031645455264,15.780401598355702,9.01942872945644,24.799830327812145,0.0145371908098594,0.0162682635620138,0.0049884531444998,0.0162682635620138,-4.628657814876554,0.0577098731436367,0.0239655526648165,0.0063078952023736,-6.470809513399821,-5.565726914530764,-6.157565660850008,26.231340492903136,21.913022801501373
8885,O=C(O)/C=C/C1=CCCC1,17423,O=C1C=C(C(F)(F)F)N=N1,17526,[H]OC(=O)C1([H])C([H])=C2C([H])([H])C([H])([H])C([H])([H])C2([H])C2([H])C(=O)N=NC21C(F)(F)F,0,3 6 3 2 20 0,7,18.67556737524867,12.3226012615823,22.541964293669164,16.44164343921065,5.848141636270732,22.289785075481383,3.973945129644548e-06,0.0184462731497348,0.0101186275371201,0.0184462731497348,-26.76166722349772,0.0009018436938453,0.010522838869417,0.0063694671070388,-27.126294908042865,-25.373957473199155,-16.73165157788872,24.63623639363702,23.23115384116421
8961,O=C(O)/C=C/C1=CCCC1,17423,O=C1C=CC(=O)C(F)=C1,17533,[H]OC(=O)C1([H])C([H])=C2C([H])([H])C([H])([H])C([H])([H])C2([H])C2([H])C(=O)C([H])=C(F)C(=O)C21[H],0,3 6 3 2 20 0,11,20.89178387314625,12.343737637286775,24.11975189904199,16.00962094250902,7.535237820170458,23.54485876267948,0.004993592562656,0.038500000323935,0.078849709374954,0.038500000323935,-11.090708673410838,0.0767796350027578,0.0255778822399531,0.1099750819876398,-11.527388106889852,-14.295272602438343,-8.968540372748237,25.3795930241429,23.46901573931003
10320,O=C(O)/C=C/C1=CCCC1,17423,O=C1N=CC2=CC=NC2=N1,17702,[H]OC(=O)C1([H])C([H])=C2C([H])([H])C([H])([H])C([H])([H])C2([H])C2([H])C([H])=NC3=NC(=O)N=C([H])C321,1,3 6 4 5 20 1,4,21.407007073537034,11.954556033609489,26.25666342087542,16.18091653753472,4.141246723644919,20.32216326117964,0.0031435388923808,0.0280255260029609,0.0176355426790167,0.0280255260029609,-15.702410848172567,0.0262194373919706,0.0484092705664615,0.0149836326144,-16.741336232550317,-16.652928888079003,-11.69949943348913,23.143380513415387,19.12729137720221
12007,O=C(O)/C=C/C1=CCCC1,17423,O=NC(F)(F)F,17917,[H]OC(=O)C1([H])C([H])=C2C([H])([H])C([H])([H])C([H])([H])C2([H])ON1C(F)(F)F,0,3 6 1 0 20 0,7,19.279304765104897,7.380651516514163,21.79750271241173,16.17702674598889,2.81986171541508,18.99688846140397,1.192008807885708e-05,6.689493624995486e-05,0.0001809369721442,6.689493624995486e-05,-10.706189523312595,5.8795457481953926e-05,0.0003516309656938,0.0004090409765737,-13.486444228849493,-11.421988597040787,-7.240351395573828,22.68682161034826,21.61379864043673
889,O=C1CC2=C(CC=C2)O1,17558,N#CC(F)(F)C(F)=C(F)F,16603,[H]C1=C2C([H])([H])C(=O)OC23C([H])([H])C1([H])C(F)(C(F)(F)C#N)C3(F)F,0,6 4 5 7 15 0,1,12.65668376004978,17.917131131560083,20.563209937285627,15.519436939282697,10.93195815140204,26.45139509068473,0.0008588445910897,0.0032516516329751,0.0091384104780502,0.0032516516329751,-21.275547011093813,0.0118930027378632,0.0116921992181282,0.0468143384600221,-19.950595225545264,-20.37399635432123,-20.53699543495621,25.225375042945352,23.95432628946221
2842,O=C1CC2=C(CC=C2)O1,17558,N[C@H]1N=CN=C2N=NC=C21,17093,[H]C1=N[C@]([H])(N([H])[H])C23C(=N1)N=NC2([H])C12OC(=O)C([H])([H])C1=C([H])C3([H])C2([H])[H],0,6 4 9 8 15 0,3,15.07192399173744,10.947566825037274,23.45233944959284,16.04760998242314,2.960214475745147,19.007824458168287,0.0468114726758142,0.0176125581778921,0.0108841807576872,0.0176125581778921,-15.38132925604934,0.0151267969558802,0.029288821550282,0.0344516160027283,-14.908732926629526,-11.106957029087596,-12.541482926514009,18.66160759620132,18.267821660363595
4336,O=C1CC2=C(CC=C2)O1,17558,O=C(O)[C@@H]1C=CC=NC1=O,17480,[H]OC(=O)[C@@]1([H])C(=O)N=C([H])C2([H])C34OC(=O)C([H])([H])C3=C([H])C([H])(C4([H])[H])C21[H],0,6 4 4 5 15 0,1,16.75415473297432,12.792836814875038,24.47083030839471,16.224876826475068,4.842744566939885,21.06762139341496,0.1263294267426581,0.0314834656990368,0.0345276613288616,0.0314834656990368,-6.530178870382059,0.261024540880606,0.0417757602753758,0.1440241433077352,-7.088199540592143,-7.199629536168366,-6.867929131474789,23.448886631760907,22.64339748087997
4406,O=C1CC2=C(CC=C2)O1,17558,O=C1C(F)=C(F)C1(F)F,17521,[H]C1=C2C([H])([H])C(=O)OC23C([H])([H])C1([H])C1(F)C(F)(F)C(=O)C31F,0,6 4 4 2 15 0,3,14.787769601140251,16.21069853296459,20.822776842813525,15.703075023643228,8.55687138325024,24.25994640689347,0.0025245067978285,0.0097117341067472,0.0079583502677542,0.0097117341067472,-11.71561599033587,0.0197733638225608,0.0129990001280125,0.0091925031828603,-10.535388838220769,-11.182330856654232,-9.77526670830852,24.637716765501484,23.98970322879517
4441,O=C1CC2=C(CC=C2)O1,17558,O=C1C=C(C(F)(F)F)N=N1,17526,[H]C1=C2C([H])([H])C(=O)OC23C([H])([H])C1([H])C1(C(F)(F)F)N=NC(=O)C31[H],1,6 4 3 2 15 1,2,13.759574620359802,10.86290506355158,23.72908394944456,15.952491933822364,1.9625393827183293,17.91503131654069,1.1988442813611668e-05,0.0088087872707157,0.0030434738135473,0.0088087872707157,-23.42607850329901,0.001848313479009,0.0146362257823676,0.0072317483975017,-22.57706093161553,-20.57812531482501,-16.55695927636843,17.239042256219296,16.395252433444988
4478,O=C1CC2=C(CC=C2)O1,17558,O=C1C=CC(=O)C(F)=C1,17533,[H]C1=C(F)C(=O)C2([H])C3([H])C([H])=C4C([H])([H])C(=O)OC4(C3([H])[H])C2([H])C1=O,0,6 4 3 2 15 0,3,16.397725790953107,10.692879055717608,24.866466856783784,15.551148101945076,3.005032332370405,18.55618043431548,0.0977419626002121,0.0216722274963674,0.0511212552217711,0.0216722274963674,-7.3173979568516,0.1202808270518497,0.0242538882715829,0.1516186870222698,-7.688741028136292,-8.523416419484597,-8.270487170608575,18.745764043904767,17.774357499930993
4484,O=C1CC2=C(CC=C2)O1,17558,O=C1C=CC(=O)N1C1CC1,17534,[H]C1=C2C([H])([H])C(=O)OC23C([H])([H])C1([H])C1([H])C(=O)N(C2([H])C([H])([H])C2([H])[H])C(=O)C13[H],0,6 4 2 3 15 0,1,15.076285474564637,9.337254313090533,21.338996128778195,15.62059653653488,2.906123907985858,18.526720444520738,0.0056332357016331,0.0046308701212364,0.0153567646837463,0.0046308701212364,-12.847466588412225,0.0202974198015675,0.0103366030971983,0.0686431548536084,-13.546254712935294,-11.635064022487724,-12.342797422718164,20.67177659049681,19.51026804660793
4486,O=C1CC2=C(CC=C2)O1,17558,O=C1C=CC(=O)N1CO,17535,[H]OC([H])([H])N1C(=O)C2([H])C3([H])C([H])=C4C([H])([H])C(=O)OC4(C3([H])[H])C2([H])C1=O,0,6 4 2 3 15 0,1,14.526009699317806,8.056690298699621,21.99733857245753,15.74384135473311,2.0539296274159646,17.797770982149075,0.0128828607051554,0.0049690515077882,0.0149666325001924,0.0049690515077882,-14.194407804410396,0.0108956113488564,0.0143418380700763,0.0620295015201979,-14.44050432179447,-14.252543439671612,-15.160419530957974,19.78658141965615,18.535888177578048
4568,O=C1CC2=C(CC=C2)O1,17558,O=C1C=Cc2ccccc21,17549,[H]C1=C2C([H])([H])C(=O)OC23C([H])([H])C1([H])C1([H])C(=O)c2c([H])c([H])c([H])c([H])c2C13[H],0,6 4 2 3 15 0,1,15.492103437884849,8.461528104166558,20.233827030046186,15.285118808292705,3.5690266981439223,18.854145506436627,0.1030338377233029,0.0122385468233846,0.1708414972873909,0.0122385468233846,-12.549139006131313,0.0359962019175028,0.034732087618923,0.2040472156009281,-14.155190423735156,-9.815915397969064,-8.674712174939884,21.494589283202227,20.93663972404885
4574,O=C1CC2=C(CC=C2)O1,17558,O=C1C=c2ccccc2=N1,17550,[H]C1=C([H])C([H])=C([H])C23C1=NC(=O)C2([H])C12OC(=O)C([H])([H])C1=C([H])C3([H])C2([H])[H],0,6 4 3 2 15 0,3,17.15871420938442,12.69682537009061,24.04332911645926,15.387629415187522,7.698771245572715,23.08640066076024,0.0571926022267203,0.0143659872922766,0.0145513935126692,0.0143659872922766,-2.3787406083289326,0.0368496333407735,0.0204530988007576,0.0381536823707224,-2.502996741637709,0.1508929590045404,-5.611684836262526,21.70918992945983,22.06077843951876
5144,O=C1CC2=C(CC=C2)O1,17558,O=C1N=CC(F)=C[C@H]1F,17700,[H]C1=NC(=O)[C@]([H])(F)C2([H])C3([H])C([H])=C4C([H])([H])C(=O)OC4(C3([H])[H])C12F,0,6 4 6 4 15 0,3,15.934313189783758,14.43647945783054,23.6254849990744,15.897324316882347,8.168774273819334,24.06609859070168,0.1298185967304513,0.030176144589538,0.0433325414850237,0.030176144589538,-10.303294803910305,0.130186821113557,0.0193134261794524,0.0645811546462501,-11.893680122410856,-9.043152952790514,-10.454356018058265,22.44858194121619,20.92152020851179
5158,O=C1CC2=C(CC=C2)O1,17558,O=C1N=CC2=CC=NC2=N1,17702,[H]C1=NC2=NC(=O)N=C([H])C23C2([H])C([H])=C4C([H])([H])C(=O)OC4(C2([H])[H])C13[H],1,6 4 4 5 15 1,0,16.349614825494292,11.037109959255789,26.63461947601089,15.512913083352084,1.1288452782447038,16.641758361596786,0.0178823246937055,0.0133819907684262,0.0083785945347299,0.0133819907684262,-12.681130746435985,0.0290488666881486,0.0096054123161134,0.0164296320445283,-12.92207189748597,-11.753795940189145,-12.371265341412048,16.863583350614896,13.411849008159567
5235,O=C1CC2=C(CC=C2)O1,17558,O=C1NC(=O)C2=C1CCC2,17711,[H]C1=C2C([H])([H])C(=O)OC23C([H])([H])C1([H])C12C(=O)N([H])C(=O)C31C([H])([H])C([H])([H])C2([H])[H],0,6 4 5 6 15 0,1,15.100735103923071,11.5534028940385,22.57406750817641,16.853915167842107,4.27106757260767,21.124982740449777,0.0207397831689696,0.0037255081542787,0.0182312136766755,0.0037255081542787,-15.943067877446758,0.0214260633059923,0.0023260660643075,0.0249202835233942,-14.923320713636038,-13.33645005960635,-11.697960538353913,20.858090425574584,20.58956629586632
5419,O=C1CC2=C(CC=C2)O1,17558,O=CC#CC(F)(F)F,17787,[H]C(=O)C1=C(C(F)(F)F)C2([H])C([H])=C3C([H])([H])C(=O)OC13C2([H])[H],1,6 4 3 2 15 1,1,9.561202614317596,13.253347039314896,17.956126977608758,15.584847581039313,5.78320804548785,21.368055626527163,5.891778774412747e-05,0.0299062994412711,0.0205336949209837,0.0299062994412711,-25.82114527581417,0.0030663292742528,0.0260139035870015,0.1083924321767483,-25.06737757328846,-25.70031336638821,-26.497039113434617,21.75019200279624,22.08135381870996
5588,O=C1CC2=C(CC=C2)O1,17558,O=CNC(=O)/C=C\C(=O)O,17824,[H]OC(=O)C1([H])C23OC(=O)C([H])([H])C2=C([H])C([H])(C3([H])[H])C1([H])C(=O)N([H])C([H])=O,1,6 4 5 6 15 1,0,16.578565957609058,12.457936060861984,20.65030489815419,16.068826988877465,6.580197025178844,22.64902401405631,0.0730138110346105,0.0188093186485195,0.0040787064495621,0.0188093186485195,-10.06239050346386,0.0138710791720223,0.0119895415507364,0.0047594651246777,-10.778662664122074,-9.050063380227847,-8.819800434426327,21.81324116118152,22.653982102446527
6003,O=C1CC2=C(CC=C2)O1,17558,O=NC(F)(F)F,17917,[H]C1=C2C([H])([H])C(=O)OC23ON(C(F)(F)F)C1([H])C3([H])[H],0,6 4 1 0 15 0,3,14.613316760259812,6.043627642649753,23.54190290769376,15.636539954801464,-2.881948292099999,12.754591662701465,3.617308592478998e-05,5.3522146038081625e-05,0.0001557456637545,5.3522146038081625e-05,-10.040642569551151,3.523581773505044e-05,0.0001632773185746,0.0002932495285744,-6.855779733027248,-7.623136087177539,-8.637160802016751,14.53737716962917,13.585853820622033
6513,O=C1CC2=C(CC=C2)O1,17558,O=c1ccc(=O)n(CO)[nH]1,17988,[H]OC([H])([H])N1C(=O)C2([H])C([H])(C(=O)N1[H])C1([H])C([H])=C3C([H])([H])C(=O)OC32C1([H])[H],0,6 4 2 3 15 0,5,17.004123090030127,12.663303456543993,24.990670679827574,15.98128853032547,7.304856975822624,23.28614550614809,0.0007833187263691,0.0066847938212682,0.001723132439451,0.0066847938212682,-1.1684419684261904,0.0030267617852162,0.0150620538100235,0.0134520631976679,-1.2744918482165488,-0.2132961687137644,-5.975628642985445,22.62418882302733,23.09303631757533
6802,O=C1CC2=C(CC=C2)O1,17558,OCC1=Cc2ccccc21,18025,[H]OC([H])([H])C12c3c([H])c([H])c([H])c([H])c3C1([H])C13OC(=O)C([H])([H])C1=C([H])C2([H])C3([H])[H],1,6 4 2 3 15 1,0,11.12453378670984,8.741217451266241,17.82209721240205,15.43069520103824,2.5441004901073327,17.974795691145573,0.0201422161570481,0.0371971577362696,0.1057811814616803,0.0371971577362696,-29.304655286617034,0.090903263913332,0.0480593758810373,0.2485556975667975,-28.478735512792724,-30.141738779204907,-31.45079385854945,17.471299929130836,17.676044457144584
8208,O=C1CC2=C(CC=C2)O1,17558,C=C1C=CC(=O)O1,12125,[H]C1=C2C([H])([H])C(=O)OC23C([H])([H])C1([H])C1([H])C(=C([H])[H])OC(=O)C31[H],0,6 4 2 3 15 0,5,17.04275577652553,11.340766578731214,21.12596057548693,15.42393457972352,8.006800104302005,23.430734684025524,0.0312400870966978,0.0086410799083932,0.0236653025178946,0.0086410799083932,-6.0487174113496,0.0220233339700646,0.0135346709631569,0.1080764733240734,-6.787502373197434,-5.328720817434601,-5.747865247373554,24.426568090421423,23.69725618355254
8486,O=C1CC2=C(CC=C2)O1,17558,FC1(F)C=CC1(F)F,13004,[H]C1=C2C([H])([H])C(=O)OC23C([H])([H])C1([H])C1([H])C(F)(F)C(F)(F)C31[H],0,6 4 3 4 15 0,1,13.795542718644196,11.461559267230651,17.697981324753272,15.589449463653906,8.721359214657152,24.31080867831106,0.001862054989809,0.0006603874723724,0.0028621223171677,0.0006603874723724,-15.20487064938046,0.0229846696683499,0.0014790657189195,0.0114200065793668,-16.44649379344144,-14.610265374478118,-14.888976575286613,24.38978673713253,23.95409831637561
9416,O=C1CC2=C(CC=C2)O1,17558,C1=NCC2=CC=NC2=N1,13799,[H]C1=NC([H])([H])C23C(=N1)N=C([H])C2([H])C12OC(=O)C([H])([H])C1=C([H])C3([H])C2([H])[H],1,6 4 3 4 15 1,0,16.011259179274997,10.928339197767365,22.978844563673285,15.551854472180915,3.764882643725471,19.316737115906385,0.042840875581709,0.0177803939860597,0.0113529263996769,0.0177803939860597,-10.707567827428475,0.0218093941837539,0.0243723528747598,0.0621790174664101,-11.022633017628472,-8.72776559539885,-8.535232580993615,20.714000941560787,19.956929272958607
9762,O=C1CC2=C(CC=C2)O1,17558,C=C1C(=O)[C@@H]2CCCO[C@H]12,13910,[H]C1=C2C([H])([H])C(=O)OC23C([H])([H])C1([H])C1(C(=O)[C@]2([H])C([H])([H])C([H])([H])C([H])([H])O[C@]12[H])C3([H])[H],0,6 4 1 0 15 0,3,14.008992624234583,10.292892074165596,16.035085152782578,15.43226411902704,8.797682923702503,24.229947042729545,0.0996133472852595,0.0197271224449115,0.1202582887312187,0.0197271224449115,-15.633098809513562,0.0867288049358052,0.0186262046563737,0.0767011342506322,-15.089820778948486,-11.149545066951,-12.831889516644296,23.70540695990745,22.37547267998104
9939,O=C1CC2=C(CC=C2)O1,17558,C=CC(=O)NC(=N)NC#N,13956,[H]N=C(N([H])C#N)N([H])C(=O)C1([H])C2([H])C([H])=C3C([H])([H])C(=O)OC3(C2([H])[H])C1([H])[H],1,6 4 1 0 15 1,2,16.068980731984347,9.391385386309649,22.27619133829791,15.653830533742068,4.519782601967229,20.173613135709296,2.154292092638634e-05,0.0108355533473734,0.0028088990999133,0.0108355533473734,-11.808674287006689,0.007516146522778,0.0035189498259466,0.0290996298963654,-13.107458629685276,-11.491436337589365,-10.322906903339792,21.00301257659773,21.888689685130306
9943,O=C1CC2=C(CC=C2)O1,17558,C=CC(=O)NC[C@H](O)CO,13962,[H]OC([H])([H])[C@@]([H])(O[H])C([H])([H])N([H])C(=O)C1([H])C2([H])C([H])=C3C([H])([H])C(=O)OC3(C2([H])[H])C1([H])[H],1,6 4 1 0 15 1,2,15.458937899822356,8.374634787309661,19.132909650446265,15.74250844318598,5.3400970155774985,21.08260545876348,0.0283323271983018,0.0391550926407631,0.0249535594677928,0.0391550926407631,-11.57316350797884,0.0598862098260007,0.0343106366973315,0.1369263785239741,-12.135585164728036,-11.244698591920551,-11.0895791913444,23.29008909401852,23.8644774468616
9948,O=C1CC2=C(CC=C2)O1,17558,C=CC(=O)OCCN(C)C,13966,[H]C1=C2C([H])([H])C(=O)OC23C([H])([H])C1([H])C([H])(C(=O)OC([H])([H])C([H])([H])N(C([H])([H])[H])C([H])([H])[H])C3([H])[H],0,6 4 1 0 15 0,3,15.708542966101875,8.885884060915048,17.793456785456655,15.69371621258021,6.367106604278067,22.06082281685828,0.0054079181314226,0.0349459949973701,0.0410490405890771,0.0349459949973701,-12.01522952994447,0.0186383650553217,0.0276693401515344,0.1668554346767194,-11.532150351337528,-10.690986512500558,-10.860681153167576,23.360897787550243,23.66965680139144
9949,O=C1CC2=C(CC=C2)O1,17558,C=CC(=O)O[C@H]1CCCO1,13969,[H]C1=C2C([H])([H])C(=O)OC23C([H])([H])C1([H])C([H])([H])C3([H])C(=O)O[C@]1([H])OC([H])([H])C([H])([H])C1([H])[H],1,6 4 0 1 15 1,0,15.801531872128416,9.349529765602531,19.26546382800308,16.320286854099134,6.218927220059868,22.539214074159,0.008924749851326,0.0037926370323302,0.0047099273095806,0.0037926370323302,-10.260947545999898,0.0157090818303413,0.0272584562295734,0.0234639739314789,-10.782526420002815,-10.05302916144256,-9.936467898637794,23.70448171690999,23.821850038531323
9975,O=C1CC2=C(CC=C2)O1,17558,C=CC(F)(F)C(=O)C(=O)O,13974,[H]OC(=O)C(=O)C(F)(F)C1([H])C2([H])C([H])=C3C([H])([H])C(=O)OC3(C2([H])[H])C1([H])[H],1,6 4 1 0 15 1,2,15.308740037230214,10.782735014625226,19.86493865871328,16.01193186971961,7.170706752738617,23.182638622458228,0.0056846157892043,0.0147572816342369,0.0188511946570975,0.0147572816342369,-10.847092728233548,0.0202854995351873,0.032477541488262,0.0707496332775688,-10.93426594088033,-10.096932914802764,-10.82686735107697,23.20142691885828,23.26406033297969
10044,O=C1CC2=C(CC=C2)O1,17558,C=CC1=NC(C)(C)C(=O)O1,13986,[H]C1=C2C([H])([H])C(=O)OC23C([H])([H])C1([H])C([H])([H])C3([H])C1=NC(C([H])([H])[H])(C([H])([H])[H])C(=O)O1,0,6 4 0 1 15 0,1,15.490212496271695,10.241136227540522,18.976697019484863,15.918980703764053,8.261157193483108,24.18013789724716,0.1338154607391201,0.0205910171079771,0.035679038508829,0.0205910171079771,-8.268363246792276,0.0683309459878832,0.0508315813660655,0.068603117858029,-9.059262769223672,-8.468049551256954,-9.442609542096434,23.26746721127829,23.10778043567874
10459,O=C1CC2=C(CC=C2)O1,17558,C=Cc1cc(C=O)ccn1,14096,[H]C(=O)c1c([H])c([H])nc(C2([H])C3([H])C([H])=C4C([H])([H])C(=O)OC4(C3([H])[H])C2([H])[H])c1[H],1,6 4 1 0 15 1,2,16.215451794732846,9.458702439935887,18.01357841675162,15.353358086988244,7.610060189803285,22.96341827679153,0.1166832863980107,0.074376290006205,0.0863120920030479,0.074376290006205,-9.406786317671802,0.103269293734412,0.0826364451877815,0.1689401034232515,-10.098656098430183,-9.168747069996948,-9.13826824120757,24.448048430730903,23.825702680756656
11416,O=C1CC2=C(CC=C2)O1,17558,CC1=NC(=O)[C@H](C#N)C=C1,14580,[H]C1=C2C([H])([H])C(=O)OC23C([H])([H])C1([H])C1([H])C3([H])C(C([H])([H])[H])=NC(=O)[C@]1([H])C#N,0,6 4 8 9 15 0,1,16.640689954048696,12.338734653878577,22.720758991834646,16.177351448811315,7.50342641397323,23.680777862784545,0.1237083486421298,0.0516832410155319,0.1042072527332946,0.0516832410155319,-7.227143361298836,0.2135626034508027,0.0426116141227496,0.2015479691958585,-7.3476513744739265,-7.066514504033101,-7.776122863086478,24.540658589763044,23.572977760347207
12568,O=C1CC2=C(CC=C2)O1,17558,COC[C@]1(O)C=CC(=O)O1,15497,[H]O[C@]1(C([H])([H])OC([H])([H])[H])OC(=O)C2([H])C34OC(=O)C([H])([H])C3=C([H])C([H])(C4([H])[H])C21[H],0,6 4 5 6 15 0,1,15.624275768776974,11.395319176983202,20.428467833553327,16.01509623699205,6.380865995260422,22.395962232252472,0.0109097244368779,0.000957000515625,0.0035709430177476,0.000957000515625,-13.397014153632384,0.0168744772404434,0.007682075251324,0.0301423828611579,-12.435876637603876,-12.60729342303074,-11.86141562246815,24.2129624150905,23.89037107285197
2589,O=C1C[C@H]2C=CC=C[C@H]2C1,17673,O=C1N=CC2=CC=NC2=N1,17702,[H]C1=NC2=NC(=O)N=C([H])C23C1([H])C1([H])C([H])=C([H])C3([H])[C@]2([H])C([H])([H])C(=O)C([H])([H])[C@]12[H],1,4 7 4 5 20 1,0,24.817262058362505,12.382641270631067,25.996464161148403,15.683143953015517,9.67488951148838,25.358033464503897,0.0057662727934322,0.0134554403368998,0.0125628315263736,0.0134554403368998,-10.372832849344285,0.0109180946363206,0.0289262672355009,0.022380968353651,-11.471397575439823,-12.053601986323386,-7.680971657355471,25.49481531487171,21.05292062454211
10316,O=C1C[C@H]2CC=CC=C12,17676,O=C1N=CC2=CC=NC2=N1,17702,[H]C1=NC2=NC(=O)N=C([H])C23C2([H])C([H])=C([H])C4(C(=O)C([H])([H])[C@@]4([H])C2([H])[H])C13[H],1,5 8 4 5 17 1,0,23.53465655329082,12.539870791050168,25.53565127783087,15.284381242113492,10.486785931796646,25.771167173910136,0.0109832885936104,0.0260571050084162,0.0192803053652797,0.0260571050084162,-5.645388815765351,0.0149254427019361,0.0183867900830203,0.0118606944188248,-4.425369964226711,-6.1286880179554295,-6.427566588410535,25.06737064942068,22.14027258780233
2842,O=NC1=C(NO)CCCC1,17918,N[C@H]1N=CN=C2N=NC=C21,17093,[H]ON([H])C12C(=NOC34C(=NC([H])=N[C@]3([H])N([H])[H])N=NC14[H])C([H])([H])C([H])([H])C([H])([H])C2([H])[H],0,0 3 9 8 20 0,3,20.6793063033366,9.922626933397098,22.11734241269904,16.311927967469593,10.415953959686604,26.7278819271562,0.0215869566606756,0.0134664495160139,0.0148547492905026,0.0134664495160139,-12.51750070631622,0.0088581285662647,0.0487356954458464,0.0173888560742943,-11.75615739524266,-11.103299609509918,-11.79739866213071,22.63887766384979,22.18532115908112
4442,O=NC1=C(NO)CCCC1,17918,O=C1C=C(C(F)(F)F)N=N1,17526,[H]ON([H])C12C(=NOC3(C(F)(F)F)N=NC(=O)C31[H])C([H])([H])C([H])([H])C([H])([H])C2([H])[H],0,0 3 3 2 20 0,3,18.57796242402712,9.44072395624654,21.60753756099399,16.095375609443444,9.560601925127576,25.65597753457102,1.5327712836881025e-05,0.0090858575132067,0.0083140060600483,0.0090858575132067,-24.307653983821982,0.0022484489207688,0.0111556539826969,0.0054352623562041,-23.407817082050983,-19.41869326281545,-17.20221039658886,22.484025968299512,22.302467365740966
4480,O=NC1=C(NO)CCCC1,17918,O=C1C=CC(=O)C(F)=C1,17533,[H]ON([H])C12C(=NOC3(F)C(=O)C([H])=C([H])C(=O)C31[H])C([H])([H])C([H])([H])C([H])([H])C2([H])[H],0,0 3 6 8 20 0,5,22.206026153694072,11.336819589324335,22.491410427591404,15.66040584506389,15.4049853105243,31.065391155588188,0.0394534966267644,0.0496993972622785,0.0390595653414117,0.0496993972622785,-8.21610471365247,0.0802822511551794,0.0672657017775119,0.0374900753742571,-7.593453470122796,-8.119964065651445,-11.537253281411097,24.980491892013667,23.782018561343776
5118,O=NC1=C(NO)CCCC1,17918,O=C1N=C(O)C(=O)C(=O)N1,17697,[H]OC1=NC(=O)N([H])C(=O)C12ON=C1C([H])([H])C([H])([H])C([H])([H])C([H])([H])C1(N([H])O[H])O2,0,0 3 5 6 20 0,9,23.863149861716305,10.032628575418435,29.02681783388333,16.08852509812404,8.643378504568012,24.731903602692054,0.012280685989865,0.0074400590834406,0.0153360470120435,0.0074400590834406,-2.89244481045948,0.0222703117447957,0.0134034863476154,0.0814300915889884,-3.243220000466252,-0.5642602478714629,-6.384389486418222,21.23694129198197,21.859999804034462
5158,O=NC1=C(NO)CCCC1,17918,O=C1N=CC2=CC=NC2=N1,17702,[H]ON([H])C12C(=NOC34C([H])=NC(=O)N=C3N=C([H])C41[H])C([H])([H])C([H])([H])C([H])([H])C2([H])[H],1,0 3 4 5 20 1,0,22.05375574474457,9.668394711363115,25.324927833708472,15.90126290575648,9.38507806147508,25.28634096723156,0.0103136223747484,0.0189637466378163,0.0059625869567016,0.0189637466378163,-10.490615638564073,0.0160584610837462,0.0192766860756064,0.0071870464534414,-10.364283258609312,-10.319901693427276,-12.320650884588296,21.7700512687051,18.13061586779159
5324,O=NC1=C(NO)CCCC1,17918,O=C1NCN=C2N=CN=C12,17733,[H]ON([H])C12C(=NOC34C(=O)N([H])C([H])([H])N=C3N=C([H])N41)C([H])([H])C([H])([H])C([H])([H])C2([H])[H],1,0 3 9 8 20 1,14,20.799786371385338,7.50642609415442,23.21870565771723,16.30006035777417,8.640185878101214,24.940246235875385,0.0033108061994944,0.0099547538506695,0.0077696853550867,0.0099547538506695,-12.070176296763371,0.0100177976272966,0.0264351457854632,0.0254982346083421,-10.615450276266236,-6.625306531564789,-13.041597532656,22.18510145075791,22.222383816593293
9416,O=NC1=C(NO)CCCC1,17918,C1=NCC2=CC=NC2=N1,13799,[H]ON([H])C12C(=NOC34C(=NC([H])=NC3([H])[H])N=C([H])C41[H])C([H])([H])C([H])([H])C([H])([H])C2([H])[H],1,0 3 3 4 20 1,0,21.43857562312008,9.091820578908337,21.334908064361187,15.775960517371624,11.047483721645843,26.82344423901747,0.0130989846585519,0.0162247783630325,0.0208595262769356,0.0162247783630325,-8.225911327316226,0.009555436477058,0.0273367957809468,0.0501424522062563,-8.340468627812108,-8.130127747775866,-9.74502704075816,23.8716605849484,23.79152859231401
418,O=Nc1c[nH]c(=O)[nH]c1=O,17930,F/C(=C\C(F)F)C(F)(F)F,16500,[H]N1C(=O)C2=NOC(F)(C(F)(F)F)C([H])(C([H])(F)F)C2([H])N([H])C1=O,1,0 3 1 2 13 1,0,12.094316491545127,15.195193546934492,19.68218518729672,16.296968582132486,9.93166754656323,26.228636128695715,0.0041780857288903,0.0035463598683207,0.0060916697280886,0.0035463598683207,-11.970916916382135,0.0140900734552097,0.0078690247542283,0.000671112972188,-11.273071544973943,-11.674285621201632,-13.082268180168768,23.454737645933363,23.43632281222217
1585,O=Nc1c[nH]c(=O)[nH]c1=O,17930,N#Cc1cnoc1C#N,16711,[H]c1noc(C2=NC3([H])C(=NO2)C(=O)N([H])C(=O)N3[H])c1C#N,0,0 3 7 8 13 0,9,14.077709800965469,8.362037048493507,16.671395359914754,14.701945110955254,11.230462246159885,25.93240735711514,0.0249947552630517,0.0230237307985204,0.0240158120635238,0.0230237307985204,-6.332837474542593,0.0318736694473074,0.0457282933937325,0.0225529313714451,-6.678561791920181,-5.311606563941247,-8.54862156823895,21.400939932523507,23.59987212076633
1694,O=Nc1c[nH]c(=O)[nH]c1=O,17930,N#Cc1nonc1C#N,16728,[H]N1C(=O)C2=NOC(c3nonc3C#N)=NC2([H])N([H])C1=O,1,0 3 1 0 13 1,2,14.266228146680332,8.542049446142766,15.943881430162808,14.690394589859457,9.932236644534084,24.62263123439354,0.0086587993064635,0.0056176557526211,0.0124029449032462,0.0056176557526211,-7.259242101277046,0.0321583866198497,0.0593010174471263,0.0462217716032754,-8.478582978531193,-8.219387902372361,-8.690263621527926,20.67613658613271,23.0659989456905
2842,O=Nc1c[nH]c(=O)[nH]c1=O,17930,N[C@H]1N=CN=C2N=NC=C21,17093,[H]C1=N[C@]([H])(N([H])[H])C23ON=C4C(=O)N([H])C(=O)N([H])C4([H])C2([H])N=NC3=N1,0,0 3 9 8 13 0,3,12.987601750134855,7.869354713532322,22.531520578988538,16.17664712117505,0.7626675962745466,16.939314717449598,0.0222725851715824,0.0162464836913133,0.0304914149187174,0.0162464836913133,-8.838818004911296,0.0248422543066352,0.0310109531407903,0.026185821107712,-10.816565913523434,-11.25810155085069,-11.836296972016129,10.964687131743409,14.007101589176171
4336,O=Nc1c[nH]c(=O)[nH]c1=O,17930,O=C(O)[C@@H]1C=CC=NC1=O,17480,[H]OC(=O)[C@@]1([H])C(=O)N=C([H])C2([H])C3([H])C(=NOC21[H])C(=O)N([H])C(=O)N3[H],0,0 3 4 5 13 0,1,14.755713854636822,11.084288752584202,21.44504972265718,16.083887983894186,3.9823742140405898,20.066262197934776,0.031519552344107,0.0121596326731596,0.0392065291558976,0.0121596326731596,-5.058989197452092,0.0784570318521094,0.0528339601328672,0.048009715312611,-6.788793162240445,-7.753555078360563,-6.216990968749929,19.92235362709078,20.7075589480836
4405,O=Nc1c[nH]c(=O)[nH]c1=O,17930,O=C1C(F)=C(F)C1(F)F,17521,[H]N1C(=O)C2=NOC3(F)C(F)(F)C(=O)C3(F)C2([H])N([H])C1=O,1,0 3 4 2 13 1,2,13.87430228268663,13.076328721760424,19.41363899123096,15.399149159070165,5.637880324296063,21.037029483366226,0.0033611485324538,0.0175099948727407,0.0050469740330677,0.0175099948727407,-8.150938327928877,0.0233089457385538,0.019436659725424,0.0251666234320974,-10.117021277104527,-8.822925998979137,-7.396722692008787,22.645403943068622,23.24462207679963
4416,O=Nc1c[nH]c(=O)[nH]c1=O,17930,O=C1C(O)=Nc2ncnn21,17523,[H]OC12ON=C3C(=O)N([H])C(=O)N([H])C3([H])N1c1nc([H])nn1C2=O,0,0 3 2 4 13 0,5,12.50349687686441,6.053108657072537,20.03689762709457,15.734363155845037,-0.70811397630602,15.026249179539017,0.0004508112778184,0.0021832969374517,0.0309910630117258,0.0021832969374517,-10.340076171164668,0.0013385494417654,0.058245916353256,0.0144865604899366,-10.139403392910232,-9.65075486039197,-10.11605930237436,14.71030655997986,17.973613974633853
4442,O=Nc1c[nH]c(=O)[nH]c1=O,17930,O=C1C=C(C(F)(F)F)N=N1,17526,[H]N1C(=O)C2=NOC3(C(F)(F)F)N=NC(=O)C3([H])C2([H])N([H])C1=O,0,0 3 3 2 13 0,3,10.561761441468873,6.88170713784736,20.355076904066948,15.870911031486086,-0.0332166631744534,15.837694368311633,5.931262158761453e-05,0.0056162764609897,0.0097791011840423,0.0056162764609897,-21.55604921976746,0.0023448193840402,0.012531001960791,0.005281004716854,-21.05886234328875,-19.01191702139933,-15.634727631001525,9.92575123854925,14.27264960053292
4480,O=Nc1c[nH]c(=O)[nH]c1=O,17930,O=C1C=CC(=O)C(F)=C1,17533,[H]C1=C([H])C(=O)C2([H])C(F)(ON=C3C(=O)N([H])C(=O)N([H])C32[H])C1=O,0,0 3 6 8 13 0,5,13.607456147343752,8.883398195497275,19.605294207425217,15.312761553303057,7.101732822527254,22.41449437583031,0.0366018999295874,0.0332024551057386,0.0602961590581296,0.0332024551057386,-5.27820439055705,0.0805218287146135,0.0881429106712507,0.0541223473350043,-4.678927397195679,-7.187040105075347,-10.111797147434132,15.082973085852243,16.66079569400846
4484,O=Nc1c[nH]c(=O)[nH]c1=O,17930,O=C1C=CC(=O)N1C1CC1,17534,[H]N1C(=O)C2=NOC3([H])C(=O)N(C4([H])C([H])([H])C4([H])[H])C(=O)C3([H])C2([H])N([H])C1=O,0,0 3 2 3 13 0,1,13.134771487913795,7.198506009665335,19.57453608974636,15.664764999422957,1.3023289784438603,16.967093977866817,0.0023331783047199,0.0067970390105475,0.0170287432883881,0.0067970390105475,-9.052726151516516,0.0113341240609475,0.0203677879680472,0.0290775782400964,-10.53646177542079,-11.514148193450405,-11.854840575405987,15.3703735002235,16.123155985739878
4486,O=Nc1c[nH]c(=O)[nH]c1=O,17930,O=C1C=CC(=O)N1CO,17535,[H]OC([H])([H])N1C(=O)C2([H])ON=C3C(=O)N([H])C(=O)N([H])C3([H])C2([H])C1=O,0,0 3 2 3 13 0,1,12.775949312729717,5.869654425219949,19.95281685631753,15.712283323350333,1.153039888619389,16.865323211969724,0.0073749676212142,0.0111860865139558,0.0158085409001585,0.0111860865139558,-7.6912497601856415,0.0077897179590437,0.027022422733817,0.0343848520905004,-9.19149085576126,-11.46325137253728,-12.667130269700088,15.072188699715507,15.87580580167308
4574,O=Nc1c[nH]c(=O)[nH]c1=O,17930,O=C1C=c2ccccc2=N1,17550,[H]C1=C([H])C([H])=C([H])C23ON=C4C(=O)N([H])C(=O)N([H])C4([H])C2([H])C(=O)N=C13,0,0 3 3 2 13 0,3,14.973761560239987,8.11756913760922,20.82908375060732,15.446993308873497,7.492715712556169,22.939709021429664,0.0101444924156234,0.0285418248439366,0.0307568813990833,0.0285418248439366,0.1821709030984841,0.016536665520649,0.031505787032245,0.023889795984836,-0.3212811763433549,-0.2255827287015783,-6.476936317932776,16.169911014584148,18.124458300348444
5141,O=Nc1c[nH]c(=O)[nH]c1=O,17930,O=C1N=CC(F)=C[C@H]1F,17700,[H]C1=NC(=O)[C@]([H])(F)C2([H])C1(F)ON=C1C(=O)N([H])C(=O)N([H])C12[H],1,0 3 4 6 13 1,0,12.980407920409675,10.473807432419374,19.93011380402911,15.294710955176583,7.825702198761963,23.120413153938543,0.0255534539357078,0.0179108826262827,0.0377690797521811,0.0179108826262827,-9.58299572053926,0.0999418187277222,0.0563191229033012,0.0244179665033305,-10.863554609446574,-10.204075689736015,-12.5896819561479,16.030841989406923,18.226748136126343
5151,O=Nc1c[nH]c(=O)[nH]c1=O,17930,O=C1N=CC2(N=N2)C(=O)N1,17701,[H]N1C(=O)C2=NOC3([H])N(C(=O)N([H])C(=O)C34N=N4)C2([H])N([H])C1=O,1,0 3 3 2 13 1,6,13.366199157265417,8.290882882489628,21.510428179769683,16.031023961806223,0.2469324409521682,16.27795640275839,0.0014475243295533,0.0015379152863575,0.0176347926017644,0.0015379152863575,-6.149269087375885,0.0067226114548278,0.0575890640385244,0.0112136333471727,-6.590804141239019,-9.478950630543885,-7.497385294115784,16.654875142646734,18.39252783107376
5158,O=Nc1c[nH]c(=O)[nH]c1=O,17930,O=C1N=CC2=CC=NC2=N1,17702,[H]C1=NC(=O)N=C2N=C([H])C3([H])C12ON=C1C(=O)N([H])C(=O)N([H])C13[H],1,0 3 4 5 13 1,0,13.980746559495476,6.45327623471025,22.78778214614935,15.55418931448036,0.1668507176365992,15.721040032116958,0.0060916976076565,0.0272829348936427,0.0238422242778736,0.0272829348936427,-6.524844611569748,0.0278822990697367,0.0221075970024234,0.0132076294022862,-10.236678262678671,-10.457600691256252,-11.858715277728429,10.835023975929287,11.288435726140792
5165,O=Nc1c[nH]c(=O)[nH]c1=O,17930,O=C1N=CC=C2N=CN=C12,17703,[H]C1=NC23ON=C4C(=O)N([H])C(=O)N([H])C4([H])C2([H])C([H])=NC(=O)C3=N1,0,0 3 5 4 13 0,3,15.487781626169284,10.628738164208109,20.72956833395073,15.476551067076754,7.663415307507901,23.13996637458465,0.0237260934704457,0.0291949369381499,0.0434130982645331,0.0291949369381499,-2.245707751670569,0.0909753910072141,0.0592335676829579,0.0192620089449288,-5.001352053444094,-4.990076991582964,-5.143100732243827,20.75036208394896,20.330694936234536
5213,O=Nc1c[nH]c(=O)[nH]c1=O,17930,O=C1N=NC(C2CC2)=N1,17707,[H]N1C(=O)C2=NOC3(C4([H])C([H])([H])C4([H])[H])N=NC(=O)N3C2([H])N([H])C1=O,0,0 3 4 8 13 0,7,11.82078569383856,6.464280325705396,20.21101531367258,15.742388496739515,0.8520117269659906,16.594400223705506,0.0051030121949291,0.0070147014742578,0.0093788538355814,0.0070147014742578,-12.910485796618543,0.0176095643496919,0.0424855498694713,0.0361964611207344,-11.96227862666536,-8.649176095411988,-11.061875195237915,12.533205380431593,16.31724704130536
5235,O=Nc1c[nH]c(=O)[nH]c1=O,17930,O=C1NC(=O)C2=C1CCC2,17711,[H]N1C(=O)C2=NOC34C(=O)N([H])C(=O)C3(C2([H])N([H])C1=O)C([H])([H])C([H])([H])C4([H])[H],0,0 3 5 6 13 0,1,13.538231278986473,8.744649549900931,22.769237531831948,16.71577559629034,-1.837127499872622,14.878648096417717,0.0067791284641787,0.0010116923868627,0.0363814202269935,0.0010116923868627,-14.291406025882225,0.0303611568562272,0.005041062357025,0.0553881029231887,-13.668519538811957,-13.689154551891242,-12.292651990072386,14.173076072759644,15.15524886427052
5324,O=Nc1c[nH]c(=O)[nH]c1=O,17930,O=C1NCN=C2N=CN=C12,17733,[H]C1=NC2=NC([H])([H])N([H])C(=O)C23ON=C2C(=O)N([H])C(=O)N([H])C2([H])N13,1,0 3 9 8 13 1,14,12.230920195023732,3.865037583287666,22.598463309864453,16.085070252504362,-2.4217626491303115,13.66330760337405,0.0031957188988344,0.0136567902227114,0.0272149681729463,0.0136567902227114,-6.347010065383365,0.0145772676417887,0.03572682020476,0.1072140167180002,-6.753662007954503,-4.795338580991963,-9.905622144625426,10.686589751580089,13.89121173305858
5419,O=Nc1c[nH]c(=O)[nH]c1=O,17930,O=CC#CC(F)(F)F,17787,[H]C(=O)C1=C(C(F)(F)F)ON=C2C(=O)N([H])C(=O)N([H])C21[H],1,0 3 3 2 13 1,1,7.787695903475583,10.75528871866679,15.312820165111605,15.68036415081428,4.519887556138594,20.20025170695288,0.0001452723357948,0.019323651849097,0.0282573511241154,0.019323651849097,-28.42732014666192,0.0031663889589097,0.0397117813574254,0.0394932670568932,-29.124932602341826,-27.052815140767088,-30.054103126601618,18.21129207205559,21.18900701976343
5422,O=Nc1c[nH]c(=O)[nH]c1=O,17930,O=CC(=O)/C=C\[C@H](O)CO,17788,[H]OC([H])([H])[C@@]([H])(O[H])C1([H])ON=C2C(=O)N([H])C(=O)N([H])C2([H])C1([H])C(=O)C([H])=O,1,0 3 5 4 13 1,2,16.285643518316206,12.270591527892453,23.431708425612,16.031122481980983,6.8865180086424616,22.917640490623445,0.0268245247359984,0.0291041311593677,0.0771564971844593,0.0291041311593677,-5.131732531369089,0.0578264094922896,0.0451819016428077,0.0502420913828212,-5.992398186382822,-6.182977561302657,-5.868282642020414,21.08244996266064,21.73868040988616
8486,O=Nc1c[nH]c(=O)[nH]c1=O,17930,FC1(F)C=CC1(F)F,13004,[H]N1C(=O)C2=NOC3([H])C(F)(F)C(F)(F)C3([H])C2([H])N([H])C1=O,0,0 3 3 4 13 0,1,11.958908881713008,10.125854426553332,15.930664302861096,15.689008142085855,7.073988328396078,22.762996470481937,0.0006735769638398,0.0006913747312311,0.0029342581462466,0.0006913747312311,-13.398341057646668,0.011645484951772,0.0006081623392408,0.0067108010646029,-14.287116881407885,-13.343629417533265,-13.28991264174762,21.399118008347667,21.30483621205949
8662,O=Nc1c[nH]c(=O)[nH]c1=O,17930,NC1=NC(=O)C=N1,13154,[H]N([H])C1=NC(=O)C2([H])ON=C3C(=O)N([H])C(=O)N([H])C3([H])N12,0,0 3 5 6 13 0,9,12.713509634747686,5.072543305410166,19.524148546315256,15.70506591055716,-1.620216105481422,14.084849805075738,0.0013461070270017,0.0038159196588696,0.0060102334026596,0.0038159196588696,-9.86927674784136,0.003010461303755,0.0323813002922801,0.0088301655279067,-11.32428235679064,-9.284597289142267,-9.192339544537797,15.2874734289193,18.274343211731765
8899,O=Nc1c[nH]c(=O)[nH]c1=O,17930,C#Cc1ncc(C=O)cn1,13668,[H]C(=O)c1c([H])nc(C2=C([H])C3([H])C(=NO2)C(=O)N([H])C(=O)N3[H])nc1[H],1,0 3 1 0 13 1,1,10.196049093215674,8.524975563223922,12.145934467372534,13.974879443129076,8.075518835505303,22.05039827863438,0.003985566460256,0.0180926903625751,0.0110231927204146,0.0180926903625751,-27.21569163393898,0.0103042526935835,0.0454622723614813,0.0019194650374147,-29.425547300744547,-28.29886720938877,-28.02984644798299,20.777154962875965,23.29999549448074
9416,O=Nc1c[nH]c(=O)[nH]c1=O,17930,C1=NCC2=CC=NC2=N1,13799,[H]C1=NC([H])([H])C23ON=C4C(=O)N([H])C(=O)N([H])C4([H])C2([H])C([H])=NC3=N1,1,0 3 3 4 13 1,0,13.596150212360008,6.819720468815676,20.5856365889625,15.633634685592098,0.1761577097985025,15.8097923953906,0.0113120288644336,0.0148839060528995,0.0440021369416882,0.0148839060528995,-7.272881761459317,0.0183571778111696,0.0265615517913907,0.0594334603988963,-9.837579906691609,-9.773922394033562,-9.00792444881838,13.816840060698954,15.353954417463584
9548,O=Nc1c[nH]c(=O)[nH]c1=O,17930,C=C(C(F)(F)F)C(F)(F)F,13835,[H]N1C(=O)C2=NOC(C(F)(F)F)(C(F)(F)F)C([H])([H])C2([H])N([H])C1=O,1,0 3 1 0 13 1,1,12.95367864380637,11.866686419211227,18.122208682637616,16.13876804040183,8.04409150326175,24.18285954366358,6.7872396965339145e-06,0.0080537607731419,0.0078915017254882,0.0080537607731419,-5.717138256501528,0.002149448092077,0.0029017683752063,0.0034994157983467,-6.817020592262537,-6.427921657841605,-10.470838043039096,23.36617116526284,23.57321029359846
9976,O=Nc1c[nH]c(=O)[nH]c1=O,17930,C=CC(F)(F)C(=O)C(=O)O,13974,[H]OC(=O)C(=O)C(F)(F)C1([H])ON=C2C(=O)N([H])C(=O)N([H])C2([H])C1([H])[H],0,0 3 1 0 13 0,3,13.306966120569768,9.91997245969647,17.517564378962025,16.040104092556444,6.341025681026455,22.3811297735829,0.0140273192417625,0.0045691449393406,0.0356476240202872,0.0045691449393406,-7.161665366729878,0.0327171994201575,0.0235951165130732,0.0577567645458055,-8.233302036982849,-8.814782569588111,-10.59366839220536,20.259339485452674,22.926439398843165
11222,O=Nc1c[nH]c(=O)[nH]c1=O,17930,CC1=CC(=O)C=C(C)C1=O,14535,[H]C1=C(C([H])([H])[H])C(=O)C2(C([H])([H])[H])ON=C3C(=O)N([H])C(=O)N([H])C3([H])C2([H])C1=O,0,0 3 6 5 13 0,7,16.42212959154506,11.153469226967111,22.8083336799708,16.10483520681401,5.219286175563589,21.3241213823776,0.0427639982671566,0.0114059018840205,0.0230007914345449,0.0114059018840205,-1.76055585055175,0.0192700809345943,0.0513280237984038,0.0410474482425742,-3.7802885546868055,-5.2554176676232025,-5.388585732642781,20.56477800767787,20.68390799303423
11416,O=Nc1c[nH]c(=O)[nH]c1=O,17930,CC1=NC(=O)[C@H](C#N)C=C1,14580,[H]N1C(=O)C2=NOC3([H])C([H])(C(C([H])([H])[H])=NC(=O)[C@]3([H])C#N)C2([H])N([H])C1=O,0,0 3 8 9 13 0,1,14.170855909869566,10.252909601693489,19.73117605232344,16.14507103573529,6.076334532667477,22.22140556840277,0.0432165735926165,0.0530987579174067,0.0696783464204504,0.0530987579174067,-6.064296223591917,0.1712427001409874,0.0774264179656027,0.0470505803278886,-7.133905640345176,-7.747904850344199,-8.424828334757933,19.856106039122576,19.689052341560195
14210,O=Nc1cccnc1N=O,17932,N[C@H]1N=CN=C2N=NC=C21,17093,[H]C1=N[C@]([H])(N([H])[H])C23C(=N1)N=NC2([H])ON=C1C(N=O)=C([H])C([H])=C([H])N13,0,6 9 9 8 13 0,15,11.778020962050402,10.862710222562976,12.597038976460617,16.085253017434763,11.77165454416377,27.856907561598533,5.965411838283078e-05,6.280542202149484e-05,0.0067505820752009,6.280542202149484e-05,-7.649888603595066,8.137171181022643e-07,1.2649572186314052e-06,3.673864378519708e-05,-6.0592976041752,-4.756858856695882,-8.33264024553484,24.223540380223927,22.749956782701737
22432,O=Nc1cccnc1N=O,17932,O=C1C=CC(=O)N1CO,17535,[H]OC([H])([H])N1C(=O)C2([H])ON=C3C(N=O)=C([H])C([H])=C([H])N3C2([H])C1=O,0,6 9 2 3 13 0,7,11.36887744886954,7.914160560755917,11.893348647937136,15.591981540148137,12.05187247178744,27.643854011935574,1.3192336128054235e-05,6.945334267073106e-06,0.0032539883049954,6.945334267073106e-06,-6.783755441918814,1.4073640636503352e-08,1.0709640752342828e-06,2.2619739781023967e-05,-6.386889595958792,-6.603244777083585,-9.14750426935214,25.27770714279832,22.59472524406901
4442,O=c1[nH]cnc2c1CCN2,17953,O=C1C=C(C(F)(F)F)N=N1,17526,[H]N1C2=NC3([H])N([H])C(=O)C2(C([H])([H])C1([H])[H])C1([H])C(=O)N=NC31C(F)(F)F,0,3 6 3 2 17 0,3,20.29210160858144,13.868690901016892,26.27152433582394,15.800650063218514,8.538617204923785,24.3392672681423,2.1509105505642004e-05,0.0119204172546455,0.0044001095515392,0.0119204172546455,-13.60188635814064,0.0014923471950184,0.0228470613672458,0.0116900444740153,-13.353661873816923,-12.64258464287314,-7.980149481825194,24.626475821905466,23.49252387914037
6804,OCCCc1ccoc1,18032,OCC1=Cc2ccccc21,18025,[H]OC([H])([H])C([H])([H])C([H])([H])C1=C([H])C2([H])OC1([H])C1([H])c3c([H])c([H])c([H])c([H])c3C21C([H])([H])O[H],1,8 6 3 2 19 1,2,15.702068348187256,11.735906481123305,19.232199468401344,15.344176499255806,8.802286830959954,24.14646333021576,0.0698968232270458,0.0145872664010092,0.0164824280373497,0.0145872664010092,-9.877893818227626,0.1765818985513871,0.0078594387313454,0.182718988354908,-9.734888524058457,-12.29141502434654,-14.36305642125948,22.48914132576809,23.59598184469222
6802,OCc1cnc(C2CC2)o1,18073,OCC1=Cc2ccccc21,18025,[H]OC([H])([H])C12OC(C3([H])C([H])([H])C3([H])[H])(N=C1[H])C1([H])c3c([H])c([H])c([H])c([H])c3C21C([H])([H])O[H],1,2 5 2 3 19 1,0,17.233096170580026,11.563105294342726,22.088539839744872,15.647783316800805,6.350827222514791,21.9986105393156,0.0037867585432742,0.0021240415184347,0.0613580970590321,0.0021240415184347,-8.51290394110709,0.0253696397957939,0.0069540213449582,0.0985728926939296,-7.570825165363658,-10.295054998985693,-9.726242645508547,24.16279919089681,23.916528689517257
5419,OCc1coc(C2CC2)n1,18076,O=CC#CC(F)(F)F,17787,[H]OC([H])([H])C1=NC2(C3([H])C([H])([H])C3([H])[H])OC1([H])C(C([H])=O)=C2C(F)(F)F,1,5 3 3 2 19 1,1,14.807910559617357,15.329634381874346,23.26473532663348,16.41409414724114,8.289691823141595,24.703785970382736,2.5791078483026445e-05,0.0128788029113738,0.0148918898705452,0.0128788029113738,-5.404734241701085,0.001009971898877,0.0054791071354162,0.0410532746786566,-5.567920422292531,-5.508226297376872,-8.097925322017453,23.718648621308407,22.67382179603516
6804,OCc1coc(C2CC2)n1,18076,OCC1=Cc2ccccc21,18025,[H]OC([H])([H])C1=NC2(C3([H])C([H])([H])C3([H])[H])OC1([H])C1(C([H])([H])O[H])c3c([H])c([H])c([H])c([H])c3C21[H],1,5 3 3 2 19 1,2,17.264316888129223,11.617076698940526,21.62676294292101,15.94053453969812,5.338863523395304,21.279398063093424,0.1720789938930969,0.0108310402881248,0.0762007984471394,0.0108310402881248,-12.104336035104296,0.2931542274474583,0.0125829829292191,0.6564988021332214,-13.181012900985955,-14.835720267083325,-15.103048199637328,22.41328794042122,23.057283657523406
5419,OCc1coc(CO)c1,18077,O=CC#CC(F)(F)F,17787,[H]OC([H])([H])C1=C([H])C2(C([H])([H])O[H])OC1([H])C(C([H])=O)=C2C(F)(F)F,1,5 3 3 2 17 1,1,13.649010132724786,15.530560769424795,24.77085974852191,16.153146888928813,5.899503819193079,22.05265070812189,3.4550652242412904e-05,0.0307279444501734,0.019992562038988,0.0307279444501734,-6.798438164603674,0.0014780193389996,0.0181278723557819,0.0503776106288055,-6.7825077200598685,-7.586258994064579,-9.723750066547964,21.58216136302381,22.21950300471805
6804,OCc1coc(CO)c1,18077,OCC1=Cc2ccccc21,18025,[H]OC([H])([H])C1=C([H])C2(C([H])([H])O[H])OC1([H])C1(C([H])([H])O[H])c3c([H])c([H])c([H])c([H])c3C21[H],1,5 3 3 2 17 1,2,15.5582696849138,12.371119811981112,23.10611037574344,15.931924121046311,5.1917690619266565,21.123693182972968,0.1459098877409273,0.0162173205381048,0.0839030527186403,0.0162173205381048,-11.63562723673008,0.2299837409877661,0.0138221415053115,0.4626918883453068,-13.04690365751047,-15.000976348177332,-15.297913854761582,20.40094803616271,22.06179438279099
7000,OCc1coc(CO)c1,18077,O[C@@H]1CC/C=C/CCC1,18100,[H]OC([H])([H])C1=C([H])C2(C([H])([H])O[H])OC1([H])C1([H])C([H])([H])C([H])([H])[C@@]([H])(O[H])C([H])([H])C([H])([H])C([H])([H])C21[H],1,5 3 5 6 17 1,2,18.82113724159273,4.911967800702266,18.031335240298453,15.75130814115334,4.608888665554961,20.360196806708306,0.0818985759537901,0.0558633589325819,0.0848445464252431,0.0558633589325819,-7.879566340942972,0.1573565547173125,0.0489848894788025,0.0805753484111148,-8.480734267644841,-7.884335453557313,-6.564683911669555,22.617824681125256,23.74926949649305
2842,O[C@@H]1C(F)=CC=C[C@@H]1O,18097,N[C@H]1N=CN=C2N=NC=C21,17093,[H]O[C@@]1([H])C2([H])C([H])=C([H])C(F)(C34C(=NC([H])=N[C@]3([H])N([H])[H])N=NC24[H])[C@@]1([H])O[H],0,2 6 9 8 16 0,3,21.49573378510228,9.737115407544437,22.50746822099408,15.497785235832357,9.19813282646902,24.695918062301374,0.0314574294077671,0.0156633673935991,0.0056625859066298,0.0156633673935991,-17.39561891060208,0.0325446439517611,0.0217371393468016,0.0093804269094434,-16.72679124632841,-14.698725628124471,-16.566447720876567,21.62513767715907,20.227340892147733
4439,O[C@@H]1C(F)=CC=C[C@@H]1O,18097,O=C1C=C(C(F)(F)F)N=N1,17526,[H]O[C@@]1([H])C2([H])C([H])=C([H])C(F)(C3([H])C(=O)N=NC32C(F)(F)F)[C@@]1([H])O[H],1,2 6 2 3 16 1,0,19.58810016578758,9.312470900056322,22.697991184812388,15.41527707527497,5.093220450795194,20.508497526070165,0.0044267768627159,0.0005656198188604,0.002758761639463,0.0005656198188604,-27.80281442539345,0.0021679294548811,0.0045358423940219,0.0016313001990493,-28.58016864969305,-27.20015408890997,-22.52834486314707,20.856613707274263,20.066365488411385
4478,O[C@@H]1C(F)=CC=C[C@@H]1O,18097,O=C1C=CC(=O)C(F)=C1,17533,[H]O[C@@]1([H])C2([H])C([H])=C([H])C(F)(C3([H])C(=O)C(F)=C([H])C(=O)C32[H])[C@@]1([H])O[H],0,2 6 3 2 16 0,3,23.06658098210528,9.627474308406146,23.24396805761061,14.738753189569469,9.170972411783232,23.909725601352697,0.0352382393916173,0.0145770117250591,0.042888683046889,0.0145770117250591,-12.90863715031233,0.0768584356396942,0.0356474957886333,0.0324783190754617,-14.450427951508743,-14.029385792108847,-11.243820797726087,22.467689647432287,20.2856447827509
4484,O[C@@H]1C(F)=CC=C[C@@H]1O,18097,O=C1C=CC(=O)N1C1CC1,17534,[H]O[C@@]1([H])C2([H])C([H])=C([H])C(F)(C3([H])C(=O)N(C4([H])C([H])([H])C4([H])[H])C(=O)C32[H])[C@@]1([H])O[H],0,2 6 2 3 16 0,1,21.02853459211099,7.681506373877527,19.843098621072123,14.743539411330811,9.848143661251475,24.59168307258229,0.0008670085817499,0.0023222873942572,0.0085107934982233,0.0023222873942572,-18.59763994610745,0.0059784896677608,0.0091987458236992,0.0185317876544193,-19.078921321278592,-16.412034775113597,-16.324752315117316,23.42001966419766,21.88311792149636
4486,O[C@@H]1C(F)=CC=C[C@@H]1O,18097,O=C1C=CC(=O)N1CO,17535,[H]OC([H])([H])N1C(=O)C2([H])C([H])(C1=O)C1(F)C([H])=C([H])C2([H])[C@]([H])(O[H])[C@]1([H])O[H],0,2 6 2 3 16 0,1,20.767350588067213,6.801551264088632,19.90804576096532,14.82879965822196,8.6670337910261,23.49583344924806,0.0079354813781841,0.0033420588427346,0.0076471624840413,0.0033420588427346,-19.144187068403543,0.0043076629122607,0.0150274081502861,0.0258293921089932,-19.98947606900824,-18.68475452813329,-19.250812152323945,22.629201009917395,21.837794839992423
4568,O[C@@H]1C(F)=CC=C[C@@H]1O,18097,O=C1C=Cc2ccccc21,17549,[H]O[C@@]1([H])C2([H])C([H])=C([H])C(F)(C3([H])C(=O)c4c([H])c([H])c([H])c([H])c4C32[H])[C@@]1([H])O[H],0,2 6 2 3 16 0,1,22.06247304959548,7.242400656845121,19.197492686909108,14.417995444654778,10.215720275392808,24.633715720047583,0.0409064121601355,0.0087337598627385,0.1078732669149911,0.0087337598627385,-18.65291884990878,0.0373086413822575,0.0507006702655789,0.0562649411092998,-19.497347666956323,-15.29517418878875,-13.583372799406234,24.9128240192059,23.42497194940364
4574,O[C@@H]1C(F)=CC=C[C@@H]1O,18097,O=C1C=c2ccccc2=N1,17550,[H]O[C@@]1([H])C2([H])C([H])=C([H])C(F)(C34C(=NC(=O)C32[H])C([H])=C([H])C([H])=C4[H])[C@@]1([H])O[H],0,2 6 3 2 16 0,3,23.830075726817007,10.454334283926098,22.931386438224923,14.953235625668,13.3183908560923,28.2716264817603,0.0266146117898499,0.0104892638215267,0.0120354154126117,0.0104892638215267,-5.791608394230273,0.0574124121226379,0.0261642364000866,0.0105642396062952,-4.7068935407703165,-4.173819039200797,-9.575844763057866,24.55043224197474,23.71683135447764
5144,O[C@@H]1C(F)=CC=C[C@@H]1O,18097,O=C1N=CC(F)=C[C@H]1F,17700,[H]O[C@@]1([H])C2([H])C([H])=C([H])C(F)(C3([H])C2(F)C([H])=NC(=O)[C@]3([H])F)[C@@]1([H])O[H],0,2 6 6 4 16 0,3,21.96313849532753,13.266541650947715,22.503882385308817,14.901140691683786,14.210263976697023,29.11140466838081,0.0881176993104762,0.0309713033691734,0.0297203782340391,0.0309713033691734,-16.452778102863263,0.1164384421903583,0.0268142266245836,0.0277540875432149,-16.91770490058515,-14.87638826596728,-15.308752951074972,25.861418750508413,23.644950379742603
5149,O[C@@H]1C(F)=CC=C[C@@H]1O,18097,O=C1N=CC2(N=N2)C(=O)N1,17701,[H]O[C@@]1([H])C2([H])C([H])=C([H])C(F)(N3C(=O)N([H])C(=O)C4(N=N4)C32[H])[C@@]1([H])O[H],1,2 6 2 3 16 1,4,24.42159192885534,10.488285110453717,26.54756693164021,15.349926030746191,10.16907542540131,25.519001456147503,0.0003260409836269,0.0171309528108682,0.0208613644980984,0.0171309528108682,-14.325662666919946,0.0205587067009967,0.0423403852921383,0.0463120346712208,-14.2442934574416,-13.508404284773944,-10.734621223494416,23.63327795717093,22.452445386832856
5158,O[C@@H]1C(F)=CC=C[C@@H]1O,18097,O=C1N=CC2=CC=NC2=N1,17702,[H]O[C@@]1([H])C2([H])C([H])=C([H])C(F)(C34C([H])=NC(=O)N=C3N=C([H])C42[H])[C@@]1([H])O[H],1,2 6 4 5 16 1,0,22.298964050774742,9.36669387946789,26.04119728180713,14.95624526887096,6.143125848520814,21.099371117391776,0.0092706662361139,0.0131500114307872,0.0063486095392441,0.0131500114307872,-15.237570298786231,0.0193536660589951,0.0176752907229313,0.0053016323218808,-18.29016596795837,-16.003147795222375,-16.368020296879827,19.56189379539856,14.400208200301297
5211,O[C@@H]1C(F)=CC=C[C@@H]1O,18097,O=C1N=NC(C2CC2)=N1,17707,[H]O[C@@]1([H])C2([H])C([H])=C([H])C(F)(n3c(C4([H])C([H])([H])C4([H])[H])nc(=O)n32)[C@@]1([H])O[H],1,2 6 3 2 16 1,5,24.31884325795823,6.205198872579997,24.784165571464133,14.944661537473031,6.82970345083406,21.77436498830709,0.0022662130837469,0.0022751974112166,0.0001951321050553,0.0022751974112166,-10.316392274068631,0.0024113491429148,0.0029401535984397,0.0001100432463628,-4.146506981392079,-8.172575636460472,-5.272043681902549,20.255525178016,20.065629874391963
5220,O[C@@H]1C(F)=CC=C[C@@H]1O,18097,O=C1N=Nc2ccccc21,17709,[H]O[C@@]1([H])C2([H])C([H])=C([H])C(F)(n3c(=O)c4c([H])c([H])c([H])c([H])c4n32)[C@@]1([H])O[H],1,2 6 2 3 16 1,4,23.28230941054524,2.880152297442514,22.03786563158706,14.93165694780571,5.674091947836548,20.605748895642257,0.0190452591572516,0.0075095994276215,0.0013376303357436,0.0075095994276215,-14.668597012438156,0.0205292528087876,0.0087292994519688,0.0004459489123464,-10.12163441685992,-11.292253756288808,-9.231680046690627,18.71250313251057,19.500577041911207
5324,O[C@@H]1C(F)=CC=C[C@@H]1O,18097,O=C1NCN=C2N=CN=C12,17733,[H]O[C@@]1([H])C2([H])C([H])=C([H])C(F)(C34C(=O)N([H])C([H])([H])N=C3N=C([H])N42)[C@@]1([H])O[H],1,2 6 9 8 16 1,14,24.724533589899924,9.332796381053992,24.66467515154133,15.54329683889653,9.56679669179671,25.11009353069324,0.0049814635294469,0.0045006612168824,0.0027200322224891,0.0045006612168824,-9.966344429659893,0.0086299015503814,0.0142295726427042,0.0093884550394342,-9.44693135646422,-6.766939589631722,-7.649020973335105,23.92531768594561,23.390039341283565
6000,O[C@@H]1C(F)=CC=C[C@@H]1O,18097,O=NC(F)(F)F,17917,[H]O[C@@]1([H])C2([H])C([H])=C([H])C(F)(ON2C(F)(F)F)[C@@]1([H])O[H],1,2 6 0 1 16 1,0,20.88432417999213,5.724741047084724,22.66226315816656,14.939895653425712,2.0388718703840354,16.97876752380975,0.0001672976461833,2.415581339534187e-05,5.792067032062143e-05,2.415581339534187e-05,-14.421173756778735,0.0004118658921571,0.0013078009442469,1.5689267747234406e-05,-16.09578138019647,-14.337878121432809,-10.214268024831073,16.953616909051167,15.290839133494984
9416,O[C@@H]1C(F)=CC=C[C@@H]1O,18097,C1=NCC2=CC=NC2=N1,13799,[H]O[C@@]1([H])C2([H])C([H])=C([H])C(F)(C34C(=NC([H])=NC3([H])[H])N=C([H])C42[H])[C@@]1([H])O[H],1,2 6 3 4 16 1,0,22.669813966441065,9.79564088475404,22.235652421135644,15.105407885070836,9.748149517987535,24.85355740305837,0.0172152778970821,0.0147779335500685,0.009871249774168,0.0147779335500685,-13.748422783372511,0.0128375250105807,0.0246133434706022,0.0202409099101731,-14.627999719980592,-12.650049662104529,-12.607717591416936,24.27789198393238,23.170409341452512
5419,O[C@@H]1CCCc2occc21,18104,O=CC#CC(F)(F)F,17787,[H]O[C@@]1([H])C2=C([H])C3([H])OC2(C(C([H])=O)=C3C(F)(F)F)C([H])([H])C([H])([H])C1([H])[H],1,7 5 3 2 20 1,1,15.04828258204986,15.8152653764028,23.191053261765727,15.535044555875862,9.737882476887531,25.27292703276339,5.666540041719023e-05,0.0160848764029069,0.0148699384458795,0.0160848764029069,-3.823624037937393,0.0019980579075629,0.0156880723988498,0.0478813050876015,-2.8368618330072337,-4.629211835160348,-6.464395794489619,24.34116666022364,23.81458264514037
6802,O[C@@H]1CCCc2occc21,18104,OCC1=Cc2ccccc21,18025,[H]OC([H])([H])C12c3c([H])c([H])c([H])c([H])c3C1([H])C13OC2([H])C([H])=C1[C@]([H])(O[H])C([H])([H])C([H])([H])C3([H])[H],1,7 5 2 3 20 1,0,16.908690284429383,11.427543477803235,21.55201296885364,15.462454257570402,6.346101490282699,21.8085557478531,0.0176407340052362,0.044844214932256,0.0902141324457068,0.044844214932256,-8.248908772028315,0.0712449446638919,0.0351476109604465,0.2083790923235961,-6.954576311965944,-10.650894992211477,-12.633574500414577,22.82342140607166,23.596852647128213
6802,c1cc2c(o1)CNCC2,18265,OCC1=Cc2ccccc21,18025,[H]OC([H])([H])C12c3c([H])c([H])c([H])c([H])c3C1([H])C13OC2([H])C([H])=C1C([H])([H])C([H])([H])N([H])C3([H])[H],1,0 3 2 3 18 1,0,17.130672235818164,11.310296108012734,20.93795325597204,15.403360298027549,6.332756694318377,21.736116992345927,0.0214759566128536,0.039985194910548,0.0644372335343199,0.039985194910548,-9.381771049426426,0.0713550061840602,0.0205991212237729,0.2104408426907218,-7.845109351792438,-12.19691914574819,-12.618984078650108,23.217267241817936,23.94658486079604
5418,c1coc(C2OCCO2)c1,18348,O=CC#CC(F)(F)F,17787,[H]C(=O)C1=C(C(F)(F)F)C2([H])OC1(C1([H])OC([H])([H])C([H])([H])O1)C([H])=C2[H],1,3 1 2 3 18 1,0,14.901787706914453,15.078895467738525,21.39902184852152,15.669379503782332,9.562149486740132,25.231528990522463,0.0061034516174387,0.0021006281640376,0.0090210206069598,0.0021006281640376,-3.151210869476401,0.0033023961137258,0.0182302922247307,0.0018394525419732,-1.914089630277296,-2.3160500036117853,-5.938535404011191,24.715480677102697,23.0974194306657
5419,c1nc2c(o1)CCNC2,18364,O=CC#CC(F)(F)F,17787,[H]C(=O)C1=C(C(F)(F)F)C2([H])N=C3C([H])([H])N([H])C([H])([H])C([H])([H])C31O2,1,0 3 3 2 17 1,1,14.203416362033414,14.713685364973564,20.751874025693915,15.140128017737949,9.806072853986787,24.94620087172473,2.0216896966661405e-05,0.0091785045156726,0.0194559793865493,0.0091785045156726,-5.765815918960001,0.0015634479904857,0.0132379821460705,0.0563861522295781,-6.026803529885562,-7.543129278147145,-9.257443427491438,23.937508914456245,22.970023390175967
6802,c1nc2c(o1)CCNC2,18364,OCC1=Cc2ccccc21,18025,[H]OC([H])([H])C12c3c([H])c([H])c([H])c([H])c3C1([H])C13OC2([H])N=C1C([H])([H])N([H])C([H])([H])C3([H])[H],1,0 3 2 3 17 1,0,16.45979642528983,10.746109973353038,20.210110660914133,15.098166077267448,5.948198034350288,21.04636411161773,0.0135663690367392,0.0199754410986952,0.1017903248259676,0.0199754410986952,-8.92558168141094,0.059891153590081,0.0349953023389208,0.2619566472149344,-8.362606405980308,-13.142851027729757,-15.091713937782323,22.01749203867077,21.771500315477
7000,c1nc2c(o1)CCNC2,18364,O[C@@H]1CC/C=C/CCC1,18100,[H]O[C@@]1([H])C([H])([H])C([H])([H])C([H])([H])C2([H])C3([H])N=C4C([H])([H])N([H])C([H])([H])C([H])([H])C4(O3)C2([H])C([H])([H])C1([H])[H],1,0 3 5 6 17 1,2,19.33829075318281,4.094781201001624,16.003548764514306,14.74873483079396,8.190699189716568,22.939434020510525,0.1010771611105535,0.0639583301553097,0.030901991251019,0.0639583301553097,-5.075066275850126,0.2313813543901614,0.0303735078764183,0.0250899467139598,-4.946516814059613,-6.588333657185359,-6.485911097647875,23.437848685880702,23.487566082360605
