index,Diene,Diene_Index,Ene,Ene_Index,Product,Unreverse,Title,Structure_Id,Diene_Distort_p,Ene_Distort_p,Interaction_p,G_E_p,deltaEa_dimp,deltaGa_dimp,Times_1_Diene_Distort_var,Times_1_Distort_var,Times_1_Interaction_var,Times_1_Ene_Distort_var,Times_1_G_mean,Times_2_Diene_Distort_var,Times_2_Ene_Distort_var,Times_2_Interaction_var,Times_2_G_mean,deltaG_pred,deltaG_p,deltaGa_p,deltaGa(Solvent)_p
3406,CC1=C(C)C(C)=C(C)C1,3001,OC1=C(O)c2ccccc21,18015,[H]OC12c3c([H])c([H])c([H])c([H])c3C1(O[H])C1(C([H])([H])[H])C(C([H])([H])[H])=C(C([H])([H])[H])C2(C([H])([H])[H])C1([H])[H],1,1 6 1 2 23 1,0,14.682983873170436,12.727517418247892,19.74736148779363,15.799016533748706,6.565712787878212,22.36472932162692,0.0161747062674476,0.0080982474954313,0.0187368171851789,0.0080982474954313,-27.741616390532528,0.0282049544260868,0.0235394885448846,0.0090032770087663,-28.94634410369025,-27.35125956484456,-24.16719276060429,21.489008529413105,22.53149827669536
20408,COc1nccnn1,3998,OCC1=Cc2ccccc21,18025,[H]OC([H])([H])C12c3c([H])c([H])c([H])c([H])c3C1([H])C1(OC([H])([H])[H])N=NC2([H])C([H])=N1,1,2 5 3 2 13 1,2,18.01061110103113,12.12777767791362,21.26471149589617,15.534111617091847,7.082506183872564,22.616617800964413,0.1437264957669765,0.0142689292319692,0.0349289133695759,0.0142689292319692,-8.87705362991769,0.2909928917639902,0.017780530319693,0.1262299531748553,-10.872393073974088,-11.544003189664238,-11.05030716984038,23.76759563435694,22.67390941974012
16966,c1nncnn1,5944,OC1=C(O)c2ccccc21,18015,[H]OC12c3c([H])c([H])c([H])c([H])c3C1(O[H])C1([H])N=NC2([H])N=N1,1,0 3 1 2 8 1,0,15.162153406188088,11.856411643343211,22.12883593340208,15.198247521597734,5.531721382105125,20.72996890370286,0.0049870981264654,0.0048246903383857,0.0077051855202088,0.0048246903383857,-22.57434993930381,0.0152335817373231,0.0083023634155159,0.0135384095119105,-23.08146316781938,-21.654877216044103,-18.19061625502253,17.966250390780786,17.02071053493084
24791,c1nncnn1,5944,C=C=CON1CCCCC1,13941,[H]C(ON1C([H])([H])C([H])([H])C([H])([H])C([H])([H])C1([H])[H])=C1C2([H])N=NC([H])(N=N2)C1([H])[H],0,0 3 0 1 8 0,1,14.242938657705375,11.676484351272316,15.238176889733031,15.117703038305498,11.21496224342767,26.33266528173317,0.02486393912076,0.0541536057769328,0.019047343727627,0.0541536057769328,-18.388248185946672,0.0464962260742105,0.1170857516063833,0.0970578368515302,-18.35008715936052,-14.827764933317404,-13.684943504076609,25.62435245984882,23.34538672044428
25666,c1nncnn1,5944,C=CCOC(C)(C)CO,14030,[H]OC([H])([H])C(OC([H])([H])C1([H])C2([H])N=NC([H])(N=N2)C1([H])[H])(C([H])([H])[H])C([H])([H])[H],1,0 3 0 1 8 1,0,18.73231624272368,11.21524480004965,21.011295785110804,16.131579876409035,7.663046936558629,23.794626812967664,0.0112255591356007,0.143521365567988,0.2158947876961706,0.143521365567988,-5.411357566834013,0.0185505564362059,0.1702291618766994,0.2357734834893283,-4.949055822469461,-4.308536260645287,-5.580033815002519,24.41086105635852,23.552229266134404
25736,c1nncnn1,5944,C=CCO[C@@H](C)CN,14037,[H]N([H])C([H])([H])[C@@]([H])(OC([H])([H])C1([H])C2([H])N=NC([H])(N=N2)C1([H])[H])C([H])([H])[H],1,0 3 0 1 8 1,0,19.10296021735579,11.631757643374169,22.472833636380045,16.190881637689998,8.979249695559265,25.170131333249262,0.0187799893289693,0.222444807353033,0.3234976317862171,0.222444807353033,-4.846643281783301,0.0189326340199933,0.1473795525035425,0.2206223209077527,-4.252728720287074,-3.9138664069907705,-5.160630882613077,24.362235355604216,23.74915213708888
20408,Cc1nncnc1O,10030,OCC1=Cc2ccccc21,18025,[H]OC1=NC2([H])N=NC1(C([H])([H])[H])C1([H])c3c([H])c([H])c([H])c([H])c3C21C([H])([H])O[H],1,1 4 3 2 13 1,2,18.527992416256893,12.255865768108512,22.977107722732125,15.995249354962237,7.958393720192884,23.95364307515512,0.0560203380647385,0.025516391658002,0.0393023502778626,0.025516391658002,-7.42778338926307,0.1614113832171927,0.0257492893069439,0.1602049043482029,-8.345686450556684,-10.27235265343392,-12.807967121360498,23.41434601239412,23.40656975047218
20344,c1cnncn1,11875,OC1=C(O)c2ccccc21,18015,[H]OC12c3c([H])c([H])c([H])c([H])c3C1(O[H])C1([H])N=NC2([H])N=C1[H],1,4 1 1 2 9 1,4,17.928623379356836,13.423266577668803,21.86410869399849,15.36596028992748,7.530014424488439,22.89597471441592,0.0067595874108853,0.0072872913976786,0.0100569776114941,0.0072872913976786,-14.398766095596102,0.013511589503597,0.0158795509868085,0.0289700125100638,-13.866688352377366,-13.33701826407568,-10.44799799398048,22.845865094452808,22.443781391216792
20416,c1cnncn1,11875,OCC1=Cc2ccccc21,18025,[H]OC([H])([H])C12c3c([H])c([H])c([H])c([H])c3C1([H])C1([H])N=NC2([H])C([H])=N1,1,4 1 3 2 9 1,10,17.099193075625912,11.022021804172976,20.947508397517907,15.19008894850487,5.615049198385748,20.80513814689062,0.0704171454641558,0.0088174807179462,0.0162983494189927,0.0088174807179462,-9.593538278771328,0.1890439376076848,0.0180802717887849,0.0985236957357409,-10.534549358922362,-11.854717094623872,-12.180941108022957,22.02277497302851,20.64189300893889
2294,C=C(C)C(=C)C,11946,O=C1C=c2ccccc2=N1,17550,[H]C1=C([H])C([H])=C([H])C23C1=NC(=O)C2([H])C([H])([H])C(C([H])([H])[H])=C(C([H])([H])[H])C3([H])[H],0,0 4 2 3 16 0,1,21.573146902193542,12.047336335217349,22.531543271401787,14.530781479581522,10.84775674368572,25.37853822326724,0.0245728805431574,0.016570724435588,0.0772043616214963,0.016570724435588,-15.070884359972297,0.068904372442671,0.0326857080030567,0.1293366749366095,-14.811976994161943,-14.689731244318772,-16.6834784252912,25.92879050980205,22.06488966802123
6804,C#Cc1ccoc1C,11977,OCC1=Cc2ccccc21,18025,[H]C#CC1=C([H])C2([H])OC1(C([H])([H])[H])C1([H])c3c([H])c([H])c([H])c([H])c3C21C([H])([H])O[H],1,6 4 3 2 14 1,2,15.280191539915194,12.25484943813338,20.152779377013648,14.993976171339582,8.184811076594375,23.17878724793396,0.0797934684312385,0.0196061198528706,0.1261797307518964,0.0196061198528706,-10.285017296620689,0.4367807610525142,0.0088688958690549,0.2934396285648508,-11.05297412990688,-12.439191477160463,-14.195854794140928,21.647145084731,22.70279430233802
3421,C1=CC2(C=C1)CC2,12037,OCC1=Cc2ccccc21,18025,[H]OC([H])([H])C12c3c([H])c([H])c([H])c([H])c3C1([H])C1([H])C([H])=C([H])C2([H])C12C([H])([H])C2([H])[H],1,3 1 2 3 15 1,0,13.517180297731764,9.349975044193974,16.29300129613221,15.224635176538843,7.066009933281215,22.290645109820066,0.0151617677424522,0.018822234737165,0.0537675730959883,0.018822234737165,-17.52464959235226,0.0994956538501291,0.0232477329566316,0.117949175689461,-17.83396367535846,-22.527804210688902,-22.41755159326908,22.375443811114287,22.615144881773453
4574,C=C/C=C/CC(=O)O,12113,O=C1C=c2ccccc2=N1,17550,[H]OC(=O)C([H])([H])C1([H])C([H])=C([H])C([H])([H])C23C(=NC(=O)C21[H])C([H])=C([H])C([H])=C3[H],0,0 3 3 2 16 0,3,19.32309849907441,12.216268014055204,24.90160107031239,16.353320466738055,8.248284679962488,24.601605146700543,0.0564757617063213,0.0342645060324765,0.0249284546426168,0.0342645060324765,-8.097821161536409,0.0849871257834971,0.0481492542973406,0.0415915061588141,-8.754536991925718,-8.10699152302059,-14.738127831129283,22.97302611143934,23.018493159936824
6802,C=C/C=C/CC(=O)O,12113,OCC1=Cc2ccccc21,18025,[H]OC(=O)C([H])([H])C1([H])C([H])=C([H])C([H])([H])C2(C([H])([H])O[H])c3c([H])c([H])c([H])c([H])c3C21[H],1,0 3 2 3 16 1,0,13.26329771604342,10.282021821096023,19.716166752815862,16.335288842479105,3.4538481290143146,19.78913697149342,0.0261967678233199,0.0501415070607751,0.123032539644251,0.0501415070607751,-36.40337322347911,0.1797152111229386,0.0892778526331347,0.3378206308842043,-36.740938665224434,-38.65300116412818,-41.92239000551211,20.99593558873323,21.55688393947384
4574,C=C/C=C/OC,12116,O=C1C=c2ccccc2=N1,17550,[H]C1=C([H])C([H])=C([H])C23C1=NC(=O)C2([H])C([H])(OC([H])([H])[H])C([H])=C([H])C3([H])[H],0,0 3 3 2 14 0,3,22.57179158058061,12.779011419343483,25.345527773673687,15.022463380088524,11.35553296816844,26.377996348256964,0.0789580192702266,0.0668121004620068,0.0329154669538214,0.0668121004620068,-8.699071646330644,0.0533335189982534,0.0637449877605534,0.046439374985038,-10.043618653852306,-6.503557743990715,-12.428376937720373,25.181848315930857,23.241965996449785
3406,CC(C)C1C=CC=C1,12331,OC1=C(O)c2ccccc21,18015,[H]OC12c3c([H])c([H])c([H])c([H])c3C1(O[H])C1([H])C([H])=C([H])C2([H])C1([H])C([H])(C([H])([H])[H])C([H])([H])[H],1,4 7 1 2 20 1,0,12.382129989143994,12.249568884409156,15.298014947606998,15.454389615984867,8.93931342393177,24.39370303991664,0.0083611897167872,0.0042831429337599,0.0042300339609928,0.0042831429337599,-28.981011454802115,0.0620610586128512,0.0077463847906018,0.0129168256611877,-29.676782609310187,-28.10394670559844,-26.298384208910484,22.10530537539413,23.79289722237428
3421,CC(C)C1C=CC=C1,12331,OCC1=Cc2ccccc21,18025,[H]OC([H])([H])C12c3c([H])c([H])c([H])c([H])c3C1([H])C1([H])C([H])=C([H])C2([H])C1([H])C([H])(C([H])([H])[H])C([H])([H])[H],1,4 7 2 3 20 1,0,12.217619957420256,8.924001775608513,15.387541392617932,15.223764380216116,5.308030366760743,20.531794746976857,0.0109178135182936,0.0117797080216241,0.0374218476444788,0.0117797080216241,-21.11129808640724,0.087373651560285,0.010044517336317,0.0690747847747429,-20.279472746756326,-24.87665250759501,-26.24640680924912,20.05454539947293,21.26866484408537
6780,CCC1=CCC(C)=C1,12437,OC1=C(O)c2ccccc21,18015,[H]OC12c3c([H])c([H])c([H])c([H])c3C1(O[H])C1(C([H])([H])[H])C([H])=C(C([H])([H])C([H])([H])[H])C2([H])C1([H])[H],1,5 3 1 2 20 1,0,13.170498859791651,12.69964162519063,17.933314373794108,15.590875289554573,7.5806422145233725,23.171517504077944,0.0109835445835001,0.0198919969746965,0.0175829265546789,0.0198919969746965,-28.86673748236103,0.0480466923555311,0.0278753621937921,0.0217798700214062,-29.689011997889068,-28.2416472999381,-25.748864830493112,21.673437669360325,23.370164838460745
6802,CCC1=CCC(C)=C1,12437,OCC1=Cc2ccccc21,18025,[H]OC([H])([H])C12c3c([H])c([H])c([H])c([H])c3C1([H])C1([H])C(C([H])([H])C([H])([H])[H])=C([H])C2(C([H])([H])[H])C1([H])[H],1,5 3 2 3 20 1,0,12.731080324728344,9.597378174598486,17.76628540845071,15.42845490505976,4.266026313537342,19.6944812185971,0.0106538628824521,0.0428566386600264,0.060468416707788,0.0428566386600264,-21.19606314209782,0.0973136061079114,0.0288127016540401,0.1392331997950785,-20.042119148059747,-25.282435444762434,-26.138020111348368,19.54875564073179,20.68626941685253
6804,CNc1cnco1,12571,OCC1=Cc2ccccc21,18025,[H]OC([H])([H])C12c3c([H])c([H])c([H])c([H])c3C1([H])C1(N([H])C([H])([H])[H])OC2([H])N=C1[H],1,2 5 3 2 13 1,2,16.17928363851691,12.157640209989395,20.80498609431812,15.34196133272131,7.213608451466797,22.55556978418811,0.1028088884004935,0.008064521215835,0.0344133465990439,0.008064521215835,-7.982641171959493,0.1517968928690454,0.0069689224381032,0.1932527213294615,-8.97491158934541,-10.794889333247568,-13.5006546886519,21.96839472564222,23.29307846346479
888,CNc1cocn1,12574,N#CC(F)(F)C(F)=C(F)F,16603,[H]N(C1=NC2([H])OC1([H])C(F)(F)C2(F)C(F)(F)C#N)C([H])([H])[H],1,5 3 5 7 13 1,0,15.924284082635776,17.36320540902571,22.825226903160228,14.797024419043254,11.228181020827346,26.0252054398706,0.0073917010158432,0.0083541257644833,0.0186017519101767,0.0083541257644833,-8.273389525112322,0.0203636547394444,0.0115596130895603,0.0229257070344436,-6.861155094033315,-10.04589547047705,-9.189287631518674,24.996429121549504,23.17696483520432
2056,CNc1cocn1,12574,NC(=O)C#CC(N)=O,16803,[H]N([H])C(=O)C1=C(C(=O)N([H])[H])C2([H])OC1([H])N=C2N([H])C([H])([H])[H],1,5 3 3 4 13 1,0,14.557538544972603,12.489794862460434,19.43064618840113,15.47260260290918,9.23978754941816,24.712390152327337,0.2336956582533552,0.0165402185327081,0.040690730950888,0.0165402185327081,-10.395392337994425,0.2386640918346942,0.0355905596728512,0.0940460260139456,-9.185414135201412,-9.296015166676112,-10.545773092647693,22.03742880991651,23.4016791680209
6780,CNc1cocn1,12574,OC1=C(O)c2ccccc21,18015,[H]OC12c3c([H])c([H])c([H])c([H])c3C1(O[H])C1([H])OC2([H])N=C1N([H])C([H])([H])[H],1,5 3 1 2 13 1,0,15.599241186761882,12.929773366750746,20.614091778343628,15.642217485906608,6.573509845094943,22.21572733100156,0.0358200385387577,0.0116472374025606,0.0382261367512553,0.0116472374025606,-18.332903953102075,0.0664722569118094,0.01957320131994,0.0724804077412142,-19.21902172086847,-19.15734798294087,-17.042717395178002,21.897879048990685,23.33110977383689
6804,COc1ccoc1,12645,OCC1=Cc2ccccc21,18025,[H]OC([H])([H])C12c3c([H])c([H])c([H])c([H])c3C1([H])C1([H])OC2([H])C([H])=C1OC([H])([H])[H],1,6 4 3 2 13 1,2,14.61004501397714,11.102987251717115,18.13159731931917,14.775510151612316,7.7630462599200065,22.538556411532323,0.1372677026267883,0.0040852081170303,0.0356131215173882,0.0040852081170303,-10.304251188305678,0.4849110272312695,0.0022521023379252,0.0996570606852436,-10.971935655919602,-13.641764790980504,-14.203459104175067,22.199212669287,22.24533692075053
6802,COc1cnc(C)o1,12646,OCC1=Cc2ccccc21,18025,[H]OC([H])([H])C12c3c([H])c([H])c([H])c([H])c3C1([H])C1(C([H])([H])[H])N=C([H])C2(OC([H])([H])[H])O1,1,2 5 2 3 15 1,0,17.86647972581819,11.919906779361908,22.05409578290559,15.470392940270614,7.69537526763931,23.165768207909924,0.0102950173264562,0.0040686941979416,0.1651878351689446,0.0040686941979416,-7.210671726883156,0.0282971649566291,0.0098584549102168,0.0922960780893098,-7.277052819649718,-9.656903843037334,-9.556697423452832,23.786239983392548,23.907641971080736
6804,Cc1coc(O)c1,12830,OCC1=Cc2ccccc21,18025,[H]OC([H])([H])C12c3c([H])c([H])c([H])c([H])c3C1([H])C1(O[H])OC2([H])C(C([H])([H])[H])=C1[H],1,4 2 3 2 13 1,2,14.890997195601289,11.37479579453017,20.48567111078393,15.28812502445627,6.861778962488828,22.14990398694509,0.1259604882993051,0.006300273990853,0.003111053784243,0.006300273990853,-12.6101977122727,0.2186035104774328,0.0027110444562484,0.1021201577179947,-13.408472619462472,-15.88844144697903,-18.492867055635344,20.34995929660314,21.26885621631771
6804,Cc1ncoc1C,12873,OCC1=Cc2ccccc21,18025,[H]OC([H])([H])C12c3c([H])c([H])c([H])c([H])c3C1([H])C1(C([H])([H])[H])OC2([H])N=C1C([H])([H])[H],1,5 3 3 2 14 1,2,15.555548695983967,11.504592035770884,20.781831119450057,15.38109223694692,5.511087524154089,20.89217976110101,0.0498180559843671,0.0131830673569871,0.075837478693094,0.0131830673569871,-11.927426178449052,0.0685502698824674,0.0040708057969261,0.2185803764722875,-12.76234407740248,-15.043202490032364,-15.575053116335674,21.394707024695656,21.43019609000489
16966,Cc1nnc(C)nn1,12881,OC1=C(O)c2ccccc21,18015,[H]OC12c3c([H])c([H])c([H])c([H])c3C1(O[H])C1(C([H])([H])[H])N=NC2(C([H])([H])[H])N=N1,1,1 4 1 2 14 1,0,17.878255280904842,14.285968043238604,23.98159623819208,17.560173254191128,5.85035059001984,23.410523844210967,0.005143204787684,0.0018873910658435,0.0073272989203296,0.0018873910658435,-16.703290388365467,0.0156224500691774,0.0099626876402475,0.0079191434337674,-17.929502960914583,-14.548906430871,-11.977303943040162,21.921587500856475,22.291177206367195
17025,Cc1nnc(C)nn1,12881,OCC1=Cc2ccccc21,18025,[H]OC([H])([H])C12c3c([H])c([H])c([H])c([H])c3C1([H])C1(C([H])([H])[H])N=NC2(C([H])([H])[H])N=N1,1,1 4 2 3 14 1,0,16.41162125427835,11.272264003556216,22.788534776423845,17.358916870215847,3.986192767760766,21.345109637976613,0.006977704247626,0.0052340006154807,0.0283100740550447,0.0052340006154807,-11.31496573738398,0.0282167123874858,0.0146497469694619,0.0617288281897892,-11.332093673198258,-12.354135857401914,-13.57115626459894,21.91426986764873,21.116982334635697
23089,Cc1nnc(C)nn1,12881,C1=CC2=C(C1)[C@@H]1C=C[C@H]2C1,13755,[H]C1=C([H])C23C4(C([H])([H])[H])N=NC(C([H])([H])[H])(N=N4)C2(C1([H])[H])[C@]1([H])C([H])=C([H])[C@@]3([H])C1([H])[H],1,1 4 2 3 14 1,2,19.89007425208781,13.211498739541408,24.29759164386928,18.306613471191508,6.5875869740638535,24.89420044525536,0.000907568223188,0.0025545860069537,0.0045535622605387,0.0025545860069537,-3.940906002377787,0.0195997994803617,0.0041891165188273,0.0002649844463417,-2.074514572297645,-6.215759148188969,-5.725739905143911,24.29620106776874,23.865869049701256
6804,N#CCc1ccco1,13040,OCC1=Cc2ccccc21,18025,[H]OC([H])([H])C12c3c([H])c([H])c([H])c([H])c3C1([H])C1(C([H])([H])C#N)OC2([H])C([H])=C1[H],1,3 6 3 2 13 1,2,15.606200273717285,11.954802972510391,19.636711765277727,14.894480979000448,7.594089253065071,22.48857023206552,0.1070619923077247,0.0162763876714983,0.0637491114660136,0.0162763876714983,-10.030297578390872,0.3440824635064957,0.0179085876930846,0.3746791938492556,-10.693266223505248,-11.349774134823877,-11.14002692845719,22.915612010674057,23.84307187004532
6804,N#Cc1ccoc1,13069,OCC1=Cc2ccccc21,18025,[H]OC([H])([H])C12c3c([H])c([H])c([H])c([H])c3C1([H])C1([H])OC2([H])C([H])=C1C#N,1,6 4 3 2 10 1,2,15.223096041144592,11.752240324856828,18.44622742677826,14.775739715557435,7.501501473940561,22.277241189498,0.1352294021828683,0.0123524858018228,0.0709515975898612,0.0123524858018228,-10.92149398185486,0.3363115028434899,0.0105641908561818,0.2035414928642569,-12.060944774099616,-11.986329590948962,-13.16394821700284,22.15877479540799,23.17776366478001
6804,N#Cc1ccoc1N,13070,OCC1=Cc2ccccc21,18025,[H]OC([H])([H])C12c3c([H])c([H])c([H])c([H])c3C1([H])C1(N([H])[H])OC2([H])C([H])=C1C#N,1,6 4 3 2 12 1,2,15.3213835646938,12.33589931061136,19.185661491505584,14.780478554363723,8.337466148517478,23.117944702881204,0.4918526710901491,0.0089518460748453,0.1552844857289813,0.0089518460748453,-12.403932427350362,0.925719802686351,0.0110186947714419,0.2649011854420064,-12.762003002956815,-12.19606104700135,-13.80572029255255,22.60335218187035,23.87271786992533
6804,N#Cc1ncco1,13085,OCC1=Cc2ccccc21,18025,[H]OC([H])([H])C12c3c([H])c([H])c([H])c([H])c3C1([H])C1(C#N)N=C([H])C2([H])O1,1,2 5 3 2 9 1,2,17.197906917096848,11.6316324001063,20.16658777067388,14.871536451896102,6.789470884801599,21.6610073366977,0.171682224639746,0.0063507041786865,0.038715792985667,0.0063507041786865,-7.134268293385389,0.1889778653364387,0.0214701990585085,0.2559363164547406,-8.39890285156897,-9.114309840080168,-8.14001204516699,23.24973038653728,22.080220673106048
6780,NC1=CC=C(CO)C1,13148,OC1=C(O)c2ccccc21,18015,[H]OC([H])([H])C12C([H])=C([H])C(N([H])[H])(C1([H])[H])C1(O[H])c3c([H])c([H])c([H])c([H])c3C12O[H],1,1 4 1 2 17 1,0,14.222072420277671,13.409024315840185,20.889193588018685,16.204826518888147,5.452417784025776,21.657244302913924,0.032202940717798,0.0100256726798149,0.0247175768300215,0.0100256726798149,-26.454143620205546,0.0765839603227017,0.0358724550955385,0.0210111042887456,-29.1761996625644,-25.56023461395442,-22.460947610620373,20.216751421874985,21.52139631235317
6802,NC1=CC=C(CO)C1,13148,OCC1=Cc2ccccc21,18025,[H]OC([H])([H])C12C([H])=C([H])C(N([H])[H])(C1([H])[H])C1(C([H])([H])O[H])c3c([H])c([H])c([H])c([H])c3C21[H],1,1 4 2 3 17 1,0,13.319805317304905,10.463141576538892,21.221273219126097,15.68689977358402,2.6982983245934946,18.385198098177515,0.0413769796883083,0.0211712897893352,0.0932814967222531,0.0211712897893352,-20.820197467959467,0.1336253881499538,0.0563839271195134,0.2257059081982098,-19.924319568134464,-23.3388729703666,-23.4323712221024,17.708463462368652,19.11162669529517
1585,NC1=CNCC=C1,13153,N#Cc1cnoc1C#N,16711,[H]C1=C(N([H])[H])C2([H])N=C(c3onc([H])c3C#N)C1([H])C([H])([H])N2[H],0,5 2 7 8 15 0,9,19.99143007230591,15.555118862030833,26.21542243157922,14.560269620637705,11.252814660065589,25.813084280703293,0.0185238365477018,0.0600710262972539,0.0650341929131459,0.0600710262972539,-7.991791120466949,0.0872072466896471,0.0218933659892154,0.0255125919293051,-6.262188641860504,-8.425743730775892,-9.25690757021917,23.55441447657089,23.42570610425692
1694,NC1=CNCC=C1,13153,N#Cc1nonc1C#N,16728,[H]C1=C(N([H])[H])C2([H])N=C(c3nonc3C#N)C1([H])C([H])([H])N2[H],1,5 2 1 0 15 1,2,19.853997847801686,15.16612075363242,25.99806921687552,14.316133588773132,10.848630595000284,25.16476418377341,0.0102157330617788,0.0094420774918296,0.0244554942420019,0.0094420774918296,-9.20088673308816,0.063147737981194,0.0380283866833543,0.0376562263269764,-7.815149363183508,-10.955417016167011,-9.040321818210188,22.971471932268148,23.146800620157485
4574,NC1=CNCC=C1,13153,O=C1C=c2ccccc2=N1,17550,[H]C1=C([H])C([H])=C([H])C23C1=NC(=O)C2([H])C1([H])C(N([H])[H])=C([H])C3([H])C([H])([H])N1[H],0,5 2 3 2 15 0,3,20.385052529504904,13.12444271151348,28.788163735432008,15.559799788972882,6.898274119319424,22.458073908292302,0.0212557726581575,0.0299712585248272,0.011068152478495,0.0299712585248272,-7.297235134975288,0.0440184956231164,0.0227290587465549,0.0564765854308499,-5.978500252585974,-4.389416328409432,-11.303684172852876,19.308830428834668,19.74175813286077
6513,NC1=CNCC=C1,13153,O=c1ccc(=O)n(CO)[nH]1,17988,[H]OC([H])([H])N1C(=O)C2([H])C3([H])C(N([H])[H])=C([H])C([H])(C([H])([H])N3[H])C2([H])C(=O)N1[H],0,5 2 2 3 15 0,5,20.746674797495466,13.205747233219146,28.282199514773648,15.788605823017484,6.157390775256612,21.945996598274096,0.0010444180306991,0.0142701055090036,0.0008317621347771,0.0142701055090036,-7.856680910793067,0.0063717252549656,0.0238177636507982,0.0213236897689995,-6.643736524806954,-5.364333737227703,-10.373998668486609,20.72599679254905,21.43614635652173
6780,NC1=CNCC=C1,13153,OC1=C(O)c2ccccc21,18015,[H]OC12c3c([H])c([H])c([H])c([H])c3C1(O[H])C1([H])C([H])=C(N([H])[H])C2([H])N([H])C1([H])[H],1,5 2 1 2 15 1,0,14.427587996401574,13.829348168053588,20.447086112155016,15.496681552207082,5.8298538328036855,21.326535385010768,0.0198703994540655,0.0218619517148421,0.0403502907876351,0.0218619517148421,-37.85571772466725,0.0690445905032539,0.0297117726181446,0.1061964290985687,-38.88589042951364,-37.09403898232868,-34.56931362025267,21.25759690313789,23.5908870252023
6804,NC1=CNCC=C1,13153,OCC1=Cc2ccccc21,18025,[H]OC([H])([H])C12c3c([H])c([H])c([H])c([H])c3C1([H])C1([H])C([H])=C(N([H])[H])C2([H])N([H])C1([H])[H],1,5 2 3 2 15 1,2,13.341711282046816,10.999447202233505,20.047867480691213,15.182102285256192,3.798976284824992,18.981078570081184,0.0418314323796158,0.0236684769306757,0.0603815213078857,0.0236684769306757,-31.9663624523496,0.2699162724619127,0.0149165941005119,0.1973342051449241,-32.59740810817287,-34.453868506958635,-35.39222629285017,18.44060524612062,20.6828007307604
6804,Nc1ccco1,13251,OCC1=Cc2ccccc21,18025,[H]OC([H])([H])C12c3c([H])c([H])c([H])c([H])c3C1([H])C1(N([H])[H])OC2([H])C([H])=C1[H],1,1 4 3 2 11 1,2,14.787914599689495,12.048530493765258,19.82016957550768,15.062215465315267,6.913385312102307,21.975600777417576,0.1316850234874951,0.0048115855066045,0.0039561294065948,0.0048115855066045,-10.402515771081704,0.3153798247938988,0.0026762089433894,0.1110523106130936,-11.131086371671884,-13.27900735523768,-14.985658375343334,21.957153736380384,22.18667787518545
20340,Nc1nncnn1,13304,OC1=C(O)c2ccccc21,18015,[H]OC12c3c([H])c([H])c([H])c([H])c3C1(O[H])C1(N([H])[H])N=NC2([H])N=N1,1,1 4 1 2 10 1,0,19.78630833951639,13.977441643978109,23.956239763482365,16.185009960800112,6.652865152422063,22.83787511322217,0.0161189684950535,0.0038772102075422,0.0091221379951721,0.0038772102075422,-14.99980369147066,0.0379683250256322,0.0130780524897244,0.0102410233739998,-15.422186365243988,-13.72868326434712,-10.36766915265465,22.124883442573147,22.63051478523172
20408,Nc1nncnn1,13304,OCC1=Cc2ccccc21,18025,[H]OC([H])([H])C12c3c([H])c([H])c([H])c([H])c3C1([H])C1(N([H])[H])N=NC2([H])N=N1,1,1 4 3 2 10 1,2,18.262153446426726,11.419658709887065,23.36042952385988,15.89117163643094,4.690006176678061,20.581177813109,0.1013955347254694,0.0108650684171416,0.0185227229890452,0.0108650684171416,-10.8985729139648,0.161833188654147,0.0148884792341982,0.0463609540265946,-12.006456559120146,-12.727282032263602,-11.836953411155946,22.137181371655288,21.165108514838792
13562,O=C(O)C1=CCC=C1,13341,OC1=C(O)c2ccccc21,18015,[H]OC(=O)C1=C([H])C2([H])C([H])([H])C1([H])C1(O[H])c3c([H])c([H])c([H])c([H])c3C21O[H],1,6 4 1 2 14 1,2,12.907595562781674,12.36112889291202,18.03732473312688,15.26416239574689,6.533014005911454,21.797176401658344,0.0055882166658786,0.0104443338362705,0.0120714636439179,0.0104443338362705,-32.3164792583025,0.0574951302619925,0.0249947412600497,0.0204059547715518,-32.779217328047444,-30.633644566137093,-25.117932252668872,20.64965017112109,22.832652826059327
13608,O=C(O)C1=CCC=C1,13341,OCC1=Cc2ccccc21,18025,[H]OC(=O)C1=C([H])C2([H])C([H])([H])C1([H])C1([H])c3c([H])c([H])c([H])c([H])c3C21C([H])([H])O[H],1,6 4 2 3 14 1,4,12.2915709040478,9.235745057287588,17.666591801931045,15.202550236367092,3.611843996088478,18.81439423245557,0.0107551212425698,0.0456984980951489,0.0787150701337441,0.0456984980951489,-25.042199763121893,0.120193570998056,0.0461123138447613,0.1197857194846734,-24.519987739817783,-27.39960938801488,-25.180021836070303,18.942682228001647,20.270860431377724
3406,O=C(O)C1C=CC=C1,13347,OC1=C(O)c2ccccc21,18015,[H]OC(=O)C1([H])C2([H])C([H])=C([H])C1([H])C1(O[H])c3c([H])c([H])c([H])c([H])c3C21O[H],1,4 7 1 2 14 1,0,12.604891455751613,11.698097114980293,17.09881062994238,15.527482207469314,7.347849567826245,22.87533177529556,0.0095102301940821,0.0115793971401571,0.0171265168517351,0.0115793971401571,-31.110755154338733,0.0694822718455408,0.0210396022163885,0.0409587010560745,-32.292229296356865,-29.51392818227669,-26.19248452916954,20.088512744177635,22.04763041934073
3421,O=C(O)C1C=CC=C1,13347,OCC1=Cc2ccccc21,18025,[H]OC(=O)C1([H])C2([H])C([H])=C([H])C1([H])C1(C([H])([H])O[H])c3c([H])c([H])c([H])c([H])c3C21[H],1,4 7 2 3 14 1,0,12.254293969120177,8.721521038513407,17.17167580868403,15.282463608911131,4.00336777287281,19.285831381783943,0.0144625232882377,0.0224639077967194,0.0800897058101381,0.0224639077967194,-23.978859199635416,0.1010792560367229,0.0324113040574301,0.200273581485924,-23.2609366064236,-26.225235273312684,-26.49414449054848,18.74067297961568,20.134529522635063
6802,O=c1occcc1O,13458,OCC1=Cc2ccccc21,18025,[H]OC([H])([H])C12c3c([H])c([H])c([H])c([H])c3C1([H])C1(O[H])C(=O)OC2([H])C([H])=C1[H],1,3 6 2 3 12 1,0,16.390290579185155,11.44380393879298,22.77458065688884,15.426112359449707,6.383722767061904,21.80983512651161,0.0320736453855008,0.0274584757414922,0.0543299694412875,0.0274584757414922,-13.674103372683652,0.0481202559108142,0.0766776902736643,0.1197978978392551,-12.12351216994754,-16.020102215739307,-18.47010069304981,21.620342194546826,22.57215140439309
6780,OCC1=NN=CC1,13471,OC1=C(O)c2ccccc21,18015,[H]OC([H])([H])C12N=NC([H])(C1([H])[H])C1(O[H])c3c([H])c([H])c([H])c([H])c3C12O[H],1,2 5 1 2 13 1,0,16.29651271860882,12.061820863071118,21.464354155647463,16.01063149157775,6.501326030657822,22.511957522235573,0.011103694142112,0.0112610551662771,0.0247487457766056,0.0112610551662771,-25.94367303007013,0.0267059637018052,0.0153974086002286,0.0324138604477511,-27.338269215967173,-27.16247473170403,-21.98571273915006,21.71072050130612,23.217441014867084
3406,Oc1ccc(O)o1,13517,OC1=C(O)c2ccccc21,18015,[H]OC12OC(O[H])(C([H])=C1[H])C1(O[H])c3c([H])c([H])c([H])c([H])c3C21O[H],1,1 4 1 2 11 1,0,16.080328565606003,13.21435783640812,21.265958522772685,16.3788004607276,6.098818562379265,22.477619023106865,0.0118329810286523,0.0078218499863439,0.0046352140133202,0.0078218499863439,-23.36022263704552,0.0166453065536572,0.0059410511898135,0.0143567816832684,-24.80690882542052,-20.07775996125976,-19.31053725753953,20.944151304152697,23.12049843725228
888,Oc1ccoc1O,13526,N#CC(F)(F)C(F)=C(F)F,16603,[H]OC1=C([H])C2([H])OC1(O[H])C(F)(C(F)(F)C#N)C2(F)F,1,5 3 5 7 11 1,0,14.104993513006876,18.86028646952176,24.434103224283223,15.238706494672511,10.10474557006497,25.343452064737484,0.0054866399094595,0.0117188100324219,0.015538466361606,0.0117188100324219,-10.373798267737683,0.0443922515260462,0.0097356665213729,0.0163616627943634,-9.624315522132534,-12.081971575321155,-11.47389850000978,23.780269204124284,23.07165932175564
6780,Oc1ccoc1O,13526,OC1=C(O)c2ccccc21,18015,[H]OC1=C([H])C2([H])OC1(O[H])C1(O[H])c3c([H])c([H])c([H])c([H])c3C21O[H],1,5 3 1 2 11 1,0,13.990268541099368,12.659285729106688,20.399830974246782,15.635380992378067,4.032531837575121,19.66791282995319,0.0370128498191728,0.0172038639768186,0.0349157836771978,0.0172038639768186,-24.01307149210404,0.1282437922803397,0.0107413572410937,0.0513721916036064,-26.287454611006048,-23.30871323072561,-20.01354020630492,19.761247017195853,21.622832549083697
6804,Oc1ccoc1O,13526,OCC1=Cc2ccccc21,18025,[H]OC1=C([H])C2([H])OC1(O[H])C1([H])c3c([H])c([H])c([H])c([H])c3C21C([H])([H])O[H],1,5 3 3 2 11 1,2,12.39390505270721,10.773898973865697,20.327935714959683,15.040624781810568,3.341340729786648,18.38196551159721,0.1849661850783598,0.0119801223294051,0.0419386772444078,0.0119801223294051,-19.322860402853472,0.5482260746872026,0.0091473482771857,0.1513411617428702,-19.57756386143264,-21.92691395779611,-21.785378571881505,18.012778138444414,19.236891455434336
6804,c1cc(C2CC2)co1,13537,OCC1=Cc2ccccc21,18025,[H]OC([H])([H])C12c3c([H])c([H])c([H])c([H])c3C1([H])C1([H])OC2([H])C(C2([H])C([H])([H])C2([H])[H])=C1[H],1,0 6 3 2 16 1,2,15.171035919199948,11.977089225141372,18.68645161392026,15.197653681141205,9.077014112942472,24.27466779408368,0.1012619933440886,0.0089617832918397,0.0462058574092883,0.0089617832918397,-8.32610556648185,0.1345644126655508,0.0053100243158052,0.1014205239837658,-9.413527316663348,-12.179980561581814,-12.952868137511132,22.92737361088601,23.236924767670715
6804,c1cocn1,13561,OCC1=Cc2ccccc21,18025,[H]OC([H])([H])C12c3c([H])c([H])c([H])c([H])c3C1([H])C1([H])N=C([H])C2([H])O1,1,3 1 3 2 8 1,2,16.106659231054323,11.053471403584528,17.842959093142092,14.709608337436178,8.613035038937792,23.322643376373968,0.1512608191041234,0.0040745095191259,0.023401067737653,0.0040745095191259,-6.3147281553326025,0.3403293787172181,0.0142590970079367,0.1312143869971198,-6.4204020952372645,-9.69621232133376,-9.493542044184196,23.531834477011344,22.89628961783059
20414,C#Cc1cnc(OC)cn1,13659,OCC1=Cc2ccccc21,18025,[H]C#CC1=NC2([H])C(OC([H])([H])[H])=NC1([H])C1([H])c3c([H])c([H])c([H])c([H])c3C21C([H])([H])O[H],1,8 3 2 3 16 1,8,18.61378074964787,11.506242535396174,21.794275154588203,15.328329423836106,6.753546381758639,22.081875805594745,0.0047185410309668,0.0444235596205809,0.0927217302830639,0.0444235596205809,-10.389709520663686,0.0245910631301673,0.0426109805831593,0.1194344357069601,-9.470238207777946,-12.872840253543522,-12.273114295403992,23.76789846952171,22.48823339100708
27222,C/C(=N/O)c1cnccn1,13680,OCC1=Cc2ccccc21,18025,[H]O/N=C(\C1=NC2([H])C([H])=NC1([H])C1(C([H])([H])O[H])c3c([H])c([H])c([H])c([H])c3C21[H])C([H])([H])[H],1,8 5 3 2 17 1,14,18.63451827806308,12.565948818309892,20.82989574083917,15.320222844611022,8.615514215585769,23.9357370601968,0.017446294546208,0.0092177457261509,0.0169311100414269,0.0092177457261509,-6.439777566961773,0.0435363669818082,0.0097992817397339,0.0387191237594988,-7.308067651560009,-9.384324834971949,-8.708341056989504,24.49959476309424,22.772865011074785
6780,C1=CC2=C(C1)CCCC2,13754,OC1=C(O)c2ccccc21,18015,[H]OC12c3c([H])c([H])c([H])c([H])c3C1(O[H])C13C(=C([H])C2([H])C1([H])[H])C([H])([H])C([H])([H])C([H])([H])C3([H])[H],1,0 3 1 2 21 1,0,12.392754896656912,12.820838036895628,16.831797706242764,15.669915715257943,8.495836440572035,24.165752155829978,0.0179979824830327,0.0067757442091759,0.005139962775014,0.0067757442091759,-27.69802640437452,0.0330858657327795,0.0161131676153762,0.0178673292060234,-28.769215063686826,-28.74669075243929,-27.12901371756471,21.831319908885025,22.946055331679705
6802,C1=CC2=C(C1)CCCC2,13754,OCC1=Cc2ccccc21,18025,[H]OC([H])([H])C12c3c([H])c([H])c([H])c([H])c3C1([H])C13C(=C([H])C2([H])C1([H])[H])C([H])([H])C([H])([H])C([H])([H])C3([H])[H],1,0 3 2 3 21 1,0,12.113502641805962,9.355294804712823,16.952716029616738,15.495005626931905,4.393028662141855,19.88803428907376,0.0261407108433584,0.0215145220306362,0.0580515676838053,0.0215145220306362,-21.60175056168065,0.1179169188954079,0.0303245602029042,0.0828231943931609,-20.36054880352656,-25.79288462643052,-27.939075999052665,19.45173452154135,20.001169104101788
889,C1=CC2=C(C1)[C@@H]1C=C[C@H]2C1,13755,N#CC(F)(F)C(F)=C(F)F,16603,[H]C1=C2C3(C([H])([H])C1([H])C(F)(C(F)(F)C#N)C3(F)F)[C@]1([H])C([H])=C([H])[C@@]2([H])C1([H])[H],0,0 3 5 7 20 0,1,12.164264848557568,18.16740682621594,21.495396705695818,15.44694616521812,10.35621217530576,25.80315834052388,0.0005688128660904,0.0040489460668129,0.0044609236514993,0.0040489460668129,-26.26843107610543,0.0045960318047271,0.0164873819382515,0.0248609098528001,-23.947086489291124,-26.053421389785683,-25.93136509901415,25.256492268793508,23.728650610511817
4574,C1=CC2=C(C1)[C@@H]1C=C[C@H]2C1,13755,O=C1C=c2ccccc2=N1,17550,[H]C1=C([H])C([H])=C([H])C23C1=NC(=O)C2([H])C12C(=C([H])C3([H])C1([H])[H])[C@@]1([H])C([H])=C([H])[C@]2([H])C1([H])[H],0,0 3 3 2 20 0,3,17.114102464342054,12.280398872894663,24.04186513456304,15.41765424047235,6.34744380873919,21.76509804921153,0.0670731229467213,0.0297802036396412,0.005234166917521,0.0297802036396412,-6.03348422982392,0.0674460044049227,0.0216851591248531,0.0316541793787858,-6.860686595503985,-5.992267746751736,-10.233637896356925,20.869507230085137,20.73764518429813
6513,C1=CC2=C(C1)[C@@H]1C=C[C@H]2C1,13755,O=c1ccc(=O)n(CO)[nH]1,17988,[H]OC([H])([H])N1C(=O)C2([H])C([H])(C(=O)N1[H])C1([H])C([H])=C3C2(C1([H])[H])[C@]1([H])C([H])=C([H])[C@@]3([H])C1([H])[H],0,0 3 2 3 20 0,5,17.045464033087608,11.795737567152448,23.80793781595463,15.95923309164174,6.5804172825748495,22.539650374216592,0.0011318591418144,0.0128702559216558,0.0004119944646497,0.0128702559216558,-5.865291654028887,0.0040049552775666,0.0298404868475089,0.0109534370462649,-5.9490717950309175,-5.105210784789374,-9.133814779048308,21.70952854613048,22.20337908789601
6780,C1=CC2=C(C1)[C@@H]1C=C[C@H]2C1,13755,OC1=C(O)c2ccccc21,18015,[H]OC12c3c([H])c([H])c([H])c([H])c3C1(O[H])C13C(=C([H])C2([H])C1([H])[H])[C@@]1([H])C([H])=C([H])[C@]3([H])C1([H])[H],1,0 3 1 2 20 1,0,11.964973491883484,12.472659688793668,17.334550153519665,15.571790434977562,6.974106665144301,22.545897100121863,0.0284361381600686,0.0121845275276115,0.0059329076411271,0.0121845275276115,-35.16741138332108,0.0264813265219417,0.02654329088863,0.0621220124520351,-36.90066658935268,-37.03778887439244,-33.15917402292159,21.87792058602567,22.442122335491195
6802,C1=CC2=C(C1)[C@@H]1C=C[C@H]2C1,13755,OCC1=Cc2ccccc21,18025,[H]OC([H])([H])C12c3c([H])c([H])c([H])c([H])c3C1([H])C13C(=C([H])C2([H])C1([H])[H])[C@@]1([H])C([H])=C([H])[C@]3([H])C1([H])[H],1,0 3 2 3 20 1,0,11.765329767490236,8.833856251742366,17.243643244679348,15.378990831622248,2.884663551691723,18.26365438331397,0.0227184825360311,0.0318157203053113,0.0175715288271841,0.0318157203053113,-29.24491398977144,0.0933037859227048,0.0629179492643747,0.1349017876450575,-28.41641730866488,-34.23938928055877,-33.85765295130939,18.96907043260188,19.03835551493133
7000,C1=CC2=C(C1)[C@@H]1C=C[C@H]2C1,13755,O[C@@H]1CC/C=C/CCC1,18100,[H]O[C@@]1([H])C([H])([H])C([H])([H])C([H])([H])C2([H])C3([H])C([H])=C4C(C3([H])[H])(C2([H])C([H])([H])C1([H])[H])[C@]1([H])C([H])=C([H])[C@@]4([H])C1([H])[H],1,0 3 5 6 20 1,2,13.07263701814675,1.8789101796283896,12.402992503223036,14.853125786499144,4.099007623279867,18.95213340977901,0.255726324483541,0.0495488183161656,0.0150081811172554,0.0495488183161656,-23.07837542334841,0.2403934152510014,0.0407213630654344,0.0441934493305464,-23.009832398459373,-24.00955100204953,-23.625545187127635,19.46846606610661,19.52015841083769
9548,C1=CC2=C(C1)[C@@H]1C=C[C@H]2C1,13755,C=C(C(F)(F)F)C(F)(F)F,13835,[H]C1=C2C3(C([H])([H])C1([H])C(C(F)(F)F)(C(F)(F)F)C3([H])[H])[C@]1([H])C([H])=C([H])[C@@]2([H])C1([H])[H],1,0 3 1 0 20 1,1,14.406461945893907,13.166170955872126,21.275468731680164,16.12302640424459,6.87780839863089,23.00083480287548,1.0002583128781895e-06,0.0057826801664116,0.0006386644383247,0.0057826801664116,-10.714278839186283,0.0004603574829997,0.0066691086788692,0.0018670748745653,-10.654389578807162,-11.941744737134693,-13.786808421698716,24.36245796902277,23.473948044106656
2294,C1=C[C@@H]2CCC[C@@H]2C=C1,13778,O=C1C=c2ccccc2=N1,17550,[H]C1=C([H])C([H])=C([H])C23C1=NC(=O)C2([H])C1([H])C([H])=C([H])C3([H])[C@]2([H])C([H])([H])C([H])([H])C([H])([H])[C@]12[H],0,7 1 2 3 21 0,1,19.37810583856444,12.676816264964156,23.118703183728307,15.939483999374282,9.634814314267846,25.574298313642128,0.068177075746129,0.0240376320830144,0.0799745248933638,0.0240376320830144,-5.501899698062502,0.0660440803871861,0.0355708043310536,0.0871292775736941,-5.217021120193046,-4.769121188492985,-8.213672043534316,24.86096100254236,23.13982876732896
3421,C1=C[C@@H]2CCC[C@@H]2C=C1,13778,OCC1=Cc2ccccc21,18025,[H]OC([H])([H])C12c3c([H])c([H])c([H])c([H])c3C1([H])C1([H])C([H])=C([H])C2([H])[C@@]2([H])C([H])([H])C([H])([H])C([H])([H])[C@@]12[H],1,7 1 2 3 21 1,0,13.07033035990912,9.857498574172809,17.006509711393818,15.75775445305996,5.141131914281548,20.89888636734151,0.0092649728550293,0.0249852940092027,0.0707441831628624,0.0249852940092027,-28.36295768189601,0.0673897434418158,0.0345140877216444,0.1657808571635574,-27.323180313710218,-31.72637111362866,-34.11652861848675,20.727962463166595,21.721136487812
9145,C=C(C)/C=C/C(=C)CC,13838,O=C1C=c2ccccc2=N1,17550,[H]C([H])=C(C([H])([H])C([H])([H])[H])C1([H])C([H])=C(C([H])([H])[H])C([H])([H])C23C(=NC(=O)C21[H])C([H])=C([H])C([H])=C3[H],0,0 4 3 2 23 0,3,23.99159661536138,12.626127131374648,26.174127732190755,14.546167377106237,11.869934821994605,26.41610219910084,0.0570663629450981,0.0949901187888045,0.0260476407093444,0.0949901187888045,-7.912783870363896,0.1417503876362817,0.0400438225061258,0.034884234215349,-9.075120177465536,-5.391724620172742,-10.702787886101431,25.60228322089555,23.58879914580156
4574,C=C(C)/C=C/OC(C)=O,13841,O=C1C=c2ccccc2=N1,17550,[H]C1=C([H])C([H])=C([H])C23C1=NC(=O)C2([H])C([H])(OC(=O)C([H])([H])[H])C([H])=C(C([H])([H])[H])C3([H])[H],0,0 4 3 2 19 0,3,22.94585064717493,11.198892376025906,25.98520842988107,15.397654618373732,9.381369783724928,24.77902440209866,0.0303839893940114,0.1047661235373993,0.0482958745439464,0.1047661235373993,-11.066596972227735,0.0798180252325674,0.0549680775196059,0.0454807434054454,-12.251021274051254,-10.780460340703542,-15.049023684544416,24.31059305752857,22.469981583238816
4574,C=C(C)C1=CC[C@H](C)CC1,13854,O=C1C=c2ccccc2=N1,17550,[H]C1=C([H])C([H])=C([H])C23C1=NC(=O)C2([H])C1([H])C(=C(C([H])([H])[H])C3([H])[H])C([H])([H])C([H])([H])[C@@]([H])(C([H])([H])[H])C1([H])[H],0,0 4 3 2 26 0,3,22.641714005732865,12.012142311378962,26.180370637851865,15.445440357573291,8.831619057575566,24.27705941514886,0.0143127725307672,0.0613962540644901,0.0202671505586326,0.0613962540644901,-9.473827100173224,0.0571541072500765,0.0288827573353186,0.1287612504012611,-10.147203569408177,-10.589405255159,-15.868638332098236,24.030494570670395,20.83225201069264
4574,C=C/C(C)=C/CC(=C)C,13897,O=C1C=c2ccccc2=N1,17550,[H]C1=C([H])C([H])=C([H])C23C1=NC(=O)C2([H])C([H])(C([H])([H])C(=C([H])[H])C([H])([H])[H])C(C([H])([H])[H])=C([H])C3([H])[H],0,0 4 3 2 23 0,3,22.885137737091608,11.700345212358226,25.49123487348728,15.82550523281102,10.024276438929649,25.849781671740665,0.0191521934343681,0.0558476826640207,0.0765589701971535,0.0558476826640207,-8.827278618862856,0.0624288899572929,0.0463483275701022,0.1091503145634602,-9.854399754150307,-8.085641572346368,-13.486346254491645,24.70135620188876,23.703789209114937
4574,C=C/C=C/C1CCCCC1,13900,O=C1C=c2ccccc2=N1,17550,[H]C1=C([H])C([H])=C([H])C23C1=NC(=O)C2([H])C([H])(C1([H])C([H])([H])C([H])([H])C([H])([H])C([H])([H])C1([H])[H])C([H])=C([H])C3([H])[H],0,0 3 3 2 26 0,3,22.173011212504463,11.609796912494934,23.77935667069952,16.098428723922407,11.537160035804485,27.63558875972689,0.0666829237766126,0.0283892449589957,0.0149216171622848,0.0283892449589957,-7.307254389044949,0.0801394732391191,0.0764234419956056,0.0378419237549639,-7.75634737701391,-6.797125299579484,-11.831421164250573,25.64865909962976,23.932366694365875
4574,C=C/C=C/CC=C,13902,O=C1C=c2ccccc2=N1,17550,[H]C1=C([H])C([H])=C([H])C23C1=NC(=O)C2([H])C([H])(C([H])([H])C([H])=C([H])[H])C([H])=C([H])C3([H])[H],0,0 3 3 2 17 0,3,21.731580012173616,11.673883487025504,23.92680756029442,15.548336262312931,10.329736280673227,25.87807254298616,0.0356406661200068,0.0964852059166657,0.0293103998875552,0.0964852059166657,-9.354838000649934,0.0914372736460116,0.0773866681476799,0.0365953776516609,-10.1561557597636,-8.429938437250883,-14.064691844532312,24.93567054913857,22.336519680154
6802,C=C/C=C/CCC(=O)OC,13903,OCC1=Cc2ccccc21,18025,[H]OC([H])([H])C12c3c([H])c([H])c([H])c([H])c3C1([H])C([H])(C([H])([H])C([H])([H])C(=O)OC([H])([H])[H])C([H])=C([H])C2([H])[H],1,0 3 2 3 22 1,0,15.78335279737114,11.019546320690484,19.195660258037783,16.679369706316304,6.198671525234836,22.87804123155114,0.0334718226652937,0.0547903484146399,0.1508156725752886,0.0547903484146399,-35.38205724349619,0.2312614128963293,0.1108257901922595,0.6230178509048373,-34.2482999259302,-36.59689653953824,-36.63674465062614,23.475717894857347,23.982573949245047
4574,C=CC(=C)CCC=C(C)C,13947,O=C1C=c2ccccc2=N1,17550,[H]C1=C([H])C([H])=C([H])C23C1=NC(=O)C2([H])C([H])([H])C(C([H])([H])C([H])([H])C([H])=C(C([H])([H])[H])C([H])([H])[H])=C([H])C3([H])[H],0,0 3 3 2 26 0,3,22.33312210528531,11.655837491456577,23.962079409611864,15.512519012633978,11.173470113313162,26.68598912594714,0.0431072824302305,0.0498407285597505,0.0259017890116634,0.0498407285597505,-13.271049690467784,0.2656550273323698,0.127502386660073,0.0831083639924002,-12.39208058505075,-11.986134004149063,-17.57366757523868,25.627600433214152,23.885281163750417
13604,C=Cc1c[nH]c(=O)cc1C,14092,OCC1=Cc2ccccc21,18025,[H]OC([H])([H])C12c3c([H])c([H])c([H])c([H])c3C1([H])C1([H])C(=C([H])C2([H])[H])C(C([H])([H])[H])=C([H])C(=O)N1[H],1,0 3 2 3 19 1,0,14.057948326898378,11.316222996570296,19.03997363703581,15.769992024189769,5.641218582100471,21.41121060629024,0.0284439340081722,0.0233605401429816,0.0266653930157909,0.0233605401429816,-26.600239586965927,0.2354792821229623,0.092088365306578,0.1569838960745929,-24.125629492243256,-27.97114096432047,-28.57835750596046,21.767585018335154,21.660177698103784
13604,C=Cc1c[nH]c(=O)nc1N,14093,OCC1=Cc2ccccc21,18025,[H]OC([H])([H])C12c3c([H])c([H])c([H])c([H])c3C1([H])C1([H])C(=C([H])C2([H])[H])C(N([H])[H])=NC(=O)N1[H],1,0 3 2 3 17 1,0,14.778673384311348,11.49493885349342,19.07758064718858,15.319507953279818,5.901514910087752,21.22102286336757,0.0039043684550956,0.0334876859459323,0.0622622456169565,0.0334876859459323,-25.405754534096992,0.019327278927131,0.0880458095602177,0.1362334700644104,-23.74551592180904,-25.56531510780036,-27.00324301758673,23.06261158517357,22.816085986922385
13562,CC(=O)c1c[nH]c(=O)cn1,14232,OC1=C(O)c2ccccc21,18015,[H]OC12c3c([H])c([H])c([H])c([H])c3C1(O[H])C1([H])C(C(=O)C([H])([H])[H])=NC2([H])C(=O)N1[H],1,8 4 1 2 16 1,2,17.0198457491367,14.573839978947683,23.84923933835236,15.27146757400538,6.371239853884415,21.6427074278898,0.0077941601757058,0.0083649427629909,0.0164444441839238,0.0083649427629909,-21.99002699948408,0.0140088882242641,0.0417147084569072,0.0293368317544708,-21.687304788123868,-22.70360771192017,-18.055119257276104,20.94896763074525,21.301835536852547
13608,CC(=O)c1c[nH]c(=O)cn1,14232,OCC1=Cc2ccccc21,18025,[H]OC([H])([H])C12c3c([H])c([H])c([H])c([H])c3C1([H])C1([H])C(C(=O)C([H])([H])[H])=NC2([H])C(=O)N1[H],1,8 4 2 3 16 1,4,16.082998963330123,11.367866143594814,22.89747095720229,15.200652840212012,4.186174614778281,19.386827454990293,0.0104033753546272,0.0237620292333071,0.0658917652175866,0.0237620292333071,-17.421151603475217,0.0235675701749637,0.0498128379256819,0.0932069118918012,-15.234695158407838,-20.088200733580763,-19.782379458495345,20.070854212341896,19.00876273659785
18456,CC(=O)c1c[nH]c(=O)cn1,14232,C1=CC2=C(C1)[C@@H]1C=C[C@H]2C1,13755,[H]C1=C([H])C23C4([H])N=C(C(=O)C([H])([H])[H])C([H])(N([H])C4=O)C2(C1([H])[H])[C@]1([H])C([H])=C([H])[C@@]3([H])C1([H])[H],1,8 4 2 3 16 1,16,19.9300234098082,12.387026226725382,22.84754623311997,16.06789840955024,8.556498908484091,24.62439731803433,0.0006133478205692,0.0094254483414989,0.0055110807821206,0.0094254483414989,-12.69958579402605,0.009473154981161,0.0100848369572797,0.0005127912784794,-9.112596934220974,-12.564833014316063,-8.403447056885959,24.370695353876684,22.41480918828817
27220,CC(=O)c1cc(C)ncn1,14238,OCC1=Cc2ccccc21,18025,[H]OC([H])([H])C12c3c([H])c([H])c([H])c([H])c3C1([H])C1([H])C(C(=O)C([H])([H])[H])=NC2([H])N=C1C([H])([H])[H],1,8 4 2 3 18 1,12,19.949408418895715,12.156003619732488,21.6586605935826,15.375315535843995,9.25745714555294,24.632772681396936,0.0060711412164143,0.0168101122204802,0.0421027832410231,0.0168101122204802,-4.259940644635471,0.0228878764751114,0.0510325163135362,0.0680616866970207,-4.013717729135017,-7.594178768800287,-8.254914434512536,25.125250421440143,23.74617986162309
27124,CC(=O)c1ccnnc1,14246,OC1=C(O)c2ccccc21,18015,[H]OC12c3c([H])c([H])c([H])c([H])c3C1(O[H])C1([H])N=NC2([H])C([H])=C1C(=O)C([H])([H])[H],1,5 8 1 2 15 1,4,19.788632176399027,13.882309564292154,24.392107184404217,15.734116066208884,9.873784072145366,25.60790013835425,0.0070916074269031,0.0060774025651248,0.0020988323028224,0.0060774025651248,-13.822390778932572,0.012328805461181,0.0202933819714258,0.0120805219660551,-15.571534911813616,-13.082170832945977,-9.870693034012938,24.136031405896546,23.199766943934897
13562,CC(=O)c1nc(C)c(C)o1,14254,OC1=C(O)c2ccccc21,18015,[H]OC12c3c([H])c([H])c([H])c([H])c3C1(O[H])C1(C([H])([H])[H])OC2(C(=O)C([H])([H])[H])N=C1C([H])([H])[H],1,3 7 1 2 19 1,2,17.375154882528424,13.989124743974426,22.97038371183262,15.917652442309285,6.965630921814498,22.883283364123784,0.0161689892940987,0.0104438193215873,0.0170273031006126,0.0104438193215873,-15.341035594804993,0.0430929584621511,0.0169489101399804,0.0201635548041668,-15.15721349718278,-14.844899800990357,-12.377826730644315,22.253694522972083,23.96142708195268
13610,CC(=O)c1nc(C)c(C)o1,14254,OCC1=Cc2ccccc21,18025,[H]OC([H])([H])C12c3c([H])c([H])c([H])c([H])c3C1([H])C1(C(=O)C([H])([H])[H])N=C(C([H])([H])[H])C2(C([H])([H])[H])O1,1,3 7 3 2 19 1,6,15.966929275487894,11.739220667761684,22.343307209731265,15.56987132394,5.687685738972153,21.25755706291216,0.0316486843862911,0.0097092322288657,0.0248347919524638,0.0097092322288657,-9.782683800546977,0.2201921236845364,0.0172442054052887,0.0893695293838627,-10.2368394343384,-13.443467063605503,-13.59843116680124,20.626334042077207,21.846733556963667
27214,CC(=O)c1ncc(F)cn1,14256,OCC1=Cc2ccccc21,18025,[H]OC([H])([H])C12c3c([H])c([H])c([H])c([H])c3C1([H])C1(C(=O)C([H])([H])[H])N=C([H])C2(F)C([H])=N1,1,3 6 3 2 15 1,6,20.05936754927775,12.725483846274145,23.65792591228376,15.968667464624396,8.138387348449974,24.10705481307437,0.0204167463415511,0.0050418604829245,0.0117419263988492,0.0050418604829245,-5.357515562826372,0.1188045968451982,0.0089471752515524,0.0427517696086155,-6.185714244843943,-7.695946057367688,-9.15942563893178,23.614583051051167,23.399332184427163
6780,CC(C)(C)C1=CCC=C1,14278,OC1=C(O)c2ccccc21,18015,[H]OC12c3c([H])c([H])c([H])c([H])c3C1(O[H])C1([H])C(C(C([H])([H])[H])(C([H])([H])[H])C([H])([H])[H])=C([H])C2([H])C1([H])[H],1,7 5 1 2 23 1,0,13.589108788526426,12.372742162940504,16.36283578937055,15.451707103239924,9.5097563163852,24.96146341962513,0.0099428065423465,0.0147240280125984,0.0044654967818953,0.0147240280125984,-28.94198751316393,0.049405397268879,0.0219158938341247,0.019240497964819,-29.209407859733417,-29.15862882882155,-26.12092035702441,22.38179629546822,23.627457328903084
6802,CC(C)(C)C1=CCC=C1,14278,OCC1=Cc2ccccc21,18025,[H]OC([H])([H])C12c3c([H])c([H])c([H])c([H])c3C1([H])C1([H])C(C(C([H])([H])[H])(C([H])([H])[H])C([H])([H])[H])=C([H])C2([H])C1([H])[H],1,7 5 2 3 23 1,0,13.04017527842264,9.237755494545976,16.2184781489552,15.34807113725837,5.518315704972721,20.86638684223109,0.0140084736583123,0.0476844405672475,0.0247268757696067,0.0476844405672475,-21.8724827459096,0.1199281402609757,0.038893829942772,0.071273667016404,-20.756317981566248,-26.087774927675817,-26.70807952808585,20.361998756202176,20.735417836212967
6804,CC(C)(C)c1coc(N)n1,14295,OCC1=Cc2ccccc21,18025,[H]OC([H])([H])C12c3c([H])c([H])c([H])c([H])c3C1([H])C1(N([H])[H])N=C(C(C([H])([H])[H])(C([H])([H])[H])C([H])([H])[H])C2([H])O1,1,7 5 3 2 22 1,2,17.21786660633036,12.072739177458036,21.476952923765705,15.477155577297571,6.675568409593129,22.1527239868907,0.0718354858641801,0.0104470155597477,0.0102179744570835,0.0104470155597477,-11.479850760719389,0.325723368819525,0.0049241653967267,0.1680213952179652,-11.327580482902718,-13.714838075907394,-14.797894404726437,22.53207706102848,23.82323489283142
446,CC1=C(C)C(C)C(C)=C1C,14523,N#CC(F)(F)C(F)=C(F)F,16603,[H]C([H])([H])C1=C(C([H])([H])[H])C2(C([H])([H])[H])C([H])(C([H])([H])[H])C1(C([H])([H])[H])C(F)(F)C2(F)C(F)(F)C#N,0,6 2 5 7 26 0,1,15.122083622321952,18.90564449915753,25.320245901413188,15.366262838853295,11.438300251235257,26.80456309008855,0.0003242329033656,0.0054715106241417,0.0249796406489052,0.0054715106241417,-16.48460727122606,0.0072045196540158,0.0173495045452335,0.0168999916199553,-14.87872207817344,-16.9477812965919,-16.901426613621517,24.830775390302296,23.28689182910417
3406,CC1=C(C)C(C)C(C)=C1C,14523,OC1=C(O)c2ccccc21,18015,[H]OC12c3c([H])c([H])c([H])c([H])c3C1(O[H])C1(C([H])([H])[H])C(C([H])([H])[H])=C(C([H])([H])[H])C2(C([H])([H])[H])C1([H])C([H])([H])[H],1,6 2 1 2 26 1,0,14.21302532218937,12.808604842752947,19.91133636412684,15.483234442332034,8.765684585713775,24.24891902804581,0.0143163734648925,0.0116566965907328,0.0203678011880254,0.0116566965907328,-26.333246061839496,0.0357872246900402,0.020046881383099,0.0114193290887561,-27.211214446584577,-26.96442299420504,-24.591397754493585,21.04405693965533,21.56699402609513
3421,CC1=C(C)C(C)C(C)=C1C,14523,OCC1=Cc2ccccc21,18025,[H]OC([H])([H])C12c3c([H])c([H])c([H])c([H])c3C1([H])C1(C([H])([H])[H])C(C([H])([H])[H])=C(C([H])([H])[H])C2(C([H])([H])[H])C1([H])C([H])([H])[H],1,6 2 2 3 26 1,0,13.920419919747165,9.770593925730989,19.73902520347788,15.271432345223422,4.99450446220667,20.26593680743009,0.0164881314483912,0.0241847851435651,0.0830077885550489,0.0241847851435651,-18.475135438328955,0.0703618273768468,0.0276816343564955,0.0980207903965853,-17.607522913404466,-24.26119364972781,-25.50089831051961,19.731464851369257,20.291565821228584
6780,CC1=C[C@H](C)C(C)=C1C,14572,OC1=C(O)c2ccccc21,18015,[H]OC12c3c([H])c([H])c([H])c([H])c3C1(O[H])C1(C([H])([H])[H])C(C([H])([H])[H])=C(C([H])([H])[H])C2([H])[C@]1([H])C([H])([H])[H],1,5 2 1 2 23 1,0,14.273165989047806,12.599173451170412,18.53221368375291,15.523737787658591,9.6630532211572,25.186791008815792,0.0062600997908096,0.0172975159253119,0.0141487308297056,0.0172975159253119,-28.73179154544048,0.0347438377173643,0.0113992436632104,0.0184840086376465,-29.51276197212617,-28.024062194443296,-25.6747346030234,21.783583421334555,23.070915859600035
6802,CC1=C[C@H](C)C(C)=C1C,14572,OCC1=Cc2ccccc21,18025,[H]OC([H])([H])C12c3c([H])c([H])c([H])c([H])c3C1([H])C1([H])C(C([H])([H])[H])=C(C([H])([H])[H])C2(C([H])([H])[H])[C@@]1([H])C([H])([H])[H],1,5 2 2 3 23 1,0,13.971566053725711,9.45780098356619,18.462336885095368,15.345862806238696,5.5299066147999945,20.87576942103869,0.0077601430881764,0.035659893374447,0.0712039394396432,0.035659893374447,-19.66161829941228,0.0562430232510134,0.0277876283183642,0.1394018630470269,-19.01553447076818,-24.76656708318258,-25.972959214933937,20.0979780014328,21.038901458183
13610,CCCC(=O)c1ncco1,14658,OCC1=Cc2ccccc21,18025,[H]OC([H])([H])C12c3c([H])c([H])c([H])c([H])c3C1([H])C1(C(=O)C([H])([H])C([H])([H])C([H])([H])[H])N=C([H])C2([H])O1,1,5 8 3 2 19 1,6,16.837509080582535,11.965370547644117,20.341942113613648,15.184886899330085,8.691732034682648,23.876618934012733,0.0344088707049572,0.0067310928687322,0.008764931588442,0.0067310928687322,-6.059569090989051,0.3530381541816179,0.0273654385565729,0.137380935932083,-6.799062629029102,-7.20029883761266,-8.961576418989566,23.270561095501087,22.82248924161268
6780,CCCCC1=CCC=C1,14666,OC1=C(O)c2ccccc21,18015,[H]OC12c3c([H])c([H])c([H])c([H])c3C1(O[H])C1([H])C(C([H])([H])C([H])([H])C([H])([H])C([H])([H])[H])=C([H])C2([H])C1([H])[H],1,7 5 1 2 23 1,0,12.990567177210451,12.317176621888038,15.959309764457036,15.713467889872271,8.54943287042744,24.26290076029971,0.0056840172262585,0.0085153934157676,0.006829522825695,0.0085153934157676,-29.129105263159083,0.0272319606103541,0.0214969127823133,0.0324470147165927,-29.820339122620368,-28.512618081551125,-26.72926451772013,22.432149499268007,23.694358086421964
6802,CCCCC1=CCC=C1,14666,OCC1=Cc2ccccc21,18025,[H]OC([H])([H])C12c3c([H])c([H])c([H])c([H])c3C1([H])C1([H])C(C([H])([H])C([H])([H])C([H])([H])C([H])([H])[H])=C([H])C2([H])C1([H])[H],1,7 5 2 3 23 1,0,12.475230684401255,9.3738933671168,16.040239634098914,15.604724029551432,4.908521892791132,20.513245922342563,0.0206270744473327,0.0346991883511064,0.0789683376259262,0.0346991883511064,-21.15581235949844,0.1365002081644629,0.0414737995081743,0.2372235057664761,-20.620023410912488,-25.005718834605908,-26.586194277481027,20.387031311207977,21.002120465884264
3421,CCCCC1C=CC=C1,14668,OCC1=Cc2ccccc21,18025,[H]OC([H])([H])C12c3c([H])c([H])c([H])c([H])c3C1([H])C1([H])C([H])=C([H])C2([H])C1([H])C([H])([H])C([H])([H])C([H])([H])C([H])([H])[H],1,5 8 2 3 23 1,0,13.790041612389516,9.923124973660231,16.19337936019742,15.55103100344427,8.012863044632777,23.56389404807705,0.0033343434933524,0.0218302054162992,0.0752379618221496,0.0218302054162992,-19.10892478973772,0.1300271459222672,0.0103815352433164,0.1705091951244333,-16.20988941687235,-20.892788662478864,-23.21812146504124,22.200066759269472,22.26506280159153
6804,CCCc1nc(C#N)co1,14735,OCC1=Cc2ccccc21,18025,[H]OC([H])([H])C12c3c([H])c([H])c([H])c([H])c3C1([H])C1(C([H])([H])C([H])([H])C([H])([H])[H])N=C(C#N)C2([H])O1,1,3 8 3 2 18 1,2,17.529242455899045,11.980312108362517,21.27495984218734,15.323266099529084,5.884423717260447,21.20768981678953,0.056097047503064,0.0092866845678103,0.0365970507892749,0.0092866845678103,-8.17570388499309,0.2012190777448823,0.0120539089228092,0.1899868009474618,-9.024245671822044,-9.776691550511543,-9.628873040372568,22.61009117476419,23.5836496072518
6802,CCOc1ocnc1C#N,14910,OCC1=Cc2ccccc21,18025,[H]OC([H])([H])C12c3c([H])c([H])c([H])c([H])c3C1([H])C1(OC([H])([H])C([H])([H])[H])OC2([H])N=C1C#N,1,5 3 2 3 16 1,0,19.474469962030383,11.079036993679743,20.95883769157135,15.067711610061348,7.1509579509652745,22.218669561026623,0.0112376420437607,0.024297190304258,0.0705881572415979,0.024297190304258,-7.957711436092843,0.0826139071109094,0.0591154942010974,0.1755595828111966,-7.799954391585608,-9.146607812306954,-9.175859908928054,24.50304156520404,23.98978061554088
6804,CC[C@@H](N)c1cocn1,14916,OCC1=Cc2ccccc21,18025,[H]OC([H])([H])C12c3c([H])c([H])c([H])c([H])c3C1([H])C1([H])N=C([C@]([H])(N([H])[H])C([H])([H])C([H])([H])[H])C2([H])O1,1,7 5 3 2 19 1,2,16.167821164963186,11.569734649785662,19.99787516756217,15.272251284688949,5.834936387944726,21.107187672633675,0.1467673757009623,0.0180155381545573,0.038275104189894,0.0180155381545573,-11.152066033820404,0.3896172149834278,0.0255743823393353,0.1777858104240055,-12.936537449086323,-15.480244733267469,-13.298309711380156,22.513992740580555,23.18232516583764
6804,CCc1coc(N)c1C#N,15015,OCC1=Cc2ccccc21,18025,[H]OC([H])([H])C12c3c([H])c([H])c([H])c([H])c3C1([H])C1(N([H])[H])OC2([H])C(C([H])([H])C([H])([H])[H])=C1C#N,1,5 3 3 2 18 1,2,14.785513193182092,11.99825079853698,19.674886047130336,15.05711849118883,7.822944920853153,22.880063412041984,0.2027519962794883,0.0100214446804022,0.0958158922298543,0.0100214446804022,-12.922167526942722,0.5217598028480658,0.0277356539145153,0.2256930372851548,-12.076209123755234,-14.686084079219532,-17.321078110651634,21.7455448325104,23.77498474826893
20416,CN(N)c1cnccn1,15147,OCC1=Cc2ccccc21,18025,[H]OC([H])([H])C12c3c([H])c([H])c([H])c([H])c3C1([H])C1([H])N=C(N(N([H])[H])C([H])([H])[H])C2([H])N=C1[H],1,7 4 3 2 17 1,10,17.35786876746606,12.069550306118469,21.03428092567512,15.326844523451324,8.445837737955838,23.77268226140716,0.0617911001454737,0.0153295826564602,0.0273539879005665,0.0153295826564602,-9.8471626060511,0.1190488386025148,0.0148597484884569,0.1045232756753826,-10.270366542487515,-12.309068393455178,-13.185430495561969,23.440484503064184,23.821947534444703
13610,CNC(=O)c1ccoc1C,15236,OCC1=Cc2ccccc21,18025,[H]OC([H])([H])C12c3c([H])c([H])c([H])c([H])c3C1([H])C1(C([H])([H])[H])OC2([H])C([H])=C1C(=O)N([H])C([H])([H])[H],1,8 6 3 2 19 1,6,16.001119734677438,12.309681107141053,20.83768746599805,15.513333190537786,7.320497470426346,22.83383066096413,0.0699598236601052,0.014880845400639,0.0727644804902036,0.014880845400639,-11.597352022880848,0.2332504440278755,0.0109553743039393,0.2734862814459455,-10.944472550261956,-13.039913633492615,-13.819489967879804,22.11425175663113,23.51824346840637
20414,CN[C@@H](C)c1cnccn1,15294,OCC1=Cc2ccccc21,18025,[H]OC([H])([H])C12c3c([H])c([H])c([H])c([H])c3C1([H])C1([H])N=C([H])C2([H])N=C1[C@@]([H])(N([H])C([H])([H])[H])C([H])([H])[H],1,8 5 2 3 21 1,8,18.554274375018785,11.547158204988904,20.76702454259506,15.54419769576688,9.378314209332473,24.92251190509936,0.0114146572602669,0.0324823248858244,0.0696200048243271,0.0324823248858244,-7.243432203863499,0.0378850926194451,0.046706601311124,0.1049443745537093,-5.8960582947526845,-9.194359314172353,-10.411128306526209,24.45880277156176,23.117349414824464
6802,CNc1nc[nH]c(=O)c1N,15347,OCC1=Cc2ccccc21,18025,[H]OC([H])([H])C12c3c([H])c([H])c([H])c([H])c3C1([H])C1([H])N=C(N([H])C([H])([H])[H])C2(N([H])[H])C(=O)N1[H],1,8 4 2 3 18 1,0,16.95064755018695,12.202280698156171,24.51497253113002,15.866687819074292,5.105171690172444,20.97185950924673,0.0113079448659242,0.0120955963158604,0.0902578332269893,0.0120955963158604,-14.455729669003176,0.026246232979358,0.0118951416812407,0.0883668226651321,-13.131537576497353,-20.381167538801613,-21.273064425127167,20.61693251744435,22.611184442229167
13610,COC(=O)c1cocc1C,15426,OCC1=Cc2ccccc21,18025,[H]OC([H])([H])C12c3c([H])c([H])c([H])c([H])c3C1([H])C1([H])OC2([H])C(C(=O)OC([H])([H])[H])=C1C([H])([H])[H],1,7 5 3 2 18 1,6,14.279545346263609,11.493217357441772,18.38478189623831,15.036017407295432,7.220492346520277,22.25650975381571,0.0201585744594141,0.0053240340203907,0.0514655103472145,0.0053240340203907,-12.987444694273243,0.0699754039631069,0.0101372217443421,0.1531073303500396,-12.753025179538206,-15.181482413813065,-16.023765890894502,20.74595303501432,21.30999737599421
13610,COC(=O)c1cocn1,15427,OCC1=Cc2ccccc21,18025,[H]OC([H])([H])C12c3c([H])c([H])c([H])c([H])c3C1([H])C1([H])N=C(C(=O)OC([H])([H])[H])C2([H])O1,1,7 5 3 2 14 1,6,16.30970749321643,11.505565284357454,20.097885000541368,14.963730068313357,5.132469860590359,20.096199928903715,0.0344494684934276,0.0088957236950607,0.0300958336860073,0.0088957236950607,-10.728576823005112,0.1388660019043372,0.0111293911166217,0.0934734396920545,-11.316205602568637,-13.784465583167012,-11.342641282972115,22.92988414451603,22.40220914301108
13610,COC(=O)c1occc1F,15434,OCC1=Cc2ccccc21,18025,[H]OC([H])([H])C12c3c([H])c([H])c([H])c([H])c3C1([H])C1([H])OC2(C(=O)OC([H])([H])[H])C(F)=C1[H],1,6 4 3 2 15 1,6,17.73995379882743,12.375253495763047,20.6897701125222,15.471993630030514,8.04732805661163,23.519321686642144,0.0370127001223823,0.0052006436740028,0.0102780338829633,0.0052006436740028,-7.790504737118475,0.1087476406874449,0.0251136824511544,0.1022796206835805,-8.077437383344915,-10.245877614075866,-10.097174975644512,23.9360108860842,23.97612512466681
20416,COc1cncc(F)n1,15610,OCC1=Cc2ccccc21,18025,[H]OC([H])([H])C12c3c([H])c([H])c([H])c([H])c3C1([H])C1(F)N=C(OC([H])([H])[H])C2([H])N=C1[H],1,6 3 3 2 14 1,10,18.534989764090668,11.86185371021994,20.94719046255495,15.450832089985566,9.02524269917026,24.476074789155824,0.0804943485118964,0.0135659677717272,0.0317859809301607,0.0135659677717272,-8.404614967475567,0.1718366381431612,0.0149165977106545,0.094493112466971,-9.566735995268688,-10.658441127953218,-11.927977577098368,23.65887055345173,23.97233823687293
20410,COc1ncnnc1CN,15637,OCC1=Cc2ccccc21,18025,[H]OC([H])([H])C12c3c([H])c([H])c([H])c([H])c3C1([H])C1(C([H])([H])N([H])[H])N=NC2([H])N=C1OC([H])([H])[H],1,4 7 2 3 18 1,4,18.532220287209377,11.518244916942088,22.58135648735182,15.620547548642795,8.045526065379796,23.6660736140226,0.008415496734765,0.0342692920165261,0.0244707829093594,0.0342692920165261,-7.6310177827187005,0.0373696819782471,0.0720588933635929,0.0194470421960499,-7.778971803229652,-10.41521599374652,-11.208836944563451,23.83935606273363,23.559226750565053
888,C[C@@H]1CCC2=C1N=CCN2,15695,N#CC(F)(F)C(F)=C(F)F,16603,[H]N1C([H])([H])C2([H])N=C3C1(C([H])([H])C([H])([H])[C@@]3([H])C([H])([H])[H])C(F)(C(F)(F)C#N)C2(F)F,1,4 7 5 7 22 1,0,14.357831308479083,21.02752085758404,24.86950479701986,16.09283232440343,11.525896564849145,27.618728889252576,0.0010609037793093,0.009851963491691,0.0189189211984415,0.009851963491691,-20.44832281731804,0.0047652252002052,0.0368843827169383,0.0593281870954941,-19.648254306319288,-23.014787556315667,-23.051647907111864,25.55151665802486,23.667448238080265
1587,C[C@@H]1CCC2=C1N=CCN2,15695,N#Cc1cnoc1C#N,16711,[H]c1noc(C2=NC34C(=NC2([H])C([H])([H])N3[H])[C@]([H])(C([H])([H])[H])C([H])([H])C4([H])[H])c1C#N,0,4 7 8 7 22 0,11,18.54136404397353,16.178014274962187,27.57340075926505,15.835018455130998,7.150646762720974,22.98566521785197,0.0033991497028469,0.0217653500319727,0.0126857780346444,0.0217653500319727,-8.477080801342318,0.0017587110698597,0.0258930341542802,0.0167533707671263,-8.369200283729349,-9.784914449552332,-8.181734817222782,24.03263014886303,22.52048750686692
1693,C[C@@H]1CCC2=C1N=CCN2,15695,N#Cc1nonc1C#N,16728,[H]N1C([H])([H])C2([H])N=C3C1(N=C2c1nonc1C#N)C([H])([H])C([H])([H])[C@@]3([H])C([H])([H])[H],0,4 7 0 1 22 0,1,18.05245477676416,15.300104218088627,26.77036843155893,15.435561859617124,7.180066410235703,22.615628269852827,0.003410879177968,0.0019277072563174,0.0094282256343728,0.0019277072563174,-9.74010549913438,0.0018006621418838,0.0102704587200664,0.0090440939312589,-10.488980354807836,-11.552693726158004,-9.02607035554145,22.87665482618048,22.15288912442925
2056,C[C@@H]1CCC2=C1N=CCN2,15695,NC(=O)C#CC(N)=O,16803,[H]N([H])C(=O)C1=C(C(=O)N([H])[H])C23C(=NC1([H])C([H])([H])N2[H])[C@]([H])(C([H])([H])[H])C([H])([H])C3([H])[H],1,4 7 3 4 22 1,0,12.14720825277716,15.171631688559431,20.67999476098661,16.340457832871753,6.388955047573486,22.72941288044524,0.1450583701340375,0.057088509311059,0.0603208890392194,0.057088509311059,-33.814105630031506,0.0887075956236543,0.0546366714439243,0.0269716434651938,-32.70045824491338,-34.18589687391502,-32.06047920687871,21.35784609886085,23.30830581520182
4571,C[C@@H]1CCC2=C1N=CCN2,15695,O=C1C=c2ccccc2=N1,17550,[H]C1=C([H])C([H])=C([H])C23C1=NC(=O)C2([H])C12C(=NC3([H])C([H])([H])N1[H])[C@]([H])(C([H])([H])[H])C([H])([H])C2([H])[H],1,4 7 2 3 22 1,0,19.940506502039256,14.179701142233368,31.42027882412534,16.479638856209117,4.14515764191367,20.624796498122787,0.0221821817818983,0.0282559972296836,0.027446384744219,0.0282559972296836,-1.644251116441989,0.0060349675140689,0.1005752507860359,0.1907779841053293,-2.72112716840563,-6.480226231715342,-9.152611893180977,19.007719632542607,17.43899775340789
6513,C[C@@H]1CCC2=C1N=CCN2,15695,O=c1ccc(=O)n(CO)[nH]1,17988,[H]OC([H])([H])N1C(=O)C2([H])C3([H])N=C4C(N([H])C3([H])[H])(C([H])([H])C([H])([H])[C@@]4([H])C([H])([H])[H])C2([H])C(=O)N1[H],0,4 7 2 3 22 0,5,20.463726917868264,13.756955640984776,28.389369642991568,16.726304864453517,8.452383445936615,25.17868831039013,0.0010631865641518,0.0123054689294403,0.0024119565850834,0.0123054689294403,-3.7579876349813617,0.0016368279898063,0.1026647666818744,0.0145909957413723,-3.689006353282771,-4.392066479884853,-8.534570688597505,22.001428975729183,22.13703823848932
6780,C[C@@H]1CCC2=C1N=CCN2,15695,OC1=C(O)c2ccccc21,18015,[H]OC12c3c([H])c([H])c([H])c([H])c3C1(O[H])C13C(=NC2([H])C([H])([H])N1[H])[C@]([H])(C([H])([H])[H])C([H])([H])C3([H])[H],1,4 7 1 2 22 1,0,14.282618265614476,15.471829124571483,23.078557666159213,16.48640517092903,4.415264293188162,20.90166946411719,0.0132624498975406,0.0202845058164077,0.0139115820036828,0.0202845058164077,-32.36416910690794,0.0174824946608964,0.0422259598436711,0.0321167710615939,-35.68459677630585,-34.44003064198859,-31.244375580874,20.312942687364146,21.392322824711165
6802,C[C@@H]1CCC2=C1N=CCN2,15695,OCC1=Cc2ccccc21,18025,[H]OC([H])([H])C12c3c([H])c([H])c([H])c([H])c3C1([H])C1([H])N=C3C2(N([H])C1([H])[H])C([H])([H])C([H])([H])[C@@]3([H])C([H])([H])[H],1,4 7 2 3 22 1,0,14.316521381575877,12.369641649649209,22.93741617539458,16.045147420143707,2.334413812746373,18.37956123289008,0.0072968524202824,0.0409880944027424,0.0351747061344485,0.0409880944027424,-27.265165731367446,0.0954522831758221,0.0451578176320295,0.2476756548382667,-28.42087966712701,-32.15907670801962,-32.03176202629985,18.075189622735607,18.862036301932047
9547,C[C@@H]1CCC2=C1N=CCN2,15695,C=C(C(F)(F)F)C(F)(F)F,13835,[H]N1C([H])([H])C2([H])N=C3C1(C([H])([H])C([H])([H])[C@@]3([H])C([H])([H])[H])C([H])([H])C2(C(F)(F)F)C(F)(F)F,1,4 7 0 1 22 1,0,17.82041698525038,16.18263109108597,26.735657000781128,16.97803442963899,7.685707074109409,24.6637415037484,0.0013338461742628,0.0005755794904798,0.0066516037390216,0.0005755794904798,-9.542729142541347,0.0132515620692407,0.0016329506222774,0.000305801805775,-8.824739389846414,-10.53065636509688,-11.92752793510359,24.3024271550578,23.901658147599413
6802,C[C@H](C1=CCC=C1)N(C)C,15757,OCC1=Cc2ccccc21,18025,[H]OC([H])([H])C12c3c([H])c([H])c([H])c([H])c3C1([H])C1([H])C([C@]([H])(N(C([H])([H])[H])C([H])([H])[H])C([H])([H])[H])=C([H])C2([H])C1([H])[H],1,5 3 2 3 25 1,0,13.255546007999916,9.459803176053,16.360271439415815,15.421822907608169,6.063571145429695,21.48539405303786,0.0139183606164405,0.0342015291026164,0.0552431586324443,0.0342015291026164,-21.125270033663057,0.1462582313792048,0.0404666109033315,0.1446206610004199,-20.233218202760952,-25.3967721237468,-26.29049574998423,20.69564378247642,22.192548929427584
6802,Cc1cc(C(F)(F)F)co1,15906,OCC1=Cc2ccccc21,18025,[H]OC([H])([H])C12c3c([H])c([H])c([H])c([H])c3C1([H])C1([H])OC2(C([H])([H])[H])C([H])=C1C(F)(F)F,1,1 8 2 3 15 1,0,17.05026846340244,11.7529328205188,21.92565525116909,15.56367716424014,6.580385739468639,22.14406290370878,0.0064298405662163,0.0037321799402807,0.0702004749392902,0.0037321799402807,-10.168203616000907,0.0257998543391037,0.0044854868934941,0.120252467209277,-8.086259950503475,-11.4315122291763,-12.23080578062131,22.009290387849124,23.450666060911285
13606,Cc1cc(C(N)=O)co1,15908,OCC1=Cc2ccccc21,18025,[H]OC([H])([H])C12c3c([H])c([H])c([H])c([H])c3C1([H])C1(C([H])([H])[H])OC2([H])C(C(=O)N([H])[H])=C1[H],1,1 7 3 2 16 1,2,15.79297878480252,12.24741635065499,20.648798209761285,15.567441333156951,7.15800355438725,22.7254448875442,0.0467938980619758,0.0055013777873014,0.0539558317030681,0.0055013777873014,-12.345251093910449,0.1564481768512365,0.0177567499776899,0.1389895193217096,-12.052667628626033,-13.215106060916485,-14.347153706090763,21.41023119112105,22.7576339634772
6804,Cc1ccoc1C(F)(F)F,16163,OCC1=Cc2ccccc21,18025,[H]OC([H])([H])C12c3c([H])c([H])c([H])c([H])c3C1([H])C1(C(F)(F)F)OC2([H])C([H])=C1C([H])([H])[H],1,5 3 3 2 15 1,2,16.231033733599283,11.770436659708263,20.98879881697136,15.488400470587727,5.929783124683009,21.418183595270737,0.0190068790499948,0.0214412178591159,0.0173277134354286,0.0214412178591159,-7.706985077771485,0.1156058554211392,0.0114931651292164,0.2185645753415115,-8.132150576109922,-12.0982661335862,-12.049085804630046,22.11637070236487,23.80810968876636
20416,Cc1cnc(C(F)F)cn1,16178,OCC1=Cc2ccccc21,18025,[H]OC([H])([H])C12c3c([H])c([H])c([H])c([H])c3C1([H])C1([H])N=C(C([H])([H])[H])C2([H])N=C1C([H])(F)F,1,8 2 3 2 16 1,10,19.10868556737094,11.816656154817483,21.84309365646063,15.78129472916735,7.089626119917611,22.87092084908496,0.0356118076559745,0.017809706295763,0.0173496344865537,0.017809706295763,-8.527617004381135,0.0712028815645421,0.0161237064567176,0.0941017176385137,-10.185581901059386,-12.061461511498289,-11.833640468571566,24.26391916008556,23.189781437633947
20416,Cc1cnc(CNN)cn1,16184,OCC1=Cc2ccccc21,18025,[H]OC([H])([H])C12c3c([H])c([H])c([H])c([H])c3C1([H])C1([H])N=C(C([H])([H])[H])C2([H])N=C1C([H])([H])N([H])N([H])[H],1,8 2 3 2 20 1,10,18.06082919173289,11.962577992696785,21.79609726356683,15.775665482687565,6.960840653035984,22.736506135723545,0.0692312007420261,0.0170673977624452,0.0283855334269896,0.0170673977624452,-8.02561266335281,0.1322086243502883,0.0239808414935885,0.0858838148620318,-9.313493947444854,-11.609664658490615,-12.173065833588552,22.34543120455136,21.71788091188536
13610,Cc1coc(C)c1C(=O)O,16220,OCC1=Cc2ccccc21,18025,[H]OC(=O)C1=C(C([H])([H])[H])C2([H])OC1(C([H])([H])[H])C1([H])c3c([H])c([H])c([H])c([H])c3C21C([H])([H])O[H],1,4 2 3 2 18 1,6,14.836166958630324,11.599972909671951,20.71583833407816,15.239938308575804,6.486196939290952,21.72613524786676,0.0721509504665301,0.0125577064152531,0.1034508405413423,0.0125577064152531,-12.336589414471383,0.3391467888422311,0.0070883000838207,0.2710297756694574,-13.540908955504436,-14.726944863992578,-16.630376824913334,20.105319195548088,21.65005715341315
6804,Cc1coc(C)c1CN,16221,OCC1=Cc2ccccc21,18025,[H]OC([H])([H])C12c3c([H])c([H])c([H])c([H])c3C1([H])C1(C([H])([H])[H])OC2([H])C(C([H])([H])[H])=C1C([H])([H])N([H])[H],1,4 2 3 2 20 1,2,15.244311834021271,13.55025724717435,21.82386553638024,15.77319034722806,6.208851898359544,21.982042245587603,0.0834273509061577,0.0125655244094834,0.0781790245719203,0.0125655244094834,-11.901507908780268,0.3632509018842334,0.0022663423626856,0.2886571194421201,-11.978826198839856,-14.352684287327795,-16.307309632107163,21.185926997329343,22.585700444152
6804,Cc1coc(C)c1[C@H](C)O,16222,OCC1=Cc2ccccc21,18025,[H]OC([H])([H])C12c3c([H])c([H])c([H])c([H])c3C1([H])C1(C([H])([H])[H])OC2([H])C(C([H])([H])[H])=C1[C@@]([H])(O[H])C([H])([H])[H],1,4 2 3 2 22 1,2,14.389158664157804,13.290306492668565,21.46003880718508,15.526134042795862,5.753534088637785,21.279668131433645,0.1129765534036641,0.0093664986839637,0.0616723190506465,0.0093664986839637,-13.5599305890688,0.3328771032886451,0.0051410316571196,0.3100553856619634,-15.46441797353792,-16.289235949393706,-17.37515455677729,20.70592553688268,21.8541313892687
6804,Cc1cocc1CCCO,16225,OCC1=Cc2ccccc21,18025,[H]OC([H])([H])C([H])([H])C([H])([H])C1=C(C([H])([H])[H])C2([H])OC1([H])C1([H])c3c([H])c([H])c([H])c([H])c3C21C([H])([H])O[H],1,4 2 3 2 22 1,2,14.47342904332619,11.926694516613528,19.623812221664032,15.886318793315588,6.598320607588988,22.484639400904577,0.1427827014861049,0.0075375318425754,0.0456390474384192,0.0075375318425754,-11.706974995206116,0.4569011736051215,0.0037200761134688,0.161595276354346,-11.759285032962609,-13.823272341120244,-14.912128818967403,21.55467245875168,22.876611740290866
13606,Cc1nc(C(=N)N)co1,16248,OCC1=Cc2ccccc21,18025,[H]N=C(C1=NC2(C([H])([H])[H])OC1([H])C1(C([H])([H])O[H])c3c([H])c([H])c([H])c([H])c3C21[H])N([H])[H],1,1 7 3 2 16 1,2,17.614828080614966,12.01902635740694,21.14840939443692,15.499742656778354,5.796672192737624,21.296414849515976,0.045508172082501,0.0082167825571092,0.0443689730455855,0.0082167825571092,-10.907206553923722,0.2119953870172747,0.0154442305984612,0.144710490285507,-11.128888927841842,-13.469536117596832,-11.62163989892197,22.98924485552496,23.778215285358783
6802,Cc1nc(C)c(=O)[nH]c1C,16254,OCC1=Cc2ccccc21,18025,[H]OC([H])([H])C12c3c([H])c([H])c([H])c([H])c3C1([H])C1(C([H])([H])[H])N=C(C([H])([H])[H])C2(C([H])([H])[H])N([H])C1=O,1,8 3 2 3 20 1,0,17.180334551510853,12.955570740096409,24.461293969012527,16.43617848490667,6.292003607755071,22.72818209266174,0.0014864968467468,0.0069288215710125,0.0624613144615965,0.0069288215710125,-16.220078813176734,0.0262277990959395,0.0118327222904721,0.0587292454557447,-14.912891616208585,-17.24793697283605,-18.998188443845628,22.30314433986655,23.29400858683489
13604,Cc1nc(C)c(C(=O)O)o1,16255,OCC1=Cc2ccccc21,18025,[H]OC(=O)C12OC(C([H])([H])[H])(N=C1C([H])([H])[H])C1(C([H])([H])O[H])c3c([H])c([H])c([H])c([H])c3C21[H],1,1 5 2 3 17 1,0,17.97791673353765,11.165474032278729,22.109778981821982,15.778298968649116,6.333727840077412,22.11202680872653,0.0067937009474682,0.0191447698011233,0.104340967429217,0.0191447698011233,-9.552824694573026,0.0669968968603449,0.0505971855450841,0.1584361251486747,-8.974931293354537,-12.242933129833986,-12.026693626243793,21.990761985852547,23.21332698939537
6804,Cc1nc(CC#N)co1,16269,OCC1=Cc2ccccc21,18025,[H]OC([H])([H])C12c3c([H])c([H])c([H])c([H])c3C1([H])C1(C([H])([H])[H])N=C(C([H])([H])C#N)C2([H])O1,1,1 7 3 2 15 1,2,16.364523704293518,11.731162758550228,20.87041267376297,15.634885722005626,5.8213932254037,21.456278947409324,0.128013067619646,0.0110376098248218,0.0243356891074853,0.0110376098248218,-12.289300185393806,0.3105170873300717,0.0239532270583346,0.2293921055371133,-12.409617782606835,-13.952139992519292,-13.146127560168502,21.426730763973016,22.662615795493373
6802,Cc1nc2c(o1)CCCC2,16294,OCC1=Cc2ccccc21,18025,[H]OC([H])([H])C12c3c([H])c([H])c([H])c([H])c3C1([H])C13OC2(C([H])([H])[H])N=C1C([H])([H])C([H])([H])C([H])([H])C3([H])[H],1,1 4 2 3 21 1,0,16.359894821019324,11.330716530265727,21.49267439233465,15.905130833902344,4.510232348991529,20.41536318289388,0.0075832696860915,0.0130042224555792,0.0374542099254323,0.0130042224555792,-11.787179345435938,0.0358789175390105,0.0215745390888009,0.1623788264205916,-10.40858308843528,-14.046749316209208,-14.734442796684434,21.508380824826062,22.73747808492162
6780,Cc1nc2c(o1)CNC2,16295,OC1=C(O)c2ccccc21,18015,[H]OC12c3c([H])c([H])c([H])c([H])c3C1(O[H])C13OC2(C([H])([H])[H])N=C1C([H])([H])N([H])C3([H])[H],1,1 4 1 2 17 1,0,15.53287402027964,13.03211197695673,21.8450334058114,15.999928578053291,5.514688838072882,21.51461741612617,0.0262545253517468,0.0186989666708098,0.0255820275401225,0.0186989666708098,-18.51208732812032,0.0878494020366679,0.0193340722425865,0.0456637056557654,-21.24011718052105,-18.903987882180186,-16.409371272332507,21.307864817856107,22.86196635716359
13610,Cc1nc2cnccn2n1,16299,OCC1=Cc2ccccc21,18025,[H]OC([H])([H])C12c3c([H])c([H])c([H])c([H])c3C1([H])C1([H])N=C([H])C2([H])n2nc(C([H])([H])[H])nc21,1,4 7 3 2 16 1,6,18.564823535774543,12.800477570801922,22.30387295904652,15.179496855568578,8.115085023846824,23.294581879415404,0.0117974820775794,0.0078882297146226,0.0044585440205325,0.0078882297146226,-8.557441226444425,0.0958902535030907,0.004538520699686,0.073744679817162,-9.801425637582518,-12.28415220215642,-13.648473719163576,22.89805272619835,22.35509058054009
6804,Cc1ncc(=O)[nH]c1C,16304,OCC1=Cc2ccccc21,18025,[H]OC([H])([H])C12c3c([H])c([H])c([H])c([H])c3C1([H])C1(C([H])([H])[H])C(C([H])([H])[H])=NC2([H])C(=O)N1[H],1,7 3 3 2 17 1,2,15.250560354263698,12.649440794962308,24.331501146449742,16.29331964328911,4.521179223867481,20.81449886715659,0.0269681489633044,0.0171378853826213,0.0380653996794608,0.0171378853826213,-18.300698043426976,0.0916035467507931,0.0160319198878938,0.1123172576454441,-19.533410140736564,-18.628879907873312,-22.25936623456352,20.347135079109137,22.37459483544796
3421,Cc1oc(C)c(C)c1C,16381,OCC1=Cc2ccccc21,18025,[H]OC([H])([H])C12c3c([H])c([H])c([H])c([H])c3C1([H])C1(C([H])([H])[H])OC2(C([H])([H])[H])C(C([H])([H])[H])=C1C([H])([H])[H],1,3 1 2 3 21 1,0,16.323140112796487,11.366865362129287,21.69677153888349,15.476471098923453,5.111253342927316,20.587724441850767,0.0068292927349347,0.0116640439817903,0.0086936278497205,0.0116640439817903,-11.231151462903384,0.0205380673896872,0.0024842438286511,0.09359499535211,-8.697527010045249,-13.47951490333724,-15.924989855070756,21.784043588859863,22.40695661826893
6802,Cc1occc1CNN,16383,OCC1=Cc2ccccc21,18025,[H]OC([H])([H])C12c3c([H])c([H])c([H])c([H])c3C1([H])C1(C([H])([H])[H])OC2([H])C([H])=C1C([H])([H])N([H])N([H])[H],1,3 1 2 3 19 1,0,16.949162969261252,11.327239018877012,20.952426961974297,15.501215975953452,6.932557285046279,22.43377326099973,0.0376108662710492,0.0499331263844957,0.1669970229732645,0.0499331263844957,-8.295033820399347,0.0705666071209149,0.0328643519283101,0.2653657063589099,-5.871332284276733,-11.301745438881198,-13.356374916228049,23.106041055894742,23.38151962543333
20342,FC(F)(F)c1ccnnc1,16506,OC1=C(O)c2ccccc21,18015,[H]OC12c3c([H])c([H])c([H])c([H])c3C1(O[H])C1([H])N=NC2([H])C([H])=C1C(F)(F)F,1,6 9 1 2 13 1,2,19.54578006482629,13.871431586359504,22.68399621805345,15.908104061207052,11.83972587109377,27.747829932300824,0.0036972282094762,0.0032872228258728,0.0059700542687184,0.0032872228258728,-12.297506115099708,0.0101181910748604,0.0069068570097896,0.0259962770953114,-12.168909476828354,-12.06389798306077,-11.039435657283732,24.753674636013614,23.406027594337623
20414,FC(F)(F)c1cnccn1,16510,OCC1=Cc2ccccc21,18025,[H]OC([H])([H])C12c3c([H])c([H])c([H])c([H])c3C1([H])C1([H])N=C([H])C2([H])N=C1C(F)(F)F,1,8 5 2 3 13 1,8,18.02417494770131,12.299925898927317,21.205204304847705,15.444801804362935,9.169947047843404,24.61474885220634,0.0010266606621038,0.0019397585215453,0.0270031626235438,0.0019397585215453,-5.313681143152429,0.007673251701732,0.0071090924729764,0.0366740569665775,-4.945045837084429,-8.227417137333475,-9.129465612321257,23.57982629850204,21.41073299019877
16966,Fc1nc(F)c(F)nc1F,16585,OC1=C(O)c2ccccc21,18015,[H]OC12c3c([H])c([H])c([H])c([H])c3C1(O[H])C1(F)N=C(F)C2(F)N=C1F,1,1 5 1 2 10 1,0,20.56756726780173,14.299236569238069,24.235861978802337,15.825519474934788,9.37776303910684,25.203282514041625,0.0069143949557848,0.0026289892944391,0.0032962866145918,0.0026289892944391,-13.682128319908912,0.0058394344271328,0.0033240002689945,0.0020414578719101,-14.884320485127011,-12.862987415398427,-9.891712834469544,23.66713321565298,23.300247836964488
17027,Fc1nc(F)c(F)nc1F,16585,OCC1=Cc2ccccc21,18025,[H]OC([H])([H])C12c3c([H])c([H])c([H])c([H])c3C1([H])C1(F)N=C(F)C2(F)N=C1F,1,1 5 3 2 10 1,2,19.76739834757039,11.614077656475814,23.03367252792953,15.51143271168142,7.78626314025977,23.29769585194119,0.0387067710998973,0.0053926685434547,0.0016847487200878,0.0053926685434547,-8.55033712134908,0.067668681815182,0.0014857918175219,0.0119323293720239,-9.03939154015218,-11.422312767609084,-12.519615513630685,23.10973810212796,21.602185026702383
17027,Fc1nccnc1F,16591,OCC1=Cc2ccccc21,18025,[H]OC([H])([H])C12c3c([H])c([H])c([H])c([H])c3C1([H])C1(F)N=C([H])C2([H])N=C1F,1,1 4 3 2 10 1,2,18.53265200999257,11.766154197946314,21.835560713458623,15.286203265851263,8.236545616201923,23.522748882053182,0.0637155999308267,0.0075640177503224,0.0132077931859645,0.0075640177503224,-4.914714450444002,0.1638961615826655,0.0114222961598471,0.0347052869337846,-5.922968178777275,-8.271954166493373,-9.162153725462474,23.431109321017907,21.64567129126578
6804,N#CC1(c2cocn2)CC1,16606,OCC1=Cc2ccccc21,18025,[H]OC([H])([H])C12c3c([H])c([H])c([H])c([H])c3C1([H])C1([H])N=C(C3(C#N)C([H])([H])C3([H])[H])C2([H])O1,1,6 4 3 2 16 1,2,15.94547729929071,11.382606474877072,19.43259776351789,15.0077244627261,7.102118315658398,22.109842778384497,0.0798561104090026,0.0141374529734191,0.0415505073184544,0.0141374529734191,-10.446596588039178,0.2203559248251294,0.0214316301123461,0.2363476938380235,-10.95100365899787,-12.54799066141382,-12.839151258223405,22.21888363304128,22.653900870567306
20412,N#Cc1ccnc(NN)c1,16697,OCC1=Cc2ccccc21,18025,[H]OC([H])([H])C12c3c([H])c([H])c([H])c([H])c3C1([H])C1([H])N=C(N([H])N([H])[H])C2([H])C(C#N)=C1[H],1,4 9 3 2 16 1,6,19.15356548286772,13.095358019617318,21.34747251679609,15.33497710140567,10.525271496592929,25.8602485979986,0.0221542800020397,0.0098300773527107,0.0088437415940924,0.0098300773527107,-6.489430233418936,0.0582200207308395,0.015674069012547,0.0862330568586338,-7.618005939676202,-8.682293223676837,-10.604089780649204,24.61337018250732,23.956414722295712
20344,N#Cc1cnc(F)cn1,16701,OC1=C(O)c2ccccc21,18015,[H]OC12c3c([H])c([H])c([H])c([H])c3C1(O[H])C1([H])N=C(F)C2([H])N=C1C#N,1,7 3 1 2 11 1,4,19.27340685836114,15.265001637092098,23.47362231437028,15.464695756921133,9.06709946971037,24.531795226631505,0.005847553972634,0.0012667407651536,0.0080022160230722,0.0012667407651536,-12.473700245964864,0.0064263339803555,0.0090384501703473,0.0040200416594983,-13.54719555558924,-11.119947633431806,-8.617203112691818,24.04934096580055,23.30461948531732
20416,N#Cc1cnc(F)cn1,16701,OCC1=Cc2ccccc21,18025,[H]OC([H])([H])C12c3c([H])c([H])c([H])c([H])c3C1([H])C1([H])N=C(C#N)C2([H])N=C1F,1,7 3 3 2 11 1,10,18.03296640816133,12.26042763403383,22.37958643872869,15.310069676002392,6.861146367591783,22.17121604359417,0.0230650452481883,0.0013639288553977,0.0091930416973361,0.0013639288553977,-6.708061231089715,0.0733164569087934,0.0064722099087714,0.008045863633165,-8.327973411452277,-9.238028166026702,-10.98318952509178,22.831351033426795,20.94348206722171
20340,N#Cc1nc(F)cnc1F,16716,OC1=C(O)c2ccccc21,18015,[H]OC12c3c([H])c([H])c([H])c([H])c3C1(O[H])C1(C#N)N=C(F)C2([H])N=C1F,1,2 6 1 2 11 1,0,19.833541670477945,15.697492895566764,24.667107856038854,15.811890341633582,9.139334808006105,24.951225149639686,0.0035456446199221,5.47580705065565e-05,0.0024077114859612,5.47580705065565e-05,-10.699493344799386,0.0015347553213712,0.0047443552859356,0.0011296237600842,-13.025047417839396,-9.190615881456084,-7.252370147994942,24.38064074960048,22.948465474711945
20408,N#Cc1nc(F)cnc1F,16716,OCC1=Cc2ccccc21,18025,[H]OC([H])([H])C12c3c([H])c([H])c([H])c([H])c3C1([H])C1(C#N)N=C(F)C2([H])N=C1F,1,2 6 3 2 11 1,2,18.59113334868688,12.53661218051695,24.4320989770023,15.495649400480715,7.010372330671444,22.50602173115216,0.015973789282586,3.7392552573207294e-05,0.0022963294986416,3.7392552573207294e-05,-5.5504253375427695,0.0157312541242773,0.0005934076381504,0.0021794934103604,-9.050985834730035,-7.894062763733984,-9.581531518773843,22.58938145121728,20.28555354527492
20408,N#Cc1nccnc1O,16723,OCC1=Cc2ccccc21,18025,[H]OC1=NC2([H])C([H])=NC1(C#N)C1([H])c3c([H])c([H])c([H])c([H])c3C21C([H])([H])O[H],1,2 5 3 2 12 1,2,18.596641071009618,12.721315259437471,24.31591124387807,15.526720271446584,5.873932148427173,21.40065241987376,0.0360897188272184,0.0138001507416921,0.0234346807649978,0.0138001507416921,-5.397327343471872,0.0796543989375457,0.0267446147310511,0.1314251289876949,-7.875079858390606,-8.723686130322783,-9.224442429675785,22.643867980824847,22.13117686127144
13610,NC(=O)c1cccc(=O)[nH]1,16849,OCC1=Cc2ccccc21,18025,[H]OC([H])([H])C12c3c([H])c([H])c([H])c([H])c3C1([H])C1(C(=O)N([H])[H])C([H])=C([H])C2([H])C(=O)N1[H],1,3 6 3 2 16 1,6,17.983392866354066,13.260450456148806,23.77572684948744,15.185363745853488,7.857463671019705,23.042827416873195,0.0860208452261866,0.0153818129526704,0.0481839588254985,0.0153818129526704,-11.741478804320488,0.1706428036340093,0.0407244539802122,0.0916939434538432,-12.26093372160532,-13.198688730676784,-15.974790416394612,23.13546729149172,23.989416457959614
6804,NC1(c2ccoc2)CC1,16880,OCC1=Cc2ccccc21,18025,[H]OC([H])([H])C12c3c([H])c([H])c([H])c([H])c3C1([H])C1([H])OC2([H])C([H])=C1C1(N([H])[H])C([H])([H])C1([H])[H],1,6 4 3 2 18 1,2,15.15857296143346,11.961829411788262,19.099674923629703,15.113028827332707,8.222695567634904,23.335724394967613,0.122006598563304,0.0172871291105602,0.0661194550633657,0.0172871291105602,-10.29321643619204,0.2213484159506757,0.0122972094987627,0.2622687927783051,-11.101977804448175,-12.79946495877838,-13.847066532805194,22.45020032047181,22.92034455188608
20414,NC1(c2cnccn2)CC1,16881,OCC1=Cc2ccccc21,18025,[H]OC([H])([H])C12c3c([H])c([H])c([H])c([H])c3C1([H])C1([H])N=C([H])C2([H])N=C1C1(N([H])[H])C([H])([H])C1([H])[H],1,6 3 2 3 19 1,8,18.350820325142827,11.709492064392355,20.98819921066526,15.48978050847156,7.864400821143118,23.35418132961468,0.0109159715972367,0.0507295916444114,0.0903695672905919,0.0507295916444114,-8.451915251199196,0.0205573186401429,0.072880646772449,0.1307704520948341,-7.578380156947645,-10.033329272727045,-9.536741435851326,24.247794437873125,23.877626900992105
889,NC1=C(O)C(O)=C(CO)C1,16890,N#CC(F)(F)C(F)=C(F)F,16603,[H]OC1=C(O[H])C2(N([H])[H])C([H])([H])C1(C([H])([H])O[H])C(F)(F)C2(F)C(F)(F)C#N,0,1 6 5 7 19 0,1,13.468534393918748,20.4909915928284,27.78051927874941,16.18907634510611,6.179379028695664,22.368455373801773,0.0014027986079493,0.0027870988702978,0.0171861444805484,0.0027870988702978,-15.329029149697256,0.0277081751769851,0.0138718620197573,0.0418842742995277,-14.249549509018898,-17.71757170066043,-16.731622003746644,21.585278658226777,21.434682291800453
2056,NC1=C(O)C(O)=C(CO)C1,16890,NC(=O)C#CC(N)=O,16803,[H]OC1=C(O[H])C2(C([H])([H])O[H])C(C(=O)N([H])[H])=C(C(=O)N([H])[H])C1(N([H])[H])C2([H])[H],1,1 6 3 4 19 1,0,12.404914472886476,15.14098110919436,23.31513180378224,16.157719451991703,7.834084340622137,23.99180379261384,0.6135806075589815,0.0117177322668909,0.0578195513407911,0.0117177322668909,-19.63241049158805,0.417292443938809,0.015780083217032,0.0765778047722895,-20.78365107407928,-20.174322602494904,-20.356519405503114,19.831250336434948,23.526287480413103
3784,NC1=C(O)C(O)=C(CO)C1,16890,Nc1nc2occ(O)c2o1,17301,[H]OC1=C([H])OC23N=C(N([H])[H])OC12C1(N([H])[H])C(O[H])=C(O[H])C3(C([H])([H])O[H])C1([H])[H],0,1 6 8 3 19 0,9,15.840880149767026,12.37082236492311,22.335606625585445,16.435551207466407,4.774041048720527,21.209592256186934,0.0492682152619738,0.0149749235686259,0.0729757296148474,0.0149749235686259,-14.137308324730457,0.0283930391094648,0.0209978949299024,0.0246758541415834,-13.316345799979636,-12.022792154837262,-11.518395037017925,21.7142353543969,23.63872585128309
4612,NC1=C(O)C(O)=C(CO)C1,16890,O=C1CC2=C(CC=C2)O1,17558,[H]OC1=C(O[H])C2(C([H])([H])O[H])C([H])([H])C1(N([H])[H])C13C([H])=C([H])C([H])([H])C21OC(=O)C3([H])[H],0,1 6 3 4 19 0,1,15.197211880579877,12.62266782415691,22.19554672355429,16.90296537620964,4.510653510522822,21.41361888673246,0.2726499081420214,0.0206582599855723,0.0607811303714024,0.0206582599855723,-11.690505769155251,0.1413516571378542,0.0114533913914636,0.0484017428987385,-12.025372895701636,-13.458098215663496,-12.632147138195762,21.77981102001489,23.56937523525284
6780,NC1=C(O)C(O)=C(CO)C1,16890,OC1=C(O)c2ccccc21,18015,[H]OC1=C(O[H])C2(C([H])([H])O[H])C([H])([H])C1(N([H])[H])C1(O[H])c3c([H])c([H])c([H])c([H])c3C12O[H],1,1 6 1 2 19 1,0,13.614117438817273,13.478186230256515,22.3916765714992,16.478371663588902,3.175554731016764,19.653926394605666,0.0483936325131125,0.0066042725461976,0.0487179755601776,0.0066042725461976,-27.232817592533863,0.1188162312769031,0.0339175658416277,0.0262455209849941,-29.14397048304589,-27.486932239668626,-24.61188858223225,17.176344679805517,18.807316643844057
6802,NC1=C(O)C(O)=C(CO)C1,16890,OCC1=Cc2ccccc21,18025,[H]OC1=C(O[H])C2(C([H])([H])O[H])C([H])([H])C1(N([H])[H])C1(C([H])([H])O[H])c3c([H])c([H])c([H])c([H])c3C21[H],1,1 6 2 3 19 1,0,12.610455171645636,10.830417263442222,23.147863985015224,16.108439541746733,1.6187189271101623,17.727158468856896,0.0613589371599379,0.0286618159371752,0.1750809524451903,0.0286618159371752,-21.490319327288127,0.2984029309563683,0.0580181702151756,0.2394998960006632,-20.324428945201824,-25.17498549348276,-25.53788728333837,15.77952720920096,17.260782699886512
8486,NC1=C(O)C(O)=C(CO)C1,16890,FC1(F)C=CC1(F)F,13004,[H]OC1=C(O[H])C2(C([H])([H])O[H])C([H])([H])C1(N([H])[H])C1([H])C(F)(F)C(F)(F)C12[H],0,1 6 3 4 19 0,1,15.71622103799758,14.38825530647802,23.666925175796653,16.305787028229684,7.80418308269709,24.10997011092677,0.0046015345136016,0.0005303538602878,0.0031719139512681,0.0005303538602878,-10.364397337726572,0.0553863591710537,0.0010678697306848,0.0172144671927335,-11.76522088109582,-10.58516957277662,-10.3127724828011,22.646669894043097,23.36560919847961
9224,NC1=C(O)C(O)=C(CO)C1,16890,C1=CC2=C(C1)[C@@H]1C=C[C@H]2C1,13755,[H]OC1=C(O[H])C2(C([H])([H])O[H])C([H])([H])C1(N([H])[H])C13C([H])=C([H])C([H])([H])C21[C@]1([H])C([H])=C([H])[C@@]3([H])C1([H])[H],1,1 6 2 3 19 1,4,15.653014694970569,11.470466395550147,20.44353892772097,17.077553402347185,4.785468868961928,21.86302227130912,0.0089634486573268,0.0045360291480314,0.011841926317858,0.0045360291480314,-13.693489837454798,0.0978491244965675,0.003075305882156,0.0010921168883806,-12.398423268054408,-16.371180441660876,-14.776306423362172,21.459673353043627,22.88152635066337
20416,NCC#Cc1cnccn1,16909,OCC1=Cc2ccccc21,18025,[H]OC([H])([H])C12c3c([H])c([H])c([H])c([H])c3C1([H])C1([H])N=C(C#CC([H])([H])N([H])[H])C2([H])N=C1[H],1,8 5 3 2 17 1,10,18.7479934718184,12.12864912483515,21.613997522494994,15.667564407713748,9.463817455719724,25.13138186343347,0.0039467730806631,0.0096375187454645,0.0168682847438389,0.0096375187454645,-4.898077293263398,0.022195370931681,0.0040855555349503,0.0226737342201242,-4.629684526486166,-6.311289241056972,-8.62431182591088,24.727540240802284,23.45265849683388
6804,NCc1ncoc1C(F)F,17006,OCC1=Cc2ccccc21,18025,[H]OC([H])([H])C12c3c([H])c([H])c([H])c([H])c3C1([H])C1(C([H])(F)F)OC2([H])N=C1C([H])([H])N([H])[H],1,6 4 3 2 16 1,2,15.64603541710623,11.776438854950731,21.01352971141404,15.807042727542768,5.692880294439455,21.49992302198222,0.0685849048533113,0.016116706197711,0.0317009060346292,0.016116706197711,-10.824770694539689,0.0616364405402016,0.0164934343315867,0.1795219167191118,-12.468579794579362,-13.966820603771268,-15.556100728929216,21.377426280663844,22.07030804547632
13608,Nc1ccc(O)c(=O)cc1,17165,OCC1=Cc2ccccc21,18025,[H]OC1=C([H])C2([H])C(N([H])[H])=C([H])C([H])(C1=O)C1(C([H])([H])O[H])c3c([H])c([H])c([H])c([H])c3C21[H],1,8 2 2 3 17 1,4,12.694315407390016,11.34801151070732,20.92379424670971,15.138709149623429,3.38210204265814,18.520811192281567,0.0256985557151856,0.0629383879171244,0.0291568431004817,0.0629383879171244,-26.40082971532693,0.0579411489755079,0.0750556070914669,0.0759625011398234,-25.26264358209469,-28.06370987232375,-31.24917272123698,21.08297764665208,23.787590813243654
6804,Nc1cn(C(F)F)cn1,17222,OCC1=Cc2ccccc21,18025,[H]OC([H])([H])C12c3c([H])c([H])c([H])c([H])c3C1([H])C1([H])N=C(N([H])[H])C2([H])N1C([H])(F)F,1,7 2 3 2 14 1,2,15.805033038886013,11.829248422745136,21.40375771642425,15.583170811843647,5.067441361892612,20.65061217373626,0.1051730313854801,0.0164791752704176,0.0487566699234071,0.0164791752704176,-13.05917455236839,0.3973080486638642,0.0192257301386937,0.1735759357437055,-12.459509843865805,-15.528472854374556,-15.596080453749686,21.302457607403323,23.06828521001782
13608,Nc1cn2ccnc2cn1,17226,OCC1=Cc2ccccc21,18025,[H]OC([H])([H])C12c3c([H])c([H])c([H])c([H])c3C1([H])C1([H])C(N([H])[H])=NC2([H])c2nc([H])c([H])n21,1,8 2 2 3 16 1,4,17.676865417496003,11.808383869697783,22.1684599172738,15.403931146141106,6.667212546684215,22.071143692825324,0.0066658691941359,0.0603783580812599,0.1355354253635522,0.0603783580812599,-14.309384049757092,0.0279466642372211,0.1020370415981104,0.2541055532027134,-13.432042128641676,-16.90032802248762,-17.19598700182327,22.519222853611048,23.04406346318017
20414,Nc1cnc(C2CC2)cn1,17233,OCC1=Cc2ccccc21,18025,[H]OC([H])([H])C12c3c([H])c([H])c([H])c([H])c3C1([H])C1([H])N=C(C3([H])C([H])([H])C3([H])[H])C2([H])N=C1N([H])[H],1,8 2 2 3 19 1,8,18.2460240342062,11.678492348128524,22.249628355630907,15.803099821386835,7.0161390768127525,22.819238898199583,0.0038469274391992,0.0271788412545328,0.0196461698012946,0.0271788412545328,-11.668226762213187,0.0173706070238166,0.0367659606246455,0.0985556729283233,-11.387159769663334,-12.649370484671117,-14.00455440005436,23.944626620203515,23.442390581955724
13562,Nc1nc2occ(O)c2o1,17301,OC1=C(O)c2ccccc21,18015,[H]OC1=C2OC(N([H])[H])=NC23OC1([H])C1(O[H])c2c([H])c([H])c([H])c([H])c2C31O[H],1,5 3 1 2 14 1,2,15.090884215265604,13.27699332282786,21.02709778709869,16.349928811084766,7.121203487418171,23.471132298502937,0.0288400859451914,0.0142012763989703,0.0240478011275913,0.0142012763989703,-21.89248140449846,0.0250999276446315,0.0323388125653345,0.0582272684910076,-23.8686968287492,-20.18801261543828,-16.678857923402525,21.82198300512804,23.152293841474865
13610,Nc1nc2occ(O)c2o1,17301,OCC1=Cc2ccccc21,18025,[H]OC1=C2OC(N([H])[H])=NC23OC1([H])C1([H])c2c([H])c([H])c([H])c([H])c2C31C([H])([H])O[H],1,5 3 3 2 14 1,6,13.587464883316516,10.94972799588328,20.32596465140749,16.00235004812037,3.904461470336731,19.9068115184571,0.1480447608208098,0.0099612408304483,0.0445994664624592,0.0099612408304483,-17.106835079062833,0.2086131382229287,0.0184292656243131,0.2864627965977949,-18.721256860077787,-18.46050478228205,-18.12598920752724,19.60444118882932,20.799561208525663
13610,Nc1nnc2cnccn12,17355,OCC1=Cc2ccccc21,18025,[H]OC([H])([H])C12c3c([H])c([H])c([H])c([H])c3C1([H])C1([H])N=C([H])C2([H])n2c(N([H])[H])nnc21,1,5 8 3 2 15 1,6,17.994589017341195,12.447600506027904,23.04438184695276,15.168147519515788,6.0653427428831534,21.23349026239894,0.0337984311191053,0.0395208480101581,0.0161950648370277,0.0395208480101581,-14.034832822763695,0.1566317446697166,0.0664715719473475,0.1776225106695124,-15.485021400980727,-17.150196662772856,-17.832974975105763,21.63751078364424,22.20666085054397
27216,O/N=C/c1ccnnc1,17393,OCC1=Cc2ccccc21,18025,[H]O/N=C(\[H])C1=C([H])C2([H])N=NC1([H])C1([H])c3c([H])c([H])c([H])c([H])c3C21C([H])([H])O[H],1,5 8 2 3 14 1,8,19.19278733026001,11.3177716156921,21.79703469309306,15.622251174858189,8.975124346395237,24.597375521253426,0.0048277120209121,0.015454202671104,0.0035947850168393,0.015454202671104,-6.688900945590952,0.0045766818048637,0.0127233825466174,0.0152098889698217,-7.113795878162748,-8.987276720221018,-10.619926347688704,25.041499184141365,23.324237360178813
20416,O=C(O)/C=C/c1ncco1,17428,OCC1=Cc2ccccc21,18025,[H]OC(=O)/C([H])=C(\[H])C12N=C([H])C([H])(O1)C1(C([H])([H])O[H])c3c([H])c([H])c([H])c([H])c3C21[H],1,5 8 3 2 15 1,10,17.93237086814823,12.406126318203029,22.262183958623982,15.401238034384871,8.006301417514493,23.407539451899368,0.0513620786009447,0.0058100956221098,0.025122066414588,0.0058100956221098,-4.856987468428443,0.4045786109277215,0.0292405264649471,0.1965155086608711,-6.083285916678754,-7.894713974511802,-6.977648618370687,24.685250102028867,23.99801528987605
6804,O=C(O)Cc1cocn1,17471,OCC1=Cc2ccccc21,18025,[H]OC(=O)C([H])([H])C1=NC2([H])OC1([H])C1(C([H])([H])O[H])c3c([H])c([H])c([H])c([H])c3C21[H],1,7 5 3 2 14 1,2,16.015790140415483,11.24822214663331,19.82834649258222,15.490358608172986,5.508895229216641,20.999253837389627,0.1245331658352627,0.0120524261664554,0.0441499704167281,0.0120524261664554,-10.057657297945042,0.2483951072678235,0.0282618419276928,0.2031496216255175,-10.889025172669427,-14.338317788423794,-12.356711408494384,21.759794705898468,22.26596421921917
13562,O=C(O)c1cc(=O)[nH]cn1,17498,OC1=C(O)c2ccccc21,18015,[H]OC(=O)C1=NC2([H])N([H])C(=O)C1([H])C1(O[H])c3c([H])c([H])c([H])c([H])c3C21O[H],1,8 4 1 2 14 1,2,18.387324999872423,14.876241049815558,25.675873447757787,15.78730883500582,6.004389385807997,21.791698220813814,0.0080532412709894,0.0090046198899211,0.0082415279417525,0.0090046198899211,-20.01829556546296,0.0031885069200211,0.0344144279449288,0.0264277272544016,-21.88815936477272,-21.00833749578016,-17.531481747063495,21.25005316677804,23.761212140702707
13608,O=C(O)c1cc(=O)[nH]cn1,17498,OCC1=Cc2ccccc21,18025,[H]OC(=O)C1=NC2([H])N([H])C(=O)C1([H])C1([H])c3c([H])c([H])c([H])c([H])c3C21C([H])([H])O[H],1,8 4 2 3 14 1,4,17.532259246368394,11.91119027428084,24.39935058761488,15.42079333164783,3.974530224907266,19.3953235565551,0.0030467701531997,0.0545255714242452,0.0651793787742835,0.0545255714242452,-13.629340206596652,0.0041845723946625,0.0865666557243346,0.1027729714512802,-14.861352466097031,-18.516801906238747,-18.794784046678352,21.103568133586148,22.012963893305965
13562,O=C(O)c1ccc(=O)oc1,17502,OC1=C(O)c2ccccc21,18015,[H]OC(=O)C1=C([H])C2([H])C(=O)OC1([H])C1(O[H])c3c([H])c([H])c([H])c([H])c3C21O[H],1,9 5 1 2 14 1,2,16.817180298936346,14.648457983856604,22.978943017838706,15.541989395596916,6.882211544407237,22.424200940004155,0.0118350804993916,0.0124060692553692,0.0072183662589245,0.0124060692553692,-23.55758808414003,0.0235543818237779,0.0162954669933167,0.0258738255288403,-23.93575211822114,-22.41915791740365,-19.115101307204363,23.2386717038908,23.72443239735285
13610,O=C(O)c1ccc(=O)oc1,17502,OCC1=Cc2ccccc21,18025,[H]OC(=O)C1=C([H])C2([H])C(=O)OC1([H])C1([H])c3c([H])c([H])c([H])c([H])c3C21C([H])([H])O[H],1,9 5 3 2 14 1,6,15.922543283891503,11.88247203702912,22.36757757737788,15.339683887489905,4.3595594041922965,19.6992432916822,0.0517695412180569,0.0113278028077246,0.0352899511653594,0.0113278028077246,-18.39512706204524,0.06534881491984,0.0120720541780477,0.1383437805484215,-19.141891787455585,-20.952764689302256,-21.18960389095254,22.264808600514428,21.85421278925002
13563,O=C(O)c1ncc[nH]c1=O,17514,OC1=C(O)c2ccccc21,18015,[H]OC(=O)C12N=C([H])C([H])(N([H])C1=O)C1(O[H])c3c([H])c([H])c([H])c([H])c3C21O[H],0,3 6 1 2 14 0,3,16.461086066620183,15.592483932483852,27.53679456436016,15.935653166979852,3.997866849873926,19.933520016853777,0.008979816417613,0.0145540917952371,0.0232696201556679,0.0145540917952371,-21.78915774144612,0.0007740481090659,0.0768786366364393,0.0190921409614775,-22.175037851753927,-19.06113466689988,-16.481625992107823,18.19964497747417,22.082231627475124
13608,O=C(O)c1ncc[nH]c1=O,17514,OCC1=Cc2ccccc21,18025,[H]OC(=O)C12N=C([H])C([H])(N([H])C1=O)C1([H])c3c([H])c([H])c([H])c([H])c3C21C([H])([H])O[H],1,3 6 2 3 14 1,4,15.428154910525656,12.380552727745291,25.879659399910963,15.768071489341065,1.6488957267288882,17.416967216069953,0.0076634136240418,0.0485517558764139,0.0649475898636279,0.0485517558764139,-15.926789734026606,0.0027754956238764,0.0353596703195467,0.0371128454994009,-15.648942813952791,-17.484402873216226,-18.557258484275337,18.75223618576262,20.33219577656832
18456,O=C(O)c1ncc[nH]c1=O,17514,C1=CC2=C(C1)[C@@H]1C=C[C@H]2C1,13755,[H]OC(=O)C12N=C([H])C([H])(N([H])C1=O)C13C([H])([H])C([H])=C([H])C21[C@@]1([H])C([H])=C([H])[C@]3([H])C1([H])[H],1,3 6 2 3 14 1,16,19.86571755399952,12.96395260549707,25.162592753515845,16.461714752427046,7.672270818124616,24.133985570551665,0.0007865374195398,0.0067340400341884,0.0076202462472798,0.0067340400341884,-7.657841461189236,0.0024477725624525,0.0047518690952477,0.0003490823079553,-7.084653396756266,-9.73960764548827,-7.997378216852603,21.67433461566334,22.47080950265622
889,O=C1CC2=C(CC=C2)O1,17558,N#CC(F)(F)C(F)=C(F)F,16603,[H]C1=C2C([H])([H])C(=O)OC23C([H])([H])C1([H])C(F)(C(F)(F)C#N)C3(F)F,0,6 4 5 7 15 0,1,12.65668376004978,17.917131131560083,20.563209937285627,15.519436939282697,10.93195815140204,26.45139509068473,0.0008588445910897,0.0032516516329751,0.0091384104780502,0.0032516516329751,-21.275547011093813,0.0118930027378632,0.0116921992181282,0.0468143384600221,-19.950595225545264,-20.37399635432123,-20.53699543495621,25.225375042945352,23.95432628946221
4574,O=C1CC2=C(CC=C2)O1,17558,O=C1C=c2ccccc2=N1,17550,[H]C1=C([H])C([H])=C([H])C23C1=NC(=O)C2([H])C12OC(=O)C([H])([H])C1=C([H])C3([H])C2([H])[H],0,6 4 3 2 15 0,3,17.15871420938442,12.69682537009061,24.04332911645926,15.387629415187522,7.698771245572715,23.08640066076024,0.0571926022267203,0.0143659872922766,0.0145513935126692,0.0143659872922766,-2.3787406083289326,0.0368496333407735,0.0204530988007576,0.0381536823707224,-2.502996741637709,0.1508929590045404,-5.611684836262526,21.70918992945983,22.06077843951876
6513,O=C1CC2=C(CC=C2)O1,17558,O=c1ccc(=O)n(CO)[nH]1,17988,[H]OC([H])([H])N1C(=O)C2([H])C([H])(C(=O)N1[H])C1([H])C([H])=C3C([H])([H])C(=O)OC32C1([H])[H],0,6 4 2 3 15 0,5,17.004123090030127,12.663303456543993,24.990670679827574,15.98128853032547,7.304856975822624,23.28614550614809,0.0007833187263691,0.0066847938212682,0.001723132439451,0.0066847938212682,-1.1684419684261904,0.0030267617852162,0.0150620538100235,0.0134520631976679,-1.2744918482165488,-0.2132961687137644,-5.975628642985445,22.62418882302733,23.09303631757533
6780,O=C1CC2=C(CC=C2)O1,17558,OC1=C(O)c2ccccc21,18015,[H]OC12c3c([H])c([H])c([H])c([H])c3C1(O[H])C13OC(=O)C([H])([H])C1=C([H])C2([H])C3([H])[H],1,6 4 1 2 15 1,0,11.472727547442387,12.115226780290753,17.82006952648705,15.73057603028976,5.35201705859134,21.0825930888811,0.0145478689311283,0.0083685816081665,0.0097753574411411,0.0083685816081665,-35.88973081526528,0.0351143458259755,0.0238219630557182,0.0359928123547092,-36.85931513879737,-33.07166201284379,-30.933293371110288,19.603461699344084,20.532553823788152
6802,O=C1CC2=C(CC=C2)O1,17558,OCC1=Cc2ccccc21,18025,[H]OC([H])([H])C12c3c([H])c([H])c([H])c([H])c3C1([H])C13OC(=O)C([H])([H])C1=C([H])C2([H])C3([H])[H],1,6 4 2 3 15 1,0,11.12453378670984,8.741217451266241,17.82209721240205,15.43069520103824,2.5441004901073327,17.974795691145573,0.0201422161570481,0.0371971577362696,0.1057811814616803,0.0371971577362696,-29.304655286617034,0.090903263913332,0.0480593758810373,0.2485556975667975,-28.478735512792724,-30.141738779204907,-31.45079385854945,17.471299929130836,17.676044457144584
7000,O=C1CC2=C(CC=C2)O1,17558,O[C@@H]1CC/C=C/CCC1,18100,[H]O[C@@]1([H])C([H])([H])C([H])([H])C([H])([H])C2([H])C3([H])C([H])=C4C([H])([H])C(=O)OC4(C3([H])[H])C2([H])C([H])([H])C1([H])[H],1,6 4 5 6 15 1,2,12.838003434253627,2.025860382278273,13.715276199016747,15.05360360951325,2.6674923446830903,17.72109595419634,0.1365732723798478,0.058217077229033,0.0477887113863663,0.058217077229033,-23.12444981422784,0.0699298873302833,0.0580029837510667,0.0396379224940801,-23.250602554967905,-22.10794412877548,-22.142254244632795,18.48687633734816,18.635697293955293
8486,O=C1CC2=C(CC=C2)O1,17558,FC1(F)C=CC1(F)F,13004,[H]C1=C2C([H])([H])C(=O)OC23C([H])([H])C1([H])C1([H])C(F)(F)C(F)(F)C31[H],0,6 4 3 4 15 0,1,13.795542718644196,11.461559267230651,17.697981324753272,15.589449463653906,8.721359214657152,24.31080867831106,0.001862054989809,0.0006603874723724,0.0028621223171677,0.0006603874723724,-15.20487064938046,0.0229846696683499,0.0014790657189195,0.0114200065793668,-16.44649379344144,-14.610265374478118,-14.888976575286613,24.38978673713253,23.95409831637561
9224,O=C1CC2=C(CC=C2)O1,17558,C1=CC2=C(C1)[C@@H]1C=C[C@H]2C1,13755,[H]C1=C([H])C23C4([H])C([H])=C5C([H])([H])C(=O)OC5(C4([H])[H])C2(C1([H])[H])[C@]1([H])C([H])=C([H])[C@@]3([H])C1([H])[H],1,6 4 2 3 15 1,4,13.945667168541185,9.981592887518278,15.970088602049074,16.44420648813514,7.638031101981776,24.08223759011692,0.0011185238698862,0.0100173860696434,0.0082120952517536,0.0100173860696434,-20.864753152302704,0.0220388532700511,0.0074369304434828,0.0012402651558069,-19.173813457968443,-21.13240548099332,-19.83586545698266,22.87214429199829,23.24660957063425
6802,O=c1[nH]c(O)nnc1F,17933,OCC1=Cc2ccccc21,18025,[H]OC([H])([H])C12c3c([H])c([H])c([H])c([H])c3C1([H])C1(F)N=NC2(O[H])N([H])C1=O,1,3 7 2 3 11 1,0,21.149319843090744,11.372076610269264,24.546321304189675,15.65344490273988,9.54725992549401,25.20070482823389,0.0058239335410868,0.0239288624244415,0.0270812851557592,0.0239288624244415,-12.718784510464983,0.0164950228177776,0.0261006068139522,0.1478686793065036,-11.266195950843084,-12.66474327551984,-16.079351311505214,22.927476143936488,23.3106110679356
13604,O=c1[nH]cnc2ccoc12,17955,OCC1=Cc2ccccc21,18025,[H]OC([H])([H])C12c3c([H])c([H])c([H])c([H])c3C1([H])C13OC([H])=C([H])C1=NC2([H])N([H])C3=O,1,3 9 2 3 14 1,0,18.11971045344512,11.679270194692618,23.00294414869094,15.426897854344888,6.656585018550274,22.08348287289516,0.0216805408938817,0.0530535823535973,0.1085754755369655,0.0530535823535973,-9.931535918397325,0.0270746796616648,0.1103673117363526,0.1428116132319909,-10.61168233387538,-14.4116620393767,-14.843151788966814,22.57775477177075,22.20302439788213
6804,OCCCc1ccoc1,18032,OCC1=Cc2ccccc21,18025,[H]OC([H])([H])C([H])([H])C([H])([H])C1=C([H])C2([H])OC1([H])C1([H])c3c([H])c([H])c([H])c([H])c3C21C([H])([H])O[H],1,8 6 3 2 19 1,2,15.702068348187256,11.735906481123305,19.232199468401344,15.344176499255806,8.802286830959954,24.14646333021576,0.0698968232270458,0.0145872664010092,0.0164824280373497,0.0145872664010092,-9.877893818227626,0.1765818985513871,0.0078594387313454,0.182718988354908,-9.734888524058457,-12.29141502434654,-14.36305642125948,22.48914132576809,23.59598184469222
6802,OCc1cnc(C2CC2)o1,18073,OCC1=Cc2ccccc21,18025,[H]OC([H])([H])C12OC(C3([H])C([H])([H])C3([H])[H])(N=C1[H])C1([H])c3c([H])c([H])c([H])c([H])c3C21C([H])([H])O[H],1,2 5 2 3 19 1,0,17.233096170580026,11.563105294342726,22.088539839744872,15.647783316800805,6.350827222514791,21.9986105393156,0.0037867585432742,0.0021240415184347,0.0613580970590321,0.0021240415184347,-8.51290394110709,0.0253696397957939,0.0069540213449582,0.0985728926939296,-7.570825165363658,-10.295054998985693,-9.726242645508547,24.16279919089681,23.916528689517257
6804,OCc1coc(C2CC2)n1,18076,OCC1=Cc2ccccc21,18025,[H]OC([H])([H])C1=NC2(C3([H])C([H])([H])C3([H])[H])OC1([H])C1(C([H])([H])O[H])c3c([H])c([H])c([H])c([H])c3C21[H],1,5 3 3 2 19 1,2,17.264316888129223,11.617076698940526,21.62676294292101,15.94053453969812,5.338863523395304,21.279398063093424,0.1720789938930969,0.0108310402881248,0.0762007984471394,0.0108310402881248,-12.104336035104296,0.2931542274474583,0.0125829829292191,0.6564988021332214,-13.181012900985955,-14.835720267083325,-15.103048199637328,22.41328794042122,23.057283657523406
6804,OCc1coc(CO)c1,18077,OCC1=Cc2ccccc21,18025,[H]OC([H])([H])C1=C([H])C2(C([H])([H])O[H])OC1([H])C1(C([H])([H])O[H])c3c([H])c([H])c([H])c([H])c3C21[H],1,5 3 3 2 17 1,2,15.5582696849138,12.371119811981112,23.10611037574344,15.931924121046311,5.1917690619266565,21.123693182972968,0.1459098877409273,0.0162173205381048,0.0839030527186403,0.0162173205381048,-11.63562723673008,0.2299837409877661,0.0138221415053115,0.4626918883453068,-13.04690365751047,-15.000976348177332,-15.297913854761582,20.40094803616271,22.06179438279099
6802,O[C@@H]1CCCc2occc21,18104,OCC1=Cc2ccccc21,18025,[H]OC([H])([H])C12c3c([H])c([H])c([H])c([H])c3C1([H])C13OC2([H])C([H])=C1[C@]([H])(O[H])C([H])([H])C([H])([H])C3([H])[H],1,7 5 2 3 20 1,0,16.908690284429383,11.427543477803235,21.55201296885364,15.462454257570402,6.346101490282699,21.8085557478531,0.0176407340052362,0.044844214932256,0.0902141324457068,0.044844214932256,-8.248908772028315,0.0712449446638919,0.0351476109604465,0.2083790923235961,-6.954576311965944,-10.650894992211477,-12.633574500414577,22.82342140607166,23.596852647128213
20410,Oc1ncnc(CF)c1F,18226,OCC1=Cc2ccccc21,18025,[H]OC1=NC2([H])N=C(C([H])([H])F)C1(F)C1([H])c3c([H])c([H])c([H])c([H])c3C21C([H])([H])O[H],1,3 8 2 3 14 1,4,19.461236327900124,12.12875404054996,22.78846396422383,15.408302499870087,8.032047682144047,23.440350182014136,0.0146423313457709,0.0487112370339188,0.1015113049681238,0.0487112370339188,-7.703380715076221,0.0442256084999991,0.0704948109812944,0.1455625214926914,-7.380686419609098,-11.439936667773146,-11.999607025017582,23.436620022218847,22.85651673779773
6802,c1cc2c(o1)CNCC2,18265,OCC1=Cc2ccccc21,18025,[H]OC([H])([H])C12c3c([H])c([H])c([H])c([H])c3C1([H])C13OC2([H])C([H])=C1C([H])([H])C([H])([H])N([H])C3([H])[H],1,0 3 2 3 18 1,0,17.130672235818164,11.310296108012734,20.93795325597204,15.403360298027549,6.332756694318377,21.736116992345927,0.0214759566128536,0.039985194910548,0.0644372335343199,0.039985194910548,-9.381771049426426,0.0713550061840602,0.0205991212237729,0.2104408426907218,-7.845109351792438,-12.19691914574819,-12.618984078650108,23.217267241817936,23.94658486079604
13610,c1cn2cncc2cn1,18312,OCC1=Cc2ccccc21,18025,[H]OC([H])([H])C12c3c([H])c([H])c([H])c([H])c3C1([H])C1([H])N=C([H])C2([H])n2c([H])nc([H])c21,1,7 1 3 2 14 1,6,18.966598557851945,12.04597115823777,20.203943358299405,14.946247266367733,9.88712256274192,24.83336982910965,0.092237767587337,0.0215980730070595,0.0305000434389565,0.0215980730070595,-10.556052640073446,0.1677999783109705,0.0236623611746281,0.1808093823815217,-10.868574427935371,-13.303986368628555,-14.56825351093552,24.082465953732992,23.34781839001404
13562,c1cn2cnnc2cn1,18313,OC1=C(O)c2ccccc21,18015,[H]OC12c3c([H])c([H])c([H])c([H])c3C1(O[H])C1([H])C([H])=NC2([H])c2nnc([H])n21,1,7 1 1 2 13 1,2,18.588941543529216,14.228817573897691,22.002951527741388,15.206934787876085,9.695140356352317,24.9020751442284,0.0090626184227265,0.0121338738558079,0.0159130710104718,0.0121338738558079,-17.586176191945654,0.0148238581872348,0.0312799344321593,0.0568460742380206,-17.804056190567984,-18.16413438570951,-15.201430510524226,22.78792207210084,23.024471441103973
13610,c1cn2cnnc2cn1,18313,OCC1=Cc2ccccc21,18025,[H]OC([H])([H])C12c3c([H])c([H])c([H])c([H])c3C1([H])C1([H])N=C([H])C2([H])n2c([H])nnc21,1,7 1 3 2 13 1,6,17.67487298397168,11.68134071766926,21.51003324223698,15.00487106138709,6.7760489047287,21.78091996611579,0.044202885556185,0.0275444312857586,0.0340078851908838,0.0275444312857586,-12.437051655882854,0.1332513683335093,0.0273117311654437,0.1797471820766512,-13.215998602814274,-16.057923998239694,-16.90683633784004,22.178526112220634,21.27861174444088
13610,c1cn2ncnc2cn1,18314,OCC1=Cc2ccccc21,18025,[H]OC([H])([H])C12c3c([H])c([H])c([H])c([H])c3C1([H])C1([H])N=C([H])C2([H])n2nc([H])nc21,1,7 1 3 2 13 1,6,18.483979989785105,12.217208757143933,21.968480416543137,15.061089695918032,6.863512808115317,21.92460250403335,0.0508065066746695,0.0157364383344062,0.0272869201983099,0.0157364383344062,-8.64118331224848,0.1639274707255152,0.0181255773455844,0.1517247875275685,-9.619144173617904,-13.48910941229724,-13.608548563078038,22.87024425036688,22.086611863782096
27212,c1cnc2cnccc2c1,18331,OCC1=Cc2ccccc21,18025,[H]OC([H])([H])C12c3c([H])c([H])c([H])c([H])c3C1([H])C1([H])C([H])=NC2([H])c2nc([H])c([H])c([H])c21,1,4 7 2 3 16 1,4,18.418510012681264,11.93842287919852,20.306454199122108,15.007173910024887,9.539759111984267,24.54693302200916,0.0073052507709735,0.0379612186681902,0.1084811266236757,0.0379612186681902,-10.809550095341862,0.0180996516353504,0.1064572467386386,0.2240833934518093,-9.144878434377,-12.585808796191692,-12.332034078050247,24.723241403351256,23.316293306804035
