index,Diene,Diene_Index,Ene,Ene_Index,Product,Unreverse,Title,Structure_Id,Diene_Distort_p,Ene_Distort_p,Interaction_p,G_E_p,deltaEa_dimp,deltaGa_dimp,Times_1_Diene_Distort_var,Times_1_Distort_var,Times_1_Interaction_var,Times_1_Ene_Distort_var,Times_1_G_mean,Times_2_Diene_Distort_var,Times_2_Ene_Distort_var,Times_2_Interaction_var,Times_2_G_mean,deltaG_pred,deltaG_p,deltaGa_p,deltaGa(Solvent)_p
1860,C=CC=C,2209,Nc1nc2c([nH]1)NON2,17291,[H]C1=C([H])C([H])([H])C23N([H])ON([H])C2(N=C(N([H])[H])N3[H])C1([H])[H],1,0 3 3 4 10 1,2,15.190731871060787,7.949395974937516,13.39766965275205,14.887197735693563,8.928171735691382,23.815369471384948,0.029956724326909,0.0478336303492654,0.0393050212123738,0.0478336303492654,-36.99452576140044,0.0323098590473704,0.1043134143664012,0.0958203469032394,-36.71543027697562,-35.62238922178256,-36.11481820700951,23.844036049992376,23.466168344773195
3076,C=CC=C,2209,O=c1[nH]c2c([nH]1)NON2,17935,[H]C1=C([H])C([H])([H])C23N([H])ON([H])C2(N([H])C(=O)N3[H])C1([H])[H],0,0 3 3 4 10 0,3,13.628207335678525,7.792670201050349,11.87881222636654,14.626105741633513,9.273385188930398,23.89949093056391,0.0289763137702171,0.046250254036574,0.0218407705472201,0.046250254036574,-45.52311773180482,0.0230003699890894,0.041659326711059,0.0063118820823424,-40.22972033740479,-41.85980830744903,-45.19377004301279,21.79215609062835,21.83668732882649
3421,C=CC=C,2209,OCC1=Cc2ccccc21,18025,[H]OC([H])([H])C12c3c([H])c([H])c([H])c([H])c3C1([H])C([H])([H])C([H])=C([H])C2([H])[H],1,0 3 2 3 10 1,0,14.745206673232364,9.491511138808107,14.75043130868182,14.79735397934047,9.170175952829965,23.967529932170432,0.02453094029886,0.0464169349211787,0.1173063156981956,0.0464169349211787,-34.58669325462208,0.137989302395652,0.053284137436442,0.1315378926000996,-34.06943188862377,-39.81401000877125,-40.36400292500944,23.61007046363997,22.79670037002397
4732,C=CC=C,2209,C1=C[C@H]2C=C[C@@H]3CC=C1[C@H]23,13787,[H]C1=C([H])[C@@]2([H])C([H])=C([H])[C@]3([H])C([H])([H])C4([H])C1(C([H])([H])C([H])=C([H])C4([H])[H])[C@]23[H],0,0 3 7 8 10 0,5,15.035790130088143,4.812525531149182,9.425753194701144,14.501510772363,10.076984573331162,24.57849534569416,0.0016592952632218,0.0060355034324485,0.0010212362011357,0.0060355034324485,-27.1518199888338,0.0142302905742259,0.0120117058145562,0.0222444760574586,-27.201278426659904,-35.28797257076201,-32.131719472696034,24.80674287528057,23.687080363054715
215,CC1=C(C)C(C)=C(C)C1,3001,FC(F)(F)C1=CC=C=CN1,16502,[H]C1=C2C([H])(C([H])=C(C(F)(F)F)N1[H])C1(C([H])([H])[H])C(C([H])([H])[H])=C(C([H])([H])[H])C2(C([H])([H])[H])C1([H])[H],0,1 6 6 7 23 0,3,17.258593812067705,8.138986432076493,21.826014244831097,15.79280913089827,2.0183657597476525,17.811174890645923,0.0252010882972233,0.0332147218076699,0.0104529682581269,0.0332147218076699,-29.605974102504504,0.0100109555036628,0.0484475820780129,0.0165312657736167,-29.88835566949699,-32.75461875149739,-20.68559375820704,21.96768717250016,22.6073306136816
1860,CC1=C(C)C(C)=C(C)C1,3001,Nc1nc2c([nH]1)NON2,17291,[H]N([H])C1=NC23N([H])ON([H])C2(N1[H])C1(C([H])([H])[H])C(C([H])([H])[H])=C(C([H])([H])[H])C3(C([H])([H])[H])C1([H])[H],1,1 6 3 4 23 1,2,14.478922411208238,7.915785729967914,17.581521905251524,15.73281830268312,3.37139311472102,19.10421141740414,0.0684507827934386,0.0319185925364958,0.0084506067052787,0.0319185925364958,-23.75819530954205,0.0507220746909946,0.0601511874652846,0.0080288910829583,-23.239320440581785,-21.31102900496063,-20.90144539862807,21.57004893756225,22.989194337285525
2720,CC1=C(C)C(C)=C(C)C1,3001,O=CC#CC(F)(F)F,17787,[H]C(=O)C1=C(C(F)(F)F)C2(C([H])([H])[H])C(C([H])([H])[H])=C(C([H])([H])[H])C1(C([H])([H])[H])C2([H])[H],1,1 6 2 3 23 1,0,12.384571410425115,13.697423347800088,22.45926032721136,15.478316151625442,4.766980130777604,20.245296282403046,0.0039682711224147,0.0022109131590029,0.0122889058689535,0.0022109131590029,-21.5988854722516,0.0020174235029103,0.0201046264616807,0.0035510991975758,-18.538566567345804,-20.794144401742884,-26.44164996373157,21.148668808639723,21.658819947090297
3076,CC1=C(C)C(C)=C(C)C1,3001,O=c1[nH]c2c([nH]1)NON2,17935,[H]N1ON([H])C23N([H])C(=O)N([H])C12C1(C([H])([H])[H])C(C([H])([H])[H])=C(C([H])([H])[H])C3(C([H])([H])[H])C1([H])[H],0,1 6 3 4 23 0,3,12.299059975743251,6.612478494300815,16.515456843172377,15.299807968345974,2.997998711197265,18.29780667954324,0.0380564919498142,0.0310422817310726,0.0080194909421532,0.0310422817310726,-32.60022288606324,0.0382728104861702,0.0446840572928319,0.0010103914722011,-26.98106969718453,-26.25682278309781,-28.60574380287237,16.490547487490222,17.533816861713493
3406,CC1=C(C)C(C)=C(C)C1,3001,OC1=C(O)c2ccccc21,18015,[H]OC12c3c([H])c([H])c([H])c([H])c3C1(O[H])C1(C([H])([H])[H])C(C([H])([H])[H])=C(C([H])([H])[H])C2(C([H])([H])[H])C1([H])[H],1,1 6 1 2 23 1,0,14.682983873170436,12.727517418247892,19.74736148779363,15.799016533748706,6.565712787878212,22.36472932162692,0.0161747062674476,0.0080982474954313,0.0187368171851789,0.0080982474954313,-27.741616390532528,0.0282049544260868,0.0235394885448846,0.0090032770087663,-28.94634410369025,-27.35125956484456,-24.16719276060429,21.489008529413105,22.53149827669536
3421,CC1=C(C)C(C)=C(C)C1,3001,OCC1=Cc2ccccc21,18025,[H]OC([H])([H])C12c3c([H])c([H])c([H])c([H])c3C1([H])C1(C([H])([H])[H])C(C([H])([H])[H])=C(C([H])([H])[H])C2(C([H])([H])[H])C1([H])[H],1,1 6 2 3 23 1,0,14.225075115576312,9.740819458103749,19.67496047529882,15.450897298769776,3.240977561082939,18.69187485985272,0.0196680272362566,0.0170176778419547,0.0951007996417879,0.0170176778419547,-20.91947513473029,0.0718050410805804,0.0314117990840792,0.1074052664741567,-20.41640093899428,-24.857237416201343,-25.25289367103609,19.9586025657294,21.19679232430264
3521,CC1=C(C)C(C)=C(C)C1,3001,O[C@@H]1CC/C=C/CCC1,18100,[H]O[C@@]1([H])C([H])([H])C([H])([H])C([H])([H])C2([H])C3(C([H])([H])[H])C(C([H])([H])[H])=C(C([H])([H])[H])C(C([H])([H])[H])(C3([H])[H])C2([H])C([H])([H])C1([H])[H],0,1 6 6 5 23 0,1,16.43544480189604,1.515102541445447,12.791201045151563,14.893136386087098,3.1808274156640106,18.07396380175111,0.088286394598326,0.1072108208899784,0.035031254279008,0.1072108208899784,-17.438743553616398,0.4006845533349502,0.0355830093269008,0.0087422995826409,-16.91039244576607,-16.282271074583107,-14.562500682551963,20.15321017227369,20.91650412461702
4662,CC1=C(C)C(C)=C(C)C1,3001,C1=CC=C=c2ccccc2=1,13758,[H]C1=C=c2c([H])c([H])c([H])c([H])c2=C2C1([H])C1(C([H])([H])[H])C(C([H])([H])[H])=C(C([H])([H])[H])C2(C([H])([H])[H])C1([H])[H],0,1 6 2 3 23 0,3,18.00617166737788,8.043544376183023,23.34702569897073,15.562388214934511,1.925469905591406,17.48785812052592,0.0056821182370937,0.010340372699464,0.0336887650589572,0.010340372699464,-19.39815799062597,0.002647173497166,0.0113025352980649,0.0495145471601174,-19.423018667407803,-16.67573077144487,-13.275804914529758,22.02336976180375,20.50602752989611
4732,CC1=C(C)C(C)=C(C)C1,3001,C1=C[C@H]2C=C[C@@H]3CC=C1[C@H]23,13787,[H]C1=C([H])[C@@]2([H])C([H])=C([H])[C@]3([H])C([H])([H])C4([H])C5(C([H])([H])[H])C(C([H])([H])[H])=C(C([H])([H])[H])C(C([H])([H])[H])(C5([H])[H])C14[C@]23[H],0,1 6 7 8 23 0,5,15.778267736799664,4.902173479714195,14.347428212017652,14.942766062601075,4.624620618918305,19.56738668151938,0.0123338068631772,0.0131052817294528,0.0037650561781398,0.0131052817294528,-13.0500920693843,0.0274947855820683,0.0046124341125108,0.0114046116758827,-13.623120600443109,-19.37905393273744,-16.85508508579204,22.484493206450622,23.706490512316503
1277,COc1nccnn1,3998,FC(F)(F)C1=CC=C=CN1,16502,[H]C1=NC2(OC([H])([H])[H])N=NC1([H])C1=C([H])N([H])C(C(F)(F)F)=C([H])C12[H],0,2 5 6 7 13 0,5,19.768904857861525,9.552252204699055,20.752753374710515,15.78172524206375,5.848944079616757,21.630669321680507,0.0334129940785981,0.0189505897312134,0.003698547092797,0.0189505897312134,-11.897078227829304,0.0216652493857539,0.0310966564684031,0.020776312685538,-12.79983033624802,-13.7096597620149,-10.98096798588852,23.35134635399461,23.62883282912117
18370,COc1nccnn1,3998,O=c1[nH]c2c([nH]1)NON2,17935,[H]C1=NC2(OC([H])([H])[H])N=NC1([H])C13N([H])ON([H])C21N([H])C(=O)N3[H],1,2 5 3 4 13 1,4,17.67424815504782,10.10464870788907,19.550786222019106,15.34535357619936,9.07190200539986,24.41725558159922,0.0346386958379275,0.0213412544943804,0.0166758198938903,0.0213412544943804,-9.572435190552916,0.0134772298293789,0.0265237520861548,0.0058574005747066,-5.8968628606109945,-9.9183516879094,-11.12502961812239,22.515717412790405,21.46052207688667
20408,COc1nccnn1,3998,OCC1=Cc2ccccc21,18025,[H]OC([H])([H])C12c3c([H])c([H])c([H])c([H])c3C1([H])C1(OC([H])([H])[H])N=NC2([H])C([H])=N1,1,2 5 3 2 13 1,2,18.01061110103113,12.12777767791362,21.26471149589617,15.534111617091847,7.082506183872564,22.616617800964413,0.1437264957669765,0.0142689292319692,0.0349289133695759,0.0142689292319692,-8.87705362991769,0.2909928917639902,0.017780530319693,0.1262299531748553,-10.872393073974088,-11.544003189664238,-11.05030716984038,23.76759563435694,22.67390941974012
1063,c1nncnn1,5944,FC(F)(F)C1=CC=C=CN1,16502,[H]C1=C2C3([H])N=NC([H])(N=N3)C2([H])C([H])=C(C(F)(F)F)N1[H],0,0 3 6 7 8 0,3,15.282461346354609,6.306687546266334,19.695532679347345,15.101785495951296,3.771656241296384,18.87344173724768,0.0072543399905099,0.0115174369075497,0.0008513831348913,0.0115174369075497,-21.033927014817785,0.0023082923200891,0.0152917993452361,0.0026753053188999,-23.737945388629385,-23.99216389920344,-18.270680172414515,19.69420759509245,17.005497762928172
9278,c1nncnn1,5944,Nc1nc2c([nH]1)NON2,17291,[H]N([H])C1=NC23N([H])ON([H])C2(N1[H])C1([H])N=NC3([H])N=N1,1,0 3 3 4 8 1,2,14.94144606207353,8.0558909206586,21.73588262821452,15.0605559032441,1.7384286093259649,16.798984512570065,0.0075608037535378,0.0091968379468437,0.012674012182241,0.0091968379468437,-15.062005583859197,0.0055188799132271,0.0187054911664501,0.0232850834502392,-16.114458861912837,-16.57598605019453,-16.68099677295139,16.395975880311,14.444793869740456
11536,c1nncnn1,5944,O=C1CC2=C(CC=C2)O1,17558,[H]C1=C([H])C23C4([H])N=NC([H])(N=N4)C2(OC(=O)C3([H])[H])C1([H])[H],0,0 3 3 4 8 0,1,16.343972687502156,10.4928609316859,20.646032875014605,15.449848292974048,7.374924041462393,22.82477233443644,0.0302131162322064,0.0046628692571535,0.0314322342706461,0.0046628692571535,-5.574875880713165,0.0067970510751464,0.0036114928814678,0.0153539955498984,-5.018910151780823,-8.387237963331856,-8.266572084754067,21.234397925998213,19.11378627921277
12601,c1nncnn1,5944,O=C1C[C@@H]2C=C[C@@H]2N1,17666,[H]N1C(=O)C([H])([H])[C@]2([H])C3([H])C4([H])N=NC([H])(N=N4)C3([H])[C@]12[H],0,0 3 4 5 8 0,1,18.00451677588852,8.851620737574436,19.29746185626753,15.171842922634264,8.187766434305978,23.35960935694024,0.0031879874425363,0.0237664639717996,0.003674122509524,0.0237664639717996,-7.302486077495928,0.0111923814873208,0.0184049201196275,0.026787804416954,-6.122162461378771,-4.882165456730117,-5.591463234330185,24.213678812716395,21.7103410009535
13407,c1nncnn1,5944,O=C1N[C@H]2C=C[C@@H]1C2,17755,[H]N1C(=O)[C@]2([H])C3([H])C4([H])N=NC([H])(N=N4)C3([H])[C@@]1([H])C2([H])[H],0,0 3 4 5 8 0,1,18.072047091113177,10.437013306818631,20.25936131643546,15.191093551068471,9.10780503504255,24.298898586111022,0.0110062952218113,0.0055297852241758,0.0044415121559253,0.0055297852241758,-7.516474551155554,0.0033308276307561,0.0038571732372949,0.0056517230395581,-7.955559014277966,-5.0651293300464495,-6.520921770912892,23.502751479351687,21.099805847492103
13497,c1nncnn1,5944,O=C1O[C@@H]2C=CC[C@H]2[C@H]1O,17773,[H]O[C@@]1([H])C(=O)O[C@]2([H])C3([H])C4([H])N=NC([H])(N=N4)C3([H])C([H])([H])[C@@]12[H],0,0 3 4 5 8 0,1,17.779814272575948,10.441697868956965,20.095902295202485,15.424115387023903,8.612494768904163,24.036610155928063,0.0174497050423001,0.0233463853596698,0.0039458267602549,0.0233463853596698,-4.997981900232276,0.0079046229978979,0.0171131889238952,0.0115210949052359,-5.413994716263616,-4.98482423161121,-5.07868847328032,23.80088211238696,21.15133550901682
15319,c1nncnn1,5944,O=c1[nH]c2c([nH]1)NON2,17935,[H]N1ON([H])C23N([H])C(=O)N([H])C12C1([H])N=NC3([H])N=N1,1,0 3 3 4 8 1,2,12.26028870018516,7.85652937940855,18.294821609323456,14.679844084368696,4.200566871559069,18.880410955927765,0.0036283263564341,0.005911447979399,0.0086630945134543,0.005911447979399,-18.38547202340792,0.002732869507203,0.0114869956651159,0.0015189397421492,-15.1440885679036,-20.22183630490167,-22.930172929691487,15.448272893498745,14.662632183994418
16966,c1nncnn1,5944,OC1=C(O)c2ccccc21,18015,[H]OC12c3c([H])c([H])c([H])c([H])c3C1(O[H])C1([H])N=NC2([H])N=N1,1,0 3 1 2 8 1,0,15.162153406188088,11.856411643343211,22.12883593340208,15.198247521597734,5.531721382105125,20.72996890370286,0.0049870981264654,0.0048246903383857,0.0077051855202088,0.0048246903383857,-22.57434993930381,0.0152335817373231,0.0083023634155159,0.0135384095119105,-23.08146316781938,-21.654877216044103,-18.19061625502253,17.966250390780786,17.02071053493084
17025,c1nncnn1,5944,OCC1=Cc2ccccc21,18025,[H]OC([H])([H])C12c3c([H])c([H])c([H])c([H])c3C1([H])C1([H])N=NC2([H])N=N1,1,0 3 2 3 8 1,0,14.610783007857728,8.937076501876259,21.197028185480384,15.130875344238502,2.384700680717021,17.51557602495552,0.0121183841883894,0.035731925993097,0.0163139152277736,0.035731925993097,-17.885413452644926,0.0229873386259198,0.0375732646852275,0.0400829958360005,-17.702775865359946,-19.12127032671974,-20.041071257529,18.95842634817393,16.198161619435954
17517,c1nncnn1,5944,O[C@@H]1CC/C=C/CCC1,18100,[H]O[C@@]1([H])C([H])([H])C([H])([H])C([H])([H])C2([H])C3([H])N=NC([H])(N=N3)C2([H])C([H])([H])C1([H])[H],0,0 3 6 5 8 0,1,15.679657403964184,3.078813747578872,17.88861853165703,15.013681538192326,1.129985636751556,16.143667174943882,0.0344917070590426,0.0518026434154249,0.0170603309297034,0.0518026434154249,-18.6158013412288,0.0507932468530385,0.0134444075426514,0.0084188645060054,-15.254178947050733,-14.958513879976891,-13.816980322355649,17.771449557687625,15.318834236280445
17622,c1nncnn1,5944,O[C@@]12C=C[C@H](CCCC1)O2,18115,[H]O[C@]12O[C@@]([H])(C([H])([H])C([H])([H])C([H])([H])C1([H])[H])C1([H])C3([H])N=NC([H])(N=N3)C12[H],1,0 3 2 3 8 1,0,18.11396680115134,9.85291579336994,22.56309766177105,15.274584882615333,7.916410894098306,23.19099577671364,0.0112115337292875,0.0097781809016618,0.0106529744300623,0.0097781809016618,-13.145509460090947,0.0056937609676159,0.0106575821012017,0.0212021383552848,-12.530332384547044,-8.00779491833655,-7.784160836746544,23.086593101114254,20.843253815469545
20359,c1nncnn1,5944,C1=CCNC1,12046,[H]N1C([H])([H])C2([H])C3([H])N=NC([H])(N=N3)C2([H])C1([H])[H],1,0 3 0 1 8 1,0,18.61705609126829,8.941590281548391,20.513197343984004,15.42894308778693,7.52445271764142,22.95339580542835,0.0859658522833124,0.0731898226222578,0.0846125327679459,0.0731898226222578,-4.038525391893252,0.0878953977197013,0.029232316551673,0.112196496621882,-4.03312455288706,-3.473912092431448,-5.023004709894813,22.43614930923805,19.85284691520899
20408,c1nncnn1,5944,C1=C[C@H]2NC[C@@H]2C1,12063,[H]N1C([H])([H])[C@]2([H])C([H])([H])C3([H])C4([H])N=NC([H])(N=N4)C3([H])[C@@]12[H],0,0 3 0 1 8 0,1,17.937422931387648,8.744324443935767,20.468664551293635,15.085470525693472,5.923910642522756,21.00938116821623,0.0160503338408386,0.0232917587838204,0.0173963093310951,0.0232917587838204,-8.083804483672687,0.0100401677515079,0.0143885391628221,0.0394683638908649,-8.053051336645972,-7.9825054741559,-5.894926675634544,21.91090658036228,20.457296098638498
20457,c1nncnn1,5944,C1NCC2=C1CNC2,12076,[H]N1C([H])([H])C23C4([H])N=NC([H])(N=N4)C2(C1([H])[H])C([H])([H])N([H])C3([H])[H],1,0 3 3 4 8 1,0,18.13259507154802,10.70262758727648,23.072194445941268,16.20008557155354,6.006022194503327,22.206107766056867,0.0044330135602456,0.0074567133868951,0.0016111238360581,0.0074567133868951,-7.539550313797733,0.0037498471093061,0.0195586025129398,0.0004240445347824,-8.206341657154127,-7.049166725117015,-9.412392547138708,21.69550284506235,18.449449285627395
20725,c1nncnn1,5944,C=CC1OCCO1,12186,[H]C1([H])OC([H])(C2([H])C3([H])N=NC([H])(N=N3)C2([H])[H])OC1([H])[H],1,0 3 0 1 8 1,0,18.53182860856809,9.499306102293817,18.71637504462249,15.163578616849886,8.689700825095443,23.85327944194533,0.0095188264947094,0.0432143414988911,0.035656864690841,0.0432143414988911,-6.38240858573613,0.0079799627485746,0.0282455436395927,0.0205366732224053,-6.813530778727973,-4.754048573846589,-5.889194714490497,25.41342685300464,23.97564340550192
21552,c1nncnn1,5944,NC(=O)[C@@H]1C=CCN1,13129,[H]N([H])C(=O)[C@@]1([H])N([H])C([H])([H])C2([H])C3([H])N=NC([H])(N=N3)C21[H],0,0 3 4 5 8 0,1,18.55565582428349,9.741414477300808,20.803040401540457,15.633295858495725,7.882235324431164,23.515531182926885,0.0084256690556863,0.0171016759485831,0.0121316277913447,0.0171016759485831,-3.71292886381255,0.0125565869174895,0.0191302706436716,0.033756826275875,-3.636492571366901,-2.6787181121127226,-5.490930060206335,23.90008962238779,21.914942062070715
23089,c1nncnn1,5944,C1=CC2=C(C1)[C@@H]1C=C[C@H]2C1,13755,[H]C1=C([H])C23C4([H])N=NC([H])(N=N4)C2(C1([H])[H])[C@]1([H])C([H])=C([H])[C@@]3([H])C1([H])[H],1,0 3 2 3 8 1,2,16.971757680486558,10.585447193980354,22.30302031009608,16.15874442941674,4.007920112216766,20.166664541633505,0.0015608267036795,0.0048249143764721,0.0014537894398454,0.0048249143764721,-10.872635841274588,0.0027876859370054,0.0057931421459035,8.200897598177964e-05,-10.70232800546433,-13.918864436744007,-12.8859994436378,18.209838687785915,15.385942423143211
23401,c1nncnn1,5944,C1=C[C@@H]2CC[C@H]3C=CC1C23,13779,[H]C1=C([H])[C@]2([H])C([H])([H])C([H])([H])[C@@]3([H])C4([H])C5([H])N=NC([H])(N=N5)C4([H])[C@@]1([H])[C@@]32[H],1,0 3 0 1 8 1,0,17.56191114335507,9.10033933620117,20.81409430087182,15.425798634475187,5.741714242296791,21.16751287677198,0.0223751072938315,0.0271544426198897,0.0199595408028576,0.0271544426198897,-11.347294449116248,0.0259159404090444,0.0199732228548306,0.0138840389085044,-12.939798950286878,-11.482918319721136,-10.485341767503511,21.751200617949166,18.230596476966795
23476,c1nncnn1,5944,C1=C[C@H]2C=C[C@@H]3CC=C1[C@H]23,13787,[H]C1=C([H])[C@@]2([H])C([H])=C([H])[C@]3([H])C([H])([H])C4([H])C5([H])N=NC([H])(N=N5)C14[C@]23[H],0,0 3 7 8 8 0,5,15.436562922160515,3.775273443688283,18.387687608427147,14.812243081422944,3.067951376484164,17.88019445790711,0.000689538645702,0.0115591755052552,0.0006861889418354,0.0115591755052552,-13.546789665494174,0.007108822829019,0.0067830663118008,0.0029572572188633,-13.942761538926897,-17.55784144499345,-15.167155482133587,15.236497083001543,11.925362088578437
23512,c1nncnn1,5944,C1=C[C@H]2C[C@@H]1[C@H]1CNC[C@H]12,13790,[H]N1C([H])([H])[C@@]2([H])[C@@]3([H])C4([H])C5([H])N=NC([H])(N=N5)C4([H])[C@]([H])(C3([H])[H])[C@@]2([H])C1([H])[H],0,0 3 0 1 8 0,1,17.93726983959401,8.240716156008467,20.58262133711247,15.21398644882656,5.767246500921811,20.98123294974837,0.0010057831495117,0.004402387642515,0.0009601600249002,0.004402387642515,-9.733374266455217,0.0009390270780283,0.0141922794874473,0.0088147355697997,-8.205792639295524,-6.173397008175797,-5.122669781361161,21.54039980336852,20.10994235218071
23517,c1nncnn1,5944,C1=C[C@H]2O[C@@H]2CCC1,13793,[H]C12N=NC([H])(N=N1)C1([H])C2([H])C([H])([H])C([H])([H])C([H])([H])[C@@]2([H])O[C@]12[H],1,0 3 0 1 8 1,0,18.037765797747472,9.913336604606531,20.60946540822644,15.361624706721562,8.027090801353303,23.388715508074867,0.0302294748880541,0.0226726179191525,0.0708005522485968,0.0226726179191525,-7.130708628340301,0.0536333632917393,0.0149833065613507,0.0589306215390357,-6.72038778555914,-5.970670625433119,-6.186093075645363,23.444503086705893,21.29813667345249
24791,c1nncnn1,5944,C=C=CON1CCCCC1,13941,[H]C(ON1C([H])([H])C([H])([H])C([H])([H])C([H])([H])C1([H])[H])=C1C2([H])N=NC([H])(N=N2)C1([H])[H],0,0 3 0 1 8 0,1,14.242938657705375,11.676484351272316,15.238176889733031,15.117703038305498,11.21496224342767,26.33266528173317,0.02486393912076,0.0541536057769328,0.019047343727627,0.0541536057769328,-18.388248185946672,0.0464962260742105,0.1170857516063833,0.0970578368515302,-18.35008715936052,-14.827764933317404,-13.684943504076609,25.62435245984882,23.34538672044428
25070,c1nncnn1,5944,C=CC/N=C(/N)NCCO,13979,[H]OC([H])([H])C([H])([H])N([H])/C(=N\C([H])([H])C1([H])C2([H])N=NC([H])(N=N2)C1([H])[H])N([H])[H],1,0 3 0 1 8 1,0,18.881480020627848,10.656967149222757,21.62242549683453,15.79340475657979,9.233201961837718,25.026606718417508,0.0033165116139223,0.0051269963299196,0.0069514401211403,0.0051269963299196,-2.768425121506929,0.004175756182561,0.0128645668823582,0.00853601427866,-2.6871881430250824,-2.686896847731738,-5.745917955311072,24.331138097991087,22.704995050393727
25177,c1nncnn1,5944,C=CCC#CCCCC,13989,[H]C([H])([H])C([H])([H])C([H])([H])C([H])([H])C#CC([H])([H])C1([H])C2([H])N=NC([H])(N=N2)C1([H])[H],0,0 3 0 1 8 0,1,18.50154731188624,9.737354205041314,20.35313712322368,16.700460978597924,6.9686477401958165,23.66910871879374,0.0083263214019953,0.0373413494645396,0.0275707972360468,0.0373413494645396,-5.005889624297112,0.0387790972321375,0.0427041146236481,0.3076004244801298,-4.523340729241788,-4.986314544338665,-5.304491308833395,24.486897882851856,22.82868376218522
25546,c1nncnn1,5944,C=CCN1CCC[C@@H]1CN,14016,[H]N([H])C([H])([H])[C@]1([H])N(C([H])([H])C2([H])C3([H])N=NC([H])(N=N3)C2([H])[H])C([H])([H])C([H])([H])C1([H])[H],1,0 3 0 1 8 1,0,18.654860302617905,10.685708536442885,20.71334202723916,15.753215431513174,8.145129502386297,23.89834493389948,0.0156645013929636,0.0293460762073307,0.0470563422213612,0.0293460762073307,-5.365298185779473,0.0092655888663329,0.0523900939496946,0.1348394382150226,-6.006358834671985,-4.778554154864189,-5.067638997993768,24.503739980510773,22.37196474345704
25666,c1nncnn1,5944,C=CCOC(C)(C)CO,14030,[H]OC([H])([H])C(OC([H])([H])C1([H])C2([H])N=NC([H])(N=N2)C1([H])[H])(C([H])([H])[H])C([H])([H])[H],1,0 3 0 1 8 1,0,18.73231624272368,11.21524480004965,21.011295785110804,16.131579876409035,7.663046936558629,23.794626812967664,0.0112255591356007,0.143521365567988,0.2158947876961706,0.143521365567988,-5.411357566834013,0.0185505564362059,0.1702291618766994,0.2357734834893283,-4.949055822469461,-4.308536260645287,-5.580033815002519,24.41086105635852,23.552229266134404
25736,c1nncnn1,5944,C=CCO[C@@H](C)CN,14037,[H]N([H])C([H])([H])[C@@]([H])(OC([H])([H])C1([H])C2([H])N=NC([H])(N=N2)C1([H])[H])C([H])([H])[H],1,0 3 0 1 8 1,0,19.10296021735579,11.631757643374169,22.472833636380045,16.190881637689998,8.979249695559265,25.170131333249262,0.0187799893289693,0.222444807353033,0.3234976317862171,0.222444807353033,-4.846643281783301,0.0189326340199933,0.1473795525035425,0.2206223209077527,-4.252728720287074,-3.9138664069907705,-5.160630882613077,24.362235355604216,23.74915213708888
25846,c1nncnn1,5944,C=CC[C@@H]1COCCO1,14046,[H]C1([H])OC([H])([H])[C@@]([H])(C([H])([H])C2([H])C3([H])N=NC([H])(N=N3)C2([H])[H])OC1([H])[H],1,0 3 0 1 8 1,0,18.25391531020836,9.775537698913904,18.901818704457103,15.335752271185658,9.227284178839296,24.56303645002496,0.0081403788669645,0.1107090270053546,0.0774961799415242,0.1107090270053546,-5.43030426892512,0.0052887513540569,0.0814244894277279,0.1786030190148903,-4.551660232335678,-4.912843385815165,-5.119077012699179,24.47895345478782,23.224672232541224
32306,c1nncnn1,5944,C[C@@H]1C=C[C@H]2C[C@@H](O)[C@H]12,15683,[H]O[C@]1([H])C([H])([H])[C@]2([H])C3([H])C4([H])N=NC([H])(N=N4)C3([H])[C@@]([H])(C([H])([H])[H])[C@]21[H],0,0 3 2 3 8 0,1,18.29384446180962,9.340391069617189,21.14212189238462,15.259407257704282,4.71364327245767,19.973050530161952,0.0064279024258699,0.0229166950047324,0.0095876827671889,0.0229166950047324,-9.634747222208986,0.0074534516266941,0.0394925041782402,0.0162566864506186,-9.564175926862228,-9.299793548717638,-6.209263397794107,22.68967914018343,21.02025952975617
32455,c1nncnn1,5944,C[C@@H]1CC[C@@]2(C)C=C[C@@H]12,15702,[H]C12N=NC([H])(N=N1)C1([H])C2([H])[C@]2(C([H])([H])[H])C([H])([H])C([H])([H])[C@@]([H])(C([H])([H])[H])[C@]12[H],1,0 3 6 7 8 1,0,17.35679284985134,10.18890797342467,19.652902838210338,15.41084254938692,8.953082221765545,24.363924771152465,0.0101364292775161,0.0030315712408807,0.0029258970871191,0.0030315712408807,-11.323678987808364,0.0222011953079067,0.0032010029692967,0.0036608386345886,-10.325010021630838,-7.47522373571957,-6.308580527276543,23.804266274922583,21.173564169148264
18370,Cc1nncnc1O,10030,O=c1[nH]c2c([nH]1)NON2,17935,[H]OC1=NC2([H])N=NC1(C([H])([H])[H])C13N([H])ON([H])C21N([H])C(=O)N3[H],1,1 4 3 4 13 1,4,17.573551572865753,9.908905675797268,20.69834099437773,15.68899697924455,10.44009223876781,26.12908921801236,0.0148050611660652,0.0163469721243736,0.0688992317138106,0.0163469721243736,-8.913774563335828,0.0110363761013024,0.0284528824718423,0.0031557195829101,-6.199022616100976,-8.980018774118264,-12.543617812904891,22.173746221734028,22.556545135456567
20408,Cc1nncnc1O,10030,OCC1=Cc2ccccc21,18025,[H]OC1=NC2([H])N=NC1(C([H])([H])[H])C1([H])c3c([H])c([H])c([H])c([H])c3C21C([H])([H])O[H],1,1 4 3 2 13 1,2,18.527992416256893,12.255865768108512,22.977107722732125,15.995249354962237,7.958393720192884,23.95364307515512,0.0560203380647385,0.025516391658002,0.0393023502778626,0.025516391658002,-7.42778338926307,0.1614113832171927,0.0257492893069439,0.1602049043482029,-8.345686450556684,-10.27235265343392,-12.807967121360498,23.41434601239412,23.40656975047218
1301,c1cnncn1,11875,FC(F)(F)C1=CC=C=CN1,16502,[H]C1=NC2([H])N=NC1([H])C1=C([H])N([H])C(C(F)(F)F)=C([H])C12[H],0,4 1 6 7 9 0,29,17.39291646467026,8.120923948614461,20.708029609360143,15.360247986199044,4.852803986793976,20.21305197299302,0.0180717119431224,0.0206504806564494,0.0026717878926637,0.0206504806564494,-14.746342640405516,0.0151930038876664,0.0354545744146609,0.0087169745646195,-13.113827067601612,-14.169659929958977,-13.17950441180686,21.65278483407204,20.92202652838388
11147,c1cnncn1,11875,Nc1nc2c([nH]1)NON2,17291,[H]C1=NC2([H])N=NC1([H])C13N([H])ON([H])C21N=C(N([H])[H])N3[H],1,4 1 3 4 9 1,20,18.546176998228635,10.43944641911366,21.60655748113897,15.20678148732486,7.266661281465822,22.473442768790683,0.0114868024863166,0.0694576106785292,0.0371313062161734,0.0694576106785292,-6.863545080548562,0.0138844381435217,0.0522987204158896,0.0402824766335662,-8.431144031850728,-7.15161728963513,-7.887942351567652,22.83132663769114,21.60217830418824
18382,c1cnncn1,11875,O=c1[nH]c2c([nH]1)NON2,17935,[H]C1=NC2([H])N=NC1([H])C13N([H])ON([H])C21N([H])C(=O)N3[H],1,4 1 3 4 9 1,16,14.816205952472444,9.514425041772627,18.145057791309505,14.839621926503714,7.448623908286763,22.28824583479048,0.0069067416182562,0.0222692132662696,0.0187895705047218,0.0222692132662696,-11.261145017161212,0.0051911751931362,0.025909936683253,0.0035428464593033,-8.365574200486193,-10.70750971154537,-14.296650205833252,19.96954646992304,18.793645730471283
20344,c1cnncn1,11875,OC1=C(O)c2ccccc21,18015,[H]OC12c3c([H])c([H])c([H])c([H])c3C1(O[H])C1([H])N=NC2([H])N=C1[H],1,4 1 1 2 9 1,4,17.928623379356836,13.423266577668803,21.86410869399849,15.36596028992748,7.530014424488439,22.89597471441592,0.0067595874108853,0.0072872913976786,0.0100569776114941,0.0072872913976786,-14.398766095596102,0.013511589503597,0.0158795509868085,0.0289700125100638,-13.866688352377366,-13.33701826407568,-10.44799799398048,22.845865094452808,22.443781391216792
20416,c1cnncn1,11875,OCC1=Cc2ccccc21,18025,[H]OC([H])([H])C12c3c([H])c([H])c([H])c([H])c3C1([H])C1([H])N=NC2([H])C([H])=N1,1,4 1 3 2 9 1,10,17.099193075625912,11.022021804172976,20.947508397517907,15.19008894850487,5.615049198385748,20.80513814689062,0.0704171454641558,0.0088174807179462,0.0162983494189927,0.0088174807179462,-9.593538278771328,0.1890439376076848,0.0180802717887849,0.0985236957357409,-10.534549358922362,-11.854717094623872,-12.180941108022957,22.02277497302851,20.64189300893889
21004,c1cnncn1,11875,O[C@@H]1CC/C=C/CCC1,18100,[H]O[C@@]1([H])C([H])([H])C([H])([H])C([H])([H])C2([H])C3([H])N=NC([H])(C([H])=N3)C2([H])C([H])([H])C1([H])[H],1,4 1 5 6 9 1,10,19.15934245553324,6.2408738330811815,18.519167382726923,15.187860875570548,5.6226617375826216,20.810522613153168,0.0511582346802236,0.076340276878782,0.0426897653062629,0.076340276878782,-7.897784353774149,0.0863332829558989,0.0461314371343481,0.0305540344845902,-6.190533259977414,-5.640944583450938,-5.125993884997609,24.45666070236444,23.43170252370892
28150,c1cnncn1,11875,C1=C[C@H]2C=C[C@@H]3CC=C1[C@H]23,13787,[H]C1=NC2([H])N=NC1([H])C1([H])C23C([H])=C([H])[C@@]2([H])C([H])=C([H])[C@]([H])(C1([H])[H])[C@]32[H],1,4 1 8 7 9 1,34,18.80773532730187,7.078903836706711,18.5606007887332,14.969214303439609,6.965445734902314,21.934660038341924,3.899653594120773e-05,0.0001636896169769,0.0025462275022358,0.0001636896169769,-5.334275764368364,0.005144041353707,0.0029717313772052,0.0027417874975056,-6.6189208851320345,-5.454465374581396,-5.14295261519603,23.24184950531969,21.2847791378256
1860,C=C(C)C(=C)C,11946,Nc1nc2c([nH]1)NON2,17291,[H]N([H])C1=NC23N([H])ON([H])C2(N1[H])C([H])([H])C(C([H])([H])[H])=C(C([H])([H])[H])C3([H])[H],1,0 4 3 4 16 1,2,16.351017747654808,8.503104260743182,15.729043498881683,14.253748753452587,7.792398827754653,22.046147581207244,0.0098575974030789,0.0740763871939,0.0517837448179109,0.0740763871939,-40.22538726530588,0.0401082990798856,0.1020244001301514,0.035194183971964,-40.27038014823687,-38.53823002431584,-37.88610136083795,23.07390983202849,23.098792340010075
2294,C=C(C)C(=C)C,11946,O=C1C=c2ccccc2=N1,17550,[H]C1=C([H])C([H])=C([H])C23C1=NC(=O)C2([H])C([H])([H])C(C([H])([H])[H])=C(C([H])([H])[H])C3([H])[H],0,0 4 2 3 16 0,1,21.573146902193542,12.047336335217349,22.531543271401787,14.530781479581522,10.84775674368572,25.37853822326724,0.0245728805431574,0.016570724435588,0.0772043616214963,0.016570724435588,-15.070884359972297,0.068904372442671,0.0326857080030567,0.1293366749366095,-14.811976994161943,-14.689731244318772,-16.6834784252912,25.92879050980205,22.06488966802123
3076,C=C(C)C(=C)C,11946,O=c1[nH]c2c([nH]1)NON2,17935,[H]N1ON([H])C23N([H])C(=O)N([H])C12C([H])([H])C(C([H])([H])[H])=C(C([H])([H])[H])C3([H])[H],0,0 4 3 4 16 0,3,14.83177949838219,7.8706521030474095,14.36875443139694,13.91515150234514,8.203450817577789,22.11860231992293,0.0092952389468091,0.0342216108884089,0.0186041186845842,0.0342216108884089,-48.48495478651076,0.047876617667436,0.0579320816503457,0.0018147388976001,-43.56041655287423,-43.940980341605325,-46.73781373983319,20.62819728614631,20.67670967165412
3421,C=C(C)C(=C)C,11946,OCC1=Cc2ccccc21,18025,[H]OC([H])([H])C12c3c([H])c([H])c([H])c([H])c3C1([H])C([H])([H])C(C([H])([H])[H])=C(C([H])([H])[H])C2([H])[H],1,0 4 2 3 16 1,0,15.030069782380949,9.69081537120556,15.7318623291391,14.150612660872827,8.0902732062393,22.240885867112127,0.0021151782505133,0.0408917255105664,0.2015913316758212,0.0408917255105664,-37.78460345873226,0.1570378787003042,0.0509373930091382,0.1895428228365565,-36.811493198553165,-41.53318899858587,-42.84378427788421,23.01660983407703,22.740355612040503
4732,C=C(C)C(=C)C,11946,C1=C[C@H]2C=C[C@@H]3CC=C1[C@H]23,13787,[H]C1=C([H])[C@@]2([H])C([H])=C([H])[C@]3([H])C([H])([H])C4([H])C1(C([H])([H])C(C([H])([H])[H])=C(C([H])([H])[H])C4([H])[H])[C@]23[H],0,0 4 7 8 16 0,5,15.332348859820824,4.7212726588284255,9.82182645965294,13.813387776633054,8.99620495380709,22.809592730440144,0.0043824003340099,0.0041011272543957,0.0030734640886755,0.0041011272543957,-28.61591494492748,0.0177206226892219,0.0030383318744938,0.0187402769654383,-26.38619070440827,-36.117836911191645,-32.94027217197156,24.1579711039845,23.431958343234893
5419,C#Cc1ccoc1C,11977,O=CC#CC(F)(F)F,17787,[H]C#CC1=C([H])C2([H])OC1(C([H])([H])[H])C(C(F)(F)F)=C2C([H])=O,1,6 4 3 2 14 1,1,14.601276610867966,15.191845656031608,22.13429099159205,15.578508023749746,9.419494769407011,24.99800279315676,5.622067582649948e-05,0.0265813278498261,0.0096356264915235,0.0265813278498261,-4.285266921728272,0.0023475631367679,0.0178580700404319,0.023353697148516,-4.343007731871552,-5.409402862568989,-8.341997036043239,23.041593529730257,22.82284778089468
6126,C#Cc1ccoc1C,11977,O=c1[nH]c2c([nH]1)NON2,17935,[H]C#CC1=C([H])C2([H])OC1(C([H])([H])[H])C13N([H])ON([H])C21N([H])C(=O)N3[H],1,6 4 3 4 14 1,4,14.307008541143734,8.641832039094204,17.968051960906052,15.49198799411641,7.890663172807731,23.38265116692414,0.0183995095070795,0.0249572090736177,0.0197482052012017,0.0249572090736177,-13.962482301470716,0.0387669340874644,0.0230293898465444,0.006445524352279,-12.250196446494058,-13.05298447185907,-16.258716178050427,19.132974605383968,20.72373214578921
6804,C#Cc1ccoc1C,11977,OCC1=Cc2ccccc21,18025,[H]C#CC1=C([H])C2([H])OC1(C([H])([H])[H])C1([H])c3c([H])c([H])c([H])c([H])c3C21C([H])([H])O[H],1,6 4 3 2 14 1,2,15.280191539915194,12.25484943813338,20.152779377013648,14.993976171339582,8.184811076594375,23.17878724793396,0.0797934684312385,0.0196061198528706,0.1261797307518964,0.0196061198528706,-10.285017296620689,0.4367807610525142,0.0088688958690549,0.2934396285648508,-11.05297412990688,-12.439191477160463,-14.195854794140928,21.647145084731,22.70279430233802
2720,C1=CC2(C=C1)CC2,12037,O=CC#CC(F)(F)F,17787,[H]C(=O)C1=C(C(F)(F)F)C2([H])C([H])=C([H])C1([H])C21C([H])([H])C1([H])[H],1,3 1 2 3 15 1,0,11.92439353808984,12.52620920583332,18.5679813239011,15.474857561178268,8.802254132208471,24.277111693386736,0.0056500669090843,0.0029387128406036,0.0056809853117254,0.0029387128406036,-19.687948063744543,0.0052864707575607,0.0326159643809263,0.0010428249424796,-18.98949343600684,-19.48280345409109,-22.22468274134136,22.69985642542672,22.89574471514292
3076,C1=CC2(C=C1)CC2,12037,O=c1[nH]c2c([nH]1)NON2,17935,[H]C1=C([H])C2([H])C34N([H])ON([H])C3(N([H])C(=O)N4[H])C1([H])C21C([H])([H])C1([H])[H],0,3 1 3 4 15 0,3,11.108653995004143,6.35365164267505,13.20743119716811,15.20747517419311,7.167097843172446,22.37457301736556,0.0196568664876562,0.062367340114382,0.0086758362717004,0.062367340114382,-28.962869308285043,0.0339805545628908,0.0384899442350933,0.0017040237323145,-22.8525118288321,-24.689210031574014,-25.312861194434905,18.783519799780404,20.18376598669787
3421,C1=CC2(C=C1)CC2,12037,OCC1=Cc2ccccc21,18025,[H]OC([H])([H])C12c3c([H])c([H])c([H])c([H])c3C1([H])C1([H])C([H])=C([H])C2([H])C12C([H])([H])C2([H])[H],1,3 1 2 3 15 1,0,13.517180297731764,9.349975044193974,16.29300129613221,15.224635176538843,7.066009933281215,22.290645109820066,0.0151617677424522,0.018822234737165,0.0537675730959883,0.018822234737165,-17.52464959235226,0.0994956538501291,0.0232477329566316,0.117949175689461,-17.83396367535846,-22.527804210688902,-22.41755159326908,22.375443811114287,22.615144881773453
4662,C1=CC2(C=C1)CC2,12037,C1=CC=C=c2ccccc2=1,13758,[H]C1=C=c2c([H])c([H])c([H])c([H])c2=C2C1([H])C1([H])C([H])=C([H])C2([H])C12C([H])([H])C2([H])[H],0,3 1 2 3 15 0,3,16.859413604385807,7.350132215900995,17.444929169003473,15.292553291533276,6.718922707504863,22.01147599903814,0.0089496616623045,0.0102233182119893,0.0394614755895994,0.0102233182119893,-15.546933309058844,0.0148630754696543,0.0095093481716021,0.0153979250758825,-15.799674600256886,-13.815448873706728,-11.62390846185462,22.56515151278588,21.12481485634828
3076,C=C(OC)C(=C)OC,12108,O=c1[nH]c2c([nH]1)NON2,17935,[H]N1ON([H])C23N([H])C(=O)N([H])C12C([H])([H])C(OC([H])([H])[H])=C(OC([H])([H])[H])C3([H])[H],0,0 5 3 4 18 0,3,17.47685182311247,7.294268295169108,14.944677360641933,14.334044244977733,10.594996977530696,24.929041222508427,0.0085884494445934,0.0195306461291316,0.005041663153574,0.0195306461291316,-42.26888541207661,0.0232585853988274,0.0206738399834964,0.0007610278363227,-36.469514647539086,-37.20837908882,-40.69032164097382,21.40957166316008,22.17044126986893
3713,C=C/C=C/CC(=O)O,12113,Nc1nc2c([nH]1)NON2,17291,[H]OC(=O)C([H])([H])C1([H])C([H])=C([H])C([H])([H])C23N=C(N([H])[H])N([H])C21N([H])ON3[H],1,0 3 3 4 16 1,4,13.841970739796285,8.688591986613005,18.16085714439588,16.917101718051814,4.93992747395593,21.857029192007744,0.0355815158601763,0.0336527494500792,0.0855456787746787,0.0336527494500792,-34.92515437813184,0.033696027340865,0.0786218234914166,0.1550531467245214,-34.5592685349752,-33.96458321244343,-35.33827048626889,21.23194486365343,21.881218031758003
4574,C=C/C=C/CC(=O)O,12113,O=C1C=c2ccccc2=N1,17550,[H]OC(=O)C([H])([H])C1([H])C([H])=C([H])C([H])([H])C23C(=NC(=O)C21[H])C([H])=C([H])C([H])=C3[H],0,0 3 3 2 16 0,3,19.32309849907441,12.216268014055204,24.90160107031239,16.353320466738055,8.248284679962488,24.601605146700543,0.0564757617063213,0.0342645060324765,0.0249284546426168,0.0342645060324765,-8.097821161536409,0.0849871257834971,0.0481492542973406,0.0415915061588141,-8.754536991925718,-8.10699152302059,-14.738127831129283,22.97302611143934,23.018493159936824
6127,C=C/C=C/CC(=O)O,12113,O=c1[nH]c2c([nH]1)NON2,17935,[H]OC(=O)C([H])([H])C1([H])C([H])=C([H])C([H])([H])C23N([H])ON([H])C21N([H])C(=O)N3[H],0,0 3 3 4 16 0,5,12.666246651282032,8.126140131009306,17.663622499083747,16.564679939184717,5.549418394436447,22.114098333621165,0.0380510124713209,0.0357435958029298,0.0500480131871914,0.0357435958029298,-42.35361227005114,0.0394411510745265,0.0513793931898779,0.0155918888869627,-36.12659193795518,-38.20994057462089,-42.41234992286744,19.413784288054657,20.57075084914868
6802,C=C/C=C/CC(=O)O,12113,OCC1=Cc2ccccc21,18025,[H]OC(=O)C([H])([H])C1([H])C([H])=C([H])C([H])([H])C2(C([H])([H])O[H])c3c([H])c([H])c([H])c([H])c3C21[H],1,0 3 2 3 16 1,0,13.26329771604342,10.282021821096023,19.716166752815862,16.335288842479105,3.4538481290143146,19.78913697149342,0.0261967678233199,0.0501415070607751,0.123032539644251,0.0501415070607751,-36.40337322347911,0.1797152111229386,0.0892778526331347,0.3378206308842043,-36.740938665224434,-38.65300116412818,-41.92239000551211,20.99593558873323,21.55688393947384
7000,C=C/C=C/CC(=O)O,12113,O[C@@H]1CC/C=C/CCC1,18100,[H]OC(=O)C([H])([H])C1([H])C([H])=C([H])C([H])([H])C2([H])C([H])([H])C([H])([H])C([H])([H])[C@]([H])(O[H])C([H])([H])C([H])([H])C12[H],1,0 3 5 6 16 1,2,15.115017572493793,4.924169136578092,14.214327492286513,16.006783500125444,6.229723354179329,22.23650685430477,0.1183093954708989,0.0650144459347942,0.1532032972090241,0.0650144459347942,-32.11683873182234,0.0878614576348869,0.0501229640801202,0.0691668348402756,-31.84086182015369,-31.073753735545345,-31.99615818647237,24.05914129691818,23.863195203478405
9381,C=C/C=C/CC(=O)O,12113,C1=C[C@H]2C=C[C@@H]3CC=C1[C@H]23,13787,[H]OC(=O)C([H])([H])C1([H])C([H])=C([H])C([H])([H])C2([H])C13C([H])=C([H])[C@@]1([H])C([H])=C([H])[C@]([H])(C2([H])[H])[C@]31[H],0,0 3 7 8 16 0,9,14.111228030980222,4.9208934002472855,13.701536625354104,15.735719088158634,6.012141763399502,21.747860851558137,0.0036243062202509,0.0086891006550736,0.0034535725145672,0.0086891006550736,-30.04252143072105,0.0619378943800674,0.0116696257048456,0.0350653553208282,-29.986284022397705,-33.236688301737146,-32.616138054018535,21.9233135491431,21.98222673126861
4574,C=C/C=C/OC,12116,O=C1C=c2ccccc2=N1,17550,[H]C1=C([H])C([H])=C([H])C23C1=NC(=O)C2([H])C([H])(OC([H])([H])[H])C([H])=C([H])C3([H])[H],0,0 3 3 2 14 0,3,22.57179158058061,12.779011419343483,25.345527773673687,15.022463380088524,11.35553296816844,26.377996348256964,0.0789580192702266,0.0668121004620068,0.0329154669538214,0.0668121004620068,-8.699071646330644,0.0533335189982534,0.0637449877605534,0.046439374985038,-10.043618653852306,-6.503557743990715,-12.428376937720373,25.181848315930857,23.241965996449785
5419,C=C/C=C/OC,12116,O=CC#CC(F)(F)F,17787,[H]C(=O)C1=C(C(F)(F)F)C([H])([H])C([H])=C([H])C1([H])OC([H])([H])[H],1,0 3 3 2 14 1,1,13.737197928791824,13.505859343811792,19.3399930829167,15.279202209011505,8.172870309963713,23.452072518975218,9.008669878847098e-05,0.0147639891866306,0.0153648308344394,0.0147639891866306,-43.34801404011286,0.0050184610930685,0.0612560317980366,0.0190087630159844,-43.19519581115173,-40.98721306216926,-42.427028536918186,25.37472259936642,23.974451596028374
6127,C=C/C=C/OC,12116,O=c1[nH]c2c([nH]1)NON2,17935,[H]C1=C([H])C([H])(OC([H])([H])[H])C23N([H])ON([H])C2(N([H])C(=O)N3[H])C1([H])[H],0,0 3 3 4 14 0,5,14.3597477444991,7.696704838044363,14.486535196507392,14.83922667200656,8.013494346051155,22.852721018057714,0.0281437101707389,0.0464023538838934,0.032091106966432,0.0464023538838934,-43.09211149717999,0.0416748318953312,0.0752490751054824,0.0069003847309414,-37.32257088744589,-35.46638599213121,-40.28011985733035,21.05798652957159,21.854635834867302
6802,C=C/C=C/OC,12116,OCC1=Cc2ccccc21,18025,[H]OC([H])([H])C12c3c([H])c([H])c([H])c([H])c3C1([H])C([H])(OC([H])([H])[H])C([H])=C([H])C2([H])[H],1,0 3 2 3 14 1,0,15.089422579331364,10.553721884493946,17.146709609841377,14.85296137980647,7.309464310362856,22.162425690169325,0.0971767575955529,0.0431766037083228,0.0676117236481909,0.0431766037083228,-34.781410485328266,0.3400095596135697,0.04305637289265,0.3436576347304186,-33.811650984810726,-35.709962194939884,-36.500487863986535,22.9708926677516,22.80953602898766
6127,C=CC(=C)CCCO,12158,O=c1[nH]c2c([nH]1)NON2,17935,[H]OC([H])([H])C([H])([H])C([H])([H])C1=C([H])C([H])([H])C23N([H])ON([H])C2(N([H])C(=O)N3[H])C1([H])[H],0,0 3 3 4 20 0,5,15.699985760600912,8.076764765856307,15.49974285182448,14.703016127036106,8.183116091755792,22.8861322187919,0.0346106623471269,0.0369688679038198,0.0350460410431165,0.0369688679038198,-43.64180818726105,0.1396141595898222,0.0597892814905606,0.0034216561971761,-38.71664584477536,-43.627445740596016,-45.80029537962055,21.375171159498723,22.290662002856468
6804,C=CC(=C)CCCO,12158,OCC1=Cc2ccccc21,18025,[H]OC([H])([H])C([H])([H])C([H])([H])C1=C([H])C([H])([H])C2([H])c3c([H])c([H])c([H])c([H])c3C2(C([H])([H])O[H])C1([H])[H],1,0 3 3 2 20 1,2,15.531674946865062,9.63828601355248,18.57837956308761,15.464027961834478,6.234356785993558,21.69838474782804,0.0420194656973494,0.0255527090742523,0.0468545122066744,0.0255527090742523,-38.68750784885829,0.2418086311805898,0.0799376252142452,0.2629108766779959,-39.33114974709078,-43.63629002449042,-44.40857503815916,21.703294032863905,22.524253575936903
9381,C=CC(=C)CCCO,12158,C1=C[C@H]2C=C[C@@H]3CC=C1[C@H]23,13787,[H]OC([H])([H])C([H])([H])C([H])([H])C1=C([H])C([H])([H])C2([H])C3(C([H])=C([H])[C@@]4([H])C([H])=C([H])[C@]([H])(C2([H])[H])[C@]34[H])C1([H])[H],0,0 3 7 8 20 0,9,15.33815494608165,4.449211981769157,11.233559639610366,13.89494464970165,7.952361537718175,21.847306187419825,0.0049330526984859,0.006366022741027,0.0030285095704857,0.006366022741027,-29.12664952270084,0.1287636792300476,0.0454930557093903,0.1921202520280893,-29.457103317387443,-36.59076885669919,-33.60534835106097,23.20552508530163,23.20282712207144
10839,C=CC1=CC=CC1,12183,O=CC#CC(F)(F)F,17787,[H]C(=O)C1=C(C(F)(F)F)C2(C([H])=C([H])[H])C([H])=C([H])C1([H])C2([H])[H],1,2 5 3 2 15 1,3,11.937655450524325,12.779170561855258,18.119238798643245,15.498351843182595,6.545993931116364,22.04434577429896,3.200019765995572e-05,0.0251710213228948,0.0043490334416057,0.0251710213228948,-16.55519639463776,0.0017924353722564,0.0204014589257247,0.0158824440858828,-17.106061035025604,-17.989822452383834,-19.398725309295003,24.06831945687644,23.85113781103821
12255,C=CC1=CC=CC1,12183,O=c1[nH]c2c([nH]1)NON2,17935,[H]C1=C([H])C2(C([H])=C([H])[H])C([H])([H])C1([H])C13N([H])ON([H])C21N([H])C(=O)N3[H],0,2 5 3 4 15 0,11,11.692798345658188,6.321636572869673,14.256344458113404,15.138608176200677,5.366530672149949,20.505138848350622,0.0236893129268732,0.0435397285032994,0.0279263731992845,0.0435397285032994,-24.775980722384546,0.0480801022429818,0.0381513192165722,0.0024981182322493,-20.8389041440692,-21.359906472092256,-23.82933253291756,18.80004334125511,20.10627660595957
13608,C=CC1=CC=CC1,12183,OCC1=Cc2ccccc21,18025,[H]OC([H])([H])C12c3c([H])c([H])c([H])c([H])c3C1([H])C1([H])C([H])=C([H])C2(C([H])=C([H])[H])C1([H])[H],1,2 5 2 3 15 1,4,14.42065962292559,9.72722983724716,17.52411187472925,15.296403656808632,5.847497552551818,21.14390120936045,0.0201704293410117,0.0300854177118542,0.0545369369026706,0.0300854177118542,-15.995135470183868,0.0809075619036023,0.0279860912045373,0.112380211131488,-15.301878984508283,-20.095154231100835,-20.5700411245606,22.80818020741959,23.33218682551628
18509,C=CC1=CC=CC1,12183,C1=CC=C=c2ccccc2=1,13758,[H]C1=C=c2c([H])c([H])c([H])c([H])c2=C2C3([H])C([H])=C([H])C(C([H])=C([H])[H])(C12[H])C3([H])[H],0,2 5 2 3 15 0,21,17.636210912533222,7.928806449895551,17.810518991483555,15.303700269591156,5.46918345087898,20.772883720470137,0.0107675971913339,0.015210523533435,0.01327299593133,0.015210523533435,-12.433603612290767,0.0262589391391584,0.0061421610611065,0.0161153941081192,-12.236715887543037,-11.677426411324213,-9.033203103400233,23.657968405714065,23.00987179853216
12255,C=Cc1ccc(C)o1,12254,O=c1[nH]c2c([nH]1)NON2,17935,[H]C1=C([H])C2(C([H])([H])[H])OC1(C([H])=C([H])[H])C13N([H])ON([H])C21N([H])C(=O)N3[H],0,2 5 3 4 16 0,11,16.198840154565335,9.274177862014962,18.23423957034246,15.353847166543668,10.329703260218768,25.68355042676244,0.0103175689810726,0.0131469282624804,0.0143132326713185,0.0131469282624804,-9.653177194705428,0.0255631345912891,0.00339428357158,0.0022948813581313,-6.111941229704911,-6.789789667121092,-10.412076011976623,20.945268232214254,21.822294413634268
3075,C=NN=C,12278,O=c1[nH]c2c([nH]1)NON2,17935,[H]N1ON([H])C23N([H])C(=O)N([H])C12C([H])([H])N=NC3([H])[H],1,0 3 3 4 8 1,2,23.82165137359,8.012455655861658,13.940434450804716,14.540859994488091,17.928871474032597,32.46973146852069,0.0108011936644655,0.0365501142457049,0.0193347092610935,0.0365501142457049,-31.68219186196474,0.0090343229973968,0.0295088501300842,0.0034443929674984,-27.201171746917723,-31.574778658366213,-34.62648050998812,28.64284096773733,23.089232145751645
4732,C=NN=C,12278,C1=C[C@H]2C=C[C@@H]3CC=C1[C@H]23,13787,[H]C1=C([H])[C@@]2([H])C([H])=C([H])[C@]3([H])C([H])([H])C4([H])C1(C([H])([H])N=NC4([H])[H])[C@]23[H],0,0 3 7 8 8 0,5,26.101829870623053,3.284153106788425,13.095350223781017,14.723701522818535,17.16573002970814,31.88943155252668,0.0006397585340293,0.0078754135681285,0.0020092977456057,0.0078754135681285,-21.03288591764195,0.010430777491682,0.0108243781177831,0.0082712981740954,-21.941525875912127,-27.06797774528004,-24.58494654396788,29.385888507477887,22.52178483096538
215,CC(C)C1C=CC=C1,12331,FC(F)(F)C1=CC=C=CN1,16502,[H]C1=C2C([H])(C([H])=C(C(F)(F)F)N1[H])C1([H])C([H])=C([H])C2([H])C1([H])C([H])(C([H])([H])[H])C([H])([H])[H],0,4 7 6 7 20 0,3,14.60803483651514,7.432232860981447,16.19198884060952,15.360532514108304,4.423817573878733,19.78435008798704,0.03057834766609,0.010875883371204,0.0040356538472124,0.010875883371204,-26.953944219181714,0.0243694593799114,0.0173844718649656,0.014818877212522,-28.96163511234065,-30.150715630462933,-21.308269268480537,22.37633049204523,23.613362608372263
1860,CC(C)C1C=CC=C1,12331,Nc1nc2c([nH]1)NON2,17291,[H]C1=C([H])C2([H])C34N([H])ON([H])C3(N=C(N([H])[H])N4[H])C1([H])C2([H])C([H])(C([H])([H])[H])C([H])([H])[H],1,4 7 3 4 20 1,2,12.130943823571208,7.588181156293207,13.848057851202125,15.45813035646768,5.684167181708485,21.14229753817617,0.0348092136544609,0.0364902147614746,0.0108146515659715,0.0364902147614746,-22.853271394909093,0.0407687355507765,0.0295760882598664,0.0181287435171121,-24.160777398258546,-21.594240619173192,-21.12010866779152,21.91433038330464,23.51670997321729
2720,CC(C)C1C=CC=C1,12331,O=CC#CC(F)(F)F,17787,[H]C(=O)C1=C(C(F)(F)F)C2([H])C([H])=C([H])C1([H])C2([H])C([H])(C([H])([H])[H])C([H])([H])[H],1,4 7 2 3 20 1,0,10.569892334964472,12.492318276509812,17.687964407433846,15.522076847664923,6.353645124183334,21.875721971848257,0.0048389734144961,0.0015623881044684,0.0051766765531725,0.0015623881044684,-24.085399238076207,0.0041682244736015,0.0216351954229337,0.0014607589118392,-22.25945390612292,-21.628776695828364,-25.57617705922455,21.998704043978574,22.102358982691666
3075,CC(C)C1C=CC=C1,12331,O=c1[nH]c2c([nH]1)NON2,17935,[H]C1=C([H])C2([H])C34N([H])ON([H])C3(N([H])C(=O)N4[H])C1([H])C2([H])C([H])(C([H])([H])[H])C([H])([H])[H],1,4 7 3 4 20 1,2,9.277675631090274,6.449913080639089,12.117734050791675,15.12870133970853,5.040220299636872,20.1689216393454,0.0226204537973374,0.0160293542140522,0.0090546605387524,0.0160293542140522,-31.00855515727403,0.03213468318266,0.0280789527543567,0.0015240013188694,-28.517454311891065,-27.748718532155223,-29.22421528912647,17.547369291276517,18.84898558218437
3406,CC(C)C1C=CC=C1,12331,OC1=C(O)c2ccccc21,18015,[H]OC12c3c([H])c([H])c([H])c([H])c3C1(O[H])C1([H])C([H])=C([H])C2([H])C1([H])C([H])(C([H])([H])[H])C([H])([H])[H],1,4 7 1 2 20 1,0,12.382129989143994,12.249568884409156,15.298014947606998,15.454389615984867,8.93931342393177,24.39370303991664,0.0083611897167872,0.0042831429337599,0.0042300339609928,0.0042831429337599,-28.981011454802115,0.0620610586128512,0.0077463847906018,0.0129168256611877,-29.676782609310187,-28.10394670559844,-26.298384208910484,22.10530537539413,23.79289722237428
3421,CC(C)C1C=CC=C1,12331,OCC1=Cc2ccccc21,18025,[H]OC([H])([H])C12c3c([H])c([H])c([H])c([H])c3C1([H])C1([H])C([H])=C([H])C2([H])C1([H])C([H])(C([H])([H])[H])C([H])([H])[H],1,4 7 2 3 20 1,0,12.217619957420256,8.924001775608513,15.387541392617932,15.223764380216116,5.308030366760743,20.531794746976857,0.0109178135182936,0.0117797080216241,0.0374218476444788,0.0117797080216241,-21.11129808640724,0.087373651560285,0.010044517336317,0.0690747847747429,-20.279472746756326,-24.87665250759501,-26.24640680924912,20.05454539947293,21.26866484408537
3521,CC(C)C1C=CC=C1,12331,O[C@@H]1CC/C=C/CCC1,18100,[H]O[C@@]1([H])C([H])([H])C([H])([H])C([H])([H])C2([H])C3([H])C([H])=C([H])C([H])(C3([H])C([H])(C([H])([H])[H])C([H])([H])[H])C2([H])C([H])([H])C1([H])[H],0,4 7 6 5 20 0,1,14.39468027613947,1.8607621246815604,9.915580906401956,14.716470320102388,5.650092336208944,20.36656265631133,0.0644295550180293,0.0445537770295083,0.0135329220142778,0.0445537770295083,-16.88763695320214,0.2216362774996833,0.0211474627945202,0.0274391950195486,-16.86411922996156,-14.874543231410286,-13.8982607794811,22.189322933954674,22.12978539978874
4662,CC(C)C1C=CC=C1,12331,C1=CC=C=c2ccccc2=1,13758,[H]C1=C=c2c([H])c([H])c([H])c([H])c2=C2C1([H])C1([H])C([H])=C([H])C2([H])C1([H])C([H])(C([H])([H])[H])C([H])([H])[H],0,4 7 2 3 20 0,3,15.394063767338764,7.470900839925022,16.878366825200175,15.342535482836608,4.478125370745904,19.82066085358251,0.0078748960703919,0.0104817121128951,0.0178886512604685,0.0104817121128951,-19.37884224330233,0.0148287001770449,0.0042451774332336,0.0139041067715795,-18.30453625626474,-15.876401307282997,-14.798941572676108,21.55223085888204,20.909910276269272
4732,CC(C)C1C=CC=C1,12331,C1=C[C@H]2C=C[C@@H]3CC=C1[C@H]23,13787,[H]C1=C([H])C2([H])C([H])(C([H])(C([H])([H])[H])C([H])([H])[H])C1([H])C1([H])C23C([H])=C([H])[C@@]2([H])C([H])=C([H])[C@]([H])(C1([H])[H])[C@]32[H],0,4 7 7 8 20 0,5,13.21571236595494,4.076496729371332,10.079363930102176,14.89362350011664,6.125880219108359,21.019503719225,0.003731156988473,0.0110119006959174,0.001156136013107,0.0110119006959174,-15.813630353212616,0.0315546705191537,0.0060320276096114,0.0118299342143164,-15.740116544614018,-20.31628621945206,-17.876204727112956,23.05098331001784,23.28686369607943
2720,CC1(CO)C=CC=C1,12373,O=CC#CC(F)(F)F,17787,[H]OC([H])([H])C1(C([H])([H])[H])C2([H])C([H])=C([H])C1([H])C(C(F)(F)F)=C2C([H])=O,1,4 7 2 3 18 1,0,12.272199260278674,12.045536803585671,18.79499820228614,16.028375736386884,9.254805470945008,25.283181207331893,0.0053187771908651,0.0024756033253591,0.0032132427447672,0.0024756033253591,-19.86754883846701,0.0053326273975392,0.0170963781913372,0.0008245209517097,-18.78187133312965,-19.403027956431963,-23.052602549969848,23.09800192266968,23.575288631035704
3076,CC1(CO)C=CC=C1,12373,O=c1[nH]c2c([nH]1)NON2,17935,[H]OC([H])([H])C1(C([H])([H])[H])C2([H])C([H])=C([H])C1([H])C13N([H])ON([H])C21N([H])C(=O)N3[H],0,4 7 3 4 18 0,3,12.027431800160691,6.038309542926179,14.687926579211076,15.755070741651284,6.873536133168798,22.62860687482008,0.0249651655947072,0.0507788276985223,0.0044294806225331,0.0507788276985223,-27.5409251842782,0.0211488762498512,0.0574647624154628,0.0012642490117208,-21.18367566810236,-24.627926378077568,-25.60701751496491,18.98510561837908,20.658078326535623
3421,CC1(CO)C=CC=C1,12373,OCC1=Cc2ccccc21,18025,[H]OC([H])([H])C12c3c([H])c([H])c([H])c([H])c3C1([H])C1([H])C([H])=C([H])C2([H])C1(C([H])([H])[H])C([H])([H])O[H],1,4 7 2 3 18 1,0,14.201670181186204,8.974114964429123,17.019257628649477,15.732673705414037,7.065085054595258,22.79775876000929,0.0072960975903364,0.012512021483806,0.0312063568406863,0.012512021483806,-17.98789677039207,0.077477781301917,0.0202912543164909,0.1538107881229599,-17.574380490129712,-22.44916881196901,-23.19540321311224,21.449269285779632,22.86541544006245
4662,CC1(CO)C=CC=C1,12373,C1=CC=C=c2ccccc2=1,13758,[H]OC([H])([H])C1(C([H])([H])[H])C2([H])C([H])=C([H])C1([H])C1([H])C([H])=C=c3c([H])c([H])c([H])c([H])c3=C12,0,4 7 2 3 18 0,3,17.47189748067653,6.833205522830476,18.3552966024858,15.807322046069356,6.409733785126637,22.217055831195992,0.0057566411900661,0.0079310008274249,0.0175772764509468,0.0079310008274249,-16.22944123587508,0.0220311019233009,0.0052287156435056,0.0172891972503947,-16.110172862115128,-14.698997568344126,-12.509564009533769,22.285316389698423,21.867174050380846
3075,CC1=NN=C(C)C1,12410,O=c1[nH]c2c([nH]1)NON2,17935,[H]N1ON([H])C23N([H])C(=O)N([H])C12C1(C([H])([H])[H])N=NC3(C([H])([H])[H])C1([H])[H],1,1 4 3 4 15 1,2,15.7849773561166,6.960912258973997,16.72700258520209,16.150742127013736,8.746175501839186,24.89691762885292,0.0144770477347915,0.0074662635222984,0.0116979753112686,0.0074662635222984,-20.97744922756543,0.0162815562131668,0.0099846198322947,0.0008833868645069,-16.264988595869355,-17.822592912996207,-22.54628976000773,21.59637833354384,23.27133255037601
429,CCC1=CCC(C)=C1,12437,FC(F)(F)C1=CC=C=CN1,16502,[H]C1=C2C3([H])C(C([H])([H])C([H])([H])[H])=C([H])C(C([H])([H])[H])(C2([H])C([H])=C(C(F)(F)F)N1[H])C3([H])[H],0,5 3 6 7 20 0,5,15.287939285317329,7.929622046497434,19.26279147545644,15.651590409073949,4.04907234528083,19.70066275435478,0.0526647080035917,0.0328304305750164,0.0089955275066546,0.0328304305750164,-29.565501088858056,0.0253193479105769,0.0310402916628715,0.0226699427495994,-30.078745303987404,-32.06643294264919,-23.16792481868452,20.990439493900453,22.11992189047077
3713,CCC1=CCC(C)=C1,12437,Nc1nc2c([nH]1)NON2,17291,[H]C1=C(C([H])([H])C([H])([H])[H])C2([H])C([H])([H])C1(C([H])([H])[H])C13N=C(N([H])[H])N([H])C21N([H])ON3[H],1,5 3 3 4 20 1,4,13.336692349574424,8.224892295647043,15.429681976865355,15.564477046934552,5.87110309793705,21.4355801448716,0.1047542737704604,0.0923834478859619,0.0209987773450132,0.0923834478859619,-23.195592797415166,0.0719353760773322,0.1296870726182485,0.0251167983513184,-24.57260405533423,-21.71138960038764,-21.348856152692285,22.051613396162537,23.3700981821206
5419,CCC1=CCC(C)=C1,12437,O=CC#CC(F)(F)F,17787,[H]C(=O)C1=C(C(F)(F)F)C2(C([H])([H])[H])C([H])=C(C([H])([H])C([H])([H])[H])C1([H])C2([H])[H],1,5 3 3 2 20 1,1,10.224994737038545,13.713369570871931,20.620717861856324,15.81580032544861,4.651576274001879,20.46737659945049,2.2317474220041985e-05,0.0288829948060714,0.0040902275569126,0.0288829948060714,-22.154162555821948,0.0003100210514645,0.034218151014469,0.0174157319811572,-21.369353891015777,-23.25784203197089,-25.687524449269453,20.93282428489508,20.654881682388552
6126,CCC1=CCC(C)=C1,12437,O=c1[nH]c2c([nH]1)NON2,17935,[H]C1=C(C([H])([H])C([H])([H])[H])C2([H])C([H])([H])C1(C([H])([H])[H])C13N([H])ON([H])C21N([H])C(=O)N3[H],1,5 3 3 4 20 1,4,10.986454589000193,7.09430215673954,14.297864259783267,15.233116977340911,5.422610256051261,20.655727233392174,0.0335735682797598,0.0537557133734949,0.0341601699946879,0.0537557133734949,-30.775722341136,0.0331122569441694,0.066925247607384,0.0021858290706126,-27.439196386988183,-27.254652793478577,-29.24796609802553,17.490783890538744,18.73357924814023
6780,CCC1=CCC(C)=C1,12437,OC1=C(O)c2ccccc21,18015,[H]OC12c3c([H])c([H])c([H])c([H])c3C1(O[H])C1(C([H])([H])[H])C([H])=C(C([H])([H])C([H])([H])[H])C2([H])C1([H])[H],1,5 3 1 2 20 1,0,13.170498859791651,12.69964162519063,17.933314373794108,15.590875289554573,7.5806422145233725,23.171517504077944,0.0109835445835001,0.0198919969746965,0.0175829265546789,0.0198919969746965,-28.86673748236103,0.0480466923555311,0.0278753621937921,0.0217798700214062,-29.689011997889068,-28.2416472999381,-25.748864830493112,21.673437669360325,23.370164838460745
6802,CCC1=CCC(C)=C1,12437,OCC1=Cc2ccccc21,18025,[H]OC([H])([H])C12c3c([H])c([H])c([H])c([H])c3C1([H])C1([H])C(C([H])([H])C([H])([H])[H])=C([H])C2(C([H])([H])[H])C1([H])[H],1,5 3 2 3 20 1,0,12.731080324728344,9.597378174598486,17.76628540845071,15.42845490505976,4.266026313537342,19.6944812185971,0.0106538628824521,0.0428566386600264,0.060468416707788,0.0428566386600264,-21.19606314209782,0.0973136061079114,0.0288127016540401,0.1392331997950785,-20.042119148059747,-25.282435444762434,-26.138020111348368,19.54875564073179,20.68626941685253
7000,CCC1=CCC(C)=C1,12437,O[C@@H]1CC/C=C/CCC1,18100,[H]O[C@@]1([H])C([H])([H])C([H])([H])C([H])([H])C2([H])C3(C([H])([H])[H])C([H])=C(C([H])([H])C([H])([H])[H])C([H])(C3([H])[H])C2([H])C([H])([H])C1([H])[H],1,5 3 5 6 20 1,2,15.063008142682476,2.1983870666718364,12.118519896023614,14.853736978041578,4.997486677687984,19.85122365572956,0.0822264925656303,0.108085042199213,0.0478226983106402,0.108085042199213,-16.36337645341358,0.3328113361575249,0.0492758172498552,0.0427794913241731,-16.10137047858705,-16.930464342830902,-15.032010088445992,21.31834317439084,21.65674044962148
9249,CCC1=CCC(C)=C1,12437,C1=CC=C=c2ccccc2=1,13758,[H]C1=C=c2c([H])c([H])c([H])c([H])c2=C2C3([H])C(C([H])([H])C([H])([H])[H])=C([H])C(C([H])([H])[H])(C12[H])C3([H])[H],0,5 3 2 3 20 0,5,16.774247677223883,8.325190493881621,21.1009489213824,15.620906556198424,3.816182411546599,19.437088967745023,0.006485000201304,0.0263474489047234,0.0274988176240198,0.0263474489047234,-19.13757125830579,0.0120228336189648,0.0051440027954057,0.0123503655345902,-17.60803540656555,-16.534948018536525,-14.343394840376313,21.18957656171409,19.90911811759952
9381,CCC1=CCC(C)=C1,12437,C1=C[C@H]2C=C[C@@H]3CC=C1[C@H]23,13787,[H]C1=C(C([H])([H])C([H])([H])[H])C2([H])C([H])([H])C1(C([H])([H])[H])C1([H])C23C([H])=C([H])[C@@]2([H])C([H])=C([H])[C@]([H])(C1([H])[H])[C@]32[H],0,5 3 7 8 20 0,9,14.148359977579728,4.577287363916941,13.038364850558803,14.918157078558933,5.489956706277301,20.40811378483623,0.0030465875185595,0.021608900603327,0.0021147448560183,0.021608900603327,-15.08645182976273,0.0312301418484519,0.0113495647207285,0.0119109792150758,-14.832844272650938,-20.187856436339068,-17.515166671405055,22.46987054755872,22.97313231873968
429,CNc1cnco1,12571,FC(F)(F)C1=CC=C=CN1,16502,[H]C1=NC2([H])OC1(N([H])C([H])([H])[H])C1([H])C([H])=C(C(F)(F)F)N([H])C([H])=C21,0,2 5 6 7 13 0,5,17.967482851058705,8.853259786395625,22.54845096927793,15.63564006131747,2.1497745330643205,17.78541459438179,0.0241594862950448,0.0097246861868082,0.0028623625513657,0.0097246861868082,-15.293719192798108,0.0050677251206189,0.0186585772681014,0.0093691703911059,-16.752936274567993,-18.32821344394113,-12.05026020215842,22.0663156677338,23.891790025439512
5419,CNc1cnco1,12571,O=CC#CC(F)(F)F,17787,[H]C(=O)C1=C(C(F)(F)F)C2(N([H])C([H])([H])[H])OC1([H])N=C2[H],1,2 5 3 2 13 1,1,14.474430148982645,14.84195642787253,21.870641328907823,15.54951661829993,8.937350837923738,24.486867456223667,8.645592474970598e-05,0.0081039221867221,0.0029199986376041,0.0081039221867221,-4.551612360556469,0.001717194797219,0.0038787881968829,0.0126466457212614,-4.424831778942277,-4.544490643967542,-8.462571572055978,23.445765731771527,22.931559796226693
6127,CNc1cnco1,12571,O=c1[nH]c2c([nH]1)NON2,17935,[H]C1=NC2([H])OC1(N([H])C([H])([H])[H])C13N([H])ON([H])C21N([H])C(=O)N3[H],0,2 5 3 4 13 0,5,14.838592209120138,7.967536891778105,18.0757183806638,15.496714716582114,7.37992564413592,22.876640360718035,0.0129885637789187,0.0076689601208368,0.0409754966377034,0.0076689601208368,-11.42252917064348,0.0210848168190386,0.013943649193408,0.0023924138722543,-8.605262865994568,-9.956774075459188,-16.289168351178503,18.686503802115386,19.91415282484029
6804,CNc1cnco1,12571,OCC1=Cc2ccccc21,18025,[H]OC([H])([H])C12c3c([H])c([H])c([H])c([H])c3C1([H])C1(N([H])C([H])([H])[H])OC2([H])N=C1[H],1,2 5 3 2 13 1,2,16.17928363851691,12.157640209989395,20.80498609431812,15.34196133272131,7.213608451466797,22.55556978418811,0.1028088884004935,0.008064521215835,0.0344133465990439,0.008064521215835,-7.982641171959493,0.1517968928690454,0.0069689224381032,0.1932527213294615,-8.97491158934541,-10.794889333247568,-13.5006546886519,21.96839472564222,23.29307846346479
7000,CNc1cnco1,12571,O[C@@H]1CC/C=C/CCC1,18100,[H]O[C@@]1([H])C([H])([H])C([H])([H])C([H])([H])C2([H])C3(N([H])C([H])([H])[H])OC([H])(N=C3[H])C2([H])C([H])([H])C1([H])[H],1,2 5 5 6 13 1,2,18.33391770251524,4.659083305012455,16.415365399080223,15.115250007931422,6.358992337933131,21.47424234586456,0.0436831701453583,0.0691330649713419,0.0442157996945694,0.0691330649713419,-5.995185251275188,0.0512136716619647,0.0552604167176991,0.030427127076505,-6.81328691652184,-5.338057643385508,-5.673505335394449,22.23528840779205,22.28949045991952
9382,CNc1cnco1,12571,C1=C[C@H]2C=C[C@@H]3CC=C1[C@H]23,13787,[H]C1=NC2([H])OC1(N([H])C([H])([H])[H])C13C([H])=C([H])[C@@]4([H])C([H])=C([H])[C@]([H])(C([H])([H])C21[H])[C@]34[H],1,2 5 8 7 13 1,10,17.888669586245356,7.516675212653147,16.704710656073114,15.160446679758046,9.280247345171148,24.4406940249292,8.614289318139105e-05,0.0003978089096676,0.0044967721761915,0.0003978089096676,-3.1356628118517165,0.0007504173649888,0.0050716117944186,0.0050118477852946,-3.965317041571524,-3.2827468882353656,-6.294648287092333,23.231291287133736,23.21829420404591
429,CNc1cocn1,12574,FC(F)(F)C1=CC=C=CN1,16502,[H]C1=C2C3([H])OC([H])(N=C3N([H])C([H])([H])[H])C2([H])C([H])=C(C(F)(F)F)N1[H],0,5 3 6 7 13 0,5,15.069783766857856,7.428738658691243,22.06891770284621,15.6098003571768,2.248487842871821,17.85828820004862,0.0470013019035936,0.0067343813327243,0.0089892857469388,0.0067343813327243,-22.247316849236945,0.0296280744156478,0.0625871416332971,0.0201651896086699,-21.335347678977776,-25.10598597109687,-25.56043670223428,18.7392377900054,19.905759016048805
888,CNc1cocn1,12574,N#CC(F)(F)C(F)=C(F)F,16603,[H]N(C1=NC2([H])OC1([H])C(F)(F)C2(F)C(F)(F)C#N)C([H])([H])[H],1,5 3 5 7 13 1,0,15.924284082635776,17.36320540902571,22.825226903160228,14.797024419043254,11.228181020827346,26.0252054398706,0.0073917010158432,0.0083541257644833,0.0186017519101767,0.0083541257644833,-8.273389525112322,0.0203636547394444,0.0115596130895603,0.0229257070344436,-6.861155094033315,-10.04589547047705,-9.189287631518674,24.996429121549504,23.17696483520432
2056,CNc1cocn1,12574,NC(=O)C#CC(N)=O,16803,[H]N([H])C(=O)C1=C(C(=O)N([H])[H])C2([H])OC1([H])N=C2N([H])C([H])([H])[H],1,5 3 3 4 13 1,0,14.557538544972603,12.489794862460434,19.43064618840113,15.47260260290918,9.23978754941816,24.712390152327337,0.2336956582533552,0.0165402185327081,0.040690730950888,0.0165402185327081,-10.395392337994425,0.2386640918346942,0.0355905596728512,0.0940460260139456,-9.185414135201412,-9.296015166676112,-10.545773092647693,22.03742880991651,23.4016791680209
3713,CNc1cocn1,12574,Nc1nc2c([nH]1)NON2,17291,[H]N([H])C1=NC23N([H])ON([H])C2(N1[H])C1([H])OC3([H])N=C1N([H])C([H])([H])[H],1,5 3 3 4 13 1,4,15.670026551591384,9.35060354897109,18.621837957434327,15.446298049581529,5.393757455953864,20.84005550553539,0.0937677168951812,0.0507080493181628,0.0611706533513324,0.0507080493181628,-13.832865326082974,0.1239262483091755,0.0641969745175615,0.0921058805386166,-14.79220944238854,-14.681421625590367,-14.571989726692486,20.97969240075121,22.20702595112116
5419,CNc1cocn1,12574,O=CC#CC(F)(F)F,17787,[H]C(=O)C1=C(C(F)(F)F)C2([H])N=C(N([H])C([H])([H])[H])C1([H])O2,1,5 3 3 2 13 1,1,13.048534715551185,12.979586779605572,21.38297175116865,15.363007778803702,6.068275244375684,21.431283023179382,2.033408069299719e-05,0.0074401004192225,0.011392951190392,0.0074401004192225,-10.282921136814489,0.0026771223570646,0.016422910591437,0.0536415103040524,-9.516055774012251,-11.093295688981186,-12.523260081110712,20.49322535096224,19.56223886530823
6126,CNc1cocn1,12574,O=c1[nH]c2c([nH]1)NON2,17935,[H]N(C1=NC2([H])OC1([H])C13N([H])ON([H])C21N([H])C(=O)N3[H])C([H])([H])[H],1,5 3 3 4 13 1,4,13.460026541155443,7.484609309251049,17.855590373043977,15.01037000701586,5.572557506648945,20.582927513664806,0.0339170182404918,0.0282217477439103,0.0545578096936945,0.0282217477439103,-19.052348309966675,0.033167313368864,0.0319822375198199,0.0064761352859587,-14.52956131738457,-18.83313093717972,-22.60371399573077,17.541371775971047,18.425827867855325
6780,CNc1cocn1,12574,OC1=C(O)c2ccccc21,18015,[H]OC12c3c([H])c([H])c([H])c([H])c3C1(O[H])C1([H])OC2([H])N=C1N([H])C([H])([H])[H],1,5 3 1 2 13 1,0,15.599241186761882,12.929773366750746,20.614091778343628,15.642217485906608,6.573509845094943,22.21572733100156,0.0358200385387577,0.0116472374025606,0.0382261367512553,0.0116472374025606,-18.332903953102075,0.0664722569118094,0.01957320131994,0.0724804077412142,-19.21902172086847,-19.15734798294087,-17.042717395178002,21.897879048990685,23.33110977383689
6804,CNc1cocn1,12574,OCC1=Cc2ccccc21,18025,[H]OC([H])([H])C12c3c([H])c([H])c([H])c([H])c3C1([H])C1([H])N=C(N([H])C([H])([H])[H])C2([H])O1,1,5 3 3 2 13 1,2,14.063860665475149,10.053429033239166,20.031463158510952,15.184156509790844,4.011610553990948,19.1957670637818,0.1127896739184117,0.008150427342853,0.0349105564727545,0.008150427342853,-15.65571540987856,0.3834431280681872,0.0115787355543951,0.2219572682091953,-14.55773583563836,-17.835902667768934,-18.54226597028778,19.194284016489583,19.66484578619572
7000,CNc1cocn1,12574,O[C@@H]1CC/C=C/CCC1,18100,[H]O[C@@]1([H])C([H])([H])C([H])([H])C([H])([H])C2([H])C3([H])N=C(N([H])C([H])([H])[H])C([H])(O3)C2([H])C([H])([H])C1([H])[H],1,5 3 5 6 13 1,2,17.057532653871203,3.2489781474573274,16.057314720153144,14.863612401920538,5.061208296885695,19.92482069880624,0.0392856151919071,0.1136626150074881,0.0612578755891593,0.1136626150074881,-12.93125723174682,0.1704345464703473,0.0454421981700482,0.0536481338630727,-11.347950059940452,-11.3344197389252,-10.5427959976087,20.873419477474545,21.24281782228488
9249,CNc1cocn1,12574,C1=CC=C=c2ccccc2=1,13758,[H]C1=C=c2c([H])c([H])c([H])c([H])c2=C2C3([H])OC([H])(N=C3N([H])C([H])([H])[H])C12[H],0,5 3 2 3 13 0,5,18.805669430385727,8.817632407239532,21.972804537469727,15.471613729447723,6.231919940416944,21.70353366986467,0.0082062404875889,0.0056363537485327,0.0122176093655613,0.0056363537485327,-9.825807267375277,0.0133089624010691,0.005536341504112,0.0199561524896312,-8.891803787713428,-7.905550896898234,-6.688083831085162,22.67165946631217,21.409236760799747
9381,CNc1cocn1,12574,C1=C[C@H]2C=C[C@@H]3CC=C1[C@H]23,13787,[H]C1=C([H])[C@@]2([H])C([H])=C([H])[C@]3([H])C([H])([H])C4([H])C5([H])N=C(N([H])C([H])([H])[H])C([H])(O5)C14[C@]23[H],0,5 3 7 8 13 0,9,16.349072792976933,5.624083026538241,15.305585705175416,14.730019123677373,7.8352491576101,22.56526828128748,0.0038799425803862,0.0108151042201576,0.0032619242247516,0.0108151042201576,-8.26217497632733,0.0549010947685884,0.0074857182335222,0.0193319284491579,-7.412098842004752,-12.279597280054505,-10.592211698607564,22.24135980423337,22.408150741601663
5419,COC1=CC=CCC1,12610,O=CC#CC(F)(F)F,17787,[H]C(=O)C1=C(C(F)(F)F)C2(OC([H])([H])[H])C([H])=C([H])C1([H])C([H])([H])C2([H])[H],1,2 5 3 2 18 1,1,12.756914986332175,14.330039270007036,20.13593526157027,15.406906855817098,6.685328551343407,22.092235407160505,0.0001044913853698,0.0258576842953007,0.0053183177385909,0.0258576842953007,-30.27184175614417,0.0015902016919936,0.0395277215312152,0.0120106096912162,-30.964165874196745,-29.454452276217268,-31.06684565545644,23.75911118847337,23.0241249556272
6126,COC1=CC=CCC1,12610,O=c1[nH]c2c([nH]1)NON2,17935,[H]C1=C([H])C2(OC([H])([H])[H])C([H])([H])C([H])([H])C1([H])C13N([H])ON([H])C21N([H])C(=O)N3[H],1,2 5 3 4 18 1,4,14.006533653130976,8.36834586368541,15.602670755966026,15.133532991928265,7.797044789914306,22.93057778184257,0.0777219901855888,0.0191049877062959,0.0080999600418878,0.0191049877062959,-30.598261420442284,0.0440409525441859,0.038579562849087,0.0009688243508937,-26.69910223778062,-28.33089687146196,-31.803057975444133,20.897378024995074,21.60518498183128
9249,COC1=CC=CCC1,12610,C1=CC=C=c2ccccc2=1,13758,[H]C1=C=c2c([H])c([H])c([H])c([H])c2=C2C3([H])C([H])=C([H])C(OC([H])([H])[H])(C12[H])C([H])([H])C3([H])[H],0,2 5 2 3 18 0,5,21.065297414577586,8.066770039828,20.883115671389863,15.180529966470353,8.804732121711197,23.98526208818155,0.0230641776930501,0.0144325924703063,0.0298386441735326,0.0144325924703063,-21.32968898056766,0.0413018441777412,0.0091458477714127,0.0329870684762035,-20.66903282011168,-19.0539180912802,-17.877275435813928,24.625793897954,23.05905979593024
5419,COc1ccco1,12640,O=CC#CC(F)(F)F,17787,[H]C(=O)C1=C(C(F)(F)F)C2(OC([H])([H])[H])OC1([H])C([H])=C2[H],1,2 5 3 2 13 1,1,15.408069576894222,15.473403557255947,22.063575072069323,15.832099339795375,8.41439136630921,24.246490706104588,0.0002494859468977,0.0078875363781373,0.0005413918039394,0.0078875363781373,-5.7394351734570535,0.0009350663736136,0.0011997155584046,0.0061704710627553,-4.553481547963294,-5.072699888524188,-6.4890806853241045,24.04842679333036,22.246852651713173
6127,COc1ccco1,12640,O=c1[nH]c2c([nH]1)NON2,17935,[H]C1=C([H])C2(OC([H])([H])[H])OC1([H])C13N([H])ON([H])C21N([H])C(=O)N3[H],0,2 5 3 4 13 0,5,15.711015966205284,8.789898973309754,17.11291225155978,15.397832744296268,8.127596301550053,23.52542904584632,0.0131107929185256,0.0237193571404643,0.0092713561738282,0.0237193571404643,-15.225572598120202,0.0191926142341735,0.0087772492761296,0.002689502968472,-12.57282726629102,-11.518844688433797,-14.412409922680688,21.626236003770032,22.57235694937688
5419,COc1ccoc1,12645,O=CC#CC(F)(F)F,17787,[H]C(=O)C1=C(C(F)(F)F)C2([H])OC1([H])C([H])=C2OC([H])([H])[H],1,6 4 3 2 13 1,1,13.90503887848326,13.801184143703017,19.89620280123489,15.100540128967944,9.085981543458931,24.18652167242688,7.200840517671448e-05,0.0053538752482603,0.0052683386567062,0.0053538752482603,-8.390656633486053,0.0064164416062579,0.0012560047006216,0.0085038621862853,-7.454078129253268,-8.31626618855357,-9.149267231224734,22.9580825377762,22.33533508793932
6127,COc1ccoc1,12645,O=c1[nH]c2c([nH]1)NON2,17935,[H]C1=C(OC([H])([H])[H])C2([H])OC1([H])C13N([H])ON([H])C21N([H])C(=O)N3[H],0,6 4 3 4 13 0,5,13.943442229309976,7.337809620483405,16.207577133080246,14.893297390982116,7.354853309972189,22.248150700954305,0.0127858677135901,0.0148641759402126,0.0200965644363487,0.0148641759402126,-19.67608123343257,0.0331814183054908,0.005280810318736,0.0016351781299602,-14.56554318844335,-14.859436887184714,-17.22091462123001,19.422074505951272,20.34233687342516
6804,COc1ccoc1,12645,OCC1=Cc2ccccc21,18025,[H]OC([H])([H])C12c3c([H])c([H])c([H])c([H])c3C1([H])C1([H])OC2([H])C([H])=C1OC([H])([H])[H],1,6 4 3 2 13 1,2,14.61004501397714,11.102987251717115,18.13159731931917,14.775510151612316,7.7630462599200065,22.538556411532323,0.1372677026267883,0.0040852081170303,0.0356131215173882,0.0040852081170303,-10.304251188305678,0.4849110272312695,0.0022521023379252,0.0996570606852436,-10.971935655919602,-13.641764790980504,-14.203459104175067,22.199212669287,22.24533692075053
7000,COc1ccoc1,12645,O[C@@H]1CC/C=C/CCC1,18100,[H]O[C@@]1([H])C([H])([H])C([H])([H])C([H])([H])C2([H])C3([H])OC([H])(C([H])=C3OC([H])([H])[H])C2([H])C([H])([H])C1([H])[H],1,6 4 5 6 13 1,2,17.246715223751636,4.67192096301091,13.82069454640319,14.465402312406844,8.664888483287573,23.130290795694417,0.0853455309265852,0.0982535901712048,0.0337769212718836,0.0982535901712048,-7.874312415342274,0.1105534343657861,0.0100826306251053,0.0108616621125315,-7.377673859757053,-7.6228681950184765,-5.817550121637634,23.663495785636755,23.50902003116132
429,COc1cnc(C)o1,12646,FC(F)(F)C1=CC=C=CN1,16502,[H]C1=NC2(C([H])([H])[H])OC1(OC([H])([H])[H])C1([H])C([H])=C(C(F)(F)F)N([H])C([H])=C21,0,2 5 6 7 15 0,5,18.62626612537546,8.764862380507044,23.05005133588638,15.53801659210869,3.8090562259201057,19.3470728180288,0.0179412177093146,0.0030405498556655,0.0132303763360526,0.0030405498556655,-16.25735548709042,0.0050095648479979,0.0119511413041451,0.0123401438892471,-18.0317101124094,-18.66304702650972,-11.964616206258178,22.12558235519188,23.463355505494164
6126,COc1cnc(C)o1,12646,O=c1[nH]c2c([nH]1)NON2,17935,[H]C1=NC2(C([H])([H])[H])OC1(OC([H])([H])[H])C13N([H])ON([H])C21N([H])C(=O)N3[H],1,2 5 3 4 15 1,4,15.066154207848788,8.195668805553332,17.008777074142703,15.34137996572866,8.58493938259354,23.9263193483222,0.0132960285136319,0.0067023053482437,0.0180380646777719,0.0067023053482437,-13.838943964222253,0.0107710824915304,0.0087611475742855,0.0013183686821781,-11.773293486150472,-11.329661797159446,-15.021475192984276,18.726685747610134,19.00188506172925
6802,COc1cnc(C)o1,12646,OCC1=Cc2ccccc21,18025,[H]OC([H])([H])C12c3c([H])c([H])c([H])c([H])c3C1([H])C1(C([H])([H])[H])N=C([H])C2(OC([H])([H])[H])O1,1,2 5 2 3 15 1,0,17.86647972581819,11.919906779361908,22.05409578290559,15.470392940270614,7.69537526763931,23.165768207909924,0.0102950173264562,0.0040686941979416,0.1651878351689446,0.0040686941979416,-7.210671726883156,0.0282971649566291,0.0098584549102168,0.0922960780893098,-7.277052819649718,-9.656903843037334,-9.556697423452832,23.786239983392548,23.907641971080736
5418,C[C@H]1C=CC=CC1,12691,O=CC#CC(F)(F)F,17787,[H]C(=O)C1=C(C(F)(F)F)C2([H])C([H])=C([H])C1([H])[C@]([H])(C([H])([H])[H])C2([H])[H],1,2 5 2 3 17 1,0,14.069350037628992,13.157920450759011,18.801801605729302,15.4444086260374,8.32570382317861,23.770112449216008,0.0021946963361445,0.0017747098163172,0.0067822227779006,0.0017747098163172,-34.683969153341195,0.0014665368495044,0.0309306928581853,0.0010294592312241,-33.76159959661183,-33.63973362932481,-34.39242790064999,25.003569275331,23.720475009999333
6127,C[C@H]1C=CC=CC1,12691,O=c1[nH]c2c([nH]1)NON2,17935,[H]C1=C([H])C2([H])C34N([H])ON([H])C3(N([H])C(=O)N4[H])C1([H])C([H])([H])[C@@]2([H])C([H])([H])[H],0,2 5 3 4 17 0,5,13.475975059612322,7.090255693281405,13.821883458680276,15.058462831358206,8.01090521470651,23.06936804606472,0.0463654302329396,0.0462648127831218,0.0075361076612875,0.0462648127831218,-36.39403476723695,0.0320134584216633,0.034178714756608,0.0035632258906382,-32.268289469706225,-32.445668891702546,-36.25670482283649,20.012804440882284,21.46380239384206
6804,C[C@H]1C=CC=CC1,12691,OCC1=Cc2ccccc21,18025,[H]OC([H])([H])C12c3c([H])c([H])c([H])c([H])c3C1([H])C1([H])C([H])=C([H])C2([H])C([H])([H])[C@@]1([H])C([H])([H])[H],1,2 5 3 2 17 1,2,15.30336514968578,10.089401780077123,16.51031630427584,15.171833189555676,8.534498542836019,23.706331732391696,0.0255360025461874,0.0244984322587632,0.0328344065738766,0.0244984322587632,-27.720057582570654,0.1116547770033043,0.0198503423163867,0.2168064430988611,-29.81908765284301,-32.06593060212602,-34.36870136887253,23.72419629643132,23.687612265719352
9249,C[C@H]1C=CC=CC1,12691,C1=CC=C=c2ccccc2=1,13758,[H]C1=C=c2c([H])c([H])c([H])c([H])c2=C2C3([H])C([H])=C([H])C([H])(C12[H])[C@]([H])(C([H])([H])[H])C3([H])[H],0,2 5 2 3 17 0,5,19.79037885929769,6.834083051827742,18.1841917766086,15.211448681202024,8.845241867767584,24.056690548969605,0.0091737029331235,0.0200508726269517,0.0609190085399713,0.0200508726269517,-27.19483760954833,0.0066038796541881,0.0093488950528465,0.0528192112893205,-25.918551964179635,-23.705577854978863,-20.667726516593383,24.423749086167668,22.854331137330057
865,Cc1coc(C=O)n1,12827,FC(F)(F)C1=CC=C=CN1,16502,[H]C(=O)C12N=C(C([H])([H])[H])C([H])(O1)C1=C([H])N([H])C(C(F)(F)F)=C([H])C12[H],0,4 2 6 7 13 0,17,15.058405296874083,7.981309673914815,21.953646695320973,15.61544645718384,3.3357608349604213,18.95120729214426,0.0278199716441501,0.0133674011141741,0.0085428096041709,0.0133674011141741,-16.165866962177063,0.029374154800298,0.0657099535330851,0.0166455918783823,-14.840554319900953,-17.752923041878482,-21.64226565051812,18.81254240239357,19.053278421619503
7430,Cc1coc(C=O)n1,12827,Nc1nc2c([nH]1)NON2,17291,[H]C(=O)C12N=C(C([H])([H])[H])C([H])(O1)C13N([H])ON([H])C21N=C(N([H])[H])N3[H],1,4 2 3 4 13 1,12,17.307820132287226,9.42388054521303,20.727608525183616,15.543129576492865,6.849986691163139,22.393116267656,0.0605372718412603,0.0550299797662441,0.061119009540452,0.0550299797662441,-6.2638674955091815,0.0635986629449688,0.0975056486456957,0.0787145280886822,-9.651840060956566,-8.35273159744775,-9.763281151999152,21.401877547203657,20.50517390688114
12255,Cc1coc(C=O)n1,12827,O=c1[nH]c2c([nH]1)NON2,17935,[H]C(=O)C12N=C(C([H])([H])[H])C([H])(O1)C13N([H])ON([H])C21N([H])C(=O)N3[H],0,4 2 3 4 13 0,11,14.87773339429435,8.088069332326782,19.762625915492634,15.149457750622654,6.833770599780717,21.983228350403373,0.0408745334970654,0.0149822853942741,0.040246331596303,0.0149822853942741,-11.400095840784289,0.0310175365757384,0.0274771409723612,0.0045553351510339,-9.055411447923952,-10.832901694858982,-14.398029163180972,18.507218135712705,18.025118160324123
13562,Cc1coc(C=O)n1,12827,OC1=C(O)c2ccccc21,18015,[H]OC12c3c([H])c([H])c([H])c([H])c3C1(O[H])C1(C([H])=O)N=C(C([H])([H])[H])C2([H])O1,1,4 2 1 2 13 1,2,16.883405773372,13.341778089717057,21.93553517072803,15.681108663096888,7.106198343733162,22.787307006830048,0.02457344179761,0.0120473837749771,0.0172727670289761,0.0120473837749771,-12.833250916469453,0.0444841686352088,0.0297072502509249,0.0451742691001208,-15.1768982832862,-14.587742838449998,-12.488080421714798,21.97008867448904,22.478370521132348
13610,Cc1coc(C=O)n1,12827,OCC1=Cc2ccccc21,18025,[H]OC([H])([H])C12c3c([H])c([H])c([H])c([H])c3C1([H])C1(C([H])=O)N=C(C([H])([H])[H])C2([H])O1,1,4 2 3 2 13 1,6,14.938162778451728,11.052278535846362,21.02737947689432,15.134684502040972,5.076282697012189,20.21096719905316,0.1934379295595802,0.0082595988162624,0.0286376614505572,0.0082595988162624,-8.489206683344058,0.3509836434491552,0.0252712104853846,0.2751917467819557,-10.535675338395642,-13.446867447206962,-14.600039758522676,20.20831965304564,19.313965870825065
14002,Cc1coc(C=O)n1,12827,O[C@@H]1CC/C=C/CCC1,18100,[H]O[C@@]1([H])C([H])([H])C([H])([H])C([H])([H])C2([H])C3(C([H])=O)N=C(C([H])([H])[H])C([H])(O3)C2([H])C([H])([H])C1([H])[H],1,4 2 5 6 13 1,6,18.67499521242025,4.03768494662962,18.366235824959823,15.07154235364987,5.533697007264617,20.60523936091449,0.0536922907834102,0.0479967024461942,0.0352599167822349,0.0479967024461942,-6.357855775240715,0.1019609912393591,0.0719611145587189,0.0556077531025727,-6.700686520137964,-6.303145817734418,-6.0886430138672765,22.901393762452766,21.94490857877273
18766,Cc1coc(C=O)n1,12827,C1=C[C@H]2C=C[C@@H]3CC=C1[C@H]23,13787,[H]C(=O)C12N=C(C([H])([H])[H])C([H])(O1)C1([H])C23C([H])=C([H])[C@@]2([H])C([H])=C([H])[C@]([H])(C1([H])[H])[C@]32[H],1,4 2 8 7 13 1,22,17.996174312430014,6.579266793926655,17.076974524001884,14.810672027877509,7.60136142603843,22.41203345391594,3.5816637651510346e-05,0.0002256384374631,0.0036725907126678,0.0002256384374631,-4.423208373430789,0.0054483466569158,0.0057670674772446,0.0129956415860363,-6.663801628898213,-5.67854212444168,-6.550194809452009,22.542547092764963,20.89504402017551
429,Cc1coc(O)c1,12830,FC(F)(F)C1=CC=C=CN1,16502,[H]OC12OC([H])(C(C([H])([H])[H])=C1[H])C1=C([H])N([H])C(C(F)(F)F)=C([H])C12[H],0,4 2 6 7 13 0,5,17.520528730706683,9.020274982608855,24.096427432431504,15.772677765430114,3.1370861849477656,18.90976395037788,0.0326087954500768,0.0173366549178781,0.0018126827257762,0.0173366549178781,-20.85794450218553,0.0146578979375923,0.0096190357394469,0.0122475162687309,-20.50776908474625,-21.918826311331607,-17.33006121771924,20.858681446339435,22.483972370195147
5419,Cc1coc(O)c1,12830,O=CC#CC(F)(F)F,17787,[H]OC12OC([H])(C(C([H])=O)=C1C(F)(F)F)C(C([H])([H])[H])=C2[H],1,4 2 3 2 13 1,1,13.76148042569935,14.989966531070182,24.286144334267085,15.794033783404029,7.08331352575015,22.87734730915417,4.135607811249193e-05,0.0168485814014432,0.0016922910254832,0.0168485814014432,-6.539812208936048,0.0010721464728037,0.0022453158463037,0.0054135302794887,-6.651889704217588,-8.543922379433667,-12.825430902173755,20.45802477956824,20.84818544076124
6127,Cc1coc(O)c1,12830,O=c1[nH]c2c([nH]1)NON2,17935,[H]OC12OC([H])(C(C([H])([H])[H])=C1[H])C13N([H])ON([H])C21N([H])C(=O)N3[H],0,4 2 3 4 13 0,5,14.552768805761591,7.338926612973236,18.014190554969947,15.55139937209873,6.408933528955526,21.96033290105425,0.0240725345308053,0.0290282576771416,0.0080470010715091,0.0290282576771416,-18.24098505763084,0.0281619691290707,0.0108069561729621,0.0015612628198604,-16.000107733557712,-14.757357243497964,-20.516640116554008,17.619655456001986,19.674701511644454
6804,Cc1coc(O)c1,12830,OCC1=Cc2ccccc21,18025,[H]OC([H])([H])C12c3c([H])c([H])c([H])c([H])c3C1([H])C1(O[H])OC2([H])C(C([H])([H])[H])=C1[H],1,4 2 3 2 13 1,2,14.890997195601289,11.37479579453017,20.48567111078393,15.28812502445627,6.861778962488828,22.14990398694509,0.1259604882993051,0.006300273990853,0.003111053784243,0.006300273990853,-12.6101977122727,0.2186035104774328,0.0027110444562484,0.1021201577179947,-13.408472619462472,-15.88844144697903,-18.492867055635344,20.34995929660314,21.26885621631771
7000,Cc1coc(O)c1,12830,O[C@@H]1CC/C=C/CCC1,18100,[H]OC12OC([H])(C(C([H])([H])[H])=C1[H])C1([H])C([H])([H])C([H])([H])[C@@]([H])(O[H])C([H])([H])C([H])([H])C([H])([H])C21[H],1,4 2 5 6 13 1,2,17.813459330255604,2.9823962344060533,14.692630559542003,15.098911418263787,6.472480933236442,21.57139235150023,0.0266686952347543,0.0916565763272393,0.0043053227596142,0.0916565763272393,-9.723870360838127,0.0759855435428563,0.0215866573813305,0.0295780234010868,-9.465714136100928,-9.127676293715185,-10.14900269498628,21.02299767318649,21.62163862560444
9249,Cc1coc(O)c1,12830,C1=CC=C=c2ccccc2=1,13758,[H]OC12OC([H])(C(C([H])([H])[H])=C1[H])C1=c3c([H])c([H])c([H])c([H])c3=C=C([H])C12[H],0,4 2 2 3 13 0,5,19.909678171963165,9.959927861860354,24.20958088910709,15.558046469488758,5.961488682521132,21.51953515200989,0.0045897707071327,0.0056656360100019,0.0031919140691666,0.0056656360100019,-8.076521248522212,0.0045605322943036,0.0011193265348152,0.0134431501472951,-8.203443637347114,-6.024423356414665,-6.943315215192946,22.338676725723104,21.89578749503945
9382,Cc1coc(O)c1,12830,C1=C[C@H]2C=C[C@@H]3CC=C1[C@H]23,13787,[H]OC12OC([H])(C(C([H])([H])[H])=C1[H])C1([H])C23C([H])=C([H])[C@@]2([H])C([H])=C([H])[C@]([H])(C1([H])[H])[C@]32[H],1,4 2 8 7 13 1,10,17.159013305890962,6.552467550986163,14.664385854300498,14.885743362323144,9.54712558850375,24.432868950826894,6.0911790908484863e-05,0.0007499233511489,0.0001637484754771,0.0007499233511489,-7.839819283729113,0.0036070813743605,0.001012241712868,0.003523211569747,-7.738248647639857,-7.643971287197523,-10.29007409982453,22.62911097918929,23.486020934302225
429,Cc1ncoc1C,12873,FC(F)(F)C1=CC=C=CN1,16502,[H]C1=C2C3([H])N=C(C([H])([H])[H])C(C([H])([H])[H])(O3)C2([H])C([H])=C(C(F)(F)F)N1[H],0,5 3 6 7 14 0,5,17.9149061454179,8.81899337361597,22.869139806765297,15.719671218075336,0.4994085791307476,16.219079797206085,0.0110023157645762,0.0084497239717999,0.0081739893430031,0.0084497239717999,-18.12408139457972,0.0044354593723983,0.0053712714573579,0.0116786006433035,-19.39338760875316,-20.80131981866765,-12.16821482167436,22.621962542589028,23.71868156366123
3713,Cc1ncoc1C,12873,Nc1nc2c([nH]1)NON2,17291,[H]N([H])C1=NC23N([H])ON([H])C2(N1[H])C1([H])N=C(C([H])([H])[H])C3(C([H])([H])[H])O1,1,5 3 3 4 14 1,4,16.589975408431712,9.768936489605302,18.6896199501545,15.968379965197904,6.932334004074029,22.900713969271933,0.0274194735722033,0.038592218720074,0.0389533130360538,0.038592218720074,-10.745070181163683,0.016790959892666,0.0216756056382573,0.0261758548863897,-12.442311601450768,-10.68699838464751,-11.677664894765677,23.15262090204093,23.81084699751424
5419,Cc1ncoc1C,12873,O=CC#CC(F)(F)F,17787,[H]C(=O)C1=C(C(F)(F)F)C2(C([H])([H])[H])OC1([H])N=C2C([H])([H])[H],1,5 3 3 2 14 1,1,14.238807940111782,13.597830138854585,21.384038124186112,15.54664481544302,7.815442272698455,23.36208708814147,1.6549343968416243e-05,0.0089980814059362,0.0099014582385787,0.0089980814059362,-7.706987232200149,0.0018392888924719,0.0044736052791694,0.0070198898090371,-7.182890478255878,-7.735407676012144,-9.39863919290147,23.61237815699648,22.80086967438843
6126,Cc1ncoc1C,12873,O=c1[nH]c2c([nH]1)NON2,17935,[H]N1ON([H])C23N([H])C(=O)N([H])C12C1([H])N=C(C([H])([H])[H])C3(C([H])([H])[H])O1,1,5 3 3 4 14 1,4,13.909500017644978,7.489487197576045,17.00521719720151,15.44396824460629,5.662696470805578,21.106664715411867,0.0083709477210081,0.0105252833281827,0.0312198927305113,0.0105252833281827,-16.68944041749193,0.0058145391681925,0.0085539363677279,0.001392641937307,-13.667647986284564,-14.731011560793505,-19.86181689413764,18.543752780722933,19.3741360661416
6804,Cc1ncoc1C,12873,OCC1=Cc2ccccc21,18025,[H]OC([H])([H])C12c3c([H])c([H])c([H])c([H])c3C1([H])C1(C([H])([H])[H])OC2([H])N=C1C([H])([H])[H],1,5 3 3 2 14 1,2,15.555548695983967,11.504592035770884,20.781831119450057,15.38109223694692,5.511087524154089,20.89217976110101,0.0498180559843671,0.0131830673569871,0.075837478693094,0.0131830673569871,-11.927426178449052,0.0685502698824674,0.0040708057969261,0.2185803764722875,-12.76234407740248,-15.043202490032364,-15.575053116335674,21.394707024695656,21.43019609000489
7000,Cc1ncoc1C,12873,O[C@@H]1CC/C=C/CCC1,18100,[H]O[C@@]1([H])C([H])([H])C([H])([H])C([H])([H])C2([H])C3(C([H])([H])[H])OC([H])(N=C3C([H])([H])[H])C2([H])C([H])([H])C1([H])[H],1,5 3 5 6 14 1,2,18.23160624574268,3.661695003387495,16.21094977657856,15.086147883969158,5.932623408547446,21.018771292516604,0.0482909772818667,0.0474400730033659,0.0621855587342874,0.0474400730033659,-9.584725240547025,0.0543643414098821,0.009915672780153,0.0156187147152619,-9.561382718544415,-8.512182890489129,-7.169820401082831,22.43106140466039,21.91967496685294
9382,Cc1ncoc1C,12873,C1=C[C@H]2C=C[C@@H]3CC=C1[C@H]23,13787,[H]C1=C([H])[C@@]2([H])C([H])=C([H])[C@]3([H])C([H])([H])C4([H])C5([H])N=C(C([H])([H])[H])C(C([H])([H])[H])(O5)C14[C@]23[H],1,5 3 8 7 14 1,10,17.570094814290137,6.369596126411201,16.40107294306855,15.14147108367908,7.928707124949387,23.07017820862847,7.685212421317836e-05,0.000274204160237,0.0059783604744635,0.000274204160237,-7.165879395080644,0.0005632546143072,0.0014412522334216,0.0042584039841112,-8.02767284501278,-7.292708872406511,-8.304868108326012,22.78126920701451,21.74423505634826
429,Cc1nnc(C#N)o1,12879,FC(F)(F)C1=CC=C=CN1,16502,[H]C1=C2C3(C#N)N=NC(C([H])([H])[H])(O3)C2([H])C([H])=C(C(F)(F)F)N1[H],0,1 4 6 7 11 0,5,19.707943199796446,8.245240087262609,22.95140666564627,16.0969599112719,5.716494239171468,21.813454150443366,0.0052505736056166,0.0038163031299407,0.0038924737193532,0.0038163031299407,-11.229201491959564,0.0127543311755737,0.0104885061643469,0.0030833350658275,-11.349839248946545,-12.030981392587949,-9.90447786906376,22.81314907551653,23.01786763883642
6126,Cc1nnc(C#N)o1,12879,O=c1[nH]c2c([nH]1)NON2,17935,[H]N1ON([H])C23N([H])C(=O)N([H])C12C1(C#N)N=NC3(C([H])([H])[H])O1,1,1 4 3 4 11 1,4,19.09726287708236,9.823114917057072,20.54843833315629,15.896565076018064,10.680652922901544,26.577217998919608,0.0271504261100507,0.0015818547813137,0.0083194395704457,0.0015818547813137,-5.511060179644211,0.0079282892427283,0.0015462898425422,0.0002439165019759,-1.1338623950557505,-4.307783350597596,-7.509773550457062,22.4227677967666,21.770431269012395
1063,Cc1nnc(C)nn1,12881,FC(F)(F)C1=CC=C=CN1,16502,[H]C1=C2C3(C([H])([H])[H])N=NC(C([H])([H])[H])(N=N3)C2([H])C([H])=C(C(F)(F)F)N1[H],0,1 4 6 7 14 0,3,18.160215456008608,8.339062189572768,22.431650080133,17.47162074327849,3.801803521024525,21.273424264303014,0.0134456782978421,0.0027029777273855,0.0013330457482923,0.0027029777273855,-15.907689403517857,0.0098647079242213,0.009753233049628,0.0077293874571353,-17.598014544614763,-17.440936572750985,-12.101163495801424,21.634873731545053,22.12777800175752
9278,Cc1nnc(C)nn1,12881,Nc1nc2c([nH]1)NON2,17291,[H]N([H])C1=NC23N([H])ON([H])C2(N1[H])C1(C([H])([H])[H])N=NC3(C([H])([H])[H])N=N1,1,1 4 3 4 14 1,2,17.23539673354599,10.286050397828438,23.36040982707588,17.50580275705493,5.012322384332183,22.51812514138712,0.016841167686205,0.0080240587374315,0.008216638058087,0.0080240587374315,-10.004890901682948,0.0220945090495182,0.0187415920709707,0.0085472485796453,-10.585304226380536,-9.817457819501954,-10.60187345912827,20.609375778675883,20.09738364829489
15319,Cc1nnc(C)nn1,12881,O=c1[nH]c2c([nH]1)NON2,17935,[H]N1ON([H])C23N([H])C(=O)N([H])C12C1(C([H])([H])[H])N=NC3(C([H])([H])[H])N=N1,1,1 4 3 4 14 1,2,14.116078420861088,8.84993501909318,20.42124691458669,17.02866321480146,6.313586654515227,23.342249869316685,0.0072204070270532,0.0030430251422169,0.0120348294394108,0.0030430251422169,-14.202269729938848,0.0078501204722149,0.0071169919936048,0.0010067021931402,-10.448617305745998,-13.095420423748998,-17.074418327882327,18.186843401011537,17.843107432914152
16966,Cc1nnc(C)nn1,12881,OC1=C(O)c2ccccc21,18015,[H]OC12c3c([H])c([H])c([H])c([H])c3C1(O[H])C1(C([H])([H])[H])N=NC2(C([H])([H])[H])N=N1,1,1 4 1 2 14 1,0,17.878255280904842,14.285968043238604,23.98159623819208,17.560173254191128,5.85035059001984,23.410523844210967,0.005143204787684,0.0018873910658435,0.0073272989203296,0.0018873910658435,-16.703290388365467,0.0156224500691774,0.0099626876402475,0.0079191434337674,-17.929502960914583,-14.548906430871,-11.977303943040162,21.921587500856475,22.291177206367195
17025,Cc1nnc(C)nn1,12881,OCC1=Cc2ccccc21,18025,[H]OC([H])([H])C12c3c([H])c([H])c([H])c([H])c3C1([H])C1(C([H])([H])[H])N=NC2(C([H])([H])[H])N=N1,1,1 4 2 3 14 1,0,16.41162125427835,11.272264003556216,22.788534776423845,17.358916870215847,3.986192767760766,21.345109637976613,0.006977704247626,0.0052340006154807,0.0283100740550447,0.0052340006154807,-11.31496573738398,0.0282167123874858,0.0146497469694619,0.0617288281897892,-11.332093673198258,-12.354135857401914,-13.57115626459894,21.91426986764873,21.116982334635697
17517,Cc1nnc(C)nn1,12881,O[C@@H]1CC/C=C/CCC1,18100,[H]O[C@@]1([H])C([H])([H])C([H])([H])C([H])([H])C2([H])C3(C([H])([H])[H])N=NC(C([H])([H])[H])(N=N3)C2([H])C([H])([H])C1([H])[H],0,1 4 6 5 14 0,1,18.92713537792817,4.2422419596141765,19.58403785066592,17.205971052821475,3.075044671488662,20.281015724310137,0.0383727641779779,0.064218241242931,0.0231725507712077,0.064218241242931,-11.322298824929504,0.1777743532242566,0.0231370608196684,0.0314293388221669,-8.795609458847778,-8.054363585800793,-6.483244370961447,22.425668403408885,21.73621559056419
23089,Cc1nnc(C)nn1,12881,C1=CC2=C(C1)[C@@H]1C=C[C@H]2C1,13755,[H]C1=C([H])C23C4(C([H])([H])[H])N=NC(C([H])([H])[H])(N=N4)C2(C1([H])[H])[C@]1([H])C([H])=C([H])[C@@]3([H])C1([H])[H],1,1 4 2 3 14 1,2,19.89007425208781,13.211498739541408,24.29759164386928,18.306613471191508,6.5875869740638535,24.89420044525536,0.000907568223188,0.0025545860069537,0.0045535622605387,0.0025545860069537,-3.940906002377787,0.0195997994803617,0.0041891165188273,0.0002649844463417,-2.074514572297645,-6.215759148188969,-5.725739905143911,24.29620106776874,23.865869049701256
23476,Cc1nnc(C)nn1,12881,C1=C[C@H]2C=C[C@@H]3CC=C1[C@H]23,13787,[H]C1=C([H])[C@@]2([H])C([H])=C([H])[C@]3([H])C([H])([H])C4([H])C5(C([H])([H])[H])N=NC(C([H])([H])[H])(N=N5)C14[C@]23[H],0,1 4 7 8 14 0,5,18.093317629336624,5.816506038035282,19.944421594352296,16.919751991767335,4.178019766959604,21.09777175872694,0.0037554605185329,0.0043623405209893,0.0008388601482228,0.0043623405209893,-6.581324717918314,0.0114003335335389,0.0033319479165674,0.0084217275084774,-6.458853002010635,-10.003364834961324,-8.309179921264722,20.259562850237224,19.78885889383104
18370,Cc1nncc(N)n1,12888,O=c1[nH]c2c([nH]1)NON2,17935,[H]N([H])C1=NC2(C([H])([H])[H])N=NC1([H])C13N([H])ON([H])C21N([H])C(=O)N3[H],1,1 4 3 4 14 1,4,17.125615528900376,9.076038824655054,19.966332613839644,15.913207145516497,9.325741504073832,25.238948649590327,0.0428578480944126,0.0172661880873035,0.0127183423304351,0.0172661880873035,-9.733320531561809,0.0281943966633746,0.0178822260264341,0.0016719274900911,-8.330726167529022,-10.603511798186076,-14.853092773487916,22.37262276433062,22.11115915341216
6126,Cn1ccccc1=N,12939,O=c1[nH]c2c([nH]1)NON2,17935,[H]N=C1N(C([H])([H])[H])C2([H])C([H])=C([H])C1([H])C13N([H])ON([H])C21N([H])C(=O)N3[H],1,2 5 3 4 16 1,4,16.408026938038553,8.957437988509245,18.41727201143058,15.053647528659148,9.502974643957211,24.55662217261636,0.0419397901958042,0.0305206052155943,0.0268029726942161,0.0305206052155943,-18.49538427916407,0.0274602469539182,0.0316565806838344,0.0078752405004722,-16.418920353323067,-16.654024858021074,-20.72005809618368,22.95814598011596,23.74417064290699
6126,N#CCc1ccco1,13040,O=c1[nH]c2c([nH]1)NON2,17935,[H]C1=C([H])C2(C([H])([H])C#N)OC1([H])C13N([H])ON([H])C21N([H])C(=O)N3[H],1,3 6 3 4 13 1,4,13.99440633082297,9.287318550536265,17.63902342758839,15.042614849662032,7.104985797691292,22.14760064735332,0.0242481116897923,0.0292042284194321,0.0312053709444962,0.0292042284194321,-13.561584520429475,0.0432262961334426,0.0384525254538126,0.0098170347388401,-11.231978269320784,-11.206773963407365,-14.220265778330294,20.55497589784852,21.56404166253345
6804,N#CCc1ccco1,13040,OCC1=Cc2ccccc21,18025,[H]OC([H])([H])C12c3c([H])c([H])c([H])c([H])c3C1([H])C1(C([H])([H])C#N)OC2([H])C([H])=C1[H],1,3 6 3 2 13 1,2,15.606200273717285,11.954802972510391,19.636711765277727,14.894480979000448,7.594089253065071,22.48857023206552,0.1070619923077247,0.0162763876714983,0.0637491114660136,0.0162763876714983,-10.030297578390872,0.3440824635064957,0.0179085876930846,0.3746791938492556,-10.693266223505248,-11.349774134823877,-11.14002692845719,22.915612010674057,23.84307187004532
6126,N#Cc1ccoc1,13069,O=c1[nH]c2c([nH]1)NON2,17935,[H]C1=C(C#N)C2([H])OC1([H])C13N([H])ON([H])C21N([H])C(=O)N3[H],1,6 4 3 4 10 1,4,14.1866224521161,9.0129636568225,16.44724631774279,14.935681886692247,8.095448361358233,23.03113024805048,0.0068319883717032,0.0130752620063565,0.0159731001605089,0.0130752620063565,-11.558924134622991,0.0178486124830364,0.0241118196581451,0.0036445553005664,-9.722790012357793,-11.173732011231555,-15.326386746611853,19.864390184697697,20.822683496750464
6804,N#Cc1ccoc1,13069,OCC1=Cc2ccccc21,18025,[H]OC([H])([H])C12c3c([H])c([H])c([H])c([H])c3C1([H])C1([H])OC2([H])C([H])=C1C#N,1,6 4 3 2 10 1,2,15.223096041144592,11.752240324856828,18.44622742677826,14.775739715557435,7.501501473940561,22.277241189498,0.1352294021828683,0.0123524858018228,0.0709515975898612,0.0123524858018228,-10.92149398185486,0.3363115028434899,0.0105641908561818,0.2035414928642569,-12.060944774099616,-11.986329590948962,-13.16394821700284,22.15877479540799,23.17776366478001
6126,N#Cc1ccoc1N,13070,O=c1[nH]c2c([nH]1)NON2,17935,[H]C1=C(C#N)C2(N([H])[H])OC1([H])C13N([H])ON([H])C21N([H])C(=O)N3[H],1,6 4 3 4 12 1,4,15.253318091508005,8.648195636976663,17.046739258522333,15.3166999707499,9.454082627204784,24.770782597954685,0.0159749895992872,0.0170688946708316,0.0242627190696481,0.0170688946708316,-9.150856546347448,0.0185416954526103,0.0232439883083145,0.0035951245281885,-10.0893110493624,-10.229850712248217,-16.560502800590193,19.82897599658168,21.51834675210115
6804,N#Cc1ccoc1N,13070,OCC1=Cc2ccccc21,18025,[H]OC([H])([H])C12c3c([H])c([H])c([H])c([H])c3C1([H])C1(N([H])[H])OC2([H])C([H])=C1C#N,1,6 4 3 2 12 1,2,15.3213835646938,12.33589931061136,19.185661491505584,14.780478554363723,8.337466148517478,23.117944702881204,0.4918526710901491,0.0089518460748453,0.1552844857289813,0.0089518460748453,-12.403932427350362,0.925719802686351,0.0110186947714419,0.2649011854420064,-12.762003002956815,-12.19606104700135,-13.80572029255255,22.60335218187035,23.87271786992533
6126,N#Cc1nccn1O,13084,O=c1[nH]c2c([nH]1)NON2,17935,[H]ON1C2(C#N)N=C([H])C1([H])C13N([H])ON([H])C21N([H])C(=O)N3[H],1,2 5 3 4 11 1,4,17.01485856298448,9.42099402670794,18.74700961878365,15.104551208133644,11.077612146095175,26.18216335422882,0.0319590181955305,0.0207042728900864,0.0361032160515828,0.0207042728900864,-4.023794204161575,0.0160168663992317,0.0246611610076244,0.0073253674679634,-1.671283749022244,-2.8193594777671045,-7.726646334590288,22.77855634137229,23.33770509539629
429,N#Cc1ncco1,13085,FC(F)(F)C1=CC=C=CN1,16502,[H]C1=NC2(C#N)OC1([H])C1=C([H])N([H])C(C(F)(F)F)=C([H])C12[H],0,2 5 6 7 9 0,5,17.843790637618063,8.170999226797402,20.564453413363747,15.319791512535566,2.813166965745605,18.13295847828117,0.0139199142566554,0.0135601372539288,0.0040391322553056,0.0135601372539288,-14.563609383833864,0.0140179783011709,0.0372146973524429,0.0087080843221889,-11.17529745029153,-13.843765910057536,-10.246706256227974,21.59465693780336,21.312687812422865
6126,N#Cc1ncco1,13085,O=c1[nH]c2c([nH]1)NON2,17935,[H]C1=NC2(C#N)OC1([H])C13N([H])ON([H])C21N([H])C(=O)N3[H],1,2 5 3 4 9 1,4,16.65057794704139,9.365363821880536,18.334969585012725,14.901670721143368,8.498201275541295,23.39987199668466,0.0277475020355585,0.0182667507550102,0.026512220331001,0.0182667507550102,-6.158487393625933,0.0124431860362085,0.0232585879056148,0.0053592043199877,-3.4067861447300416,-7.522772218409241,-8.893712326003019,20.7423831781482,19.99159154141914
6804,N#Cc1ncco1,13085,OCC1=Cc2ccccc21,18025,[H]OC([H])([H])C12c3c([H])c([H])c([H])c([H])c3C1([H])C1(C#N)N=C([H])C2([H])O1,1,2 5 3 2 9 1,2,17.197906917096848,11.6316324001063,20.16658777067388,14.871536451896102,6.789470884801599,21.6610073366977,0.171682224639746,0.0063507041786865,0.038715792985667,0.0063507041786865,-7.134268293385389,0.1889778653364387,0.0214701990585085,0.2559363164547406,-8.39890285156897,-9.114309840080168,-8.14001204516699,23.24973038653728,22.080220673106048
6126,N#Cn1ccnc1,13092,O=c1[nH]c2c([nH]1)NON2,17935,[H]C1=NC2([H])N(C#N)C1([H])C13N([H])ON([H])C21N([H])C(=O)N3[H],1,3 6 3 4 10 1,4,15.90965393701184,9.30870628900379,17.75174945399508,15.033680504835928,9.805629568407443,24.83931007324337,0.0141892915349141,0.0164292229377428,0.0227461633338936,0.0164292229377428,-7.029852614496598,0.0085987286042685,0.0241582806725788,0.0014625002579655,-3.676134640417629,-7.171220857460682,-11.096152774938894,21.41901284986684,22.633196374991783
429,NC1=CC=C(CO)C1,13148,FC(F)(F)C1=CC=C=CN1,16502,[H]OC([H])([H])C12C([H])=C([H])C(N([H])[H])(C3([H])C([H])=C(C(F)(F)F)N([H])C([H])=C31)C2([H])[H],0,1 4 6 7 17 0,5,15.605149750742086,8.842075975620208,22.599551067454247,16.09404248741333,1.6823320616847468,17.776374549098076,0.0504270949747572,0.0238787698930418,0.0124196715924419,0.0238787698930418,-26.074757622636767,0.0319854491343188,0.0371052330534691,0.0207735312054427,-28.859269005778444,-30.382921010681848,-19.59930374132849,19.96403798833926,21.835007440012813
3713,NC1=CC=C(CO)C1,13148,Nc1nc2c([nH]1)NON2,17291,[H]OC([H])([H])C12C([H])=C([H])C(N([H])[H])(C1([H])[H])C13N=C(N([H])[H])N([H])C12N([H])ON3[H],1,1 4 3 4 17 1,4,14.134536380763464,8.566187305304865,18.803631364638,16.22546006585417,3.308560191730159,19.534020257584327,0.1084561843629548,0.0434566453941389,0.0134593426618584,0.0434566453941389,-19.75901269311904,0.115626215554834,0.0459754133884046,0.0189560440215746,-20.385966394136943,-19.101765338205983,-19.570289159965554,20.10126061223043,22.026858795456647
5419,NC1=CC=C(CO)C1,13148,O=CC#CC(F)(F)F,17787,[H]OC([H])([H])C12C([H])=C([H])C(N([H])[H])(C(C(F)(F)F)=C1C([H])=O)C2([H])[H],1,1 4 3 2 17 1,1,10.501570623957424,14.155180739686596,23.167262413433225,15.926907425354711,4.503748077668906,20.43065550302362,2.137949431061984e-05,0.0125828049933418,0.0054171009613493,0.0125828049933418,-18.66796783351259,0.001278541846634,0.0220009589861079,0.0334597972065229,-16.740659377809983,-19.85759222818863,-21.57029596203525,20.02854434633588,21.27073791854785
6127,NC1=CC=C(CO)C1,13148,O=c1[nH]c2c([nH]1)NON2,17935,[H]OC([H])([H])C12C([H])=C([H])C(N([H])[H])(C1([H])[H])C13N([H])ON([H])C12N([H])C(=O)N3[H],0,1 4 3 4 17 0,5,11.432461024885695,7.07748691605157,17.332936729141842,15.67135866825696,2.649960354922566,18.321319023179527,0.045493715012531,0.0346397807650754,0.0184899016374102,0.0346397807650754,-26.990692607319268,0.071891991121438,0.0244189823638885,0.0016181941241774,-22.31533171943152,-22.84291200493098,-26.694877388280688,14.809152342893904,16.423878052958592
6780,NC1=CC=C(CO)C1,13148,OC1=C(O)c2ccccc21,18015,[H]OC([H])([H])C12C([H])=C([H])C(N([H])[H])(C1([H])[H])C1(O[H])c3c([H])c([H])c([H])c([H])c3C12O[H],1,1 4 1 2 17 1,0,14.222072420277671,13.409024315840185,20.889193588018685,16.204826518888147,5.452417784025776,21.657244302913924,0.032202940717798,0.0100256726798149,0.0247175768300215,0.0100256726798149,-26.454143620205546,0.0765839603227017,0.0358724550955385,0.0210111042887456,-29.1761996625644,-25.56023461395442,-22.460947610620373,20.216751421874985,21.52139631235317
6802,NC1=CC=C(CO)C1,13148,OCC1=Cc2ccccc21,18025,[H]OC([H])([H])C12C([H])=C([H])C(N([H])[H])(C1([H])[H])C1(C([H])([H])O[H])c3c([H])c([H])c([H])c([H])c3C21[H],1,1 4 2 3 17 1,0,13.319805317304905,10.463141576538892,21.221273219126097,15.68689977358402,2.6982983245934946,18.385198098177515,0.0413769796883083,0.0211712897893352,0.0932814967222531,0.0211712897893352,-20.820197467959467,0.1336253881499538,0.0563839271195134,0.2257059081982098,-19.924319568134464,-23.3388729703666,-23.4323712221024,17.708463462368652,19.11162669529517
7000,NC1=CC=C(CO)C1,13148,O[C@@H]1CC/C=C/CCC1,18100,[H]OC([H])([H])C12C([H])=C([H])C(N([H])[H])(C1([H])[H])C1([H])C([H])([H])C([H])([H])C([H])([H])[C@]([H])(O[H])C([H])([H])C([H])([H])C21[H],1,1 4 5 6 17 1,2,15.5610968890229,2.4843851833180963,14.446697226971969,15.298563858252574,3.138426790766488,18.436990649019062,0.2628378566660244,0.1547296187701692,0.0665964720930032,0.1547296187701692,-13.227696861181784,0.6681336864291346,0.1710626961635472,0.0786620096457178,-12.878164876828848,-14.99798560791745,-13.902252366366293,18.587400817421504,20.221854748374508
9249,NC1=CC=C(CO)C1,13148,C1=CC=C=c2ccccc2=1,13758,[H]OC([H])([H])C12C([H])=C([H])C(N([H])[H])(C3([H])C([H])=C=c4c([H])c([H])c([H])c([H])c4=C31)C2([H])[H],0,1 4 2 3 17 0,5,17.479154394757398,8.799023663473935,23.57529514159005,15.914981877509518,2.786751566116216,18.70173344362573,0.0088176942009249,0.008041000634631,0.0387990879709115,0.008041000634631,-14.343357575718493,0.0137562348392595,0.0025066034821489,0.0206872869023204,-15.403042802783382,-14.29881898995783,-9.717289826101217,21.00813392638531,20.6277907060544
9381,NC1=CC=C(CO)C1,13148,C1=C[C@H]2C=C[C@@H]3CC=C1[C@H]23,13787,[H]OC([H])([H])C12C([H])=C([H])C(N([H])[H])(C1([H])[H])C1([H])C23C([H])=C([H])[C@@]2([H])C([H])=C([H])[C@]([H])(C1([H])[H])[C@]32[H],0,1 4 7 8 17 0,9,15.061796263555449,5.570585359127636,14.8272882987967,15.40914499779554,4.882376358104331,20.29152135589987,0.0128389141308281,0.0142974190100911,0.0044934098897111,0.0142974190100911,-12.46021817334065,0.0646754160315678,0.0201061410849012,0.0118415227022993,-12.673396024683145,-17.505761741724697,-15.001299131951676,20.748609374441536,22.2856289817528
6126,NC1=CC=CCO1,13149,O=c1[nH]c2c([nH]1)NON2,17935,[H]C1=C([H])C2([H])C([H])([H])OC1(N([H])[H])C13N([H])ON([H])C21N([H])C(=O)N3[H],1,1 4 3 4 14 1,4,14.331082093107172,8.650933882419812,16.01828455494396,15.319689520600685,8.388410458658377,23.70809997925906,0.0801537485439633,0.030551568839895,0.021395732168833,0.030551568839895,-28.890470173357343,0.0693531414038221,0.033431125982577,0.0015379858434221,-25.20858738412474,-25.89608782929093,-28.69856786115026,20.09976602484107,21.37627318274401
9249,NC1=CC=CCO1,13149,C1=CC=C=c2ccccc2=1,13758,[H]C1=C=c2c([H])c([H])c([H])c([H])c2=C2C3([H])C([H])=C([H])C(N([H])[H])(OC3([H])[H])C12[H],0,1 4 2 3 14 0,5,21.36192402413481,9.908793771179024,22.35504886946422,15.517410436899084,9.264637381037003,24.78204781793609,0.0101089612384944,0.006592869841691,0.0347294916316001,0.006592869841691,-16.992165271385808,0.0295970942692309,0.0037272474378603,0.0298934757884064,-17.271072045263523,-15.693803288627151,-12.1810537726181,24.94316755613285,23.82192722749952
429,NC1=CNCC=C1,13153,FC(F)(F)C1=CC=C=CN1,16502,[H]C1=C2C3([H])C(N([H])[H])=C([H])C([H])(C2([H])C([H])=C(C(F)(F)F)N1[H])C([H])([H])N3[H],0,5 2 6 7 15 0,5,16.02805652086635,9.742138158317871,21.457247087194933,15.849190904579867,4.768528659999628,20.61771956457949,0.0255818992396124,0.0423264468233019,0.0070479353259771,0.0423264468233019,-40.14076000527929,0.0333482290624154,0.0846994802744054,0.0576877198602982,-38.85618364003085,-40.38902575642349,-31.64841996219636,20.802178808234487,22.58885887941356
1585,NC1=CNCC=C1,13153,N#Cc1cnoc1C#N,16711,[H]C1=C(N([H])[H])C2([H])N=C(c3onc([H])c3C#N)C1([H])C([H])([H])N2[H],0,5 2 7 8 15 0,9,19.99143007230591,15.555118862030833,26.21542243157922,14.560269620637705,11.252814660065589,25.813084280703293,0.0185238365477018,0.0600710262972539,0.0650341929131459,0.0600710262972539,-7.991791120466949,0.0872072466896471,0.0218933659892154,0.0255125919293051,-6.262188641860504,-8.425743730775892,-9.25690757021917,23.55441447657089,23.42570610425692
1694,NC1=CNCC=C1,13153,N#Cc1nonc1C#N,16728,[H]C1=C(N([H])[H])C2([H])N=C(c3nonc3C#N)C1([H])C([H])([H])N2[H],1,5 2 1 0 15 1,2,19.853997847801686,15.16612075363242,25.99806921687552,14.316133588773132,10.848630595000284,25.16476418377341,0.0102157330617788,0.0094420774918296,0.0244554942420019,0.0094420774918296,-9.20088673308816,0.063147737981194,0.0380283866833543,0.0376562263269764,-7.815149363183508,-10.955417016167011,-9.040321818210188,22.971471932268148,23.146800620157485
3713,NC1=CNCC=C1,13153,Nc1nc2c([nH]1)NON2,17291,[H]C1=C(N([H])[H])C2([H])N([H])C([H])([H])C1([H])C13N=C(N([H])[H])N([H])C21N([H])ON3[H],1,5 2 3 4 15 1,4,14.355503083028688,8.748972705166553,18.98080158691752,15.694463283013093,3.2831133751256694,18.97757665813876,0.041497178340744,0.1388529347230287,0.0258699347051909,0.1388529347230287,-32.100876154696735,0.0761207880591639,0.1115169553642002,0.0773630093322213,-31.5834253712162,-30.40624952018068,-30.844946318802307,20.23323060931625,22.32478221293213
4574,NC1=CNCC=C1,13153,O=C1C=c2ccccc2=N1,17550,[H]C1=C([H])C([H])=C([H])C23C1=NC(=O)C2([H])C1([H])C(N([H])[H])=C([H])C3([H])C([H])([H])N1[H],0,5 2 3 2 15 0,3,20.385052529504904,13.12444271151348,28.788163735432008,15.559799788972882,6.898274119319424,22.458073908292302,0.0212557726581575,0.0299712585248272,0.011068152478495,0.0299712585248272,-7.297235134975288,0.0440184956231164,0.0227290587465549,0.0564765854308499,-5.978500252585974,-4.389416328409432,-11.303684172852876,19.308830428834668,19.74175813286077
5419,NC1=CNCC=C1,13153,O=CC#CC(F)(F)F,17787,[H]C(=O)C1=C(C(F)(F)F)C2([H])C([H])=C(N([H])[H])C1([H])N([H])C2([H])[H],1,5 2 3 2 15 1,1,11.424265505527266,14.830627765246502,23.630883711082973,15.45158832988464,4.127040701275909,19.57862903116055,6.733963487957199e-06,0.0253940644645696,0.0084631766771313,0.0253940644645696,-34.36445501307688,0.0012062083605107,0.0305715753595744,0.0383413196733574,-34.40742836591447,-35.1424514529339,-36.18671583170641,20.424134981048148,20.7078646689534
6127,NC1=CNCC=C1,13153,O=c1[nH]c2c([nH]1)NON2,17935,[H]C1=C(N([H])[H])C2([H])N([H])C([H])([H])C1([H])C13N([H])ON([H])C21N([H])C(=O)N3[H],0,5 2 3 4 15 0,5,12.529797746967938,7.023173992298907,18.03544157380389,15.193735637566885,2.0662213962674905,17.259957033834375,0.0339402066118625,0.0806594913018229,0.0268068843762121,0.0806594913018229,-39.41014163087006,0.0849395886784281,0.0797661727636672,0.0063422575260046,-33.39590114649642,-34.99154942430272,-37.79813317001944,15.720964248868851,17.889046601889927
6513,NC1=CNCC=C1,13153,O=c1ccc(=O)n(CO)[nH]1,17988,[H]OC([H])([H])N1C(=O)C2([H])C3([H])C(N([H])[H])=C([H])C([H])(C([H])([H])N3[H])C2([H])C(=O)N1[H],0,5 2 2 3 15 0,5,20.746674797495466,13.205747233219146,28.282199514773648,15.788605823017484,6.157390775256612,21.945996598274096,0.0010444180306991,0.0142701055090036,0.0008317621347771,0.0142701055090036,-7.856680910793067,0.0063717252549656,0.0238177636507982,0.0213236897689995,-6.643736524806954,-5.364333737227703,-10.373998668486609,20.72599679254905,21.43614635652173
6780,NC1=CNCC=C1,13153,OC1=C(O)c2ccccc21,18015,[H]OC12c3c([H])c([H])c([H])c([H])c3C1(O[H])C1([H])C([H])=C(N([H])[H])C2([H])N([H])C1([H])[H],1,5 2 1 2 15 1,0,14.427587996401574,13.829348168053588,20.447086112155016,15.496681552207082,5.8298538328036855,21.326535385010768,0.0198703994540655,0.0218619517148421,0.0403502907876351,0.0218619517148421,-37.85571772466725,0.0690445905032539,0.0297117726181446,0.1061964290985687,-38.88589042951364,-37.09403898232868,-34.56931362025267,21.25759690313789,23.5908870252023
6804,NC1=CNCC=C1,13153,OCC1=Cc2ccccc21,18025,[H]OC([H])([H])C12c3c([H])c([H])c([H])c([H])c3C1([H])C1([H])C([H])=C(N([H])[H])C2([H])N([H])C1([H])[H],1,5 2 3 2 15 1,2,13.341711282046816,10.999447202233505,20.047867480691213,15.182102285256192,3.798976284824992,18.981078570081184,0.0418314323796158,0.0236684769306757,0.0603815213078857,0.0236684769306757,-31.9663624523496,0.2699162724619127,0.0149165941005119,0.1973342051449241,-32.59740810817287,-34.453868506958635,-35.39222629285017,18.44060524612062,20.6828007307604
6999,NC1=CNCC=C1,13153,O[C@@H]1CC/C=C/CCC1,18100,[H]O[C@@]1([H])C([H])([H])C([H])([H])C([H])([H])C2([H])C3([H])C(N([H])[H])=C([H])C([H])(C([H])([H])N3[H])C2([H])C([H])([H])C1([H])[H],0,5 2 6 5 15 0,1,15.694291268404433,3.0105262151647274,12.10207568276954,14.446360253631694,7.226884629105093,21.67324488273679,0.0725408936653486,0.1857660767718315,0.0707421965521429,0.1857660767718315,-26.097093163559123,0.2512158757163745,0.1378243986207308,0.0422591023146215,-25.926476306612805,-25.08942195470968,-24.36124218844858,22.45256695855653,23.20275781105064
9249,NC1=CNCC=C1,13153,C1=CC=C=c2ccccc2=1,13758,[H]C1=C=c2c([H])c([H])c([H])c([H])c2=C2C3([H])C(N([H])[H])=C([H])C([H])(C12[H])C([H])([H])N3[H],0,5 2 2 3 15 0,5,17.79434007004161,9.075142913281171,24.03214833862854,15.48110427562986,4.76038321956872,20.241487495198577,0.0053235195329668,0.0113569026343009,0.026339241482319,0.0113569026343009,-26.214304134677505,0.0216236674837565,0.0023419637239327,0.0395551019281876,-25.81002833524895,-23.96102847264642,-22.701018689953067,21.046533142994445,20.774812006454404
9381,NC1=CNCC=C1,13153,C1=C[C@H]2C=C[C@@H]3CC=C1[C@H]23,13787,[H]C1=C(N([H])[H])C2([H])N([H])C([H])([H])C1([H])C1([H])C23C([H])=C([H])[C@@]2([H])C([H])=C([H])[C@]([H])(C1([H])[H])[C@]32[H],0,5 2 7 8 15 0,9,14.113766360553385,4.360248142539847,12.582871910623624,14.446044943826973,6.352298529749341,20.79834347357632,0.0028957910423039,0.0305471980371224,0.0046787735264545,0.0305471980371224,-22.81504035840877,0.0246628729838972,0.0054057435680819,0.0116453941963988,-23.986063541833342,-27.96138143635924,-27.24829399467555,20.84752264610417,22.47347439680908
9974,NC1=CNCC=C1,13153,C=CC(F)(F)C(=O)C(=O)O,13974,[H]OC(=O)C(=O)C(F)(F)C1([H])C2([H])C(N([H])[H])=C([H])C([H])(C([H])([H])N2[H])C1([H])[H],0,5 2 0 1 15 0,1,18.90073614603818,12.562561365931268,23.915287578628032,15.628865688196566,8.729563633045728,24.35842932124229,0.023660537426855,0.031307909985582,0.0134017993776183,0.031307909985582,-15.444941387987155,0.0053134424566781,0.0551811421057362,0.1413343725355537,-13.947499400592406,-15.37534244906687,-15.11592890627874,22.345334865056785,23.986046995986147
429,Nc1c[nH]cn1,13231,FC(F)(F)C1=CC=C=CN1,16502,[H]C1=C2C3([H])C(N([H])[H])=NC([H])(N3[H])C2([H])C([H])=C(C(F)(F)F)N1[H],0,4 2 6 7 11 0,5,16.477540292497928,8.517754168308336,22.280326288347432,15.82267321668716,3.205874914783653,19.028548131470814,0.0432749431704379,0.0186233064818294,0.0022536478894859,0.0186233064818294,-17.027748461485075,0.0121548397140951,0.0189182055909857,0.0030718707772016,-16.477727896405085,-18.70908745020681,-19.322687281544304,20.55262911430351,22.80795242223555
6127,Nc1c[nH]cn1,13231,O=c1[nH]c2c([nH]1)NON2,17935,[H]N([H])C1=NC2([H])N([H])C1([H])C13N([H])ON([H])C21N([H])C(=O)N3[H],0,4 2 3 4 11 0,5,15.096370421772038,7.69071078198515,19.54717664421977,15.478054484807302,6.923640925523689,22.40169541033099,0.0315207541712291,0.020363211265451,0.0096477429655019,0.020363211265451,-11.886318020244104,0.0404497713898996,0.00559522538907,0.0009012777595908,-8.57634664874611,-11.251783074155718,-15.335624142501814,19.32450608443934,20.73392439094233
429,Nc1ccco1,13251,FC(F)(F)C1=CC=C=CN1,16502,[H]C1=C2C3([H])OC(N([H])[H])(C([H])=C3[H])C2([H])C([H])=C(C(F)(F)F)N1[H],0,1 4 6 7 11 0,5,16.487507663228868,9.283466814513057,23.170031844456208,15.672794455581167,2.235634962265056,17.90842941784622,0.0307164974120452,0.0133385797011461,0.0005868432426177,0.0133385797011461,-16.448645669009636,0.0054543113159333,0.0103357988271891,0.0054295507146667,-18.78265652295481,-19.229254648908583,-16.04428603449025,21.511466802179587,22.372725267967144
5419,Nc1ccco1,13251,O=CC#CC(F)(F)F,17787,[H]C(=O)C1=C(C(F)(F)F)C2(N([H])[H])OC1([H])C([H])=C2[H],1,1 4 3 2 11 1,1,14.359911196929694,14.631527258351715,22.85462550545225,15.662986860722857,7.421173031366539,23.0841598920894,0.0001081205033398,0.0106443460901344,0.0008154704345606,0.0106443460901344,-5.121156470893638,0.0011499236447204,0.0017862120180378,0.0040148125288207,-5.519113498514649,-5.981937861268616,-8.799056694169366,22.07151230875049,21.60167492749542
6127,Nc1ccco1,13251,O=c1[nH]c2c([nH]1)NON2,17935,[H]C1=C([H])C2(N([H])[H])OC1([H])C13N([H])ON([H])C21N([H])C(=O)N3[H],0,1 4 3 4 11 0,5,13.939110592490954,8.12047249225403,18.34024901076427,15.323119332094477,5.85723343017898,21.180352762273458,0.0202734864620602,0.019502906029734,0.0071480739015417,0.019502906029734,-13.603805222799402,0.0244207454021503,0.0125657776866127,0.0012210042473746,-11.885301144833228,-12.404934451849726,-17.318614171445624,18.31455907278068,19.44795113193541
6804,Nc1ccco1,13251,OCC1=Cc2ccccc21,18025,[H]OC([H])([H])C12c3c([H])c([H])c([H])c([H])c3C1([H])C1(N([H])[H])OC2([H])C([H])=C1[H],1,1 4 3 2 11 1,2,14.787914599689495,12.048530493765258,19.82016957550768,15.062215465315267,6.913385312102307,21.975600777417576,0.1316850234874951,0.0048115855066045,0.0039561294065948,0.0048115855066045,-10.402515771081704,0.3153798247938988,0.0026762089433894,0.1110523106130936,-11.131086371671884,-13.27900735523768,-14.985658375343334,21.957153736380384,22.18667787518545
7000,Nc1ccco1,13251,O[C@@H]1CC/C=C/CCC1,18100,[H]O[C@@]1([H])C([H])([H])C([H])([H])C([H])([H])C2([H])C3(N([H])[H])OC([H])(C([H])=C3[H])C2([H])C([H])([H])C1([H])[H],1,1 4 5 6 11 1,2,17.848312675525484,4.352395466427138,15.129904097097754,14.80096204207155,6.234918243461683,21.03588028553323,0.0391366739180734,0.1666545766484147,0.0023449409694672,0.1666545766484147,-6.177814925964192,0.0988498206815865,0.0336967073883406,0.0182344813134907,-6.36528310864022,-6.483224705979939,-6.468970294831891,23.02534263865264,23.30175732935708
6126,Nc1cncc(=O)[nH]1,13270,O=c1[nH]c2c([nH]1)NON2,17935,[H]C1=NC2([H])C(=O)N([H])C1(N([H])[H])C13N([H])ON([H])C21N([H])C(=O)N3[H],1,1 4 3 4 13 1,4,17.995434781889404,9.966882360683218,23.734509696645777,15.847282435457869,8.167212934220142,24.01449536967801,0.0261160776118254,0.0082687873576576,0.0135409822697333,0.0082687873576576,-14.905536481259643,0.0239358141516618,0.0135323463046341,0.001685873351813,-12.705309093573844,-13.414648929132042,-17.03978162754433,22.000565912313267,23.00542738466265
18370,Nc1nnc(O)nn1,13302,O=c1[nH]c2c([nH]1)NON2,17935,[H]OC12N=NC(N([H])[H])(N=N1)C13N([H])ON([H])C21N([H])C(=O)N3[H],1,1 4 3 4 11 1,4,19.19450399438438,9.64110353181383,21.81989756305133,16.30083353397204,8.83722882245127,25.13806235642331,0.0123729100284995,0.000384650714208,0.0021995527447282,0.000384650714208,-6.819452021180503,0.0031428506053627,0.0006134532674429,3.7720448418951485e-05,-4.409928066801598,-6.986186638963037,-10.53077343160082,21.1388112294541,21.507859051804093
1277,Nc1nncnn1,13304,FC(F)(F)C1=CC=C=CN1,16502,[H]C1=C2C3([H])N=NC(N([H])[H])(N=N3)C2([H])C([H])=C(C(F)(F)F)N1[H],0,1 4 6 7 10 0,5,20.12705874455192,8.230774996227634,22.930333380357645,16.13750302732187,3.7406277755371065,19.878130802858976,0.0373281822192388,0.0150467528172134,0.0015333119893398,0.0150467528172134,-11.97380393719154,0.0101595992919058,0.0165595484165053,0.0048380244157873,-14.614634845136855,-15.017606733021132,-9.383664086783917,22.46197544465013,22.263886990892573
11131,Nc1nncnn1,13304,Nc1nc2c([nH]1)NON2,17291,[H]N([H])C1=NC23N([H])ON([H])C2(N1[H])C1([H])N=NC3(N([H])[H])N=N1,1,1 4 3 4 10 1,4,20.38922393338327,10.215904943498362,24.4135065850214,16.087204204033178,5.629645172370214,21.716849376403392,0.0386242843595091,0.0226797652649388,0.0187642632667648,0.0226797652649388,-6.426833751779107,0.0320054323668931,0.0313547072532129,0.0267915103306037,-8.014983697820746,-7.000991730152766,-8.261034917756405,21.559065218948792,21.21907973277893
18370,Nc1nncnn1,13304,O=c1[nH]c2c([nH]1)NON2,17935,[H]N([H])C12N=NC([H])(N=N1)C13N([H])ON([H])C21N([H])C(=O)N3[H],1,1 4 3 4 10 1,4,16.75498603411497,8.72826006704577,21.15528877424268,15.730895183330285,6.850938989454125,22.581834172784408,0.0200532694582808,0.0049218912696756,0.0099574482773133,0.0049218912696756,-10.296451346770835,0.0101168525362581,0.0103503752681775,0.0011671331879679,-7.166515491536366,-10.659519224942237,-14.129513160900856,18.846274610595746,18.456610669914543
20340,Nc1nncnn1,13304,OC1=C(O)c2ccccc21,18015,[H]OC12c3c([H])c([H])c([H])c([H])c3C1(O[H])C1(N([H])[H])N=NC2([H])N=N1,1,1 4 1 2 10 1,0,19.78630833951639,13.977441643978109,23.956239763482365,16.185009960800112,6.652865152422063,22.83787511322217,0.0161189684950535,0.0038772102075422,0.0091221379951721,0.0038772102075422,-14.99980369147066,0.0379683250256322,0.0130780524897244,0.0102410233739998,-15.422186365243988,-13.72868326434712,-10.36766915265465,22.124883442573147,22.63051478523172
20408,Nc1nncnn1,13304,OCC1=Cc2ccccc21,18025,[H]OC([H])([H])C12c3c([H])c([H])c([H])c([H])c3C1([H])C1(N([H])[H])N=NC2([H])N=N1,1,1 4 3 2 10 1,2,18.262153446426726,11.419658709887065,23.36042952385988,15.89117163643094,4.690006176678061,20.581177813109,0.1013955347254694,0.0108650684171416,0.0185227229890452,0.0108650684171416,-10.8985729139648,0.161833188654147,0.0148884792341982,0.0463609540265946,-12.006456559120146,-12.727282032263602,-11.836953411155946,22.137181371655288,21.165108514838792
28126,Nc1nncnn1,13304,C1=C[C@H]2C=C[C@@H]3CC=C1[C@H]23,13787,[H]C1=C([H])[C@@]2([H])C([H])=C([H])[C@]3([H])C([H])([H])C4([H])C5([H])N=NC(N([H])[H])(N=N5)C14[C@]23[H],1,1 4 8 7 10 1,10,19.060027830487464,6.571772745557828,19.48613075659508,15.717110504577546,5.29937480880858,21.016485313386127,6.805607221970741e-05,0.0003753190979783,0.0011108461131022,0.0003753190979783,-5.62738225528588,0.000949981855444,0.0060299787687987,0.0008845520359536,-5.724139910824668,-5.632233983209126,-5.698238816245134,20.721801229144848,19.61066565522461
865,O/N=C/c1c[nH]cn1,13322,FC(F)(F)C1=CC=C=CN1,16502,[H]O/N=C(\[H])C1=NC2([H])N([H])C1([H])C1=C([H])N([H])C(C(F)(F)F)=C([H])C12[H],0,6 4 6 7 13 0,17,16.65243144982059,8.656765084482839,22.02633713302349,15.924648974579432,5.159907711349636,21.084556685929066,0.0261850116542241,0.0236304955952002,0.0254542856990408,0.0236304955952002,-16.140916730191144,0.0261260630285304,0.0785353650636052,0.0302076234078494,-15.559155990919322,-16.48048284472651,-18.689969344722662,20.80432862924788,22.668627652119728
12254,O/N=C/c1c[nH]cn1,13322,O=c1[nH]c2c([nH]1)NON2,17935,[H]O/N=C(\[H])C1=NC2([H])N([H])C1([H])C13N([H])ON([H])C21N([H])C(=O)N3[H],1,6 4 3 4 13 1,10,15.936800134232596,9.37011847061574,18.70604987571201,15.603549421366962,9.260438126610527,24.863987547977487,0.0319787329698251,0.0368022212638322,0.0772836346738187,0.0368022212638322,-12.174800292838029,0.0358221531348533,0.0308605772748126,0.0068511246234667,-8.440732256719023,-10.034329108755031,-13.623314461230189,20.83181755264527,22.37427721892648
12254,O/N=C/c1ccoc1,13325,O=c1[nH]c2c([nH]1)NON2,17935,[H]O/N=C(\[H])C1=C([H])C2([H])OC1([H])C13N([H])ON([H])C21N([H])C(=O)N3[H],1,7 5 3 4 13 1,10,14.77541383646839,8.96544861763548,16.086993743162655,15.276194193176083,9.213434528660176,24.48962872183625,0.0158446857363553,0.0275113551671138,0.0183743215918658,0.0275113551671138,-12.27668582479894,0.030068406390141,0.0556691181612895,0.0054501947652011,-10.329894136202247,-11.834905646800628,-14.607403251669927,21.0552611769432,22.0722857777369
7430,O=C(O)C1=CCC=C1,13341,Nc1nc2c([nH]1)NON2,17291,[H]OC(=O)C1=C([H])C2([H])C([H])([H])C1([H])C13N([H])ON([H])C21N=C(N([H])[H])N3[H],1,6 4 3 4 14 1,12,13.78285017109756,8.080487117875313,16.712514217898857,15.21929754355236,4.051268003509904,19.27056554706226,0.0179594345729285,0.0759090504615564,0.0296346847161011,0.0759090504615564,-23.99741518233564,0.057538198995586,0.0523739320927218,0.0223511364771268,-24.506222729540376,-23.593743502706864,-20.117401371707786,21.24049719694088,22.835537816539933
12255,O=C(O)C1=CCC=C1,13341,O=c1[nH]c2c([nH]1)NON2,17935,[H]OC(=O)C1=C([H])C2([H])C([H])([H])C1([H])C13N([H])ON([H])C21N([H])C(=O)N3[H],0,6 4 3 4 14 0,11,11.532002210058,6.942905625859298,16.4004781063404,14.92692038538242,4.506972518948665,19.433892904331085,0.0109142572606311,0.0618461909223877,0.0145498362652773,0.0618461909223877,-31.26093901793422,0.0474127905349051,0.0466936322883153,0.0018121383075299,-25.271406819050867,-27.70934843129469,-26.11595039438432,17.51129833771739,19.20783251542821
13562,O=C(O)C1=CCC=C1,13341,OC1=C(O)c2ccccc21,18015,[H]OC(=O)C1=C([H])C2([H])C([H])([H])C1([H])C1(O[H])c3c([H])c([H])c([H])c([H])c3C21O[H],1,6 4 1 2 14 1,2,12.907595562781674,12.36112889291202,18.03732473312688,15.26416239574689,6.533014005911454,21.797176401658344,0.0055882166658786,0.0104443338362705,0.0120714636439179,0.0104443338362705,-32.3164792583025,0.0574951302619925,0.0249947412600497,0.0204059547715518,-32.779217328047444,-30.633644566137093,-25.117932252668872,20.64965017112109,22.832652826059327
13608,O=C(O)C1=CCC=C1,13341,OCC1=Cc2ccccc21,18025,[H]OC(=O)C1=C([H])C2([H])C([H])([H])C1([H])C1([H])c3c([H])c([H])c([H])c([H])c3C21C([H])([H])O[H],1,6 4 2 3 14 1,4,12.2915709040478,9.235745057287588,17.666591801931045,15.202550236367092,3.611843996088478,18.81439423245557,0.0107551212425698,0.0456984980951489,0.0787150701337441,0.0456984980951489,-25.042199763121893,0.120193570998056,0.0461123138447613,0.1197857194846734,-24.519987739817783,-27.39960938801488,-25.180021836070303,18.942682228001647,20.270860431377724
14002,O=C(O)C1=CCC=C1,13341,O[C@@H]1CC/C=C/CCC1,18100,[H]OC(=O)C1=C([H])C2([H])C([H])([H])C1([H])C1([H])C([H])([H])C([H])([H])[C@@]([H])(O[H])C([H])([H])C([H])([H])C([H])([H])C21[H],1,6 4 5 6 14 1,6,14.450628215458035,2.5442404392491174,13.590712190703677,14.937285878408089,3.242242578160969,18.17952845656906,0.0412368267426636,0.144124314881015,0.1061384908463132,0.144124314881015,-20.49125160820928,0.1157820234280198,0.0451651897816881,0.0312885331278272,-19.627973859707343,-19.06311479407105,-14.934036693649354,20.38093721922116,21.526128920781765
18509,O=C(O)C1=CCC=C1,13341,C1=CC=C=c2ccccc2=1,13758,[H]OC(=O)C1=C([H])C2([H])C3([H])C([H])=C=c4c([H])c([H])c([H])c([H])c4=C3C1([H])C2([H])[H],0,6 4 2 3 14 0,21,16.380591435928604,8.410132096606382,18.45138884396485,15.45900940685731,4.2863084855306575,19.74531789238797,0.0062134043038704,0.015672289244629,0.0333861136516794,0.015672289244629,-19.00670550098728,0.0116488098977537,0.0028005597395456,0.0134047978313105,-16.96399844541787,-16.286901359405853,-9.034616492919495,23.11155037082002,23.62998856728125
18765,O=C(O)C1=CCC=C1,13341,C1=C[C@H]2C=C[C@@H]3CC=C1[C@H]23,13787,[H]OC(=O)C1=C([H])C2([H])C([H])([H])C1([H])C13C([H])=C([H])[C@@]4([H])C([H])=C([H])[C@]([H])(C([H])([H])C21[H])[C@]34[H],0,6 4 7 8 14 0,21,13.335962898352518,4.32336048415379,12.818478040461418,14.84299004298315,4.612862581192264,19.455852624175414,0.0017511831441868,0.0177260081583649,0.0037589624650405,0.0177260081583649,-19.54958587627233,0.0433108656502566,0.0203950533301478,0.0257019162435735,-18.94303977003245,-21.8990952893681,-17.07846580375525,20.95856998166929,21.305604456229407
1860,O=C(O)C1C=CC=C1,13347,Nc1nc2c([nH]1)NON2,17291,[H]OC(=O)C1([H])C2([H])C([H])=C([H])C1([H])C13N([H])ON([H])C21N=C(N([H])[H])N3[H],1,4 7 3 4 14 1,2,12.74838001697642,7.2101202078573134,15.490983488280216,15.552600149430884,4.848733691924782,20.401333841355665,0.0360160315303081,0.0502394478632308,0.0235443336954397,0.0502394478632308,-22.84566438980417,0.0599407759564594,0.052818493616259,0.0361371618448327,-23.768448845429035,-21.912401419637327,-21.59955253705906,20.52083396153216,21.62703504342999
2720,O=C(O)C1C=CC=C1,13347,O=CC#CC(F)(F)F,17787,[H]OC(=O)C1([H])C2([H])C([H])=C([H])C1([H])C(C(F)(F)F)=C2C([H])=O,1,4 7 2 3 14 1,0,10.769894726435522,12.946480928449658,17.953293176050142,15.570681828217744,7.902283477785659,23.4729653060034,0.0044690203485177,0.0027890112563202,0.0097375373651535,0.0027890112563202,-19.336672665872896,0.0040933377242289,0.0298129474930273,0.0019634487946554,-19.15972537986393,-20.92101179632697,-22.36402692023632,22.985874869558067,23.802840317387645
3075,O=C(O)C1C=CC=C1,13347,O=c1[nH]c2c([nH]1)NON2,17935,[H]OC(=O)C1([H])C2([H])C([H])=C([H])C1([H])C13N([H])ON([H])C21N([H])C(=O)N3[H],1,4 7 3 4 14 1,2,9.948696490543837,6.328752008037707,13.68285671303169,15.236845811059078,4.1070703172267,19.343916128285777,0.0244700520742367,0.0332900967542206,0.0179250909615071,0.0332900967542206,-30.013084305913765,0.0292826323771064,0.0393768071123533,0.0032331434171172,-25.787772663190296,-27.451009897488603,-29.40041731096517,16.306194678541864,17.31608505215794
3406,O=C(O)C1C=CC=C1,13347,OC1=C(O)c2ccccc21,18015,[H]OC(=O)C1([H])C2([H])C([H])=C([H])C1([H])C1(O[H])c3c([H])c([H])c([H])c([H])c3C21O[H],1,4 7 1 2 14 1,0,12.604891455751613,11.698097114980293,17.09881062994238,15.527482207469314,7.347849567826245,22.87533177529556,0.0095102301940821,0.0115793971401571,0.0171265168517351,0.0115793971401571,-31.110755154338733,0.0694822718455408,0.0210396022163885,0.0409587010560745,-32.292229296356865,-29.51392818227669,-26.19248452916954,20.088512744177635,22.04763041934073
3421,O=C(O)C1C=CC=C1,13347,OCC1=Cc2ccccc21,18025,[H]OC(=O)C1([H])C2([H])C([H])=C([H])C1([H])C1(C([H])([H])O[H])c3c([H])c([H])c([H])c([H])c3C21[H],1,4 7 2 3 14 1,0,12.254293969120177,8.721521038513407,17.17167580868403,15.282463608911131,4.00336777287281,19.285831381783943,0.0144625232882377,0.0224639077967194,0.0800897058101381,0.0224639077967194,-23.978859199635416,0.1010792560367229,0.0324113040574301,0.200273581485924,-23.2609366064236,-26.225235273312684,-26.49414449054848,18.74067297961568,20.134529522635063
3521,O=C(O)C1C=CC=C1,13347,O[C@@H]1CC/C=C/CCC1,18100,[H]OC(=O)C1([H])C2([H])C([H])=C([H])C1([H])C1([H])C([H])([H])C([H])([H])[C@@]([H])(O[H])C([H])([H])C([H])([H])C([H])([H])C21[H],0,4 7 6 5 14 0,1,14.491566706968602,1.2257258909990227,12.014739429723535,15.033530694732685,4.456672712091271,19.49020340682395,0.0814565123072524,0.1404078518459737,0.0572086155643516,0.1404078518459737,-19.519840721934663,0.2075351819555247,0.0739582074218216,0.0411486561360385,-17.92927000578669,-16.310622144142364,-15.68594610086118,20.30189099163422,20.35587350316335
4662,O=C(O)C1C=CC=C1,13347,C1=CC=C=c2ccccc2=1,13758,[H]OC(=O)C1([H])C2([H])C([H])=C([H])C1([H])C1([H])C([H])=C=c3c([H])c([H])c([H])c([H])c3=C21,0,4 7 2 3 14 0,3,16.230655210232975,7.460228502867154,17.622106796240445,15.459337244182672,5.290313362342285,20.74965060652496,0.0114589204951774,0.0100532984158551,0.0273845422022246,0.0100532984158551,-18.298832516421747,0.0228927523063793,0.0069944200238698,0.0295164070264591,-16.695843689366136,-15.24348728476918,-11.24919842525926,22.19781832576914,22.04552105911848
4732,O=C(O)C1C=CC=C1,13347,C1=C[C@H]2C=C[C@@H]3CC=C1[C@H]23,13787,[H]OC(=O)C1([H])C2([H])C([H])=C([H])C1([H])C13C([H])=C([H])[C@@]4([H])C([H])=C([H])[C@]([H])(C([H])([H])C21[H])[C@]34[H],0,4 7 7 8 14 0,5,13.320186206176588,3.701835346381685,11.521393726208574,14.875186493041916,5.002638341254743,19.87782483429666,0.0076938122941593,0.009954130492299,0.0028598503250294,0.009954130492299,-18.43425057234991,0.0906668015202763,0.0200220083397694,0.0352655681305421,-18.74496779010396,-22.10844188607971,-18.461491826133177,20.77080812475827,20.88023426340451
12254,O=Cc1cnco1,13427,O=c1[nH]c2c([nH]1)NON2,17935,[H]C(=O)C12OC([H])(N=C1[H])C13N([H])ON([H])C21N([H])C(=O)N3[H],1,2 5 3 4 10 1,10,15.931192087301431,9.01035760451084,17.48018926443203,15.07600032344132,9.324630640190485,24.400630963631805,0.0075549701235897,0.0033211636399217,0.016868335644832,0.0033211636399217,-6.831779648680538,0.0086803674739664,0.0093398729244989,0.0016223379142131,-3.408509345222214,-6.800085402468003,-9.417013677275818,21.28359760839457,20.01733426483237
13610,O=Cc1cnco1,13427,OCC1=Cc2ccccc21,18025,[H]OC([H])([H])C12c3c([H])c([H])c([H])c([H])c3C1([H])C1(C([H])=O)OC2([H])N=C1[H],1,2 5 3 2 10 1,6,17.272217922529848,12.031466883137162,20.083756967490785,15.033115019213223,8.279141673900405,23.312256693113632,0.0769060649534826,0.0049987743128578,0.0360322982317968,0.0049987743128578,-5.357645143713029,0.121725917174989,0.0063385095267532,0.1604685358607002,-6.0663271658017095,-8.810099145811932,-8.487912712492609,24.466857177707453,22.8757504623009
865,O=Cc1cocn1,13429,FC(F)(F)C1=CC=C=CN1,16502,[H]C(=O)C1=NC2([H])OC1([H])C1=C([H])N([H])C(C(F)(F)F)=C([H])C12[H],0,5 3 6 7 10 0,17,16.67294598463434,8.614135960038013,21.013392602378467,15.27584051189539,3.971107070505859,19.246947582401248,0.0282689693499717,0.0118212278552679,0.0056443818119711,0.0118212278552679,-13.222006803231965,0.0134901915641728,0.0524674153892713,0.0059176390687164,-14.00220559832482,-16.17828844843168,-13.279702720363533,21.56988546917105,21.479436923344828
7430,O=Cc1cocn1,13429,Nc1nc2c([nH]1)NON2,17291,[H]C(=O)C1=NC2([H])OC1([H])C13N([H])ON([H])C21N=C(N([H])[H])N3[H],1,5 3 3 4 10 1,12,18.52995329498296,11.90806738106698,19.68572053356768,15.034448810680113,8.38158242532132,23.41603123600143,0.0285221547145518,0.0436511357648466,0.0340998903622167,0.0436511357648466,-2.9960397057272274,0.042270542170748,0.0521835415737893,0.0388688993222786,-5.559292893389703,-5.695871173029733,-5.2196912127168105,24.48189761246301,23.529128419084472
12254,O=Cc1cocn1,13429,O=c1[nH]c2c([nH]1)NON2,17935,[H]C(=O)C1=NC2([H])OC1([H])C13N([H])ON([H])C21N([H])C(=O)N3[H],1,5 3 3 4 10 1,10,15.879528425848484,9.428520059235776,17.950044167804016,14.68663341646003,7.920684680550885,22.60731809701092,0.0191701074014601,0.0184297794402514,0.0143139175889551,0.0184297794402514,-8.179584618115534,0.0113740843530375,0.0218778476602351,0.0030691399883652,-5.240566078570524,-9.434595884212484,-11.471845329093242,20.89472407968437,20.27616938285892
13562,O=Cc1cocn1,13429,OC1=C(O)c2ccccc21,18015,[H]OC12c3c([H])c([H])c([H])c([H])c3C1(O[H])C1([H])OC2([H])N=C1C([H])=O,1,5 3 1 2 10 1,2,17.53505798844925,14.29655666944931,20.590060353162087,15.188315382843427,8.300503500755745,23.488818883599173,0.0193120354784244,0.0094515373154364,0.0147372836054708,0.0094515373154364,-10.067613116211504,0.0418590740194464,0.0183432548249464,0.035877163395937,-11.951238039137683,-12.585890782312326,-8.505530729964754,24.071751623088247,23.75799057902546
13610,O=Cc1cocn1,13429,OCC1=Cc2ccccc21,18025,[H]OC([H])([H])C12c3c([H])c([H])c([H])c([H])c3C1([H])C1([H])N=C(C([H])=O)C2([H])O1,1,5 3 3 2 10 1,6,15.67420107584403,11.710351184754492,19.56832947901508,14.83842390048823,6.190065814802043,21.02848971529028,0.0889730494080968,0.0085495956986706,0.0248074551009198,0.0085495956986706,-7.362541491237742,0.2665584584556328,0.0185346527828695,0.0938316950217525,-7.971678357181823,-11.01396993047996,-10.959889985681798,21.82783488698681,20.731114202637617
1713,O=Cc1nccnn1,13432,FC(F)(F)C1=CC=C=CN1,16502,[H]C(=O)C12N=NC([H])(C([H])=N1)C1=C([H])N([H])C(C(F)(F)F)=C([H])C12[H],0,2 5 6 7 11 0,17,18.564429017882183,8.80015144914641,21.43971798272197,15.887135657361798,4.936522518861107,20.823658176222903,0.0058545573653435,0.0005165888896246,0.0023421625040144,0.0005165888896246,-13.40504061086859,0.0002630760148739,0.0002310155389504,0.0009628382244504,-11.58788348397072,-12.917086669721115,-11.019072712182428,21.479065930280445,21.14774844215476
14848,O=Cc1nccnn1,13432,Nc1nc2c([nH]1)NON2,17291,[H]C(=O)C12N=NC([H])(C([H])=N1)C13N([H])ON([H])C21N=C(N([H])[H])N3[H],1,2 5 3 4 11 1,12,18.736375929529128,10.8207814095837,23.08859366464762,15.716194582876613,5.453060400356428,21.16925498323304,0.0050652215851101,0.0005990507875127,0.013049298269142,0.0005990507875127,-6.240044695361469,0.000126009459516,4.683633104202837e-05,0.0027977838112199,-8.409876117673896,-7.074920550688677,-8.753304473530811,20.4733407571752,20.2905720907931
24498,O=Cc1nccnn1,13432,O=c1[nH]c2c([nH]1)NON2,17935,[H]C(=O)C12N=NC([H])(C([H])=N1)C13N([H])ON([H])C21N([H])C(=O)N3[H],1,2 5 3 4 11 1,10,15.241893045317337,10.180220511665102,20.490355065866304,15.436648940647569,6.398648884073822,21.83529782472139,0.0027719471338276,0.0002174008699632,0.0092709870993275,0.0002174008699632,-9.821625815487463,3.0416626650351288e-05,1.833752981717576e-05,0.0002535810972642,-8.670525563422913,-11.097779247295705,-13.528977026959986,18.758591443398394,18.406075238100943
27122,O=Cc1nccnn1,13432,OC1=C(O)c2ccccc21,18015,[H]OC12c3c([H])c([H])c([H])c([H])c3C1(O[H])C1(C([H])=O)N=NC2([H])C([H])=N1,1,2 5 1 2 11 1,2,18.066902041752385,14.275524086212906,23.357644583491336,15.867004698358164,5.609942304713453,21.47694700307161,0.0037942847459443,0.0001428406093219,0.0062348634501471,0.0001428406093219,-14.769714761563556,0.0001444167988319,2.7659273619712324e-05,0.0018717400403635,-16.03636900486478,-14.241535200950963,-10.15639549701286,22.230499626739203,22.015443719457924
27214,O=Cc1nccnn1,13432,OCC1=Cc2ccccc21,18025,[H]OC([H])([H])C12c3c([H])c([H])c([H])c([H])c3C1([H])C1(C([H])=O)N=NC2([H])C([H])=N1,1,2 5 3 2 11 1,6,17.109166548341587,11.411044605335286,22.689649067402808,15.655523221754535,4.416394938192156,20.07191815994669,0.0431802618881341,0.0002606999852284,0.0137514365191547,0.0002606999852284,-11.081823024951063,0.0036773965859727,2.999184935003737e-05,0.0073343888679705,-11.717778512490668,-13.005307326123145,-12.422521957829886,21.509668873816715,20.01421901851504
37510,O=Cc1nccnn1,13432,C1=C[C@H]2C=C[C@@H]3CC=C1[C@H]23,13787,[H]C(=O)C12N=NC([H])(C([H])=N1)C1([H])C23C([H])=C([H])[C@@]2([H])C([H])=C([H])[C@]([H])(C1([H])[H])[C@]32[H],1,2 5 8 7 11 1,22,19.035762433413563,7.500373678599993,20.023646411500696,15.31961836512023,5.980382160557159,21.30000052567739,1.0504322049990437e-05,2.1889768423642405e-06,0.0029539500187757,2.1889768423642405e-06,-5.060017220258878,1.4551303958835928e-05,1.241724614868962e-05,0.0001659682809468,-5.939641592086879,-5.954017635177735,-5.468906041047507,21.88838336052388,20.02928926429538
3713,O=Nn1ccnc1,13437,Nc1nc2c([nH]1)NON2,17291,[H]C1=NC2([H])N(N=O)C1([H])C13N=C(N([H])[H])N([H])C21N([H])ON3[H],1,3 6 3 4 10 1,4,17.138348428861008,9.698741313918909,20.623021237914728,15.261508988072888,7.48551874600135,22.74702773407424,0.0147766340051983,0.026731226348734,0.0410404371040891,0.026731226348734,-5.470000236583935,0.0130255022752788,0.0509385124586271,0.0270961862515089,-7.052838554586302,-5.5425127415149404,-8.311035382793285,22.47650682198664,20.65918490368336
6126,O=Nn1ccnc1,13437,O=c1[nH]c2c([nH]1)NON2,17935,[H]C1=NC2([H])N(N=O)C1([H])C13N([H])ON([H])C21N([H])C(=O)N3[H],1,3 6 3 4 10 1,4,14.91912270735858,8.68457428120942,18.00568412870033,14.881739001072848,8.109636076536951,22.9913750776098,0.010346638989679,0.0109301546376701,0.0165383106340674,0.0109301546376701,-10.857356150341502,0.0067923535176846,0.03148293049115,0.0022720503482897,-7.479383283885156,-9.702888035046756,-13.027051542645715,19.526242197082023,18.829433434418885
6780,O=Nn1ccnc1,13437,OC1=C(O)c2ccccc21,18015,[H]OC12c3c([H])c([H])c([H])c([H])c3C1(O[H])C1([H])C([H])=NC2([H])N1N=O,1,3 6 1 2 10 1,0,17.619357906631762,13.734558351565603,20.76243142613332,15.234258793246148,9.51259843339266,24.74685722663881,0.010843049076061,0.0174333959486418,0.0188782193174878,0.0174333959486418,-11.963301166435883,0.0122485292691734,0.019208074035814,0.0314310984591967,-12.47762842467484,-12.044182048876811,-9.02217910359164,23.61498895792407,23.49964633785944
6802,O=Nn1ccnc1,13437,OCC1=Cc2ccccc21,18025,[H]OC([H])([H])C12c3c([H])c([H])c([H])c([H])c3C1([H])C1([H])N=C([H])C2([H])N1N=O,1,3 6 2 3 10 1,0,16.722123727121037,11.177956424767684,20.1216128697996,15.09700105700364,8.070852380470168,23.16785343747381,0.0149235420923535,0.036498939343128,0.0294185295199592,0.036498939343128,-5.755994553964449,0.0532094263539578,0.0396849090800621,0.025946437611035,-6.928623960925393,-9.000177703459258,-10.2600965472041,23.87205099031079,22.086603930309604
3713,O=c1occcc1O,13458,Nc1nc2c([nH]1)NON2,17291,[H]OC12C(=O)OC([H])(C([H])=C1[H])C13N=C(N([H])[H])N([H])C21N([H])ON3[H],1,3 6 3 4 12 1,4,18.554653778384253,10.154160058077077,21.869010031445946,15.655498533776516,8.97809743029384,24.63359596407036,0.0303425003915928,0.0279087321527839,0.0344036345945991,0.0279087321527839,-11.305514093084028,0.0369547464230725,0.0381886722209565,0.0450567229456751,-12.282977167770872,-11.113114023291908,-13.745878680589476,23.066445314966163,23.76011187616744
6126,O=c1occcc1O,13458,O=c1[nH]c2c([nH]1)NON2,17935,[H]OC12C(=O)OC([H])(C([H])=C1[H])C13N([H])ON([H])C21N([H])C(=O)N3[H],1,3 6 3 4 12 1,4,15.458601404477848,8.631189205816657,19.916218805755143,15.355580616889668,7.805483415741179,23.161064032630847,0.0286874043069809,0.0168938730779338,0.0164900195661093,0.0168938730779338,-16.685598841856695,0.0147363244965949,0.0237583425970298,0.0019532826958809,-12.657057673463967,-15.54651830349826,-20.50051290136653,19.73646396787621,20.84140613306164
6802,O=c1occcc1O,13458,OCC1=Cc2ccccc21,18025,[H]OC([H])([H])C12c3c([H])c([H])c([H])c([H])c3C1([H])C1(O[H])C(=O)OC2([H])C([H])=C1[H],1,3 6 2 3 12 1,0,16.390290579185155,11.44380393879298,22.77458065688884,15.426112359449707,6.383722767061904,21.80983512651161,0.0320736453855008,0.0274584757414922,0.0543299694412875,0.0274584757414922,-13.674103372683652,0.0481202559108142,0.0766776902736643,0.1197978978392551,-12.12351216994754,-16.020102215739307,-18.47010069304981,21.620342194546826,22.57215140439309
7000,O=c1occcc1O,13458,O[C@@H]1CC/C=C/CCC1,18100,[H]OC12C(=O)OC([H])(C([H])=C1[H])C1([H])C([H])([H])C([H])([H])C([H])([H])[C@]([H])(O[H])C([H])([H])C([H])([H])C21[H],1,3 6 5 6 12 1,2,19.68691308253134,5.107358577064487,18.54275372470717,15.21107700370137,7.084852728209871,22.29592973191124,0.0726947992839712,0.0961780524210054,0.0631505411727506,0.0961780524210054,-11.0952514480501,0.0512014347264656,0.0650722560554249,0.0537248292255793,-8.38546282500473,-9.027567448820657,-9.504253092763712,23.021623565787984,23.52093634012072
9382,O=c1occcc1O,13458,C1=C[C@H]2C=C[C@@H]3CC=C1[C@H]23,13787,[H]OC12C(=O)OC([H])(C([H])=C1[H])C13C([H])=C([H])[C@@]4([H])C([H])=C([H])[C@]([H])(C([H])([H])C21[H])[C@]34[H],1,3 6 8 7 12 1,10,18.750006437147544,6.897263488653795,17.938818681498685,15.105779127814692,8.610422354202147,23.71620148201684,6.237156983965894e-05,0.0002934422009829,0.0028407096730476,0.0002934422009829,-9.21974858487026,0.004812421718747,0.0033417898193037,0.0038604416441322,-8.356833457796185,-8.608821299279512,-9.993613574735209,23.7139059371878,23.614247866797964
3713,OCC1=NN=CC1,13471,Nc1nc2c([nH]1)NON2,17291,[H]OC([H])([H])C12N=NC([H])(C1([H])[H])C13N([H])ON([H])C12N=C(N([H])[H])N3[H],1,2 5 3 4 13 1,4,17.05061402442829,7.46049070705573,19.454188442048896,16.095109114623824,5.209401189298127,21.30451030392195,0.0307960120179075,0.0697284742811815,0.0390799043309666,0.0697284742811815,-19.31029467261365,0.0478755375544809,0.0526683229847345,0.0419094082500772,-18.554145236861032,-18.911463740820167,-18.37429078233789,21.46699028180921,22.3104067367456
6127,OCC1=NN=CC1,13471,O=c1[nH]c2c([nH]1)NON2,17935,[H]OC([H])([H])C12N=NC([H])(C1([H])[H])C13N([H])ON([H])C12N([H])C(=O)N3[H],0,2 5 3 4 13 0,5,14.705422678809988,6.740444174617836,18.15405793978925,15.627350284373389,5.167602647906108,20.794952932279493,0.0134608872492551,0.0301171994582436,0.0378188501990633,0.0301171994582436,-24.773286796972265,0.019114734695157,0.0176464364896316,0.0034684547308311,-18.573191399590428,-21.78103387136332,-23.380494738830706,18.27101137737147,19.63064219777963
6780,OCC1=NN=CC1,13471,OC1=C(O)c2ccccc21,18015,[H]OC([H])([H])C12N=NC([H])(C1([H])[H])C1(O[H])c3c([H])c([H])c([H])c([H])c3C12O[H],1,2 5 1 2 13 1,0,16.29651271860882,12.061820863071118,21.464354155647463,16.01063149157775,6.501326030657822,22.511957522235573,0.011103694142112,0.0112610551662771,0.0247487457766056,0.0112610551662771,-25.94367303007013,0.0267059637018052,0.0153974086002286,0.0324138604477511,-27.338269215967173,-27.16247473170403,-21.98571273915006,21.71072050130612,23.217441014867084
6804,OCC1=NN=CC1,13471,OCC1=Cc2ccccc21,18025,[H]OC([H])([H])C12N=NC([H])(C1([H])[H])C1(C([H])([H])O[H])c3c([H])c([H])c([H])c([H])c3C21[H],1,2 5 3 2 13 1,2,15.26106837661222,9.359258196226168,20.416306465096035,15.720976786460838,4.122198288068333,19.84317507452917,0.0459796866858571,0.0425965960303974,0.0468456346858916,0.0425965960303974,-21.78540904687033,0.1331035496772309,0.0172617388819615,0.1718024707248725,-22.83754418819614,-25.56588789572165,-23.57177102203888,19.470930660362697,20.699978363723808
7000,OCC1=NN=CC1,13471,O[C@@H]1CC/C=C/CCC1,18100,[H]OC([H])([H])C12N=NC([H])(C1([H])[H])C1([H])C([H])([H])C([H])([H])[C@@]([H])(O[H])C([H])([H])C([H])([H])C([H])([H])C21[H],1,2 5 5 6 13 1,2,17.75817336241162,2.900836007321665,16.61892735432721,15.50628393145088,4.022480491554186,19.528764423005065,0.0428497249629515,0.0492623560300432,0.0381982741956736,0.0492623560300432,-17.536597464930445,0.0596029948606363,0.0371177480022488,0.037288149045212,-15.906611577677609,-18.07093827324222,-14.448687043693802,20.365824996790348,21.12924017500212
9381,OCC1=NN=CC1,13471,C1=C[C@H]2C=C[C@@H]3CC=C1[C@H]23,13787,[H]OC([H])([H])C12N=NC([H])(C1([H])[H])C13C([H])=C([H])[C@@]4([H])C([H])=C([H])[C@]([H])(C([H])([H])C21[H])[C@]34[H],0,2 5 7 8 13 0,9,16.511318628089242,3.471738113991611,15.780797212138111,15.241277314783568,5.152112625691641,20.39338994047521,0.002980499218518,0.0164430213304746,0.0012927581842708,0.0164430213304746,-14.76696666059825,0.0178700992809301,0.0106404203027779,0.0089409516483834,-14.912944690569889,-20.4147493320639,-16.614897286362307,19.364924202079653,19.20366411982533
215,Oc1ccc(O)o1,13517,FC(F)(F)C1=CC=C=CN1,16502,[H]OC12OC(O[H])(C([H])=C1[H])C1([H])C([H])=C(C(F)(F)F)N([H])C([H])=C21,0,1 4 6 7 11 0,3,16.63010386236831,8.333737687175674,22.77816349010197,16.20678948910689,2.312052251680573,18.51884174078746,0.0188684059890461,0.0101606297227526,0.000737053994929,0.0101606297227526,-23.00527530431396,0.019964687483954,0.0063298152570258,0.0045340939093771,-25.383722656674927,-25.619876976584024,-20.832813220285274,20.25416735089397,21.658432628574268
1860,Oc1ccc(O)o1,13517,Nc1nc2c([nH]1)NON2,17291,[H]OC12OC(O[H])(C([H])=C1[H])C13N([H])ON([H])C21N=C(N([H])[H])N3[H],1,1 4 3 4 11 1,2,15.379576787479184,8.954830414820442,18.98067929406497,16.37709521888156,5.210437306803293,21.587532525684853,0.045960477409885,0.0308783738849946,0.0056084320928616,0.0308783738849946,-16.78365954098289,0.060239761567723,0.0095691981160365,0.0102826164323329,-19.04318735744028,-15.47811145116706,-16.6530253650091,20.768807979265645,22.190860151847136
2720,Oc1ccc(O)o1,13517,O=CC#CC(F)(F)F,17787,[H]OC12OC(O[H])(C([H])=C1[H])C(C(F)(F)F)=C2C([H])=O,1,1 4 2 3 11 1,0,13.59223939682967,14.320164918982131,23.93799127798319,16.041866970052883,7.0726861233749645,23.114553093427848,0.003066669185917,0.0002767290096836,0.0042277644744107,0.0002767290096836,-8.054187480216818,0.0025521029562281,0.0004263354038938,0.0014619930875039,-8.711953322146819,-8.703111568258727,-15.147050159710254,20.71399374253135,21.84242881367229
3076,Oc1ccc(O)o1,13517,O=c1[nH]c2c([nH]1)NON2,17935,[H]OC12OC(O[H])(C([H])=C1[H])C13N([H])ON([H])C21N([H])C(=O)N3[H],0,1 4 3 4 11 0,3,13.358768278234097,7.478249515571955,18.15799833870677,16.07372819165914,4.225849653845607,20.299577845504743,0.0192985592279748,0.0209126701649439,0.0066403385373881,0.0209126701649439,-22.90615251278928,0.0195106014538054,0.0027189483535437,0.0013647116796598,-19.39227381986194,-18.68319372312844,-23.089950709377355,15.733765811624725,17.158800671354154
3406,Oc1ccc(O)o1,13517,OC1=C(O)c2ccccc21,18015,[H]OC12OC(O[H])(C([H])=C1[H])C1(O[H])c3c([H])c([H])c([H])c([H])c3C21O[H],1,1 4 1 2 11 1,0,16.080328565606003,13.21435783640812,21.265958522772685,16.3788004607276,6.098818562379265,22.477619023106865,0.0118329810286523,0.0078218499863439,0.0046352140133202,0.0078218499863439,-23.36022263704552,0.0166453065536572,0.0059410511898135,0.0143567816832684,-24.80690882542052,-20.07775996125976,-19.31053725753953,20.944151304152697,23.12049843725228
3421,Oc1ccc(O)o1,13517,OCC1=Cc2ccccc21,18025,[H]OC([H])([H])C12c3c([H])c([H])c([H])c([H])c3C1([H])C1(O[H])OC2(O[H])C([H])=C1[H],1,1 4 2 3 11 1,0,15.239648031097776,10.522248565636886,21.68201891611364,15.922828230919146,3.89944651382746,19.822274744746608,0.0171370489510558,0.0123935870926264,0.0076580121941013,0.0123935870926264,-18.63269011120034,0.0431344649007505,0.0056284408973412,0.0817085058066478,-16.844110103830097,-18.182445206451582,-20.78185037325389,19.56036371236069,20.58394938747181
3521,Oc1ccc(O)o1,13517,O[C@@H]1CC/C=C/CCC1,18100,[H]OC12OC(O[H])(C([H])=C1[H])C1([H])C([H])([H])C([H])([H])[C@@]([H])(O[H])C([H])([H])C([H])([H])C([H])([H])C21[H],0,1 4 6 5 11 0,1,17.443852711178806,2.408876531914119,14.352567209000616,15.669119629791908,4.694738499842931,20.36385812963484,0.0277438719253728,0.1455324832518778,0.0031244060023561,0.1455324832518778,-16.096937451111394,0.1699271678470629,0.0347292101994802,0.0162180636680002,-15.473412570287929,-12.271508822807562,-12.086097064121525,19.651836464288497,20.41562669043698
4662,Oc1ccc(O)o1,13517,C1=CC=C=c2ccccc2=1,13758,[H]OC12OC(O[H])(C([H])=C1[H])C1([H])C([H])=C=c3c([H])c([H])c([H])c([H])c3=C21,0,1 4 2 3 11 0,3,18.891073948091275,8.71490112062475,23.21658404029501,15.946653918286746,4.639633519329276,20.586287437616026,0.0036406499620341,0.0018782975771855,0.0045703490707912,0.0018782975771855,-11.232209814754,0.007700257120358,0.0007678733276623,0.0143551179802178,-12.60988650068407,-9.276634455024071,-8.3156648003012,21.930275307709906,20.7848501611639
4732,Oc1ccc(O)o1,13517,C1=C[C@H]2C=C[C@@H]3CC=C1[C@H]23,13787,[H]OC12OC(O[H])(C([H])=C1[H])C13C([H])=C([H])[C@@]4([H])C([H])=C([H])[C@]([H])(C([H])([H])C21[H])[C@]34[H],0,1 4 7 8 11 0,5,16.044270954809388,5.71262209962028,14.59006161866934,15.395330012661944,6.322504332072333,21.71783434473428,0.0013137235935675,0.0209305223590846,0.0005355915571928,0.0209305223590846,-10.726092597927142,0.0147882600031476,0.0018369464403211,0.0058550815188613,-10.042580454242804,-13.5377149914231,-14.097594939351318,21.1500754788018,21.82559102106781
430,Oc1ccoc1O,13526,FC(F)(F)C1=CC=C=CN1,16502,[H]OC1=C([H])C2([H])OC1(O[H])C1=C([H])N([H])C(C(F)(F)F)=C([H])C12[H],1,5 3 7 6 11 1,6,14.65185728855902,8.32461127702405,20.238013111057445,15.921578877395298,4.179122991172939,20.10070186856824,0.0185051028865478,0.0094575717079393,0.014462962323541,0.0094575717079393,-23.47116868678554,0.02743878898653,0.0302940915050285,0.0593074406441443,-26.1272830860874,-25.60729588500801,-21.34315607585148,18.907453591189928,22.86298295760097
888,Oc1ccoc1O,13526,N#CC(F)(F)C(F)=C(F)F,16603,[H]OC1=C([H])C2([H])OC1(O[H])C(F)(C(F)(F)C#N)C2(F)F,1,5 3 5 7 11 1,0,14.104993513006876,18.86028646952176,24.434103224283223,15.238706494672511,10.10474557006497,25.343452064737484,0.0054866399094595,0.0117188100324219,0.015538466361606,0.0117188100324219,-10.373798267737683,0.0443922515260462,0.0097356665213729,0.0163616627943634,-9.624315522132534,-12.081971575321155,-11.47389850000978,23.780269204124284,23.07165932175564
3713,Oc1ccoc1O,13526,Nc1nc2c([nH]1)NON2,17291,[H]OC1=C([H])C2([H])OC1(O[H])C13N=C(N([H])[H])N([H])C21N([H])ON3[H],1,5 3 3 4 11 1,4,13.393407631708849,7.8880713903349555,18.247123630017672,15.934601939696798,4.07509385837319,20.009695798069988,0.077408410498843,0.0975698644266668,0.0288681373728296,0.0975698644266668,-18.198510463115724,0.1462490803474267,0.1164222284717522,0.0314936109902425,-20.9439010707885,-17.819489554000207,-17.643854012535087,19.518644865480148,20.997666334427755
5419,Oc1ccoc1O,13526,O=CC#CC(F)(F)F,17787,[H]OC1=C([H])C2([H])OC1(O[H])C(C(F)(F)F)=C2C([H])=O,1,5 3 3 2 11 1,1,11.518075149972123,14.223584485669663,22.205368151297456,15.533180679849126,5.212810982495903,20.745991662345027,5.051122770418277e-05,0.0208530640215461,0.007890277020518,0.0208530640215461,-11.830802564114514,0.0062444762903718,0.0107390455431194,0.0150590807853583,-11.27454364559788,-13.386516432032517,-14.386984244942106,19.37876041164565,20.270036879763904
6127,Oc1ccoc1O,13526,O=c1[nH]c2c([nH]1)NON2,17935,[H]OC1=C([H])C2([H])OC1(O[H])C13N([H])ON([H])C21N([H])C(=O)N3[H],0,5 3 3 4 11 0,5,11.09758473798764,6.286087935651839,17.81344922878718,15.41877215485748,3.0224375322537966,18.441209687111275,0.0291913143750359,0.0474238732065962,0.0535562106662705,0.0474238732065962,-24.271819503084814,0.0782471523188535,0.0278936683091001,0.0034335068320155,-21.28417578627041,-21.133225965430327,-24.450358011530284,14.820416936442726,16.763522456315798
6780,Oc1ccoc1O,13526,OC1=C(O)c2ccccc21,18015,[H]OC1=C([H])C2([H])OC1(O[H])C1(O[H])c3c([H])c([H])c([H])c([H])c3C21O[H],1,5 3 1 2 11 1,0,13.990268541099368,12.659285729106688,20.399830974246782,15.635380992378067,4.032531837575121,19.66791282995319,0.0370128498191728,0.0172038639768186,0.0349157836771978,0.0172038639768186,-24.01307149210404,0.1282437922803397,0.0107413572410937,0.0513721916036064,-26.287454611006048,-23.30871323072561,-20.01354020630492,19.761247017195853,21.622832549083697
6804,Oc1ccoc1O,13526,OCC1=Cc2ccccc21,18025,[H]OC1=C([H])C2([H])OC1(O[H])C1([H])c3c([H])c([H])c([H])c([H])c3C21C([H])([H])O[H],1,5 3 3 2 11 1,2,12.39390505270721,10.773898973865697,20.327935714959683,15.040624781810568,3.341340729786648,18.38196551159721,0.1849661850783598,0.0119801223294051,0.0419386772444078,0.0119801223294051,-19.322860402853472,0.5482260746872026,0.0091473482771857,0.1513411617428702,-19.57756386143264,-21.92691395779611,-21.785378571881505,18.012778138444414,19.236891455434336
7000,Oc1ccoc1O,13526,O[C@@H]1CC/C=C/CCC1,18100,[H]OC1=C([H])C2([H])OC1(O[H])C1([H])C([H])([H])C([H])([H])C([H])([H])[C@]([H])(O[H])C([H])([H])C([H])([H])C21[H],1,5 3 5 6 11 1,2,15.036136792105408,2.442950266541226,15.064282833405066,14.832051792294452,1.3052976104054288,16.137349402699883,0.094740570847677,0.11971604959865,0.1442339612635488,0.11971604959865,-15.841517449600708,0.1425951820595811,0.0461484740340691,0.0290122553935139,-16.03111697553738,-15.26580242554948,-13.244251419566568,17.699127259715333,18.858587608351595
9245,Oc1ccoc1O,13526,C1=CC=C=c2ccccc2=1,13758,[H]OC1=C([H])C2([H])OC1(O[H])C1=c3c([H])c([H])c([H])c([H])c3=C=C([H])C12[H],0,5 3 0 1 11 0,1,17.062649840391437,8.997654906353695,23.343566809935133,15.480976885517991,4.958778729994474,20.439755615512468,0.0087213434702653,0.0321129577352577,0.0240377745751822,0.0321129577352577,-11.376145112229182,0.0071654969807988,0.0053644841791468,0.0384089092631195,-12.389046783265435,-11.311268542649536,-8.95405934899106,19.629965115546376,21.32047827471083
9382,Oc1ccoc1O,13526,C1=C[C@H]2C=C[C@@H]3CC=C1[C@H]23,13787,[H]OC1=C([H])C2([H])OC1(O[H])C13C([H])=C([H])[C@@]4([H])C([H])=C([H])[C@]([H])(C([H])([H])C21[H])[C@]34[H],1,5 3 8 7 11 1,10,14.49426425738804,5.617130812229119,16.151233166504014,14.880037230745677,4.022210107280564,18.90224733802624,0.0001948556246854,0.0012399332222107,0.010023464639968,0.0012399332222107,-14.65837666661615,0.0029765394985885,0.0032368865324288,0.0098838237129925,-14.906615923253511,-13.93098931515177,-13.58417678303568,19.259786555140675,20.13253159886172
5419,c1cc(C2CC2)co1,13537,O=CC#CC(F)(F)F,17787,[H]C(=O)C1=C(C(F)(F)F)C2([H])OC1([H])C(C1([H])C([H])([H])C1([H])[H])=C2[H],1,0 6 3 2 16 1,1,13.630271638365947,14.982615671631402,21.046916404942746,15.373420971597216,9.812363469523849,25.185784441121065,8.223233474177455e-05,0.0121992739254602,0.0072636814072397,0.0121992739254602,-5.117496676132596,0.0026119673569884,0.0112428913334028,0.0325645725147407,-5.151039103908921,-6.236960436185296,-7.682606129785935,24.07186118663897,23.37811768127785
6127,c1cc(C2CC2)co1,13537,O=c1[nH]c2c([nH]1)NON2,17935,[H]C1=C(C2([H])C([H])([H])C2([H])[H])C2([H])OC1([H])C13N([H])ON([H])C21N([H])C(=O)N3[H],0,0 6 3 4 16 0,5,14.368061055036682,8.546854013317535,16.63227130757998,15.102320915872838,9.670428747018851,24.77274966289169,0.0178331569139521,0.0549786120159539,0.0476677926401736,0.0549786120159539,-16.616231590534035,0.0312294878527247,0.017133511994883,0.0026019402297875,-12.37239009626471,-12.905389800351386,-15.74984867903553,20.376634384715885,21.32345930006485
6804,c1cc(C2CC2)co1,13537,OCC1=Cc2ccccc21,18025,[H]OC([H])([H])C12c3c([H])c([H])c([H])c([H])c3C1([H])C1([H])OC2([H])C(C2([H])C([H])([H])C2([H])[H])=C1[H],1,0 6 3 2 16 1,2,15.171035919199948,11.977089225141372,18.68645161392026,15.197653681141205,9.077014112942472,24.27466779408368,0.1012619933440886,0.0089617832918397,0.0462058574092883,0.0089617832918397,-8.32610556648185,0.1345644126655508,0.0053100243158052,0.1014205239837658,-9.413527316663348,-12.179980561581814,-12.952868137511132,22.92737361088601,23.236924767670715
215,c1ccoc1,13549,FC(F)(F)C1=CC=C=CN1,16502,[H]C1=C2C3([H])OC([H])(C([H])=C3[H])C2([H])C([H])=C(C(F)(F)F)N1[H],0,4 2 6 7 9 0,3,16.914225432422533,8.215259209640886,19.30706340725596,15.096638349511508,5.348047498456257,20.444685847967765,0.0624227450096612,0.0105861567113852,0.0032557082631916,0.0105861567113852,-12.016932971930691,0.0104241795447683,0.0159460450455603,0.0056526201780637,-15.182809286848467,-15.739693992423078,-11.831672299743502,23.37021057073038,23.805936812275053
3075,c1ccoc1,13549,O=c1[nH]c2c([nH]1)NON2,17935,[H]C1=C([H])C2([H])OC1([H])C13N([H])ON([H])C21N([H])C(=O)N3[H],1,4 2 3 4 9 1,2,13.6051386834503,8.847068409486841,14.61281715551195,14.77475530901662,9.089191873701331,23.86394718271795,0.0170689521727175,0.0225513796711885,0.0133889628407013,0.0225513796711885,-12.836670458800732,0.0150815042737747,0.0157797999555033,0.0024113631709455,-9.572241100869675,-10.706212997013791,-14.051743549372318,20.82225720152444,21.502982444726552
3421,c1ccoc1,13549,OCC1=Cc2ccccc21,18025,[H]OC([H])([H])C12c3c([H])c([H])c([H])c([H])c3C1([H])C1([H])OC2([H])C([H])=C1[H],1,4 2 2 3 9 1,0,16.128023771671273,10.95174201652256,18.80783269762756,14.882857246723274,8.234534986344006,23.11739223306728,0.0461213978321802,0.0336009587235332,0.0714084510852474,0.0336009587235332,-4.577502125548463,0.1037093022980211,0.0113633478060455,0.0838425934851192,-4.292778706900627,-8.814997601060206,-9.402394189009016,24.12589991843488,23.990912913495045
15331,c1cnccn1,13555,O=c1[nH]c2c([nH]1)NON2,17935,[H]C1=NC2([H])C([H])=NC1([H])C13N([H])ON([H])C21N([H])C(=O)N3[H],1,4 1 3 4 10 1,14,16.25260140879767,9.39305999425341,15.985875236320378,14.522774967068898,12.170875999047244,26.69365096611614,0.0141795268902787,0.0125665224068499,0.017345478719464,0.0125665224068499,-8.838241953980308,0.0043459520739216,0.0172454020011443,0.004326743562562,-6.308122526447612,-7.40782739988974,-11.33967780360409,23.63028465451009,21.81453374373219
429,c1cocn1,13561,FC(F)(F)C1=CC=C=CN1,16502,[H]C1=NC2([H])OC1([H])C1=C([H])N([H])C(C(F)(F)F)=C([H])C12[H],0,3 1 6 7 8 0,5,16.527403473196404,8.003394981839453,19.423205424975464,15.132935504268724,5.513467434754837,20.64640293902356,0.0356079044580793,0.0049668408089629,0.0022932761354719,0.0049668408089629,-12.802671945690058,0.0180769052727069,0.0398265517021171,0.004492280358902,-15.066226123893736,-15.592575997349025,-15.039569346545,21.87601953605209,22.473040995094912
6126,c1cocn1,13561,O=c1[nH]c2c([nH]1)NON2,17935,[H]C1=NC2([H])OC1([H])C13N([H])ON([H])C21N([H])C(=O)N3[H],1,3 1 3 4 8 1,4,14.840779429445758,9.331571036475824,14.900700956039891,14.664826795289644,9.940841937532689,24.60566873282233,0.0187023806464014,0.0076815641963456,0.0103557723591929,0.0076815641963456,-9.04818193069194,0.0107436416684731,0.0168319957073543,0.0032990835194531,-5.770800158474387,-9.438341093273865,-13.081684629464476,21.512414325978234,21.92050876380463
6804,c1cocn1,13561,OCC1=Cc2ccccc21,18025,[H]OC([H])([H])C12c3c([H])c([H])c([H])c([H])c3C1([H])C1([H])N=C([H])C2([H])O1,1,3 1 3 2 8 1,2,16.106659231054323,11.053471403584528,17.842959093142092,14.709608337436178,8.613035038937792,23.322643376373968,0.1512608191041234,0.0040745095191259,0.023401067737653,0.0040745095191259,-6.3147281553326025,0.3403293787172181,0.0142590970079367,0.1312143869971198,-6.4204020952372645,-9.69621232133376,-9.493542044184196,23.531834477011344,22.89628961783059
6127,c1nc2c([nH]1)CNC2,13568,O=c1[nH]c2c([nH]1)NON2,17935,[H]N1C([H])([H])C2=NC3([H])N([H])C2(C1([H])[H])C12N([H])ON([H])C31N([H])C(=O)N2[H],0,0 3 3 4 15 0,5,15.70168697881095,7.924282523637182,19.97676206895864,15.986022118514816,7.078929940676925,23.06495205919174,0.0227979829431313,0.0191747944688972,0.0144050635465212,0.0191747944688972,-13.543489570529722,0.0314850793487902,0.0103132148299501,0.0045734441529824,-7.44288877280048,-10.558420214179913,-15.365511852449352,19.751120346221445,21.972856595698364
429,c1nc2c([nH]1)NON2,13569,FC(F)(F)C1=CC=C=CN1,16502,[H]C1=C2C34C(=NC([H])(N3[H])C2([H])C([H])=C(C(F)(F)F)N1[H])N([H])ON4[H],0,0 3 6 7 12 0,5,15.108145029912,7.763948154529448,22.634989936853074,15.819886583832526,2.649063663100087,18.46895024693261,0.0458719325723949,0.014030476003903,0.0124035467010955,0.014030476003903,-22.694605098377217,0.0176821362698293,0.0533286614863286,0.0443379350574339,-23.46325797479946,-27.20430966214825,-27.982145312559204,18.982567107134493,21.873497568671684
3713,c1nc2c([nH]1)NON2,13569,Nc1nc2c([nH]1)NON2,17291,[H]N([H])C1=NC23N([H])ON([H])C2(N1[H])C12C(=NC3([H])N1[H])N([H])ON2[H],1,0 3 3 4 12 1,4,15.832233583317825,8.547505886616726,19.97716237733689,15.869318680034102,3.9923278351862335,19.861646515220336,0.0900084278072536,0.0374015061895059,0.0601280085892044,0.0374015061895059,-16.53189943218834,0.0708093057589357,0.0519946771955762,0.0679983113951719,-17.53346810081534,-16.50628853312081,-16.48953830073998,20.4442337138028,23.08877568419572
5419,c1nc2c([nH]1)NON2,13569,O=CC#CC(F)(F)F,17787,[H]C(=O)C1=C(C(F)(F)F)C2([H])N=C3N([H])ON([H])C31N2[H],1,0 3 3 2 12 1,1,12.70816487497282,14.219856890941514,22.76327321416713,15.710685666948851,7.114243307996777,22.824928974945628,2.112110985184223e-05,0.0086695428495213,0.0185584641457774,0.0086695428495213,-12.045458820378734,0.0013815475936137,0.0093457858721927,0.0935945444792134,-11.817340825267207,-12.444533408623982,-12.92853539651329,21.52335857791888,23.46725398018843
6127,c1nc2c([nH]1)NON2,13569,O=c1[nH]c2c([nH]1)NON2,17935,[H]N1ON([H])C23C1=NC([H])(N2[H])C12N([H])ON([H])C31N([H])C(=O)N2[H],0,0 3 3 4 12 0,5,13.544516612846532,6.849926914302408,19.988353684094896,15.540961061675832,4.152344904904549,19.693305966580382,0.0401658984561598,0.0162016625441842,0.059919282336664,0.0162016625441842,-20.681255046176297,0.0240966405411622,0.0153009007121533,0.0076765507881305,-16.61383724308604,-18.825890296876523,-22.896406427840454,16.798073061642928,19.19701553770777
6804,c1nc2c([nH]1)NON2,13569,OCC1=Cc2ccccc21,18025,[H]OC([H])([H])C12c3c([H])c([H])c([H])c([H])c3C1([H])C1([H])N=C3N([H])ON([H])C32N1[H],1,0 3 3 2 12 1,2,15.036107367885712,10.396934854227789,21.49607812233954,15.606922748246058,3.751702345744693,19.35862509399076,0.1006392326201112,0.0037707270596362,0.0376071965875175,0.0037707270596362,-17.80485956335786,0.1810833550314936,0.0096066762597983,0.2210422690763475,-19.355572237633268,-19.651635282684268,-19.938486963006127,19.75010852492606,21.73178411975785
7000,c1nc2c([nH]1)NON2,13569,O[C@@H]1CC/C=C/CCC1,18100,[H]O[C@@]1([H])C([H])([H])C([H])([H])C([H])([H])C2([H])C3([H])N=C4N([H])ON([H])C4(N3[H])C2([H])C([H])([H])C1([H])[H],1,0 3 5 6 12 1,2,17.259073884714677,2.9273276290426544,17.23870321722981,15.3359771688854,2.280907458620195,17.616884627505595,0.0418260391277483,0.1241693768331159,0.0745298627742678,0.1241693768331159,-14.090702243698152,0.1166924854222817,0.0772227554095155,0.0382954808317517,-13.820042574395876,-13.702851295188673,-12.058435974057003,20.407587563061742,22.54989473835184
9249,c1nc2c([nH]1)NON2,13569,C1=CC=C=c2ccccc2=1,13758,[H]C1=C=c2c([H])c([H])c([H])c([H])c2=C2C34C(=NC([H])(N3[H])C12[H])N([H])ON4[H],0,0 3 2 3 12 0,5,18.896229944514847,8.97216820850771,22.47531288262101,15.790906198046684,4.963895279904008,20.754801477950693,0.0047514690226811,0.0059901645521622,0.0217979363146198,0.0059901645521622,-12.639366511528266,0.003156569741662,0.0070333451684139,0.0262970110985465,-12.105452841946708,-10.086948374920349,-7.371326654903672,22.18931472066925,23.395671624817908
9382,c1nc2c([nH]1)NON2,13569,C1=C[C@H]2C=C[C@@H]3CC=C1[C@H]23,13787,[H]C1=C([H])[C@@]2([H])C([H])=C([H])[C@]3([H])C([H])([H])C4([H])C56C(=NC([H])(N5[H])C14[C@]23[H])N([H])ON6[H],1,0 3 8 7 12 1,10,16.42105905597468,5.713391463481873,16.475063155456517,15.081785714864688,6.655605443477967,21.737391158342653,0.0001455404976744,0.0005598621654106,0.0043451601252029,0.0005598621654106,-11.459005887264794,0.0078595103943589,0.0117216157270514,0.0085496225774684,-11.02732938749726,-11.99365145250414,-12.433882218239368,20.840395125863218,23.28581871560609
6127,C#Cc1ccc(=O)[nH]c1,13634,O=c1[nH]c2c([nH]1)NON2,17935,[H]C#CC1=C([H])C2([H])C(=O)N([H])C1([H])C13N([H])ON([H])C21N([H])C(=O)N3[H],0,8 4 3 4 14 0,5,17.075072064958498,9.803634136857834,20.95492061158601,15.341779092053198,8.438136421790237,23.779915513843434,0.017801320124989,0.0296667879472018,0.0150544405280682,0.0296667879472018,-18.716827130234435,0.0354390166929294,0.029075232259793,0.0071151838351532,-15.001170781239196,-18.36800043164979,-18.565972230607947,21.69540481043855,22.6729914676782
11147,C#Cc1cnc(OC)cn1,13659,Nc1nc2c([nH]1)NON2,17291,[H]C#CC1=NC2([H])C(OC([H])([H])[H])=NC1([H])C13N([H])ON([H])C21N=C(N([H])[H])N3[H],1,8 3 3 4 16 1,20,19.867350808484453,11.537289821726432,21.860660132579124,15.370271928127169,8.769000744018037,24.139272672145204,0.0047579332596247,0.0803349790979143,0.0478073151541847,0.0803349790979143,-10.033908586991233,0.0077052373986829,0.0412651052924682,0.0654175985140898,-10.909347070174832,-10.346233492912326,-8.767952668693404,25.18702199832645,23.815729641411405
18382,C#Cc1cnc(OC)cn1,13659,O=c1[nH]c2c([nH]1)NON2,17935,[H]C#CC1=NC2([H])C(OC([H])([H])[H])=NC1([H])C13N([H])ON([H])C21N([H])C(=O)N3[H],1,8 3 3 4 16 1,16,16.997721815650515,9.40438560236298,19.594008372236672,15.003476628089688,8.80906801393838,23.812544642028065,0.0029183899362715,0.0405919671126181,0.0652320039985093,0.0405919671126181,-15.54119724669038,0.0079498596325963,0.0269330369179061,0.0091542469161064,-11.886550707597394,-14.064691718464717,-15.183476247965466,22.23550470861201,20.592465408000816
20414,C#Cc1cnc(OC)cn1,13659,OCC1=Cc2ccccc21,18025,[H]C#CC1=NC2([H])C(OC([H])([H])[H])=NC1([H])C1([H])c3c([H])c([H])c([H])c([H])c3C21C([H])([H])O[H],1,8 3 2 3 16 1,8,18.61378074964787,11.506242535396174,21.794275154588203,15.328329423836106,6.753546381758639,22.081875805594745,0.0047185410309668,0.0444235596205809,0.0927217302830639,0.0444235596205809,-10.389709520663686,0.0245910631301673,0.0426109805831593,0.1194344357069601,-9.470238207777946,-12.872840253543522,-12.273114295403992,23.76789846952171,22.48823339100708
1737,C/C(=N/O)c1cnccn1,13680,FC(F)(F)C1=CC=C=CN1,16502,[H]O/N=C(\C1=NC2([H])C([H])=NC1([H])C1=C([H])N([H])C(C(F)(F)F)=C([H])C12[H])C([H])([H])[H],0,8 5 6 7 17 0,41,19.792544372340544,9.97973530706181,20.282789167511343,15.530301316870672,8.281276806134645,23.81157812300532,0.0135591688337783,0.0131499610696097,0.0055359759442682,0.0131499610696097,-12.495586322177154,0.0061518261996672,0.043700755609379,0.0128852327956475,-10.487512344029362,-12.056977117261797,-9.10558018614462,24.216230668032413,23.671450636283385
24510,C/C(=N/O)c1cnccn1,13680,O=c1[nH]c2c([nH]1)NON2,17935,[H]O/N=C(\C1=NC2([H])C([H])=NC1([H])C13N([H])ON([H])C21N([H])C(=O)N3[H])C([H])([H])[H],1,8 5 3 4 17 1,22,17.611499760034874,10.888649022012771,19.17516865315137,15.013055038723246,11.11309518213614,26.126150220859387,0.0044915727175209,0.0181189618917309,0.0277702018203791,0.0181189618917309,-9.53803962019387,0.0040824371505539,0.0169986643898533,0.0044599878482157,-6.126707323805043,-9.087899372792997,-9.18257374831932,23.52455851122772,21.596465706468912
27222,C/C(=N/O)c1cnccn1,13680,OCC1=Cc2ccccc21,18025,[H]O/N=C(\C1=NC2([H])C([H])=NC1([H])C1(C([H])([H])O[H])c3c([H])c([H])c([H])c([H])c3C21[H])C([H])([H])[H],1,8 5 3 2 17 1,14,18.63451827806308,12.565948818309892,20.82989574083917,15.320222844611022,8.615514215585769,23.9357370601968,0.017446294546208,0.0092177457261509,0.0169311100414269,0.0092177457261509,-6.439777566961773,0.0435363669818082,0.0097992817397339,0.0387191237594988,-7.308067651560009,-9.384324834971949,-8.708341056989504,24.49959476309424,22.772865011074785
12249,C/C=C(C)/C=C/C=C(C)C,13694,O=c1[nH]c2c([nH]1)NON2,17935,[H]C(=C(C([H])([H])[H])C([H])([H])[H])C1([H])C([H])=C(C([H])([H])[H])C([H])(C([H])([H])[H])C23N([H])ON([H])C21N([H])C(=O)N3[H],0,1 5 3 4 26 0,5,15.51577450557152,8.523245598537887,17.90947044683392,15.788417114267084,7.816183363902308,23.604600478169395,0.0112439817872695,0.0556019401435301,0.0034113724664425,0.0556019401435301,-36.49875709736175,0.015128061892538,0.0226346623394957,0.0005848304034591,-32.60987386701836,-33.284097045885254,-35.7088764513769,20.76566012045717,21.733481898655537
429,C1=CC2=C(C1)CCCC2,13754,FC(F)(F)C1=CC=C=CN1,16502,[H]C1=C2C([H])(C([H])=C(C(F)(F)F)N1[H])C1([H])C([H])=C3C([H])([H])C([H])([H])C([H])([H])C([H])([H])C32C1([H])[H],0,0 3 6 7 21 0,5,14.125559143498284,7.664641626822977,17.81498176545896,15.740504005252612,4.09275197124947,19.83325597650208,0.0547531252605217,0.0118845736737213,0.0103239253335179,0.0118845736737213,-30.046484625275127,0.0616457957980833,0.0350782808816901,0.0208430239242489,-29.99618356864292,-32.28517960441346,-23.80194166819951,21.21922840053066,21.982331217828072
3713,C1=CC2=C(C1)CCCC2,13754,Nc1nc2c([nH]1)NON2,17291,[H]C1=C2C([H])([H])C([H])([H])C([H])([H])C([H])([H])C23C([H])([H])C1([H])C12N=C(N([H])[H])N([H])C13N([H])ON2[H],1,0 3 3 4 21 1,4,12.102000626101928,7.80113369582985,15.164195904132397,15.611644982037374,6.427647288978369,22.039292271015743,0.04420086533326,0.0563589454153278,0.0074539892043123,0.0563589454153278,-23.486293515854747,0.0242232881437982,0.0360877784113229,0.0136491410942524,-23.409759924744392,-21.91375780050156,-22.602091852647348,20.54866591237589,21.308570022232004
5419,C1=CC2=C(C1)CCCC2,13754,O=CC#CC(F)(F)F,17787,[H]C(=O)C1=C(C(F)(F)F)C2([H])C([H])=C3C([H])([H])C([H])([H])C([H])([H])C([H])([H])C13C2([H])[H],1,0 3 3 2 21 1,1,9.954696819324198,13.205790358284466,19.355012436348986,15.56138683733845,5.52948464544054,21.09087148277899,2.3826193685944984e-05,0.017583515929308,0.0042205111645482,0.017583515929308,-24.08740923527412,0.0011910867616105,0.0257417311089088,0.0174822156146963,-21.304646342624075,-23.65593530358904,-27.03878124060367,20.606608507991133,20.81694847162236
6127,C1=CC2=C(C1)CCCC2,13754,O=c1[nH]c2c([nH]1)NON2,17935,[H]C1=C2C([H])([H])C([H])([H])C([H])([H])C([H])([H])C23C([H])([H])C1([H])C12N([H])ON([H])C13N([H])C(=O)N2[H],0,0 3 3 4 21 0,5,10.216330841385384,7.075466215690681,14.807779858953817,15.306185146388236,5.95725894843649,21.263444094824727,0.0340929855598917,0.0572682472365329,0.0041168359373977,0.0572682472365329,-31.004995753345256,0.0187601289258621,0.0365232659270566,0.0017428784099975,-24.96972544873628,-26.07506819722277,-29.893862795713385,16.85579325006154,17.974841194808096
6780,C1=CC2=C(C1)CCCC2,13754,OC1=C(O)c2ccccc21,18015,[H]OC12c3c([H])c([H])c([H])c([H])c3C1(O[H])C13C(=C([H])C2([H])C1([H])[H])C([H])([H])C([H])([H])C([H])([H])C3([H])[H],1,0 3 1 2 21 1,0,12.392754896656912,12.820838036895628,16.831797706242764,15.669915715257943,8.495836440572035,24.165752155829978,0.0179979824830327,0.0067757442091759,0.005139962775014,0.0067757442091759,-27.69802640437452,0.0330858657327795,0.0161131676153762,0.0178673292060234,-28.769215063686826,-28.74669075243929,-27.12901371756471,21.831319908885025,22.946055331679705
6802,C1=CC2=C(C1)CCCC2,13754,OCC1=Cc2ccccc21,18025,[H]OC([H])([H])C12c3c([H])c([H])c([H])c([H])c3C1([H])C13C(=C([H])C2([H])C1([H])[H])C([H])([H])C([H])([H])C([H])([H])C3([H])[H],1,0 3 2 3 21 1,0,12.113502641805962,9.355294804712823,16.952716029616738,15.495005626931905,4.393028662141855,19.88803428907376,0.0261407108433584,0.0215145220306362,0.0580515676838053,0.0215145220306362,-21.60175056168065,0.1179169188954079,0.0303245602029042,0.0828231943931609,-20.36054880352656,-25.79288462643052,-27.939075999052665,19.45173452154135,20.001169104101788
7000,C1=CC2=C(C1)CCCC2,13754,O[C@@H]1CC/C=C/CCC1,18100,[H]O[C@@]1([H])C([H])([H])C([H])([H])C([H])([H])C2([H])C3([H])C([H])=C4C([H])([H])C([H])([H])C([H])([H])C([H])([H])C4(C3([H])[H])C2([H])C([H])([H])C1([H])[H],1,0 3 5 6 21 1,2,14.30662632365055,2.0872547694955,12.155081911717142,15.102686382882196,5.37964830203371,20.482334684915905,0.1057808339974874,0.0517895237342519,0.0242258055994579,0.0517895237342519,-16.412920389906176,0.1589508645320261,0.0302295112054486,0.0224870076172332,-16.182929843406917,-16.754867420422208,-17.34914654279082,20.558810234255347,20.779592540236493
9249,C1=CC2=C(C1)CCCC2,13754,C1=CC=C=c2ccccc2=1,13758,[H]C1=C=c2c([H])c([H])c([H])c([H])c2=C2C1([H])C1([H])C([H])=C3C([H])([H])C([H])([H])C([H])([H])C([H])([H])C32C1([H])[H],0,0 3 2 3 21 0,5,15.337666750037863,7.883911586307944,19.54539136866606,15.5640985916701,3.906220006863951,19.47031859853405,0.0071091190206257,0.0072521521898,0.0174855679559512,0.0072521521898,-18.4824673011104,0.0135631688407005,0.0062392100522244,0.0142877328571709,-17.077044146353607,-16.05591595011932,-16.69352684483431,20.96706777541973,19.776599327422808
9382,C1=CC2=C(C1)CCCC2,13754,C1=C[C@H]2C=C[C@@H]3CC=C1[C@H]23,13787,[H]C1=C2C([H])([H])C([H])([H])C([H])([H])C([H])([H])C23C([H])([H])C1([H])C12C([H])=C([H])[C@@]4([H])C([H])=C([H])[C@]([H])(C([H])([H])C31[H])[C@]24[H],1,0 3 8 7 21 1,10,13.862714259865989,4.546535354209167,12.208675724315546,15.01494379061557,7.160231777208791,22.17517556782436,0.0003167900529092,0.0001362331143601,0.001378701472647,0.0001362331143601,-17.90736718996269,0.0205384038973043,0.0098774132864712,0.0020783026308563,-17.433221612434572,-17.798621165914817,-19.1602560474408,22.460213869307207,22.52582231057184
9975,C1=CC2=C(C1)CCCC2,13754,C=CC(F)(F)C(=O)C(=O)O,13974,[H]OC(=O)C(=O)C(F)(F)C1([H])C2([H])C([H])=C3C([H])([H])C([H])([H])C([H])([H])C([H])([H])C3(C2([H])[H])C1([H])[H],1,0 3 1 0 21 1,2,16.626882672546678,10.906258803420746,21.06380874663128,15.999206431217836,8.284548998404357,24.2837554296222,0.0024728700507331,0.0163485575578609,0.0058068985913778,0.0163485575578609,-6.447863510323884,0.033007264610643,0.0231362181246206,0.0292751732747307,-5.845319222709385,-6.830435035120022,-8.055922036640212,23.27095987752336,23.189918741239595
429,C1=CC2=C(C1)[C@@H]1C=C[C@H]2C1,13755,FC(F)(F)C1=CC=C=CN1,16502,[H]C1=C2C([H])(C([H])=C(C(F)(F)F)N1[H])C1([H])C([H])=C3C2(C1([H])[H])[C@]1([H])C([H])=C([H])[C@@]3([H])C1([H])[H],0,0 3 6 7 20 0,5,13.316945942359306,7.87534283057226,18.531265422486847,15.964486091129093,4.319160098912807,20.2836461900419,0.0836088483278479,0.0215304181986968,0.0043222754113303,0.0215304181986968,-39.797472969214354,0.0376954903753215,0.0591123514276903,0.0169881221346715,-38.485270915882495,-40.30906823403062,-30.994824706214,21.3058773934404,21.86152307945957
889,C1=CC2=C(C1)[C@@H]1C=C[C@H]2C1,13755,N#CC(F)(F)C(F)=C(F)F,16603,[H]C1=C2C3(C([H])([H])C1([H])C(F)(C(F)(F)C#N)C3(F)F)[C@]1([H])C([H])=C([H])[C@@]2([H])C1([H])[H],0,0 3 5 7 20 0,1,12.164264848557568,18.16740682621594,21.495396705695818,15.44694616521812,10.35621217530576,25.80315834052388,0.0005688128660904,0.0040489460668129,0.0044609236514993,0.0040489460668129,-26.26843107610543,0.0045960318047271,0.0164873819382515,0.0248609098528001,-23.947086489291124,-26.053421389785683,-25.93136509901415,25.256492268793508,23.728650610511817
3713,C1=CC2=C(C1)[C@@H]1C=C[C@H]2C1,13755,Nc1nc2c([nH]1)NON2,17291,[H]C1=C2C3(C([H])([H])C1([H])C14N=C(N([H])[H])N([H])C13N([H])ON4[H])[C@]1([H])C([H])=C([H])[C@@]2([H])C1([H])[H],1,0 3 3 4 20 1,4,11.60978627312426,7.499840378689241,15.57803024343567,15.576229113466754,5.153324661770185,20.729553775236937,0.071634903818414,0.0748818535552157,0.0075265559404811,0.0748818535552157,-30.02706426665018,0.0225735601007969,0.056484387748196,0.0179051559029117,-30.83470297071006,-29.528680671412182,-29.221664324371737,20.4077733547019,20.55629477731051
4574,C1=CC2=C(C1)[C@@H]1C=C[C@H]2C1,13755,O=C1C=c2ccccc2=N1,17550,[H]C1=C([H])C([H])=C([H])C23C1=NC(=O)C2([H])C12C(=C([H])C3([H])C1([H])[H])[C@@]1([H])C([H])=C([H])[C@]2([H])C1([H])[H],0,0 3 3 2 20 0,3,17.114102464342054,12.280398872894663,24.04186513456304,15.41765424047235,6.34744380873919,21.76509804921153,0.0670731229467213,0.0297802036396412,0.005234166917521,0.0297802036396412,-6.03348422982392,0.0674460044049227,0.0216851591248531,0.0316541793787858,-6.860686595503985,-5.992267746751736,-10.233637896356925,20.869507230085137,20.73764518429813
5419,C1=CC2=C(C1)[C@@H]1C=C[C@H]2C1,13755,O=CC#CC(F)(F)F,17787,[H]C(=O)C1=C(C(F)(F)F)C2([H])C([H])=C3C1(C2([H])[H])[C@]1([H])C([H])=C([H])[C@@]3([H])C1([H])[H],1,0 3 3 2 20 1,1,9.522481093872624,13.14766647876699,19.15916663076951,15.506826007559658,5.3821147759368415,20.8889407834965,2.545025557099648e-05,0.0123621121589779,0.0017887098137733,0.0123621121589779,-32.548588638776074,0.0004346905702869,0.0191176594656315,0.022077020310862,-32.258513031109594,-31.08451841993204,-33.46260054362697,21.262092542142447,20.930791915767195
6127,C1=CC2=C(C1)[C@@H]1C=C[C@H]2C1,13755,O=c1[nH]c2c([nH]1)NON2,17935,[H]C1=C2C3(C([H])([H])C1([H])C14N([H])ON([H])C13N([H])C(=O)N4[H])[C@]1([H])C([H])=C([H])[C@@]2([H])C1([H])[H],0,0 3 3 4 20 0,5,9.99503317563046,6.141065038833883,15.37993150572948,15.217740861467512,4.108757880770108,19.32649874223761,0.0559615485671649,0.0622145063405677,0.0058037008792921,0.0622145063405677,-37.83657702802447,0.0197895230590532,0.0418793341918491,0.0038147541906514,-31.62729745448436,-33.31683180241456,-35.96766864522971,16.382361912931934,17.41794462940563
6513,C1=CC2=C(C1)[C@@H]1C=C[C@H]2C1,13755,O=c1ccc(=O)n(CO)[nH]1,17988,[H]OC([H])([H])N1C(=O)C2([H])C([H])(C(=O)N1[H])C1([H])C([H])=C3C2(C1([H])[H])[C@]1([H])C([H])=C([H])[C@@]3([H])C1([H])[H],0,0 3 2 3 20 0,5,17.045464033087608,11.795737567152448,23.80793781595463,15.95923309164174,6.5804172825748495,22.539650374216592,0.0011318591418144,0.0128702559216558,0.0004119944646497,0.0128702559216558,-5.865291654028887,0.0040049552775666,0.0298404868475089,0.0109534370462649,-5.9490717950309175,-5.105210784789374,-9.133814779048308,21.70952854613048,22.20337908789601
6780,C1=CC2=C(C1)[C@@H]1C=C[C@H]2C1,13755,OC1=C(O)c2ccccc21,18015,[H]OC12c3c([H])c([H])c([H])c([H])c3C1(O[H])C13C(=C([H])C2([H])C1([H])[H])[C@@]1([H])C([H])=C([H])[C@]3([H])C1([H])[H],1,0 3 1 2 20 1,0,11.964973491883484,12.472659688793668,17.334550153519665,15.571790434977562,6.974106665144301,22.545897100121863,0.0284361381600686,0.0121845275276115,0.0059329076411271,0.0121845275276115,-35.16741138332108,0.0264813265219417,0.02654329088863,0.0621220124520351,-36.90066658935268,-37.03778887439244,-33.15917402292159,21.87792058602567,22.442122335491195
6802,C1=CC2=C(C1)[C@@H]1C=C[C@H]2C1,13755,OCC1=Cc2ccccc21,18025,[H]OC([H])([H])C12c3c([H])c([H])c([H])c([H])c3C1([H])C13C(=C([H])C2([H])C1([H])[H])[C@@]1([H])C([H])=C([H])[C@]3([H])C1([H])[H],1,0 3 2 3 20 1,0,11.765329767490236,8.833856251742366,17.243643244679348,15.378990831622248,2.884663551691723,18.26365438331397,0.0227184825360311,0.0318157203053113,0.0175715288271841,0.0318157203053113,-29.24491398977144,0.0933037859227048,0.0629179492643747,0.1349017876450575,-28.41641730866488,-34.23938928055877,-33.85765295130939,18.96907043260188,19.03835551493133
7000,C1=CC2=C(C1)[C@@H]1C=C[C@H]2C1,13755,O[C@@H]1CC/C=C/CCC1,18100,[H]O[C@@]1([H])C([H])([H])C([H])([H])C([H])([H])C2([H])C3([H])C([H])=C4C(C3([H])[H])(C2([H])C([H])([H])C1([H])[H])[C@]1([H])C([H])=C([H])[C@@]4([H])C1([H])[H],1,0 3 5 6 20 1,2,13.07263701814675,1.8789101796283896,12.402992503223036,14.853125786499144,4.099007623279867,18.95213340977901,0.255726324483541,0.0495488183161656,0.0150081811172554,0.0495488183161656,-23.07837542334841,0.2403934152510014,0.0407213630654344,0.0441934493305464,-23.009832398459373,-24.00955100204953,-23.625545187127635,19.46846606610661,19.52015841083769
9249,C1=CC2=C(C1)[C@@H]1C=C[C@H]2C1,13755,C1=CC=C=c2ccccc2=1,13758,[H]C1=C=c2c([H])c([H])c([H])c([H])c2=C2C1([H])C1([H])C([H])=C3C2(C1([H])[H])[C@]1([H])C([H])=C([H])[C@@]3([H])C1([H])[H],0,0 3 2 3 20 0,5,14.42049732628739,7.835137077972241,19.12789969597114,15.515566390092154,3.506001507364978,19.02156789745713,0.0144911836413575,0.0118892455712328,0.0126061897686979,0.0118892455712328,-26.742192563846324,0.0145399348502651,0.009670379550685,0.0172151299305076,-26.04361491159933,-24.17603905655012,-23.10914777767983,21.50602947820021,20.20398671010688
9382,C1=CC2=C(C1)[C@@H]1C=C[C@H]2C1,13755,C1=C[C@H]2C=C[C@@H]3CC=C1[C@H]23,13787,[H]C1=C2C3(C([H])([H])C1([H])C14C([H])=C([H])[C@@]5([H])C([H])=C([H])[C@]([H])(C([H])([H])C31[H])[C@]45[H])[C@]1([H])C([H])=C([H])[C@@]2([H])C1([H])[H],1,0 3 8 7 20 1,10,12.513758163317563,3.79265889323921,12.163800044001531,14.883318782679314,5.365416346457341,20.24873512913665,0.0005007418883759,0.0002409780176711,0.0009368305332319,0.0002409780176711,-26.75674074586739,0.0227221335197342,0.0093724001835487,0.0039373891500743,-25.82592678130433,-25.905898182977253,-25.985227762354768,19.88958792503216,20.006486643281903
9548,C1=CC2=C(C1)[C@@H]1C=C[C@H]2C1,13755,C=C(C(F)(F)F)C(F)(F)F,13835,[H]C1=C2C3(C([H])([H])C1([H])C(C(F)(F)F)(C(F)(F)F)C3([H])[H])[C@]1([H])C([H])=C([H])[C@@]2([H])C1([H])[H],1,0 3 1 0 20 1,1,14.406461945893907,13.166170955872126,21.275468731680164,16.12302640424459,6.87780839863089,23.00083480287548,1.0002583128781895e-06,0.0057826801664116,0.0006386644383247,0.0057826801664116,-10.714278839186283,0.0004603574829997,0.0066691086788692,0.0018670748745653,-10.654389578807162,-11.941744737134693,-13.786808421698716,24.36245796902277,23.473948044106656
9975,C1=CC2=C(C1)[C@@H]1C=C[C@H]2C1,13755,C=CC(F)(F)C(=O)C(=O)O,13974,[H]OC(=O)C(=O)C(F)(F)C1([H])C2([H])C([H])=C3C(C2([H])[H])(C1([H])[H])[C@]1([H])C([H])=C([H])[C@@]3([H])C1([H])[H],1,0 3 1 0 20 1,2,15.195353139625078,10.639803782915102,20.45241559807471,15.860822694636438,6.08305594797465,21.94387864261109,0.0056380611120394,0.0126786517506672,0.0045775674774655,0.0126786517506672,-14.093071054259596,0.0177255638081143,0.0331783452145443,0.040856135957616,-14.445121016895236,-14.948552621348291,-14.38937655357163,22.10192483270696,22.25799778498472
12248,C1=CN2C=NNC2=CN=C1,13772,O=c1[nH]c2c([nH]1)NON2,17935,[H]C1=NN([H])C23C([H])=NC([H])(C([H])=C([H])N12)C12N([H])ON([H])C31N([H])C(=O)N2[H],1,6 9 3 4 16 1,4,14.495593804571786,9.716852362419798,19.56781084610508,15.969220434624368,5.1877473016201066,21.156967736244475,0.03166772075288,0.0132078776983413,0.0161153777168719,0.0132078776983413,-33.025245435385806,0.0347996536167636,0.014943573239372,0.0033776203011589,-29.439192202934017,-30.699585645038688,-34.21525394635698,21.400295930850955,20.86278210831641
13998,C1=CN2C=NNC2=CN=C1,13772,O[C@@H]1CC/C=C/CCC1,18100,[H]O[C@@]1([H])C([H])([H])C([H])([H])C([H])([H])C2([H])C34C([H])=NC([H])(C([H])=C([H])N3C([H])=NN4[H])C2([H])C([H])([H])C1([H])[H],1,6 9 5 6 16 1,2,16.092660548567196,7.272988142057872,16.869543671852327,15.599435042984208,5.564192186174843,21.16362722915905,0.2386840653609805,0.2033747739755503,0.0953590345348459,0.2033747739755503,-22.208823345311203,0.0691735513806364,0.1137749579339713,0.0968746624179555,-23.69403670934087,-23.883071153518515,-23.05359580674279,23.406212613247305,23.41657147782048
18753,C1=CN2C=NNC2=CN=C1,13772,C1=C[C@H]2C=C[C@@H]3CC=C1[C@H]23,13787,[H]C1=NN([H])C23C([H])=NC([H])(C([H])=C([H])N12)C12C([H])=C([H])[C@@]4([H])C([H])=C([H])[C@]([H])(C([H])([H])C31[H])[C@]24[H],0,6 9 7 8 16 0,9,15.245936921436687,7.118469429002828,16.44712553587402,15.822214900561388,5.773682769399894,21.59589766996128,0.0130057962223478,0.03586534794498,0.0031287440227716,0.03586534794498,-22.666473648926043,0.0356452309210254,0.0115939250729886,0.0104082562387877,-21.92891741408129,-26.43606515039265,-24.974727717529248,21.072946138194688,21.36619822583135
1860,C1=C[C@@H]2CCC[C@@H]2C=C1,13778,Nc1nc2c([nH]1)NON2,17291,[H]C1=C([H])C2([H])C34N=C(N([H])[H])N([H])C3(N([H])ON4[H])C1([H])[C@]1([H])C([H])([H])C([H])([H])C([H])([H])[C@]21[H],1,7 1 3 4 21 1,2,12.74310888859146,8.349597995639432,15.276419480272692,15.978720374122991,5.547499794989562,21.526220169112555,0.0209866786902348,0.0767796318024914,0.020295596968437,0.0767796318024914,-29.72397236521705,0.0136360190243965,0.0752694002935069,0.0533846609510626,-29.61135778899305,-28.197007611214104,-28.52881046099057,22.15773147740613,23.164005437000675
2294,C1=C[C@@H]2CCC[C@@H]2C=C1,13778,O=C1C=c2ccccc2=N1,17550,[H]C1=C([H])C([H])=C([H])C23C1=NC(=O)C2([H])C1([H])C([H])=C([H])C3([H])[C@]2([H])C([H])([H])C([H])([H])C([H])([H])[C@]12[H],0,7 1 2 3 21 0,1,19.37810583856444,12.676816264964156,23.118703183728307,15.939483999374282,9.634814314267846,25.574298313642128,0.068177075746129,0.0240376320830144,0.0799745248933638,0.0240376320830144,-5.501899698062502,0.0660440803871861,0.0355708043310536,0.0871292775736941,-5.217021120193046,-4.769121188492985,-8.213672043534316,24.86096100254236,23.13982876732896
2720,C1=C[C@@H]2CCC[C@@H]2C=C1,13778,O=CC#CC(F)(F)F,17787,[H]C(=O)C1=C(C(F)(F)F)C2([H])C([H])=C([H])C1([H])[C@@]1([H])C([H])([H])C([H])([H])C([H])([H])[C@@]21[H],1,7 1 2 3 21 1,0,11.839366657310991,13.292041916357109,18.03260238508772,16.054642322101,6.68257337044388,22.73721569254488,0.0031147737842356,0.001780649555029,0.0050744969240833,0.001780649555029,-35.565948278022915,0.0046252163862529,0.0310573372358535,0.001616010306489,-34.634282662857075,-33.3268819678307,-35.61122079768703,22.943040572895285,22.62373146270301
3076,C1=C[C@@H]2CCC[C@@H]2C=C1,13778,O=c1[nH]c2c([nH]1)NON2,17935,[H]C1=C([H])C2([H])C34N([H])ON([H])C3(N([H])C(=O)N4[H])C1([H])[C@]1([H])C([H])([H])C([H])([H])C([H])([H])[C@]21[H],0,7 1 3 4 21 0,3,10.114787411161966,6.834063025412927,13.929398973095305,15.634776065841132,4.749499758074123,20.384275823915253,0.0223549228477892,0.0557548618678035,0.02285856214251,0.0557548618678035,-39.27699040115449,0.015903137351448,0.048991713026124,0.0042675187949756,-34.74729558342854,-33.50867412343081,-36.57544449926144,17.315860667678198,18.785630086592445
3421,C1=C[C@@H]2CCC[C@@H]2C=C1,13778,OCC1=Cc2ccccc21,18025,[H]OC([H])([H])C12c3c([H])c([H])c([H])c([H])c3C1([H])C1([H])C([H])=C([H])C2([H])[C@@]2([H])C([H])([H])C([H])([H])C([H])([H])[C@@]12[H],1,7 1 2 3 21 1,0,13.07033035990912,9.857498574172809,17.006509711393818,15.75775445305996,5.141131914281548,20.89888636734151,0.0092649728550293,0.0249852940092027,0.0707441831628624,0.0249852940092027,-28.36295768189601,0.0673897434418158,0.0345140877216444,0.1657808571635574,-27.323180313710218,-31.72637111362866,-34.11652861848675,20.727962463166595,21.721136487812
3521,C1=C[C@@H]2CCC[C@@H]2C=C1,13778,O[C@@H]1CC/C=C/CCC1,18100,[H]O[C@@]1([H])C([H])([H])C([H])([H])C([H])([H])C2([H])C3([H])C([H])=C([H])C([H])(C2([H])C([H])([H])C1([H])[H])[C@@]1([H])C([H])([H])C([H])([H])C([H])([H])[C@@]31[H],0,7 1 6 5 21 0,1,14.775834648836188,3.3426101458251107,10.66599874372922,15.14162960628983,7.440513774184673,22.582143380474506,0.0760348778624555,0.0843045312162401,0.0210752868577317,0.0843045312162401,-23.58183850841911,0.2164609861365571,0.0358956052505078,0.0226312971353862,-22.30605955955976,-21.381864271128045,-21.52374953416154,23.735423120770434,22.964600515026625
4662,C1=C[C@@H]2CCC[C@@H]2C=C1,13778,C1=CC=C=c2ccccc2=1,13758,[H]C1=C=c2c([H])c([H])c([H])c([H])c2=C2C1([H])C1([H])C([H])=C([H])C2([H])[C@]2([H])C([H])([H])C([H])([H])C([H])([H])[C@]12[H],0,7 1 2 3 21 0,3,15.879132023947712,7.435815767189976,17.9613396015516,15.88646474144772,6.287524444376512,22.17398918582424,0.0052253474869435,0.0074356046424868,0.0277815452021322,0.0074356046424868,-26.85195252866267,0.0151549225501004,0.0071667697643963,0.0570733239291503,-25.058065601907884,-23.41647954630601,-22.95731103173255,22.23153458749248,21.28850720771821
4732,C1=C[C@@H]2CCC[C@@H]2C=C1,13778,C1=C[C@H]2C=C[C@@H]3CC=C1[C@H]23,13787,[H]C1=C([H])C2([H])C3([H])C4(C([H])=C([H])[C@@]5([H])C([H])=C([H])[C@]([H])(C3([H])[H])[C@]45[H])C1([H])[C@]1([H])C([H])([H])C([H])([H])C([H])([H])[C@]21[H],0,7 1 7 8 21 0,5,13.660139711894086,4.597199432447992,11.78039514729016,15.279721470765676,6.229640354947946,21.509361825713626,0.0033510315215802,0.0095304804450524,0.0014314636158675,0.0095304804450524,-22.631390898921723,0.0306667254613583,0.0114701518740134,0.0137749724240931,-22.138186933440373,-27.025415636213395,-25.44175335370036,22.40091730864419,23.077214853820763
4537,C1=C[C@@H]2O[C@@H]2C=C/C=C/1,13782,NC1=C2NC=CN2CC=C1,16891,[H]C1=C([H])C([H])([H])N2C(=C1N([H])[H])N([H])C1([H])C2([H])C2([H])C([H])=C([H])C1([H])/C([H])=C(/[H])[C@]1([H])O[C@]21[H],0,2 5 5 4 17 0,7,16.587748813361717,5.338877153229161,14.879000084369554,15.464943688585018,6.468108110558468,21.933051799143485,0.003957350400547,0.0033790739811479,0.0009485246402055,0.0033790739811479,-36.75332967171886,0.00723072646983,0.007822417882124,0.0068678191723027,-38.10542479122888,-35.883041715543534,-35.262933586123985,24.58886999278419,23.993686641703984
7422,C1=C[C@@H]2O[C@@H]2C=C/C=C/1,13782,Nc1nc2c([nH]1)NON2,17291,[H]C1=C([H])C2([H])/C([H])=C(/[H])[C@]3([H])O[C@]3([H])C1([H])C13N=C(N([H])[H])N([H])C12N([H])ON3[H],1,2 5 3 4 17 1,4,14.49809941884348,7.110198160589192,16.032031397062724,15.394229105109709,4.765773365788629,20.16000247089833,0.0074780205714749,0.0163647098336032,0.0084460967510708,0.0163647098336032,-51.8419212416277,0.0310617408968679,0.0457517405651944,0.0328590803101421,-52.34255239690968,-52.38130745097993,-50.77343908330184,22.49394715123829,21.90395947918233
7559,C1=C[C@@H]2O[C@@H]2C=C/C=C/1,13782,Nc1nc2occ(O)c2o1,17301,[H]OC1=C([H])OC23N=C(N([H])[H])OC12C1([H])C([H])=C([H])C3([H])/C([H])=C(/[H])[C@]2([H])O[C@]12[H],0,2 5 8 3 17 0,9,15.157574115780282,9.011491575429996,16.192941239201698,15.28945927444578,6.024412794265661,21.31387206871144,0.0025296549335607,0.0086429734186897,0.0147950389633546,0.0086429734186897,-42.78181673084865,0.0095045801676192,0.0136033115100045,0.0196458048286495,-42.94621303470399,-42.42397890790862,-41.17840968301934,24.63847702784301,23.973842888564945
9145,C1=C[C@@H]2O[C@@H]2C=C/C=C/1,13782,O=C1C=c2ccccc2=N1,17550,[H]C1=C([H])C([H])=C([H])C23C1=NC(=O)C2([H])C1([H])C([H])=C([H])C3([H])[C@@]2([H])O[C@@]2([H])/C([H])=C\1[H],0,2 5 3 2 17 0,3,17.681879461621087,9.02942031116926,21.09938307896506,15.319943515052444,5.3860271045725625,20.70597061962501,0.005289497056104,0.0033615339451916,0.0065859781750032,0.0033615339451916,-27.058940624598502,0.0171953602544423,0.0097825065420392,0.0108404355248956,-26.49984750010144,-25.16220184862977,-30.59488734247469,22.51944849411093,21.050861750112915
12248,C1=C[C@@H]2O[C@@H]2C=C/C=C/1,13782,O=c1[nH]c2c([nH]1)NON2,17935,[H]C1=C([H])C2([H])/C([H])=C(/[H])[C@]3([H])O[C@]3([H])C1([H])C13N([H])ON([H])C12N([H])C(=O)N3[H],1,2 5 3 4 17 1,4,13.095188018459773,6.765519968665721,14.78890210344158,14.996138556034346,5.209683073701124,20.205821629735468,0.0094482776985758,0.0071949546330529,0.003408527990588,0.0071949546330529,-57.59531049905581,0.0342310738808107,0.0225159189150252,0.0055062549597704,-53.67605920806445,-57.36094836850275,-60.16194203116929,20.938962788644147,21.321270104823032
13021,C1=C[C@@H]2O[C@@H]2C=C/C=C/1,13782,O=c1ccc(=O)n(CO)[nH]1,17988,[H]OC([H])([H])N1C(=O)C2([H])C([H])(C(=O)N1[H])C1([H])C([H])=C([H])C2([H])/C([H])=C(/[H])[C@]2([H])O[C@]12[H],0,2 5 2 3 17 0,5,17.38598989109171,9.513500631759024,20.767679805380773,15.721195785782225,7.324467297864789,23.04566308364701,0.0003242039442086,0.0023199657702282,0.0005601622983352,0.0023199657702282,-29.87906422563092,0.0014215439461753,0.0108044327824,0.0048784286097476,-29.834713794376952,-27.27947629012152,-32.81830253005495,24.385194855802045,23.310709151218003
13604,C1=C[C@@H]2O[C@@H]2C=C/C=C/1,13782,OCC1=Cc2ccccc21,18025,[H]OC([H])([H])C12c3c([H])c([H])c([H])c([H])c3C1([H])C1([H])C([H])=C([H])C2([H])[C@@]2([H])O[C@@]2([H])/C([H])=C\1[H],1,2 5 2 3 17 1,0,14.845933732994649,9.114077109728363,17.09891845081211,15.302393688504578,5.073234242638932,20.375627931143512,0.0033952957078954,0.0047654673252927,0.0368534129134575,0.0047654673252927,-56.749828981574495,0.0476778187849809,0.0376961312633932,0.0961448951278228,-54.25976409162594,-56.40412967110071,-57.261360680949295,23.202824291181493,22.60341721337568
13997,C1=C[C@@H]2O[C@@H]2C=C/C=C/1,13782,O[C@@H]1CC/C=C/CCC1,18100,[H]O[C@@]1([H])C([H])([H])C([H])([H])C([H])([H])C2([H])C3([H])C([H])=C([H])C([H])(C2([H])C([H])([H])C1([H])[H])[C@@]1([H])O[C@@]1([H])/C([H])=C\3[H],0,2 5 6 5 17 0,1,15.378078642578943,2.04377143505268,11.144906384939429,14.738064046874088,6.618580457638441,21.35664450451253,0.0162467534327673,0.0167404555604333,0.0112615384050824,0.0167404555604333,-50.61514200655657,0.1177113367344497,0.0127776042928611,0.0211795134385355,-47.23200861581668,-45.03831741864416,-45.81730663792163,24.26028855354108,23.081075317305352
15874,C1=C[C@@H]2O[C@@H]2C=C/C=C/1,13782,c1cnn2nnnc2n1,18344,[H]C1=Nn2nnnc2N2C1([H])C1([H])C([H])=C([H])C2([H])[C@@]2([H])O[C@@]2([H])/C([H])=C\1[H],1,2 5 8 0 17 1,10,21.08706217130576,8.01715421005802,21.5820139340141,15.299124536747428,11.231827049261042,26.53095158600847,6.493114281355405e-05,0.0080783363497976,0.0029065392449606,0.0080783363497976,-20.745160941391035,0.0063365810543592,0.0277430219681024,0.0065689815249395,-21.92972159773484,-19.58459380616192,-19.6349047522899,24.001840128939143,23.95244536833357
18493,C1=C[C@@H]2O[C@@H]2C=C/C=C/1,13782,C1=CC=C=c2ccccc2=1,13758,[H]C1=C=c2c([H])c([H])c([H])c([H])c2=C2C1([H])C1([H])C([H])=C([H])C2([H])/C([H])=C(/[H])[C@]2([H])O[C@]12[H],0,2 5 2 3 17 0,5,16.99012030291857,5.946113202349695,17.472346541998185,15.51853183685181,6.139193481462723,21.657725318314533,0.0013462316232138,0.0014827520158757,0.0115412334572946,0.0014827520158757,-50.906368282088366,0.0150076049194274,0.0077613242168189,0.0495395783766295,-49.313003626122935,-47.03728360616475,-44.44198533651435,26.45553102581458,23.86411963327648
18753,C1=C[C@@H]2O[C@@H]2C=C/C=C/1,13782,C1=C[C@H]2C=C[C@@H]3CC=C1[C@H]23,13787,[H]C1=C([H])[C@@]2([H])C([H])=C([H])[C@]3([H])C([H])([H])C4([H])C1(C1([H])C([H])=C([H])C4([H])[C@@]4([H])O[C@@]4([H])/C([H])=C\1[H])[C@]23[H],0,2 5 7 8 17 0,9,15.433645467912529,2.8627662473109208,11.64756170721454,14.92502951212454,6.294189429662129,21.219218941786668,0.0002786242553456,0.004398748991702,0.0019066542227521,0.004398748991702,-53.33438417390701,0.0113507137005681,0.0084468603865841,0.0183988983346447,-53.62215468154509,-53.79243791053038,-51.86080145028684,23.345429725654967,21.66864261355781
21525,C1=C[C@@H]2O[C@@H]2C=C/C=C/1,13782,CC(=O)OC=C1C=CC=C1,14215,[H]C1=C([H])C2([H])C([H])(C1=C([H])OC(=O)C([H])([H])[H])C1([H])C([H])=C([H])C2([H])/C([H])=C(/[H])[C@]2([H])O[C@]12[H],0,2 5 9 8 17 0,11,16.741777950450075,6.5161244220478505,14.74903342288258,14.683220387620024,7.549737771772442,22.232958159392467,0.004748514528447,0.0036096561238618,0.0118652662860918,0.0036096561238618,-34.29838048360252,0.0274028263086868,0.0144982837313183,0.0324299215025935,-34.919079763467764,-35.29024648290732,-34.40481501733117,25.76151485020313,23.415758773438384
9145,C=C(C)/C=C/C(=C)CC,13838,O=C1C=c2ccccc2=N1,17550,[H]C([H])=C(C([H])([H])C([H])([H])[H])C1([H])C([H])=C(C([H])([H])[H])C([H])([H])C23C(=NC(=O)C21[H])C([H])=C([H])C([H])=C3[H],0,0 4 3 2 23 0,3,23.99159661536138,12.626127131374648,26.174127732190755,14.546167377106237,11.869934821994605,26.41610219910084,0.0570663629450981,0.0949901187888045,0.0260476407093444,0.0949901187888045,-7.912783870363896,0.1417503876362817,0.0400438225061258,0.034884234215349,-9.075120177465536,-5.391724620172742,-10.702787886101431,25.60228322089555,23.58879914580156
12249,C=C(C)/C=C/C(=C)CC,13838,O=c1[nH]c2c([nH]1)NON2,17935,[H]C([H])=C(C([H])([H])C([H])([H])[H])C1([H])C([H])=C(C([H])([H])[H])C([H])([H])C23N([H])ON([H])C21N([H])C(=O)N3[H],0,0 4 3 4 23 0,5,15.131305696143908,7.428772225084602,17.122646140765944,14.218511489224802,8.212187718901347,22.43069920812615,0.0136668913960786,0.0510627026078468,0.0298541576362827,0.0510627026078468,-42.99892542601485,0.0414381023341398,0.0489484945068015,0.0048129517951921,-38.36292801351918,-37.17887726159849,-40.91643383819751,19.33357929238137,20.183612624088028
13610,C=C(C)/C=C/C(=C)CC,13838,OCC1=Cc2ccccc21,18025,[H]OC([H])([H])C12c3c([H])c([H])c([H])c([H])c3C1([H])C([H])(C(=C([H])[H])C([H])([H])[H])C([H])=C(C([H])([H])C([H])([H])[H])C2([H])[H],1,3 6 3 2 23 1,6,16.19941576979697,10.041207027798222,18.393312972985257,14.710914541016402,8.213774724329301,22.924689265345705,0.0578186839929638,0.0610731604320302,0.0166579798977056,0.0610731604320302,-33.516846330938314,0.5326975199371266,0.0891687894708797,0.0604423479326402,-34.999711659099745,-35.55627078431056,-37.58629007731279,21.83230637017243,21.957471249572123
12249,C=C(C)/C=C/C=C/CCC,13839,O=c1[nH]c2c([nH]1)NON2,17935,[H]C1=C(C([H])([H])[H])C([H])([H])C23N([H])ON([H])C2(N([H])C(=O)N3[H])C1([H])/C([H])=C(\[H])C([H])([H])C([H])([H])C([H])([H])[H],0,0 4 3 4 26 0,5,15.847383071345366,6.763703504930449,17.416410485498552,14.967444406254812,7.222300442938899,22.18974484919371,0.0100957873327109,0.0624291165074557,0.0533516950411536,0.0624291165074557,-40.9057063743621,0.0135658942310587,0.0758703097250144,0.0079888362089292,-34.199242249758555,-36.19210597197859,-41.00202916295211,20.5970587669589,21.528322297436983
13604,C=C(C)/C=C/C=C/CCC,13839,OCC1=Cc2ccccc21,18025,[H]OC([H])([H])C12c3c([H])c([H])c([H])c([H])c3C1([H])C([H])(/C([H])=C(\[H])C([H])([H])C([H])([H])C([H])([H])[H])C([H])=C(C([H])([H])[H])C2([H])[H],1,0 4 2 3 26 1,0,17.082933747398123,10.402730400942808,18.490810441168065,14.89142050694704,7.016192593241438,21.90761310018848,0.0075712715276862,0.0905787711259881,0.08982702503543,0.0905787711259881,-32.3652044985326,0.1280861180999469,0.0646497604573527,0.2595260707768001,-30.30780614294607,-34.008680205693594,-36.37783491234582,23.405299581147567,23.415518667299803
3713,C=C(C)/C=C/OC(C)=O,13841,Nc1nc2c([nH]1)NON2,17291,[H]C1=C(C([H])([H])[H])C([H])([H])C23N=C(N([H])[H])N([H])C2(N([H])ON3[H])C1([H])OC(=O)C([H])([H])[H],1,0 4 3 4 19 1,4,16.659398941470236,7.114649429788559,18.05431230377561,15.58441458701205,5.371519668221204,20.95593425523325,0.0086034154700935,0.0730171510668481,0.1450982482397279,0.0730171510668481,-36.11694340381483,0.0358172795126523,0.1286183756999676,0.1361520006855246,-36.98681582751992,-36.07498253016563,-36.93181415657579,22.642989843170724,21.99014522902294
4574,C=C(C)/C=C/OC(C)=O,13841,O=C1C=c2ccccc2=N1,17550,[H]C1=C([H])C([H])=C([H])C23C1=NC(=O)C2([H])C([H])(OC(=O)C([H])([H])[H])C([H])=C(C([H])([H])[H])C3([H])[H],0,0 4 3 2 19 0,3,22.94585064717493,11.198892376025906,25.98520842988107,15.397654618373732,9.381369783724928,24.77902440209866,0.0303839893940114,0.1047661235373993,0.0482958745439464,0.1047661235373993,-11.066596972227735,0.0798180252325674,0.0549680775196059,0.0454807434054454,-12.251021274051254,-10.780460340703542,-15.049023684544416,24.31059305752857,22.469981583238816
6127,C=C(C)/C=C/OC(C)=O,13841,O=c1[nH]c2c([nH]1)NON2,17935,[H]C1=C(C([H])([H])[H])C([H])([H])C23N([H])ON([H])C2(N([H])C(=O)N3[H])C1([H])OC(=O)C([H])([H])[H],0,0 4 3 4 19 0,5,15.54789322767033,6.947938373954074,17.349448640668793,15.175723028290616,5.840502560524492,21.01622558881511,0.0110831096674329,0.0840437442057783,0.1051999791719733,0.0840437442057783,-44.75525417608398,0.0363793324452808,0.0725990629286759,0.0077501474087352,-39.730069316464,-41.02404946034972,-44.28531744185982,20.0982436746784,20.46043313621197
6802,C=C(C)/C=C/OC(C)=O,13841,OCC1=Cc2ccccc21,18025,[H]OC([H])([H])C12c3c([H])c([H])c([H])c([H])c3C1([H])C([H])(OC(=O)C([H])([H])[H])C([H])=C(C([H])([H])[H])C2([H])[H],1,0 4 2 3 19 1,0,16.466174637260657,9.697639976321158,19.09104441564485,14.998600329133438,5.8175543804080085,20.816154709541447,0.0107735279290465,0.1063569133334698,0.1353529051084154,0.1063569133334698,-39.87342097718978,0.2319601873252859,0.1008233501218315,0.3082303036104056,-38.69797832731686,-40.30431158847493,-42.01652035784481,22.12709710547001,22.24940833151058
9381,C=C(C)/C=C/OC(C)=O,13841,C1=C[C@H]2C=C[C@@H]3CC=C1[C@H]23,13787,[H]C1=C([H])[C@@]2([H])C([H])=C([H])[C@]3([H])C([H])([H])C4([H])C([H])([H])C(C([H])([H])[H])=C([H])C([H])(OC(=O)C([H])([H])[H])C14[C@]23[H],0,0 4 7 8 19 0,9,17.1965000266064,3.898669295921966,12.54546067097422,14.774433748502318,8.160312222602563,22.93474597110488,0.0022636424957618,0.0048866438808986,0.0061163832698474,0.0048866438808986,-31.09322600035464,0.0255634350947954,0.006101907569864,0.0321561794765422,-30.089275121199627,-34.40047360604098,-31.99070943014202,22.70426708281672,22.549567673269703
3713,C=C(C)C1=CC[C@H](C)CC1,13854,Nc1nc2c([nH]1)NON2,17291,[H]N([H])C1=NC23N([H])ON([H])C2(N1[H])C1([H])C(=C(C([H])([H])[H])C3([H])[H])C([H])([H])C([H])([H])[C@@]([H])(C([H])([H])[H])C1([H])[H],1,0 4 3 4 26 1,4,16.245450863972575,8.589091636084028,17.12498728238559,15.262867610542198,8.10258801448034,23.365455625022538,0.0097625035834224,0.0825342094471388,0.0860963448474741,0.0825342094471388,-36.82811633615125,0.0193108580079883,0.1366888198371059,0.0921319436805075,-37.02102216249489,-37.07801383335166,-36.77765987546046,23.109105422315835,23.512083825921906
4574,C=C(C)C1=CC[C@H](C)CC1,13854,O=C1C=c2ccccc2=N1,17550,[H]C1=C([H])C([H])=C([H])C23C1=NC(=O)C2([H])C1([H])C(=C(C([H])([H])[H])C3([H])[H])C([H])([H])C([H])([H])[C@@]([H])(C([H])([H])[H])C1([H])[H],0,0 4 3 2 26 0,3,22.641714005732865,12.012142311378962,26.180370637851865,15.445440357573291,8.831619057575566,24.27705941514886,0.0143127725307672,0.0613962540644901,0.0202671505586326,0.0613962540644901,-9.473827100173224,0.0571541072500765,0.0288827573353186,0.1287612504012611,-10.147203569408177,-10.589405255159,-15.868638332098236,24.030494570670395,20.83225201069264
6127,C=C(C)C1=CC[C@H](C)CC1,13854,O=c1[nH]c2c([nH]1)NON2,17935,[H]N1ON([H])C23N([H])C(=O)N([H])C12C1([H])C(=C(C([H])([H])[H])C3([H])[H])C([H])([H])C([H])([H])[C@@]([H])(C([H])([H])[H])C1([H])[H],0,0 4 3 4 26 0,5,15.33078641174922,7.875588426734692,16.48381922195823,14.907275950552838,8.73310213714768,23.64037808770052,0.0084874609991614,0.0469930713547037,0.0253740165587817,0.0469930713547037,-45.35020298120132,0.023684994717996,0.123896100213175,0.0120668579713559,-40.65714580540184,-42.36676376444743,-44.868492946335095,20.732601246051992,20.7986499406992
6802,C=C(C)C1=CC[C@H](C)CC1,13854,OCC1=Cc2ccccc21,18025,[H]OC([H])([H])C12c3c([H])c([H])c([H])c([H])c3C1([H])C1([H])C(=C(C([H])([H])[H])C2([H])[H])C([H])([H])C([H])([H])[C@@]([H])(C([H])([H])[H])C1([H])[H],1,0 4 2 3 26 1,0,16.113726114639825,10.069768306127802,17.260474434937446,15.011722553240585,7.681801608104678,22.69352416134526,0.0041610392426384,0.0598397154760971,0.1135673175404353,0.0598397154760971,-36.05999403503138,0.1546619579004064,0.0395467135002824,0.2266841278280915,-34.218824234379085,-40.27193789797453,-42.38234365134102,23.3656570350728,23.518484485546203
9381,C=C(C)C1=CC[C@H](C)CC1,13854,C1=C[C@H]2C=C[C@@H]3CC=C1[C@H]23,13787,[H]C1=C([H])[C@@]2([H])C([H])=C([H])[C@]3([H])C([H])([H])C4([H])C1(C1([H])C(=C(C([H])([H])[H])C4([H])[H])C([H])([H])C([H])([H])[C@@]([H])(C([H])([H])[H])C1([H])[H])[C@]23[H],0,0 4 7 8 26 0,9,16.33669934133566,5.249474933073881,11.910936286036288,14.82044385085952,9.152392546254438,23.97283639711396,0.0025108344403795,0.0040454365431827,0.0038379256352524,0.0040454365431827,-27.74748250917333,0.0056708659272371,0.0009892101567381,0.0180215547201408,-27.573023371457985,-34.2740827896096,-31.604887723796125,24.46330675726001,23.962217659909125
6127,C=C(C)c1c[nH]ccc1=N,13868,O=c1[nH]c2c([nH]1)NON2,17935,[H]N=C1C([H])=C([H])N([H])C2([H])C1=C(C([H])([H])[H])C([H])([H])C13N([H])ON([H])C21N([H])C(=O)N3[H],0,0 4 3 4 20 0,5,15.030136588192088,7.937959049168593,19.858717868446035,15.695856726917354,6.170303823763163,21.86616055068052,0.0220336769063459,0.0232375405611501,0.0072519036483557,0.0232375405611501,-32.187464063583874,0.0313525373686207,0.0359696058891596,0.003827837145747,-28.716957361098025,-29.049277801113448,-32.20350238023923,20.685298474648462,22.715140236229136
24492,C=C(C)c1cccc(N)c1,13870,O=c1[nH]c2c([nH]1)NON2,17935,[H]C1=C(N([H])[H])C([H])=C([H])C2([H])C1=C(C([H])([H])[H])C([H])([H])C13N([H])ON([H])C21N([H])C(=O)N3[H],1,0 4 3 4 21 1,4,17.478733243947474,9.702493466568894,16.720168314883043,15.36979976069436,13.412899338103504,28.782699098797863,0.0074357751502935,0.0049327470669816,0.0015948382299832,0.0049327470669816,-17.615290493826237,0.0354258235261754,0.0299916501403982,0.0010054293718621,-14.448938226299916,-18.98359871244186,-22.6657343773704,23.411448467061582,23.76022814082115
24493,C=C(C)c1ncncc1N,13872,O=c1[nH]c2c([nH]1)NON2,17935,[H]C1=NC([H])=C(N([H])[H])C2=C(C([H])([H])[H])C([H])([H])C34N([H])ON([H])C3(N([H])C(=O)N4[H])N12,0,0 4 3 4 19 0,5,15.67972885105983,8.738596386257296,14.818245311378533,15.230088733252217,12.362992755552856,27.59308148880507,0.0109340139693169,0.0102610862460675,0.0004040440362444,0.0102610862460675,-17.65307537150234,0.0287295320563389,0.0250667426963366,0.00275727606037,-13.857685777044978,-15.62988251791458,-23.769239928573228,24.044204790957984,23.9213851214934
3713,C=C/C(C)=C/CC(=C)C,13897,Nc1nc2c([nH]1)NON2,17291,[H]C1=C(C([H])([H])[H])C([H])(C([H])([H])C(=C([H])[H])C([H])([H])[H])C23N([H])ON([H])C2(N=C(N([H])[H])N3[H])C1([H])[H],1,0 4 3 4 23 1,4,16.589553341338828,8.556005715283304,16.31744761607723,15.648278310689756,8.344630400338577,23.99290871102833,0.0132295800536864,0.0912614843147386,0.0869427859674577,0.0912614843147386,-34.0144469488102,0.0572166640933338,0.0909140458815899,0.106959021855314,-35.0786857298568,-33.672792467242424,-33.18335358638392,24.10611230365604,23.881585798895216
4574,C=C/C(C)=C/CC(=C)C,13897,O=C1C=c2ccccc2=N1,17550,[H]C1=C([H])C([H])=C([H])C23C1=NC(=O)C2([H])C([H])(C([H])([H])C(=C([H])[H])C([H])([H])[H])C(C([H])([H])[H])=C([H])C3([H])[H],0,0 4 3 2 23 0,3,22.885137737091608,11.700345212358226,25.49123487348728,15.82550523281102,10.024276438929649,25.849781671740665,0.0191521934343681,0.0558476826640207,0.0765589701971535,0.0558476826640207,-8.827278618862856,0.0624288899572929,0.0463483275701022,0.1091503145634602,-9.854399754150307,-8.085641572346368,-13.486346254491645,24.70135620188876,23.703789209114937
6127,C=C/C(C)=C/CC(=C)C,13897,O=c1[nH]c2c([nH]1)NON2,17935,[H]C1=C(C([H])([H])[H])C([H])(C([H])([H])C(=C([H])[H])C([H])([H])[H])C23N([H])ON([H])C2(N([H])C(=O)N3[H])C1([H])[H],0,0 4 3 4 23 0,5,14.849624967920503,7.2045408856360895,16.02083220542043,15.291307799393165,8.941161454042948,24.23246925343611,0.0090338853090147,0.0543043872751273,0.0681314902820431,0.0543043872751273,-42.57535247294885,0.0587508915287844,0.0840906574419248,0.0056844275427323,-37.79530741395078,-38.79402054266694,-41.59186913067326,20.324982944415428,20.70868130368722
6802,C=C/C(C)=C/CC(=C)C,13897,OCC1=Cc2ccccc21,18025,[H]OC([H])([H])C12c3c([H])c([H])c([H])c([H])c3C1([H])C([H])(C([H])([H])C(=C([H])[H])C([H])([H])[H])C(C([H])([H])[H])=C([H])C2([H])[H],1,0 4 2 3 23 1,0,16.10715649882698,9.446969457235864,18.17342943653625,15.485485710978804,6.547955042941375,22.033440753920186,0.0080061822656871,0.0481882697990706,0.164452403557007,0.0481882697990706,-35.30341907785241,0.1628974123983159,0.0546842695859244,0.5632592369934692,-33.988307672723366,-37.89622316433241,-39.19786878481386,22.237631608716143,22.50197851951431
3713,C=C/C=C/C1CCCCC1,13900,Nc1nc2c([nH]1)NON2,17291,[H]C1=C([H])C([H])(C2([H])C([H])([H])C([H])([H])C([H])([H])C([H])([H])C2([H])[H])C23N([H])ON([H])C2(N=C(N([H])[H])N3[H])C1([H])[H],1,0 3 3 4 26 1,4,14.454025922014551,6.313896383305995,14.115015408216768,16.216201584977775,6.494474897349743,22.71067648232752,0.002384110919865,0.0134671952830328,0.3793408197291427,0.0134671952830328,-35.69502959120891,0.0060685353416744,0.0383867385305125,0.4259878410617366,-35.514568152672325,-32.382505423142355,-32.1705843737832,23.20934794788189,22.991908557206365
4574,C=C/C=C/C1CCCCC1,13900,O=C1C=c2ccccc2=N1,17550,[H]C1=C([H])C([H])=C([H])C23C1=NC(=O)C2([H])C([H])(C1([H])C([H])([H])C([H])([H])C([H])([H])C([H])([H])C1([H])[H])C([H])=C([H])C3([H])[H],0,0 3 3 2 26 0,3,22.173011212504463,11.609796912494934,23.77935667069952,16.098428723922407,11.537160035804485,27.63558875972689,0.0666829237766126,0.0283892449589957,0.0149216171622848,0.0283892449589957,-7.307254389044949,0.0801394732391191,0.0764234419956056,0.0378419237549639,-7.75634737701391,-6.797125299579484,-11.831421164250573,25.64865909962976,23.932366694365875
6127,C=C/C=C/C1CCCCC1,13900,O=c1[nH]c2c([nH]1)NON2,17935,[H]C1=C([H])C([H])(C2([H])C([H])([H])C([H])([H])C([H])([H])C([H])([H])C2([H])[H])C23N([H])ON([H])C2(N([H])C(=O)N3[H])C1([H])[H],0,0 3 3 4 26 0,5,13.662142268296634,6.040268582385536,13.859601804592383,15.687450618448418,7.049066192009509,22.73651681045793,0.0102025821972011,0.0249133030508495,0.0738581177581551,0.0249133030508495,-43.86313189410247,0.0119003793001528,0.0437034513598118,0.0129428273027236,-38.20116736615303,-37.45586128871639,-39.951146729147865,20.22171085885764,20.82481304338853
6802,C=C/C=C/C1CCCCC1,13900,OCC1=Cc2ccccc21,18025,[H]OC([H])([H])C12c3c([H])c([H])c([H])c([H])c3C1([H])C([H])(C1([H])C([H])([H])C([H])([H])C([H])([H])C([H])([H])C1([H])[H])C([H])=C([H])C2([H])[H],1,0 3 2 3 26 1,0,15.706850311325386,10.043001070559082,17.075647045216673,15.778186086141396,7.590705448349102,23.368891534490498,0.0104212102393438,0.0268310092224244,0.0889966838025615,0.0268310092224244,-32.14607135623332,0.1196970038834413,0.0345527116675524,0.191866159073692,-31.39013956118476,-34.43056552003103,-34.161442069846544,23.654696753777223,22.98187348220352
3713,C=C/C=C/CC=C,13902,Nc1nc2c([nH]1)NON2,17291,[H]C1=C([H])C([H])(C([H])([H])C([H])=C([H])[H])C23N([H])ON([H])C2(N=C(N([H])[H])N3[H])C1([H])[H],1,0 3 3 4 17 1,4,15.284747804334108,7.511853961936361,14.782592992258888,15.65046080982168,7.94944191767183,23.599902727493507,0.0080262294277135,0.0742221460882582,0.0917176237510804,0.0742221460882582,-35.293002101594155,0.0223508925329563,0.0662733798508874,0.1936809129934001,-36.96229782728001,-33.81703748422008,-34.77567209048418,23.61488616207174,22.68372673216196
4574,C=C/C=C/CC=C,13902,O=C1C=c2ccccc2=N1,17550,[H]C1=C([H])C([H])=C([H])C23C1=NC(=O)C2([H])C([H])(C([H])([H])C([H])=C([H])[H])C([H])=C([H])C3([H])[H],0,0 3 3 2 17 0,3,21.731580012173616,11.673883487025504,23.92680756029442,15.548336262312931,10.329736280673227,25.87807254298616,0.0356406661200068,0.0964852059166657,0.0293103998875552,0.0964852059166657,-9.354838000649934,0.0914372736460116,0.0773866681476799,0.0365953776516609,-10.1561557597636,-8.429938437250883,-14.064691844532312,24.93567054913857,22.336519680154
6127,C=C/C=C/CC=C,13902,O=c1[nH]c2c([nH]1)NON2,17935,[H]C1=C([H])C([H])(C([H])([H])C([H])=C([H])[H])C23N([H])ON([H])C2(N([H])C(=O)N3[H])C1([H])[H],0,0 3 3 4 17 0,5,13.778524017517626,6.510471568078156,14.511517123605136,15.18705237674804,7.699077292119295,22.886129668867333,0.0130360327745897,0.0865388630559922,0.0665255312956688,0.0865388630559922,-44.50649841642843,0.0200543162090498,0.0876415134299602,0.0095780059605852,-41.59234771003473,-39.23995578678837,-42.94125378093288,19.9612878592906,20.080777359112226
6802,C=C/C=C/CC=C,13902,OCC1=Cc2ccccc21,18025,[H]OC([H])([H])C12c3c([H])c([H])c([H])c([H])c3C1([H])C([H])(C([H])([H])C([H])=C([H])[H])C([H])=C([H])C2([H])[H],1,0 3 2 3 17 1,0,15.449600635853706,9.503318608493029,16.947601393053297,15.282269247024956,7.394807088410904,22.67707633543586,0.0212202866208689,0.0777266329938856,0.1410418221718925,0.0777266329938856,-34.821091850052625,0.1847316927124114,0.0605356706219747,0.3690861097478528,-34.48417329799406,-38.25336780834699,-39.31885886164813,22.96177985246277,22.379609576270152
6127,C=C/C=C/CCC(=O)OC,13903,O=c1[nH]c2c([nH]1)NON2,17935,[H]C1=C([H])C([H])(C([H])([H])C([H])([H])C(=O)OC([H])([H])[H])C23N([H])ON([H])C2(N([H])C(=O)N3[H])C1([H])[H],0,0 3 3 4 22 0,5,14.685817536694072,8.35959741181321,16.011403714813703,16.630043660418107,7.978238647595974,24.608282308014083,0.0147984150374567,0.0465071389968589,0.063202521019192,0.0465071389968589,-38.114646403518734,0.0214276486330994,0.077144618296828,0.009605705208224,-35.05438127579832,-37.93180591018867,-39.11889200242001,21.757532369274585,23.202648786229183
6802,C=C/C=C/CCC(=O)OC,13903,OCC1=Cc2ccccc21,18025,[H]OC([H])([H])C12c3c([H])c([H])c([H])c([H])c3C1([H])C([H])(C([H])([H])C([H])([H])C(=O)OC([H])([H])[H])C([H])=C([H])C2([H])[H],1,0 3 2 3 22 1,0,15.78335279737114,11.019546320690484,19.195660258037783,16.679369706316304,6.198671525234836,22.87804123155114,0.0334718226652937,0.0547903484146399,0.1508156725752886,0.0547903484146399,-35.38205724349619,0.2312614128963293,0.1108257901922595,0.6230178509048373,-34.2482999259302,-36.59689653953824,-36.63674465062614,23.475717894857347,23.982573949245047
4574,C=CC(=C)CCC=C(C)C,13947,O=C1C=c2ccccc2=N1,17550,[H]C1=C([H])C([H])=C([H])C23C1=NC(=O)C2([H])C([H])([H])C(C([H])([H])C([H])([H])C([H])=C(C([H])([H])[H])C([H])([H])[H])=C([H])C3([H])[H],0,0 3 3 2 26 0,3,22.33312210528531,11.655837491456577,23.962079409611864,15.512519012633978,11.173470113313162,26.68598912594714,0.0431072824302305,0.0498407285597505,0.0259017890116634,0.0498407285597505,-13.271049690467784,0.2656550273323698,0.127502386660073,0.0831083639924002,-12.39208058505075,-11.986134004149063,-17.57366757523868,25.627600433214152,23.885281163750417
6127,C=CC(=C)CCC=C(C)C,13947,O=c1[nH]c2c([nH]1)NON2,17935,[H]C1=C(C([H])([H])C([H])([H])C([H])=C(C([H])([H])[H])C([H])([H])[H])C([H])([H])C23N([H])ON([H])C2(N([H])C(=O)N3[H])C1([H])[H],0,0 3 3 4 26 0,5,15.604628745835727,7.650395115275019,15.5973932924239,15.355690217346613,8.509060659131343,23.86475087647796,0.024505867137229,0.0309853759254087,0.0339762272995517,0.0309853759254087,-43.98690752252382,0.0799631883612593,0.0254268459317612,0.0055902683675883,-38.811881560845535,-43.6480808642436,-46.37811654703846,21.109548030437008,21.92143371044216
6802,C=CC(=C)CCC=C(C)C,13947,OCC1=Cc2ccccc21,18025,[H]OC([H])([H])C12c3c([H])c([H])c([H])c([H])c3C1([H])C([H])([H])C(C([H])([H])C([H])([H])C([H])=C(C([H])([H])[H])C([H])([H])[H])=C([H])C2([H])[H],1,0 3 2 3 26 1,0,15.59865146751665,9.759789529631211,17.223344887459582,15.19515592940728,7.22645518501383,22.42161111442111,0.0313628682130559,0.0651162958592043,0.0923577555263551,0.0651162958592043,-38.46907346432778,0.4822405558752237,0.0819812602945616,0.4003297753563403,-38.68505049129792,-41.950518776881296,-43.90240855293003,22.27795967158224,22.41747749692719
9381,C=CC(=C)CCC=C(C)C,13947,C1=C[C@H]2C=C[C@@H]3CC=C1[C@H]23,13787,[H]C1=C([H])[C@@]2([H])C([H])=C([H])[C@]3([H])C([H])([H])C4([H])C1(C([H])([H])C(C([H])([H])C([H])([H])C([H])=C(C([H])([H])[H])C([H])([H])[H])=C([H])C4([H])[H])[C@]23[H],0,0 3 7 8 26 0,9,16.540004539244926,4.716159759615982,11.503482580048622,14.63416075860274,8.41148422973313,23.04564498833588,0.0053119923265896,0.0037523341803168,0.0031851205829701,0.0037523341803168,-29.91105824125799,0.0431339317656495,0.0167232475856303,0.043822619444711,-28.80260968539148,-36.437297821835855,-33.50682905254687,24.004159341112945,23.7648183228764
6127,C=CCNCc1ccco1,14021,O=c1[nH]c2c([nH]1)NON2,17935,[H]C1=C([H])C2(C([H])([H])N([H])C([H])([H])C([H])=C([H])[H])OC1([H])C13N([H])ON([H])C21N([H])C(=O)N3[H],0,5 8 3 4 21 0,5,14.982299556381314,9.071150708063756,19.37920739601446,15.492825995679992,6.566430775992679,22.059256771672672,0.0172895142814282,0.0199419994283888,0.0120475361691225,0.0199419994283888,-16.66765393200575,0.0261536572296853,0.0216264659645893,0.0043567091785911,-12.72266048760035,-12.545543502369789,-14.673296308541062,20.09589725138488,21.928696606369908
18382,C=CCOc1cnccn1,14039,O=c1[nH]c2c([nH]1)NON2,17935,[H]C1=NC2([H])C(OC([H])([H])C([H])=C([H])[H])=NC1([H])C13N([H])ON([H])C21N([H])C(=O)N3[H],1,8 5 3 4 18 1,16,15.673086082762168,9.764118030300509,18.194128830076096,15.100870008885485,11.141049366064609,26.241919374950093,0.0173990685709618,0.0109093576082492,0.0280917783023457,0.0109093576082492,-12.840117145832728,0.0079959176910975,0.0249385117367697,0.003413853544546,-10.233895361657552,-12.004020439173985,-15.3849945471516,22.248696060639475,22.39942303785716
12249,C=CCc1occc1C=O,14055,O=c1[nH]c2c([nH]1)NON2,17935,[H]C(=O)C1=C([H])C2([H])OC1(C([H])([H])C([H])=C([H])[H])C13N([H])ON([H])C21N([H])C(=O)N3[H],0,5 3 3 4 18 0,5,16.327957996181702,9.489139457946576,17.146834422680836,15.04909200484117,11.59502573858273,26.64411774342389,0.0074375617101676,0.0223303916874691,0.0125935491646181,0.0223303916874691,-9.610536258699966,0.0172106429563072,0.0088437195391162,0.0060612727392836,-6.444496722658094,-7.196373354953817,-10.358904000905008,22.92211963209548,23.173132731776697
12254,C=Cc1c[nH]c(=O)cc1C,14092,O=c1[nH]c2c([nH]1)NON2,17935,[H]C([H])=C([H])C1=C(C([H])([H])[H])C2([H])C(=O)N([H])C1([H])C13N([H])ON([H])C21N([H])C(=O)N3[H],1,7 3 3 4 19 1,10,15.87984801776516,8.615699387914919,18.98101099587792,15.089067553958024,9.711091153455264,24.80015870741329,0.0142960895946079,0.0167202463694481,0.0462814157504535,0.0167202463694481,-21.78402556341728,0.0187469689215131,0.0225448912126584,0.0049234351814435,-18.909107957089603,-20.6818748530134,-23.873683001137067,19.662888301438247,21.003802471067537
13604,C=Cc1c[nH]c(=O)cc1C,14092,OCC1=Cc2ccccc21,18025,[H]OC([H])([H])C12c3c([H])c([H])c([H])c([H])c3C1([H])C1([H])C(=C([H])C2([H])[H])C(C([H])([H])[H])=C([H])C(=O)N1[H],1,0 3 2 3 19 1,0,14.057948326898378,11.316222996570296,19.03997363703581,15.769992024189769,5.641218582100471,21.41121060629024,0.0284439340081722,0.0233605401429816,0.0266653930157909,0.0233605401429816,-26.600239586965927,0.2354792821229623,0.092088365306578,0.1569838960745929,-24.125629492243256,-27.97114096432047,-28.57835750596046,21.767585018335154,21.660177698103784
18754,C=Cc1c[nH]c(=O)cc1C,14092,C1=C[C@H]2C=C[C@@H]3CC=C1[C@H]23,13787,[H]C1=C(C([H])([H])[H])C2=C([H])C([H])([H])C34C([H])=C([H])[C@@]5([H])C([H])=C([H])[C@]([H])(C([H])([H])C3([H])C2([H])N([H])C1=O)[C@]45[H],1,0 3 8 7 19 1,10,15.299518459933902,6.53452941195912,12.773717484995936,15.22983442975926,9.07065025708528,24.30048468684454,9.368959572047542e-05,0.0001218555219326,0.0075310282437968,0.0001218555219326,-17.81566660944104,0.0235347653172248,0.0076857122763284,0.0067771749449064,-16.181328294037883,-20.045807235744498,-19.14175085919083,24.04107209483005,23.58823976395645
12249,C=Cc1c[nH]c(=O)nc1N,14093,O=c1[nH]c2c([nH]1)NON2,17935,[H]C1=C2C(N([H])[H])=NC(=O)N([H])C2([H])C23N([H])ON([H])C2(N([H])C(=O)N3[H])C1([H])[H],0,0 3 3 4 17 0,5,15.318566566066078,8.28498262367216,17.50796960927767,15.389789598049342,7.353802076715507,22.74359167476485,0.0032728745159223,0.0136930423439843,0.0148595574872624,0.0136930423439843,-29.729818559442805,0.0193314878950512,0.028762316656537,0.0061484492770332,-23.58867123213807,-25.429673010742,-26.796131658580464,23.148140737581738,21.988848694421176
13604,C=Cc1c[nH]c(=O)nc1N,14093,OCC1=Cc2ccccc21,18025,[H]OC([H])([H])C12c3c([H])c([H])c([H])c([H])c3C1([H])C1([H])C(=C([H])C2([H])[H])C(N([H])[H])=NC(=O)N1[H],1,0 3 2 3 17 1,0,14.778673384311348,11.49493885349342,19.07758064718858,15.319507953279818,5.901514910087752,21.22102286336757,0.0039043684550956,0.0334876859459323,0.0622622456169565,0.0334876859459323,-25.405754534096992,0.019327278927131,0.0880458095602177,0.1362334700644104,-23.74551592180904,-25.56531510780036,-27.00324301758673,23.06261158517357,22.816085986922385
18754,C=Cc1c[nH]c(=O)nc1N,14093,C1=C[C@H]2C=C[C@@H]3CC=C1[C@H]23,13787,[H]C1=C([H])[C@@]2([H])C([H])=C([H])[C@]3([H])C([H])([H])C4([H])C5([H])C(=C([H])C([H])([H])C14[C@]23[H])C(N([H])[H])=NC(=O)N5[H],1,0 3 8 7 17 1,10,16.117822387886882,7.103580436294387,13.771229259518655,15.024952749517787,8.533020796179013,23.557973545696804,1.153041984947277e-05,0.000134333650895,0.005543869820837,0.000134333650895,-18.697637300937465,0.0025968251027391,0.0044977826548259,0.0034497836292747,-17.113936041455396,-18.193616708525468,-17.509415383794952,24.44209804742648,23.861816401826523
6127,C=Cc1cc(=O)[nH]c(=O)[nH]1,14094,O=c1[nH]c2c([nH]1)NON2,17935,[H]C1=C2N([H])C(=O)N([H])C(=O)C2([H])C23N([H])ON([H])C2(N([H])C(=O)N3[H])C1([H])[H],0,0 3 3 4 16 0,5,15.354097415341595,8.740019841552389,18.283253400989,15.56578541241661,8.651541227264978,24.217326639681588,0.0118027424174714,0.0350570238671602,0.0105972731031328,0.0350570238671602,-30.53398805031882,0.0299030975434636,0.0449976352344708,0.0051472157626443,-25.74832400867107,-29.91701243014556,-31.017839902344345,24.00403744361,23.53990846873236
6802,C=Cc1cc(=O)[nH]c(=O)[nH]1,14094,OCC1=Cc2ccccc21,18025,[H]OC([H])([H])C12c3c([H])c([H])c([H])c([H])c3C1([H])C1([H])C(=O)N([H])C(=O)N([H])C1=C([H])C2([H])[H],1,0 3 2 3 16 1,0,14.862699205640205,10.926112346556954,18.49291186619999,15.874572653025222,6.426864238939547,22.30143689196477,0.0096537210806352,0.2139995981291962,0.0590927950777912,0.2139995981291962,-27.94771426286673,0.0896007508268571,0.1626076436350308,0.2803740176111091,-27.956124010821213,-29.533839608886232,-31.369792509694825,24.088772631353383,23.436155813753167
12255,C=Cc1ccc(=O)[nH]c1C,14100,O=c1[nH]c2c([nH]1)NON2,17935,[H]C1=C(C([H])=C([H])[H])C2(C([H])([H])[H])N([H])C(=O)C1([H])C13N([H])ON([H])C21N([H])C(=O)N3[H],0,8 4 3 4 19 0,11,17.783096802759108,10.447341127509048,22.13111767228647,15.833439220081148,10.378588183334749,26.21202740341589,0.0250583359022438,0.0252396984254895,0.0142952073998667,0.0252396984254895,-13.73417357963583,0.0318202403162929,0.0226220926577669,0.0075210402988887,-11.46451956519411,-12.807061369823728,-16.516939137753802,21.464582231559778,23.40560697287235
12248,C=Cc1ccc[nH]c1=O,14109,O=c1[nH]c2c([nH]1)NON2,17935,[H]C1=C([H])C2([H])C(=C([H])C([H])([H])C34N([H])ON([H])C23N([H])C(=O)N4[H])C(=O)N1[H],1,0 3 3 4 16 1,4,13.088413730620912,8.792356547475695,15.554249733283877,15.367993659436554,8.335033401976377,23.70302706141293,0.0078801079661176,0.0300405853521009,0.0167887819796798,0.0300405853521009,-27.917848655072405,0.0160725645918515,0.027487773723897,0.0072805517146409,-23.660549282689203,-26.79749116495978,-29.12621131075815,22.806173817672395,22.93679958369272
24510,C=Cc1cnc(C)cn1,14117,O=c1[nH]c2c([nH]1)NON2,17935,[H]C([H])=C([H])C1=NC2([H])C(C([H])([H])[H])=NC1([H])C13N([H])ON([H])C21N([H])C(=O)N3[H],1,7 3 3 4 17 1,22,16.98020907339668,10.062764582795708,18.847585943248625,15.212211478336576,10.38267504232248,25.594886520659056,0.0188439210882002,0.0374336951035302,0.0623129600359675,0.0374336951035302,-12.73659407674134,0.0107910589889109,0.047103863085948,0.0058604795492483,-8.23771239951786,-11.547255581469969,-11.087279026236253,24.54328921733694,22.930556936538224
24510,C=Cc1cnc(N)cc1C,14118,O=c1[nH]c2c([nH]1)NON2,17935,[H]C([H])=C([H])C1=C(C([H])([H])[H])C2([H])C(N([H])[H])=NC1([H])C13N([H])ON([H])C21N([H])C(=O)N3[H],1,7 3 3 4 20 1,22,16.725962186558252,10.928932835874328,19.482888193083493,15.391986562449024,11.417858712011256,26.80984527446028,0.019318012333484,0.0273208582501842,0.0500906943233978,0.0273208582501842,-13.216254047793164,0.0318954756558954,0.0234264733322832,0.0054978001916005,-9.581835976862578,-11.291749284549354,-13.273957356736062,22.285837388828007,22.944641700811182
30615,C=Cc1ncccc1C=O,14124,O=c1[nH]c2c([nH]1)NON2,17935,[H]C(=O)C1=C([H])C([H])=C([H])N2C1=C([H])C([H])([H])C13N([H])ON([H])C21N([H])C(=O)N3[H],0,0 3 3 4 17 0,5,11.116915872498964,8.562758028055367,13.653785233147712,15.134023467742908,9.73707499401778,24.87109846176069,0.0159249865976631,0.0182861480017958,0.0177586528073107,0.0182861480017958,-19.5087167329973,0.0469860865583543,0.0224002673528479,0.004624246051499,-14.766802690623791,-19.503708821804587,-24.145685813294754,20.92419738815435,21.40281087103556
34012,C=Cc1ncccc1C=O,14124,OCC1=Cc2ccccc21,18025,[H]OC([H])([H])C12c3c([H])c([H])c([H])c([H])c3C1([H])C([H])([H])C([H])=C1C(C([H])=O)=C([H])C([H])=C([H])N12,1,0 3 3 2 17 1,2,11.239618684389091,10.60547555871578,13.848913310313902,15.405618130353274,8.691147302460244,24.09676543281352,0.0889769907272707,0.0300198989794496,0.0486471038577494,0.0300198989794496,-17.563373461595624,0.3524502943008042,0.0256460256806114,0.1216740358090745,-18.47579069865872,-21.482698966492165,-24.12051290333286,21.987869694899054,22.56541073430894
46869,C=Cc1ncccc1C=O,14124,C1=C[C@H]2C=C[C@@H]3CC=C1[C@H]23,13787,[H]C(=O)C1=C([H])C([H])=C([H])N2C1=C([H])C([H])([H])C1([H])C23C([H])=C([H])[C@@]2([H])C([H])=C([H])[C@]([H])(C1([H])[H])[C@]32[H],0,0 3 7 8 17 0,9,13.06089229292383,6.9310799525438025,9.624902897261816,14.98439704336248,10.96115689186759,25.94555393523008,0.0017022034004327,0.006988328770607,0.0028797812958754,0.006988328770607,-10.583936130412944,0.0562415180080472,0.0210573772181219,0.0569351822508232,-10.848756033467945,-15.918338753839166,-13.844403135787744,24.5629934447227,23.36597638410964
24492,C=Cc1nccnc1N,14126,O=c1[nH]c2c([nH]1)NON2,17935,[H]C1=C([H])N2C(=C([H])C([H])([H])C34N([H])ON([H])C23N([H])C(=O)N4[H])C(N([H])[H])=N1,1,0 3 3 4 16 1,4,11.65706160550048,9.291687155337048,14.129652061543558,15.297366182523856,9.681623022972474,24.97898920549633,0.0094027600904285,0.0163442618735392,0.0093189110079855,0.0163442618735392,-18.951213000752176,0.0261018890228386,0.016139319392925,0.0031899774610734,-14.98642590667218,-17.61828080837168,-22.55193643907326,21.929493912599664,22.671387132247936
6126,CC(=O)Nc1ccco1,14206,O=c1[nH]c2c([nH]1)NON2,17935,[H]C1=C([H])C2(N([H])C(=O)C([H])([H])[H])OC1([H])C13N([H])ON([H])C21N([H])C(=O)N3[H],1,4 7 3 4 16 1,4,15.586085949230782,9.113627789145546,18.254976121320105,15.628823648548536,8.829535359089185,24.45835900763772,0.0236994694473621,0.0317766075775454,0.0174663204158394,0.0317766075775454,-9.822491178007468,0.0389467853345746,0.0292759787366687,0.0121660120903683,-9.624676106270634,-9.479090223034554,-13.20578877910203,20.137091081599525,21.99087253495982
6126,CC(=O)OCc1ccoc1,14218,O=c1[nH]c2c([nH]1)NON2,17935,[H]C1=C(C([H])([H])OC(=O)C([H])([H])[H])C2([H])OC1([H])C13N([H])ON([H])C21N([H])C(=O)N3[H],1,9 7 3 4 18 1,4,15.476521303125883,9.47991493746908,17.281280629105456,15.878425855594184,8.223547677054441,24.101973532648625,0.0243378992811251,0.0192071147094447,0.0360458186872665,0.0192071147094447,-12.773737540041346,0.0379128695928776,0.0295234015499281,0.0052767919877288,-10.07463486528507,-12.247162685876042,-13.84221854153973,21.19973130187412,23.782469831378485
865,CC(=O)c1c[nH]c(=O)cn1,14232,FC(F)(F)C1=CC=C=CN1,16502,[H]C1=C2C3([H])C(C(=O)C([H])([H])[H])=NC([H])(C(=O)N3[H])C2([H])C([H])=C(C(F)(F)F)N1[H],0,8 4 6 7 16 0,17,17.985021520028106,9.573925876050744,21.985304338295343,15.28067039485562,4.647933465937925,19.928603860793544,0.0142737832514125,0.0156241056694669,0.0084094023876654,0.0156241056694669,-24.300255339721254,0.0100359228956653,0.0459894228604385,0.0165899818193709,-19.86429739335366,-24.64349764301245,-19.136628521085846,20.62779420007906,21.267307380436787
7430,CC(=O)c1c[nH]c(=O)cn1,14232,Nc1nc2c([nH]1)NON2,17291,[H]N([H])C1=NC23N([H])ON([H])C2(N1[H])C1([H])C(C(=O)C([H])([H])[H])=NC3([H])C(=O)N1[H],1,8 4 3 4 16 1,12,18.141218533370868,10.733472290598366,23.564362766248685,15.280561078292283,4.626914608261192,19.907475686553475,0.0055863640085844,0.0504643300730822,0.0365071160349155,0.0504643300730822,-15.17126843154459,0.0176932804272074,0.0521139636055029,0.0540844924514674,-16.67452457050654,-16.870747598924623,-15.906675385926585,19.908170583006942,19.46942506326472
12254,CC(=O)c1c[nH]c(=O)cn1,14232,O=c1[nH]c2c([nH]1)NON2,17935,[H]N1C(=O)C2([H])N=C(C(=O)C([H])([H])[H])C1([H])C13N([H])ON([H])C21N([H])C(=O)N3[H],1,8 4 3 4 16 1,10,16.065385026295758,8.913221303225594,21.96067530078416,14.881527650830929,5.769547821663839,20.651075472494767,0.0036333678158249,0.0268490474220688,0.0378897761338471,0.0268490474220688,-21.05865330593172,0.0093869801450995,0.0404284362524443,0.0042471938593566,-17.75486390325368,-20.61029381198982,-20.480520509744046,18.9261940145834,18.199983163313863
13562,CC(=O)c1c[nH]c(=O)cn1,14232,OC1=C(O)c2ccccc21,18015,[H]OC12c3c([H])c([H])c([H])c([H])c3C1(O[H])C1([H])C(C(=O)C([H])([H])[H])=NC2([H])C(=O)N1[H],1,8 4 1 2 16 1,2,17.0198457491367,14.573839978947683,23.84923933835236,15.27146757400538,6.371239853884415,21.6427074278898,0.0077941601757058,0.0083649427629909,0.0164444441839238,0.0083649427629909,-21.99002699948408,0.0140088882242641,0.0417147084569072,0.0293368317544708,-21.687304788123868,-22.70360771192017,-18.055119257276104,20.94896763074525,21.301835536852547
13608,CC(=O)c1c[nH]c(=O)cn1,14232,OCC1=Cc2ccccc21,18025,[H]OC([H])([H])C12c3c([H])c([H])c([H])c([H])c3C1([H])C1([H])C(C(=O)C([H])([H])[H])=NC2([H])C(=O)N1[H],1,8 4 2 3 16 1,4,16.082998963330123,11.367866143594814,22.89747095720229,15.200652840212012,4.186174614778281,19.386827454990293,0.0104033753546272,0.0237620292333071,0.0658917652175866,0.0237620292333071,-17.421151603475217,0.0235675701749637,0.0498128379256819,0.0932069118918012,-15.234695158407838,-20.088200733580763,-19.782379458495345,20.070854212341896,19.00876273659785
14002,CC(=O)c1c[nH]c(=O)cn1,14232,O[C@@H]1CC/C=C/CCC1,18100,[H]O[C@@]1([H])C([H])([H])C([H])([H])C([H])([H])C2([H])C3([H])N=C(C(=O)C([H])([H])[H])C([H])(N([H])C3=O)C2([H])C([H])([H])C1([H])[H],1,8 4 5 6 16 1,6,19.190177393553647,5.581522441970938,19.8889417436036,14.849952533508976,5.03654684657705,19.88649938008603,0.0247590183475786,0.0548544065423068,0.073859981851247,0.0548544065423068,-13.411138365710109,0.0398082024057877,0.0426176285336824,0.0221347559888434,-10.519320098489622,-13.395453637196084,-10.746036051099807,22.24866342176416,21.010349622557825
18456,CC(=O)c1c[nH]c(=O)cn1,14232,C1=CC2=C(C1)[C@@H]1C=C[C@H]2C1,13755,[H]C1=C([H])C23C4([H])N=C(C(=O)C([H])([H])[H])C([H])(N([H])C4=O)C2(C1([H])[H])[C@]1([H])C([H])=C([H])[C@@]3([H])C1([H])[H],1,8 4 2 3 16 1,16,19.9300234098082,12.387026226725382,22.84754623311997,16.06789840955024,8.556498908484091,24.62439731803433,0.0006133478205692,0.0094254483414989,0.0055110807821206,0.0094254483414989,-12.69958579402605,0.009473154981161,0.0100848369572797,0.0005127912784794,-9.112596934220974,-12.564833014316063,-8.403447056885959,24.370695353876684,22.41480918828817
18766,CC(=O)c1c[nH]c(=O)cn1,14232,C1=C[C@H]2C=C[C@@H]3CC=C1[C@H]23,13787,[H]C1=C([H])[C@@]2([H])C([H])=C([H])[C@]3([H])C([H])([H])C4([H])C5([H])C(C(=O)C([H])([H])[H])=NC([H])(C(=O)N5[H])C14[C@]23[H],1,8 4 8 7 16 1,22,18.53078916358387,6.672687438006437,19.266138037536848,14.727432254491054,5.314381006017058,20.04181326050812,1.2753028172316967e-05,0.0001067033973522,0.0077663171141185,0.0001067033973522,-13.383470694619804,0.0030892407836608,0.0027491150622094,0.0059201049359277,-12.196511172343357,-13.454620702609958,-11.620058551869036,20.24821063596814,18.74813599883041
865,CC(=O)c1cc(C)c(C)o1,14236,FC(F)(F)C1=CC=C=CN1,16502,[H]C1=C2C([H])(C([H])=C(C(F)(F)F)N1[H])C1(C(=O)C([H])([H])[H])OC2(C([H])([H])[H])C(C([H])([H])[H])=C1[H],0,3 7 6 7 20 0,17,18.48334540898893,8.85665498397431,23.988968103967096,15.78072846616379,3.937980256884181,19.71870872304797,0.0164260122760212,0.018039186032163,0.0101221792362055,0.018039186032163,-15.782485479947404,0.0275844486435302,0.0246847292385128,0.010920664450243,-16.60198770646619,-17.25854106649127,-13.530515642608911,21.94260825777533,23.708820359748785
12255,CC(=O)c1cc(C)c(C)o1,14236,O=c1[nH]c2c([nH]1)NON2,17935,[H]C1=C(C([H])([H])[H])C2(C([H])([H])[H])OC1(C(=O)C([H])([H])[H])C13N([H])ON([H])C21N([H])C(=O)N3[H],0,3 7 3 4 20 0,11,16.970147567070274,8.481425024168384,19.304148626691926,15.396334087805355,8.091252212425143,23.487586300230497,0.0128639715888259,0.0294843259709001,0.0134200458178316,0.0294843259709001,-13.65234310827671,0.0448748397482031,0.0134725167488487,0.0028021775415985,-10.614610350340527,-10.75655404876926,-11.750340833480289,20.009631492556924,21.024592943332824
24510,CC(=O)c1cc(C)ncn1,14238,O=c1[nH]c2c([nH]1)NON2,17935,[H]N1ON([H])C23N([H])C(=O)N([H])C12C1([H])N=C(C(=O)C([H])([H])[H])C3([H])C(C([H])([H])[H])=N1,1,8 4 3 4 18 1,22,18.941528933706,10.78554318997998,20.920825683615305,14.898740983508986,11.09838340554527,25.997124389054257,0.0027281658372629,0.02851522004472,0.0111769332503323,0.02851522004472,-8.968995322269784,0.0063735492756121,0.0190915787092516,0.0049603053648992,-5.591545315315251,-8.93676734137938,-9.125558695965005,23.55195700427884,21.641830460802247
27220,CC(=O)c1cc(C)ncn1,14238,OCC1=Cc2ccccc21,18025,[H]OC([H])([H])C12c3c([H])c([H])c([H])c([H])c3C1([H])C1([H])C(C(=O)C([H])([H])[H])=NC2([H])N=C1C([H])([H])[H],1,8 4 2 3 18 1,12,19.949408418895715,12.156003619732488,21.6586605935826,15.375315535843995,9.25745714555294,24.632772681396936,0.0060711412164143,0.0168101122204802,0.0421027832410231,0.0168101122204802,-4.259940644635471,0.0228878764751114,0.0510325163135362,0.0680616866970207,-4.013717729135017,-7.594178768800287,-8.254914434512536,25.125250421440143,23.74617986162309
1725,CC(=O)c1ccnnc1,14246,FC(F)(F)C1=CC=C=CN1,16502,[H]C1=C2C3([H])N=NC([H])(C([H])=C3C(=O)C([H])([H])[H])C2([H])C([H])=C(C(F)(F)F)N1[H],0,5 8 6 7 15 0,29,20.04478043940341,8.373743339510982,22.09840618699772,15.477253649599977,6.442744803124846,21.91999845272482,0.015332747377296,0.0147787013822125,0.0016936213392439,0.0147787013822125,-9.204471187812423,0.0070220878363383,0.0211501364633888,0.0084762680053296,-10.172628182552444,-13.903952221720992,-9.909044264915975,23.50021033409373,22.73281349988898
14856,CC(=O)c1ccnnc1,14246,Nc1nc2c([nH]1)NON2,17291,[H]C1=C(C(=O)C([H])([H])[H])C2([H])N=NC1([H])C13N=C(N([H])[H])N([H])C21N([H])ON3[H],1,5 8 3 4 15 1,20,20.32826185900048,10.640092208061954,23.356480036384305,15.56698752075138,8.615191884104505,24.182179404855887,0.0150870433660292,0.0404016010590032,0.0053313884897672,0.0404016010590032,-6.60050876263373,0.0094354854253593,0.0433119086830698,0.0192272639780344,-8.277222178422484,-7.393616167266558,-7.435693891414179,24.37053013125961,22.598989147550245
24504,CC(=O)c1ccnnc1,14246,O=c1[nH]c2c([nH]1)NON2,17935,[H]C1=C(C(=O)C([H])([H])[H])C2([H])N=NC1([H])C13N([H])ON([H])C21N([H])C(=O)N3[H],1,5 8 3 4 15 1,16,17.39305409852701,9.014144627244288,20.752780466105765,15.237333561561638,9.52004598136849,24.757379542930128,0.0067498953785194,0.0179766024379724,0.0054621015697531,0.0179766024379724,-11.205314579440111,0.0047062451352237,0.0217535577056223,0.0017269194439104,-8.877820098864397,-10.90109960403082,-12.74206081899051,21.46797748285979,19.61884872290705
27124,CC(=O)c1ccnnc1,14246,OC1=C(O)c2ccccc21,18015,[H]OC12c3c([H])c([H])c([H])c([H])c3C1(O[H])C1([H])N=NC2([H])C([H])=C1C(=O)C([H])([H])[H],1,5 8 1 2 15 1,4,19.788632176399027,13.882309564292154,24.392107184404217,15.734116066208884,9.873784072145366,25.60790013835425,0.0070916074269031,0.0060774025651248,0.0020988323028224,0.0060774025651248,-13.822390778932572,0.012328805461181,0.0202933819714258,0.0120805219660551,-15.571534911813616,-13.082170832945977,-9.870693034012938,24.136031405896546,23.199766943934897
27216,CC(=O)c1ccnnc1,14246,OCC1=Cc2ccccc21,18025,[H]OC([H])([H])C12c3c([H])c([H])c([H])c([H])c3C1([H])C1([H])N=NC2([H])C([H])=C1C(=O)C([H])([H])[H],1,5 8 2 3 15 1,8,19.36689422558508,10.861589567461952,22.741389150715825,15.52572366788046,6.98584333633973,22.51156700422019,0.0080762208187477,0.0328483133524224,0.0072852930708047,0.0328483133524224,-7.410122409990123,0.0180310668931,0.0526611067949158,0.0232497276238488,-8.287743968351101,-11.036288219813734,-11.383703064170817,23.6619408727314,21.35266262071963
865,CC(=O)c1nc(C)c(C)o1,14254,FC(F)(F)C1=CC=C=CN1,16502,[H]C1=C2C([H])(C([H])=C(C(F)(F)F)N1[H])C1(C(=O)C([H])([H])[H])N=C(C([H])([H])[H])C2(C([H])([H])[H])O1,0,3 7 6 7 19 0,17,15.87173680390024,8.422876448024661,23.739341878010293,15.928691608116722,2.969021324741856,18.89771293285858,0.0122414208456601,0.0197565015711044,0.0114352254808523,0.0197565015711044,-18.521896115207248,0.0243583735060905,0.0521884217378577,0.0170234341866198,-16.351591730727826,-18.85868996114289,-21.53992952139759,19.05660319003301,20.38366197267564
7430,CC(=O)c1nc(C)c(C)o1,14254,Nc1nc2c([nH]1)NON2,17291,[H]N([H])C1=NC23N([H])ON([H])C2(N1[H])C1(C([H])([H])[H])OC3(C(=O)C([H])([H])[H])N=C1C([H])([H])[H],1,3 7 3 4 19 1,12,17.330347864539252,9.992270029102064,20.999963764268475,15.795550621322628,7.301656049081796,23.097206670404425,0.0715540503758283,0.1163976068166208,0.0145079691136233,0.1163976068166208,-8.612477332398505,0.0883346352710324,0.0433186828955063,0.0170179349186359,-10.40044874256744,-9.527198004588412,-9.58282420553688,21.92263252941076,22.09371859061727
12254,CC(=O)c1nc(C)c(C)o1,14254,O=c1[nH]c2c([nH]1)NON2,17935,[H]N1ON([H])C23N([H])C(=O)N([H])C12C1(C(=O)C([H])([H])[H])N=C(C([H])([H])[H])C3(C([H])([H])[H])O1,1,3 7 3 4 19 1,10,15.070891969254255,8.372641874297834,19.54122449329634,15.35004423470723,7.537849621497976,22.887893856205206,0.028230472912213,0.0496699279337803,0.0126342355253779,0.0496699279337803,-13.67611012670293,0.0216755343612027,0.0234628905231713,0.0017540562192454,-9.853306564228667,-12.649417265317048,-14.537709540118726,18.58374245505401,18.829645637587824
13562,CC(=O)c1nc(C)c(C)o1,14254,OC1=C(O)c2ccccc21,18015,[H]OC12c3c([H])c([H])c([H])c([H])c3C1(O[H])C1(C([H])([H])[H])OC2(C(=O)C([H])([H])[H])N=C1C([H])([H])[H],1,3 7 1 2 19 1,2,17.375154882528424,13.989124743974426,22.97038371183262,15.917652442309285,6.965630921814498,22.883283364123784,0.0161689892940987,0.0104438193215873,0.0170273031006126,0.0104438193215873,-15.341035594804993,0.0430929584621511,0.0169489101399804,0.0201635548041668,-15.15721349718278,-14.844899800990357,-12.377826730644315,22.253694522972083,23.96142708195268
13610,CC(=O)c1nc(C)c(C)o1,14254,OCC1=Cc2ccccc21,18025,[H]OC([H])([H])C12c3c([H])c([H])c([H])c([H])c3C1([H])C1(C(=O)C([H])([H])[H])N=C(C([H])([H])[H])C2(C([H])([H])[H])O1,1,3 7 3 2 19 1,6,15.966929275487894,11.739220667761684,22.343307209731265,15.56987132394,5.687685738972153,21.25755706291216,0.0316486843862911,0.0097092322288657,0.0248347919524638,0.0097092322288657,-9.782683800546977,0.2201921236845364,0.0172442054052887,0.0893695293838627,-10.2368394343384,-13.443467063605503,-13.59843116680124,20.626334042077207,21.846733556963667
18766,CC(=O)c1nc(C)c(C)o1,14254,C1=C[C@H]2C=C[C@@H]3CC=C1[C@H]23,13787,[H]C1=C([H])[C@@]2([H])C([H])=C([H])[C@]3([H])C([H])([H])C4([H])C5(C([H])([H])[H])OC(C(=O)C([H])([H])[H])(N=C5C([H])([H])[H])C14[C@]23[H],1,3 7 8 7 19 1,22,18.270841660122763,7.2202205532358334,18.798205863092853,14.961006624043392,8.62533098888558,23.58633761292897,3.304259887148279e-05,9.47666910012705e-05,0.0020419149441231,9.47666910012705e-05,-4.150248602105421,0.0076859125225776,0.0119013374296298,0.0036882648837314,-4.530160199658134,-4.937329468335264,-5.819238354433526,22.9359576432394,22.86747861388178
1713,CC(=O)c1ncc(F)cn1,14256,FC(F)(F)C1=CC=C=CN1,16502,[H]C1=NC2(C(=O)C([H])([H])[H])N=C([H])C1(F)C1=C([H])N([H])C(C(F)(F)F)=C([H])C12[H],0,3 6 6 7 15 0,17,20.70902862461073,9.689087069091698,22.43803762626905,15.973719413160842,7.860426650632569,23.83414606379341,0.0069537202932489,0.0030349609743471,0.0040001252237761,0.0030349609743471,-9.146264626642498,0.0216074930060078,0.010643691738207,0.0085758139202313,-8.034743602977109,-9.866756676532503,-10.04853621626946,23.222689178781124,23.53211749635173
24498,CC(=O)c1ncc(F)cn1,14256,O=c1[nH]c2c([nH]1)NON2,17935,[H]C1=NC2(C(=O)C([H])([H])[H])N=C([H])C1(F)C13N([H])ON([H])C21N([H])C(=O)N3[H],1,3 6 3 4 15 1,10,19.3513973842262,10.973767835343043,21.893273009484304,15.623220658111435,11.166567590094395,26.78978824820583,0.0074163307846257,0.0063038447629028,0.0161968889510049,0.0063038447629028,-5.308465334140067,0.011314310811098,0.0040964056775514,0.0016507412952504,-3.748264663467843,-5.694459335239394,-8.519826145978492,22.78794018090172,21.85435380788278
27214,CC(=O)c1ncc(F)cn1,14256,OCC1=Cc2ccccc21,18025,[H]OC([H])([H])C12c3c([H])c([H])c([H])c([H])c3C1([H])C1(C(=O)C([H])([H])[H])N=C([H])C2(F)C([H])=N1,1,3 6 3 2 15 1,6,20.05936754927775,12.725483846274145,23.65792591228376,15.968667464624396,8.138387348449974,24.10705481307437,0.0204167463415511,0.0050418604829245,0.0117419263988492,0.0050418604829245,-5.357515562826372,0.1188045968451982,0.0089471752515524,0.0427517696086155,-6.185714244843943,-7.695946057367688,-9.15942563893178,23.614583051051167,23.399332184427163
6127,CC(=O)n1ccc(N)c1,14264,O=c1[nH]c2c([nH]1)NON2,17935,[H]C1=C(N([H])[H])C2([H])N(C(=O)C([H])([H])[H])C1([H])C13N([H])ON([H])C21N([H])C(=O)N3[H],0,4 8 3 4 17 0,5,15.797356643277418,9.17204549757822,18.82624803243692,15.512743890800593,8.196969673073074,23.709713563873667,0.0267969238737485,0.0811722623824685,0.0396722933456969,0.0811722623824685,-15.266467408364951,0.062145150468327,0.0723783649444181,0.0084964794652264,-12.718882187613351,-13.102833661669187,-14.625394112712364,20.15539284952468,21.19420504222828
5418,CC(C)(C)C1=CC=CC1,14276,O=CC#CC(F)(F)F,17787,[H]C(=O)C1=C(C(F)(F)F)C2([H])C([H])=C([H])C1(C(C([H])([H])[H])(C([H])([H])[H])C([H])([H])[H])C2([H])[H],1,4 7 2 3 23 1,0,12.096532469022865,12.878030481914577,19.21642536501904,15.92201824274526,6.984264385090327,22.906282627835587,0.0011201443086062,0.0012447592452884,0.0002789839814337,0.0012447592452884,-17.243112516649454,0.0002502976993743,0.0046965354651146,0.0001610652092214,-16.300514988944236,-17.75015915543274,-20.68478801562836,22.6623911196319,22.33738601960682
6127,CC(C)(C)C1=CC=CC1,14276,O=c1[nH]c2c([nH]1)NON2,17935,[H]C1=C([H])C2(C(C([H])([H])[H])(C([H])([H])[H])C([H])([H])[H])C([H])([H])C1([H])C13N([H])ON([H])C12N([H])C(=O)N3[H],0,4 7 3 4 23 0,5,11.392885537684617,6.672463937567168,14.916992537699567,15.60528360118166,6.801138272685979,22.40642187386764,0.0079799198053559,0.0481146404839203,0.0020144807379335,0.0481146404839203,-26.71156478404267,0.0167672493305705,0.050634730253251,0.0006292855241213,-20.57184974117677,-22.11116774521279,-23.05585448228397,19.087150840732978,20.652585149966
6804,CC(C)(C)C1=CC=CC1,14276,OCC1=Cc2ccccc21,18025,[H]OC([H])([H])C12c3c([H])c([H])c([H])c([H])c3C1([H])C1(C(C([H])([H])[H])(C([H])([H])[H])C([H])([H])[H])C([H])=C([H])C2([H])C1([H])[H],1,4 7 3 2 23 1,2,14.074884285692148,10.35635602428992,17.3702213112011,15.626490733736816,7.170077654181551,22.796568387918366,0.0116299404536155,0.0236077379836091,0.0045323702120575,0.0236077379836091,-18.469519221587632,0.0475877004896959,0.0071492330544967,0.0285564468506776,-18.84129334311461,-22.13665213653708,-21.011983992107083,23.052828400860577,23.787806690946013
9249,CC(C)(C)C1=CC=CC1,14276,C1=CC=C=c2ccccc2=1,13758,[H]C1=C=c2c([H])c([H])c([H])c([H])c2=C2C3([H])C([H])=C([H])C(C(C([H])([H])[H])(C([H])([H])[H])C([H])([H])[H])(C12[H])C3([H])[H],0,4 7 2 3 23 0,5,17.327277184464695,7.654006319644796,19.14763021456371,15.813768812352889,5.245897208362678,21.059666020715564,0.0013541749729721,0.0121474510671158,0.0033794208542297,0.0121474510671158,-15.369771729873086,0.0013922994091739,0.0027025780230024,0.0023366399640111,-13.985879352499232,-13.371312099067012,-11.135897180260372,22.51626917459681,20.747953739331216
429,CC(C)(C)C1=CCC=C1,14278,FC(F)(F)C1=CC=C=CN1,16502,[H]C1=C2C3([H])C(C(C([H])([H])[H])(C([H])([H])[H])C([H])([H])[H])=C([H])C([H])(C2([H])C([H])=C(C(F)(F)F)N1[H])C3([H])[H],0,7 5 6 7 23 0,5,15.436369666154537,7.558364378288568,17.403907625676084,15.62655019683342,5.267791742807251,20.89434193964067,0.0847436542056353,0.045118623576651,0.0046382850309275,0.045118623576651,-29.572107686497063,0.0239335579891176,0.0697439998464507,0.0266576163975531,-30.31058571043625,-33.19933173537696,-23.784279705687148,21.92722841785377,22.59183058314023
3713,CC(C)(C)C1=CCC=C1,14278,Nc1nc2c([nH]1)NON2,17291,[H]C1=C(C(C([H])([H])[H])(C([H])([H])[H])C([H])([H])[H])C2([H])C([H])([H])C1([H])C13N=C(N([H])[H])N([H])C21N([H])ON3[H],1,7 5 3 4 23 1,4,13.648731643194564,8.114287186338764,14.67236550242779,15.376040904988365,6.787539954989597,22.16358085997796,0.0433422414646574,0.0586731046381756,0.0073236925027913,0.0586731046381756,-24.0725662727774,0.0219191214940928,0.0748094639067756,0.0191337204663116,-23.76017471920239,-22.71228417867205,-21.425408603256592,22.533243458955027,23.80118333609696
5419,CC(C)(C)C1=CCC=C1,14278,O=CC#CC(F)(F)F,17787,[H]C(=O)C1=C(C(F)(F)F)C2([H])C([H])=C(C(C([H])([H])[H])(C([H])([H])[H])C([H])([H])[H])C1([H])C2([H])[H],1,7 5 3 2 23 1,1,10.86829447283276,12.977810757980135,18.83993928074868,15.6676133134814,6.218042008470018,21.88565532195142,1.0724120398726102e-05,0.0348689504791378,0.0017160208831309,0.0348689504791378,-25.78163859538208,0.0004072403603778,0.0606084016738656,0.0161391642972257,-23.4804704266158,-24.710524728782,-26.74265504049255,22.073847439807725,21.53127376576592
6127,CC(C)(C)C1=CCC=C1,14278,O=c1[nH]c2c([nH]1)NON2,17935,[H]C1=C(C(C([H])([H])[H])(C([H])([H])[H])C([H])([H])[H])C2([H])C([H])([H])C1([H])C13N([H])ON([H])C21N([H])C(=O)N3[H],0,7 5 3 4 23 0,5,11.65518634055039,6.878889061897188,13.92960747163226,15.080617786092269,6.770841990742259,21.851459776834528,0.0200097666510674,0.0778359438202597,0.0053840221500437,0.0778359438202597,-32.334578449947124,0.0213419511748949,0.0850331326830017,0.0013467993148486,-25.42789784074404,-27.50741088099808,-29.089099609248866,17.87311448960898,18.946349941713247
6780,CC(C)(C)C1=CCC=C1,14278,OC1=C(O)c2ccccc21,18015,[H]OC12c3c([H])c([H])c([H])c([H])c3C1(O[H])C1([H])C(C(C([H])([H])[H])(C([H])([H])[H])C([H])([H])[H])=C([H])C2([H])C1([H])[H],1,7 5 1 2 23 1,0,13.589108788526426,12.372742162940504,16.36283578937055,15.451707103239924,9.5097563163852,24.96146341962513,0.0099428065423465,0.0147240280125984,0.0044654967818953,0.0147240280125984,-28.94198751316393,0.049405397268879,0.0219158938341247,0.019240497964819,-29.209407859733417,-29.15862882882155,-26.12092035702441,22.38179629546822,23.627457328903084
6802,CC(C)(C)C1=CCC=C1,14278,OCC1=Cc2ccccc21,18025,[H]OC([H])([H])C12c3c([H])c([H])c([H])c([H])c3C1([H])C1([H])C(C(C([H])([H])[H])(C([H])([H])[H])C([H])([H])[H])=C([H])C2([H])C1([H])[H],1,7 5 2 3 23 1,0,13.04017527842264,9.237755494545976,16.2184781489552,15.34807113725837,5.518315704972721,20.86638684223109,0.0140084736583123,0.0476844405672475,0.0247268757696067,0.0476844405672475,-21.8724827459096,0.1199281402609757,0.038893829942772,0.071273667016404,-20.756317981566248,-26.087774927675817,-26.70807952808585,20.361998756202176,20.735417836212967
7000,CC(C)(C)C1=CCC=C1,14278,O[C@@H]1CC/C=C/CCC1,18100,[H]O[C@@]1([H])C([H])([H])C([H])([H])C([H])([H])C2([H])C3([H])C([H])=C(C(C([H])([H])[H])(C([H])([H])[H])C([H])([H])[H])C([H])(C3([H])[H])C2([H])C([H])([H])C1([H])[H],1,7 5 5 6 23 1,2,14.968969347303997,2.3607363858256374,11.192080456965668,14.881004061934329,6.634234924758749,21.51523898669308,0.0628140928459552,0.0643465172880732,0.0247546315277598,0.0643465172880732,-17.556468857694888,0.121823074675336,0.0219704917430141,0.0290105789622684,-16.816750335627987,-16.708807321863738,-15.988715118171555,21.780899734062977,22.06928766483386
9249,CC(C)(C)C1=CCC=C1,14278,C1=CC=C=c2ccccc2=1,13758,[H]C1=C=c2c([H])c([H])c([H])c([H])c2=C2C3([H])C(C(C([H])([H])[H])(C([H])([H])[H])C([H])([H])[H])=C([H])C([H])(C12[H])C3([H])[H],0,7 5 2 3 23 0,5,16.539343003198034,7.864411061426144,19.01183502109541,15.560248916050842,4.733067366427584,20.293316282478425,0.005227519357842,0.0208623631446587,0.0091753670551336,0.0208623631446587,-19.092115136432653,0.0080835904785968,0.0080148056488042,0.0103904005557828,-18.19003793553742,-16.90855999589131,-15.034011513277823,22.08504847518904,21.02153081210822
9381,CC(C)(C)C1=CCC=C1,14278,C1=C[C@H]2C=C[C@@H]3CC=C1[C@H]23,13787,[H]C1=C(C(C([H])([H])[H])(C([H])([H])[H])C([H])([H])[H])C2([H])C([H])([H])C1([H])C1([H])C23C([H])=C([H])[C@@]2([H])C([H])=C([H])[C@]([H])(C1([H])[H])[C@]32[H],0,7 5 7 8 23 0,9,14.044493311421666,4.416494460804779,11.245682974690087,15.004359913128734,6.58457069829494,21.58893061142368,0.0031273783398102,0.0121708085829568,0.001623337951661,0.0121708085829568,-15.617022172703455,0.0222084945736941,0.0086362252892383,0.0172108742897998,-15.279343095362094,-20.652133894337226,-17.936768976539504,23.24517436485592,23.265478038979683
429,CC(C)(C)c1coc(N)n1,14295,FC(F)(F)C1=CC=C=CN1,16502,[H]C1=C2C3([H])OC(N([H])[H])(N=C3C(C([H])([H])[H])(C([H])([H])[H])C([H])([H])[H])C2([H])C([H])=C(C(F)(F)F)N1[H],0,7 5 6 7 22 0,5,17.86872207387239,9.025081992045529,24.491262051067263,16.32737941218776,2.824734984659837,19.1521143968476,0.0104074889406339,0.027415855482109,0.0075183289427636,0.027415855482109,-18.233472108127494,0.0055334521865265,0.022824772391798,0.0101385053882196,-16.84294831697858,-20.518832115603274,-21.721317577548533,20.98576060490469,23.55078187809684
5419,CC(C)(C)c1coc(N)n1,14295,O=CC#CC(F)(F)F,17787,[H]C(=O)C1=C(C(F)(F)F)C2(N([H])[H])N=C(C(C([H])([H])[H])(C([H])([H])[H])C([H])([H])[H])C1([H])O2,1,7 5 3 2 22 1,1,15.55804385541653,15.367418582601871,24.23187120303467,16.40671174802737,8.228478548580675,24.635190296608044,1.7762885711651903e-05,0.0103891250173991,0.0033909032949182,0.0103891250173991,-5.521058077775962,0.0003164311877396,0.0047768343762564,0.0212382866410245,-5.068886964962566,-5.877020806927941,-9.299345205063162,23.60694972160779,23.761586999891698
6127,CC(C)(C)c1coc(N)n1,14295,O=c1[nH]c2c([nH]1)NON2,17935,[H]N([H])C12N=C(C(C([H])([H])[H])(C([H])([H])[H])C([H])([H])[H])C([H])(O1)C13N([H])ON([H])C21N([H])C(=O)N3[H],0,7 5 3 4 22 0,5,16.503411155613207,8.638371297514148,19.348873393039,15.624896662135937,8.472494846628347,24.09739150876428,0.013897834298674,0.0429517419468755,0.026484281585844,0.0429517419468755,-15.390865928945992,0.0143042687293042,0.0315597509695396,0.0025504603770672,-12.189783712553153,-13.342964169549816,-17.519501301525132,19.630628140030016,21.39473546577927
6804,CC(C)(C)c1coc(N)n1,14295,OCC1=Cc2ccccc21,18025,[H]OC([H])([H])C12c3c([H])c([H])c([H])c([H])c3C1([H])C1(N([H])[H])N=C(C(C([H])([H])[H])(C([H])([H])[H])C([H])([H])[H])C2([H])O1,1,7 5 3 2 22 1,2,17.21786660633036,12.072739177458036,21.476952923765705,15.477155577297571,6.675568409593129,22.1527239868907,0.0718354858641801,0.0104470155597477,0.0102179744570835,0.0104470155597477,-11.479850760719389,0.325723368819525,0.0049241653967267,0.1680213952179652,-11.327580482902718,-13.714838075907394,-14.797894404726437,22.53207706102848,23.82323489283142
5418,CC(C)(F)c1ccc(N)o1,14318,O=CC#CC(F)(F)F,17787,[H]C(=O)C1=C(C(F)(F)F)C2(N([H])[H])OC1(C(F)(C([H])([H])[H])C([H])([H])[H])C([H])=C2[H],1,4 7 2 3 20 1,0,15.86004698905062,15.849522118543346,24.388975011175035,15.872093355208118,9.66315517140729,25.53524852661541,0.0017712243439021,0.0009785258088845,0.0004167130590897,0.0009785258088845,-3.908820561066051,0.0017601522946088,8.214464729370462e-05,0.000281921118532,-3.617747804250193,-4.887965312195327,-6.866482237914237,24.335922103296888,23.48645610350077
6127,CC(C)(F)c1ccc(N)o1,14318,O=c1[nH]c2c([nH]1)NON2,17935,[H]C1=C([H])C2(C(F)(C([H])([H])[H])C([H])([H])[H])OC1(N([H])[H])C13N([H])ON([H])C21N([H])C(=O)N3[H],0,4 7 3 4 20 0,5,16.010898380614186,8.50366418158826,19.531465745081835,16.00258935005963,7.170931354546571,23.1735207046062,0.0132556441183311,0.0205577474058402,0.0010373866321702,0.0205577474058402,-16.8709859379911,0.0142724028336419,0.001169275316726,0.000622833038684,-14.632688145407243,-13.906650701694469,-14.344614186222294,21.21637666546845,21.335087561074022
6126,CC(C)/C=C/C=C/CO,14327,O=c1[nH]c2c([nH]1)NON2,17935,[H]OC([H])([H])C1([H])C([H])=C([H])C([H])(C([H])(C([H])([H])[H])C([H])([H])[H])C23N([H])ON([H])C21N([H])C(=O)N3[H],1,3 6 3 4 23 1,4,16.32389537847586,7.359991560630692,17.821536844463154,16.15026547336822,7.892488520660528,24.042753994028747,0.0014481677561019,0.0452270268197625,0.0033714584168607,0.0452270268197625,-37.1268929702788,0.0001295732359262,0.0328664942511672,0.0004832470254575,-31.3766721067647,-34.14454979723632,-39.98041042876302,21.42566939018119,22.15229642913024
6127,CC(C)Cc1coc(N)n1,14377,O=c1[nH]c2c([nH]1)NON2,17935,[H]N([H])C12N=C(C([H])([H])C([H])(C([H])([H])[H])C([H])([H])[H])C([H])(O1)C13N([H])ON([H])C21N([H])C(=O)N3[H],0,7 5 3 4 22 0,5,17.20964923478771,8.503607477690743,19.422720990524148,15.742644101705835,9.81705444725733,25.55969854896317,0.0151803954339243,0.0237827740839586,0.0257850507681299,0.0237827740839586,-12.30823166887145,0.0095096725530609,0.0166369913738956,0.0048357993588187,-10.85372068716574,-12.077039920218006,-14.979721286470074,20.96146903187146,23.2026256815525
429,CC(C)c1nc(CN)co1,14423,FC(F)(F)C1=CC=C=CN1,16502,[H]C1=C2C3([H])OC(C([H])(C([H])([H])[H])C([H])([H])[H])(N=C3C([H])([H])N([H])[H])C2([H])C([H])=C(C(F)(F)F)N1[H],0,3 8 6 7 22 0,5,18.331140978533465,8.436675233060308,24.0389208832376,16.006279129419514,2.775053029767715,18.78133215918723,0.0161880703176851,0.0258529816402613,0.013381366763487,0.0258529816402613,-17.07004531132052,0.0253056588288394,0.0531644584978187,0.0229878178580395,-16.366087378976125,-17.68395429542005,-19.58713358132797,21.695643725592525,23.60492101170741
6127,CC(C)c1nc(CN)co1,14423,O=c1[nH]c2c([nH]1)NON2,17935,[H]N([H])C([H])([H])C1=NC2(C([H])(C([H])([H])[H])C([H])([H])[H])OC1([H])C13N([H])ON([H])C21N([H])C(=O)N3[H],0,3 8 3 4 22 0,5,17.16784526434365,8.82866324120927,19.26232301340814,15.581941599560626,7.847730201232032,23.42967180079265,0.0229969363014949,0.0398636942473054,0.0382849159753173,0.0398636942473054,-12.419955904585976,0.0638813609913572,0.0422470866605845,0.0043327380464618,-9.541102216908534,-10.075966147306149,-14.403101244750792,21.69909131422632,23.205772537739755
6127,CC/C=C(\C)C=C(C)C,14450,O=c1[nH]c2c([nH]1)NON2,17935,[H]C1=C(C([H])([H])[H])C([H])(C([H])([H])C([H])([H])[H])C23N([H])ON([H])C2(N([H])C(=O)N3[H])C1(C([H])([H])[H])C([H])([H])[H],0,2 6 3 4 25 0,5,17.018483278081042,8.759263802934008,17.31781438742446,16.208798443226293,9.642930101279468,25.85172854450576,0.0060881064455253,0.011174945614787,0.0044572713917484,0.011174945614787,-38.170915353483736,0.0347846269986893,0.0091492821305601,0.0003420914533729,-33.668163085714184,-34.325672585006934,-36.450421335110136,22.746761117355028,23.34947159749564
5418,CC1(C)C=C(O)C=C(O)C1,14475,O=CC#CC(F)(F)F,17787,[H]OC1=C([H])C2(O[H])C(C(F)(F)F)=C(C([H])=O)C1([H])C(C([H])([H])[H])(C([H])([H])[H])C2([H])[H],1,3 7 2 3 22 1,0,14.994079817420566,15.074597076870504,23.18005489475217,15.933565280521442,8.063473993556652,23.99703927407809,0.0008270341196497,0.0004978359204599,0.0027077617675289,0.0004978359204599,-30.33724532230336,0.0022882243109344,0.0026106609216024,0.0009250607435259,-31.831945259703964,-31.28207919468312,-32.07355956427573,24.52763578771729,23.76040147325829
6127,CC1(C)C=C(O)C=C(O)C1,14475,O=c1[nH]c2c([nH]1)NON2,17935,[H]OC1=C([H])C2(O[H])C([H])([H])C(C([H])([H])[H])(C([H])([H])[H])C1([H])C13N([H])ON([H])C21N([H])C(=O)N3[H],0,3 7 3 4 22 0,5,15.510022437198296,7.833690607340525,18.01490712886744,15.923784320674862,7.471187592374061,23.394971913048924,0.0079886156530716,0.0169604033679076,0.0032206665261296,0.0169604033679076,-32.56001992732729,0.0254946951482402,0.0221816478457526,0.0002122122124928,-29.04940541600618,-29.80090652022921,-32.55795298168997,21.150746347994684,22.03000904435444
18376,CC1(c2ccnnc2)CC1,14517,O=c1[nH]c2c([nH]1)NON2,17935,[H]C1=C(C2(C([H])([H])[H])C([H])([H])C2([H])[H])C2([H])N=NC1([H])C13N([H])ON([H])C21N([H])C(=O)N3[H],1,4 7 3 4 20 1,10,17.651580227192238,8.994733213394781,18.85042737970357,15.30382009851935,11.591814531701411,26.89563463022076,0.0051999063252445,0.0180039000141949,0.0031123473474256,0.0180039000141949,-8.778099335914433,0.004515553500584,0.0183629862326241,0.0009436211400967,-6.827480217663933,-8.963556938461878,-13.274108963420169,23.684118129398183,23.34208704368116
215,CC1=C(C)C(C)C(C)=C1C,14523,FC(F)(F)C1=CC=C=CN1,16502,[H]C1=C2C([H])(C([H])=C(C(F)(F)F)N1[H])C1(C([H])([H])[H])C(C([H])([H])[H])=C(C([H])([H])[H])C2(C([H])([H])[H])C1([H])C([H])([H])[H],0,6 2 6 7 26 0,3,16.749087966060088,8.122737511774915,21.760396491277625,15.612008838329515,3.2687020868577434,18.88071092518726,0.0110122259326732,0.0281876368081661,0.0205096457837291,0.0281876368081661,-27.354816726716884,0.0107075510614095,0.0414557113387723,0.0154597623354263,-28.534094297193995,-32.70141384387587,-21.03927994572137,21.64831850897366,21.89395794534564
446,CC1=C(C)C(C)C(C)=C1C,14523,N#CC(F)(F)C(F)=C(F)F,16603,[H]C([H])([H])C1=C(C([H])([H])[H])C2(C([H])([H])[H])C([H])(C([H])([H])[H])C1(C([H])([H])[H])C(F)(F)C2(F)C(F)(F)C#N,0,6 2 5 7 26 0,1,15.122083622321952,18.90564449915753,25.320245901413188,15.366262838853295,11.438300251235257,26.80456309008855,0.0003242329033656,0.0054715106241417,0.0249796406489052,0.0054715106241417,-16.48460727122606,0.0072045196540158,0.0173495045452335,0.0168999916199553,-14.87872207817344,-16.9477812965919,-16.901426613621517,24.830775390302296,23.28689182910417
1860,CC1=C(C)C(C)C(C)=C1C,14523,Nc1nc2c([nH]1)NON2,17291,[H]N([H])C1=NC23N([H])ON([H])C2(N1[H])C1(C([H])([H])[H])C(C([H])([H])[H])=C(C([H])([H])[H])C3(C([H])([H])[H])C1([H])C([H])([H])[H],1,6 2 3 4 26 1,2,14.086285387081402,8.217299983619922,17.79402038001035,15.542973006150104,5.759019928483813,21.301992934633915,0.034976056548435,0.0645439358732539,0.0111166598944828,0.0645439358732539,-21.64692368951156,0.0478149498815934,0.0752944870850008,0.0094364840796959,-21.509056119091333,-20.828144057577525,-20.80943416778677,21.120559551518493,22.12310877556957
2720,CC1=C(C)C(C)C(C)=C1C,14523,O=CC#CC(F)(F)F,17787,[H]C(=O)C1=C(C(F)(F)F)C2(C([H])([H])[H])C(C([H])([H])[H])=C(C([H])([H])[H])C1(C([H])([H])[H])C2([H])C([H])([H])[H],1,6 2 2 3 26 1,0,11.888552416859063,13.726501329715695,22.49770492245605,15.318514620015874,5.624529823197442,20.94304444321332,0.0016304413983524,0.0042569453622908,0.0092594270479105,0.0042569453622908,-21.188305269433634,0.0016282395882805,0.0304966420057743,0.00165955717872,-18.49037846877952,-21.286306471909377,-26.87670016624168,20.39498548139988,20.493778720128137
3076,CC1=C(C)C(C)C(C)=C1C,14523,O=c1[nH]c2c([nH]1)NON2,17935,[H]N1ON([H])C23N([H])C(=O)N([H])C12C1(C([H])([H])[H])C(C([H])([H])[H])=C(C([H])([H])[H])C3(C([H])([H])[H])C1([H])C([H])([H])[H],0,6 2 3 4 26 0,3,11.657924636215675,6.684809277658528,16.691773219261005,15.11399368815516,4.9643206996703455,20.078314387825507,0.0194166383480514,0.0643893976472788,0.0107579243055253,0.0643893976472788,-30.924355107812453,0.0533781375769099,0.0466124077358358,0.0012843064027708,-25.71366590536408,-25.891129355874185,-28.424472356907017,15.500122512317152,16.47978449229931
3406,CC1=C(C)C(C)C(C)=C1C,14523,OC1=C(O)c2ccccc21,18015,[H]OC12c3c([H])c([H])c([H])c([H])c3C1(O[H])C1(C([H])([H])[H])C(C([H])([H])[H])=C(C([H])([H])[H])C2(C([H])([H])[H])C1([H])C([H])([H])[H],1,6 2 1 2 26 1,0,14.21302532218937,12.808604842752947,19.91133636412684,15.483234442332034,8.765684585713775,24.24891902804581,0.0143163734648925,0.0116566965907328,0.0203678011880254,0.0116566965907328,-26.333246061839496,0.0357872246900402,0.020046881383099,0.0114193290887561,-27.211214446584577,-26.96442299420504,-24.591397754493585,21.04405693965533,21.56699402609513
3421,CC1=C(C)C(C)C(C)=C1C,14523,OCC1=Cc2ccccc21,18025,[H]OC([H])([H])C12c3c([H])c([H])c([H])c([H])c3C1([H])C1(C([H])([H])[H])C(C([H])([H])[H])=C(C([H])([H])[H])C2(C([H])([H])[H])C1([H])C([H])([H])[H],1,6 2 2 3 26 1,0,13.920419919747165,9.770593925730989,19.73902520347788,15.271432345223422,4.99450446220667,20.26593680743009,0.0164881314483912,0.0241847851435651,0.0830077885550489,0.0241847851435651,-18.475135438328955,0.0703618273768468,0.0276816343564955,0.0980207903965853,-17.607522913404466,-24.26119364972781,-25.50089831051961,19.731464851369257,20.291565821228584
3521,CC1=C(C)C(C)C(C)=C1C,14523,O[C@@H]1CC/C=C/CCC1,18100,[H]O[C@@]1([H])C([H])([H])C([H])([H])C([H])([H])C2([H])C3(C([H])([H])[H])C(C([H])([H])[H])=C(C([H])([H])[H])C(C([H])([H])[H])(C3([H])C([H])([H])[H])C2([H])C([H])([H])C1([H])[H],0,6 2 6 5 26 0,1,15.997230858934545,1.8790852555361488,12.769240731929736,14.738550522904006,5.220480448926743,19.95903097183075,0.0509534099854037,0.0968786666799642,0.0233423934008025,0.0968786666799642,-16.1376436600043,0.2964272151498843,0.0208497261742015,0.0075155273467906,-15.887241703492016,-15.530544135479822,-14.371985441652685,20.44346314435012,20.4578032405328
4662,CC1=C(C)C(C)C(C)=C1C,14523,C1=CC=C=c2ccccc2=1,13758,[H]C1=C=c2c([H])c([H])c([H])c([H])c2=C2C1([H])C1(C([H])([H])[H])C(C([H])([H])[H])=C(C([H])([H])[H])C2(C([H])([H])[H])C1([H])C([H])([H])[H],0,6 2 2 3 26 0,3,18.01205037526909,7.928161936212527,23.491388823408226,15.412465863663655,3.810347846809236,19.22281371047289,0.0043874964213134,0.0095543587382879,0.0475705322372794,0.0095543587382879,-17.937281961930033,0.0059233865421396,0.014168520612211,0.0365927176525547,-17.155428608658696,-16.63164049893772,-13.497315292116753,20.717062193587388,19.044811697266105
4732,CC1=C(C)C(C)C(C)=C1C,14523,C1=C[C@H]2C=C[C@@H]3CC=C1[C@H]23,13787,[H]C1=C([H])[C@@]2([H])C([H])=C([H])[C@]3([H])C([H])([H])C4([H])C5(C([H])([H])[H])C(C([H])([H])[H])=C(C([H])([H])[H])C(C([H])([H])[H])(C5([H])C([H])([H])[H])C14[C@]23[H],0,6 2 7 8 26 0,5,15.353458908412923,4.967190533932898,14.31507756135124,14.790912763600904,6.567676427130303,21.35858919073121,0.0033709283039148,0.0152060922480101,0.0032294039270094,0.0152060922480101,-12.810092935377996,0.0249406395283747,0.0042735763771366,0.0074761038463351,-12.60730633943485,-19.594335617996528,-17.299805795542,21.9070894531758,22.81391103771336
5034,CC1=C(C)C(C)C(C)=C1C,14523,C=CC(F)(F)C(=O)C(=O)O,13974,[H]OC(=O)C(=O)C(F)(F)C1([H])C2(C([H])([H])[H])C(C([H])([H])[H])=C(C([H])([H])[H])C(C([H])([H])[H])(C2([H])C([H])([H])[H])C1([H])[H],1,6 2 0 1 26 1,0,19.77278401061642,12.835138000634004,24.739796155638643,15.796168355992576,8.247907934299462,24.04407629029204,0.004264381460548,0.0574859434613983,0.004822710749313,0.0574859434613983,-5.277821459930507,0.0251691827100991,0.0508682082577902,0.0104360870752362,-5.1842315994061465,-6.487311079663197,-5.320400183780549,24.09964869108287,23.55443484706672
5418,CC1=CC(C)(C)C(C)=C1C,14539,O=CC#CC(F)(F)F,17787,[H]C(=O)C1=C(C(F)(F)F)C2([H])C(C([H])([H])[H])=C(C([H])([H])[H])C1(C([H])([H])[H])C2(C([H])([H])[H])C([H])([H])[H],1,6 2 2 3 26 1,0,13.21202400383015,13.629125101061206,21.176405404167703,15.944734688059553,8.08033547880326,24.02507016686281,0.0004130141258142,0.002406664037245,0.0004804090135047,0.002406664037245,-24.57927987827034,0.0001242475664461,0.006134347432456,0.000178916721994,-21.579081324789883,-21.19994835993416,-27.811954318494088,23.187696905839523,23.026126500616623
6127,CC1=CC(C)(C)C(C)=C1C,14539,O=c1[nH]c2c([nH]1)NON2,17935,[H]N1ON([H])C23N([H])C(=O)N([H])C12C1([H])C(C([H])([H])[H])=C(C([H])([H])[H])C3(C([H])([H])[H])C1(C([H])([H])[H])C([H])([H])[H],0,6 2 3 4 26 0,5,14.678823320739378,6.529563263932845,15.375080227342265,15.48900361615889,7.991456173880834,23.480459790039724,0.0016762986575819,0.0177530513683932,0.0020137753705744,0.0177530513683932,-30.73846044496472,0.0023968958413367,0.0181537343651529,0.00036718103209,-25.111921428522564,-25.58705426544428,-26.88297757318488,19.80846776496616,21.416272715662103
9249,CC1=CC(C)(C)C(C)=C1C,14539,C1=CC=C=c2ccccc2=1,13758,[H]C1=C=c2c([H])c([H])c([H])c([H])c2=C2C1([H])C1(C([H])([H])[H])C(C([H])([H])[H])=C(C([H])([H])[H])C2([H])C1(C([H])([H])[H])C([H])([H])[H],0,6 2 2 3 26 0,5,19.529322731277464,7.620739166760119,21.62618274430699,16.06937854446276,6.318453912611336,22.387832457074097,0.0003391352371143,0.0051577831290881,0.0022411658828567,0.0051577831290881,-21.4179787198752,0.0002435313020469,0.0048364026077197,0.0040052128379393,-20.42374864560815,-17.255729306078713,-14.63224153837961,22.17272320656561,21.07151438114766
5419,CC1=CC(C)(C)CC(C)=C1,14540,O=CC#CC(F)(F)F,17787,[H]C(=O)C1=C(C(F)(F)F)C2(C([H])([H])[H])C([H])=C(C([H])([H])[H])C1([H])C(C([H])([H])[H])(C([H])([H])[H])C2([H])[H],1,7 2 3 2 26 1,1,13.007662342880469,15.209703856148296,20.055675883380594,16.063340992869968,8.02910105843236,24.092442051302328,5.833152947322565e-05,0.0185252614947243,0.0011441637132838,0.0185252614947243,-34.337454384626284,0.0001192457985198,0.0193013078396596,0.014520481284648,-34.6943447262409,-32.6054395352523,-31.63821972014969,24.47010479489365,23.55359721667849
6127,CC1=CC(C)(C)CC(C)=C1,14540,O=c1[nH]c2c([nH]1)NON2,17935,[H]C1=C(C([H])([H])[H])C2([H])C34N([H])ON([H])C3(N([H])C(=O)N4[H])C1(C([H])([H])[H])C([H])([H])C2(C([H])([H])[H])C([H])([H])[H],0,7 2 3 4 26 0,5,15.117388800964228,7.684928096240049,15.710923286286382,15.396179656624392,11.11117797585216,26.507357632476555,0.0161756924054257,0.0245265422647798,0.0089034536108333,0.0245265422647798,-33.32213509968138,0.0243109315903076,0.0351641528308497,0.0024580044618907,-29.03173811889157,-30.228975309425792,-31.32062264901869,22.72776036085413,23.36784325081931
6127,CC1=CC(C)(C)NC(C)=C1,14542,O=c1[nH]c2c([nH]1)NON2,17935,[H]C1=C(C([H])([H])[H])C2([H])C34N([H])ON([H])C3(N([H])C(=O)N4[H])C1(C([H])([H])[H])N([H])C2(C([H])([H])[H])C([H])([H])[H],0,7 2 3 4 25 0,5,16.45563254035762,8.864134015361474,17.580086787702854,15.11853888259614,10.39948208216935,25.51802096476549,0.0350748294248532,0.0215976416242201,0.003224186960075,0.0215976416242201,-28.27375038390798,0.0451381241925821,0.0136599829462835,0.0018615332750662,-23.81615136080604,-24.89025147461787,-26.79538486595224,22.77804305781658,23.39435740685031
429,CC1=CC(C)=C(C)[C@H]1C,14545,FC(F)(F)C1=CC=C=CN1,16502,[H]C1=C2C([H])(C([H])=C(C(F)(F)F)N1[H])C1(C([H])([H])[H])C([H])=C(C([H])([H])[H])C2(C([H])([H])[H])[C@@]1([H])C([H])([H])[H],0,1 5 6 7 23 0,5,17.6050241280139,7.988212885323922,21.72689337436488,15.72418210407856,5.468805689734658,21.192987793813217,0.0313416876027272,0.0365099507481693,0.012771541910677,0.0365099507481693,-29.370951336498656,0.0125708918916995,0.1234087376921555,0.0181698390557476,-29.14508843200737,-30.96296137526096,-20.63611030429459,22.265445397368754,23.21487080323774
5419,CC1=CC(C)=C(C)[C@H]1C,14545,O=CC#CC(F)(F)F,17787,[H]C(=O)C1=C(C(F)(F)F)C2(C([H])([H])[H])C([H])=C(C([H])([H])[H])C1(C([H])([H])[H])[C@@]2([H])C([H])([H])[H],1,1 5 3 2 23 1,1,12.458672854503853,13.53091404382687,22.539620657504525,15.552670714152764,6.541484142769832,22.0941548569226,2.4829895041334643e-05,0.0241163376552494,0.0070166723135347,0.0241163376552494,-20.802673780777,0.0002827227822065,0.0458426250849194,0.0257418509616516,-18.98947262454434,-21.551432047414387,-23.979019537322337,21.560403480425112,21.532483398564903
6127,CC1=CC(C)=C(C)[C@H]1C,14545,O=c1[nH]c2c([nH]1)NON2,17935,[H]C1=C(C([H])([H])[H])C2(C([H])([H])[H])C34N([H])ON([H])C3(N([H])C(=O)N4[H])C1(C([H])([H])[H])[C@]2([H])C([H])([H])[H],0,1 5 3 4 23 0,5,13.11732735675623,6.954798788363092,15.943381403034024,15.22934170564658,6.812917698521481,22.04225940416806,0.0256039151163383,0.0465392153186908,0.0094210893724199,0.0465392153186908,-28.219333036072754,0.0254395319228802,0.0507599665692402,0.0010095417382743,-22.764829195189016,-23.33782503432723,-26.673806555279626,18.30983794244052,19.923640324864778
6802,CC1=CC(C)=C(C)[C@H]1C,14545,OCC1=Cc2ccccc21,18025,[H]OC([H])([H])C12c3c([H])c([H])c([H])c([H])c3C1([H])C1(C([H])([H])[H])C(C([H])([H])[H])=C([H])C2(C([H])([H])[H])[C@]1([H])C([H])([H])[H],1,1 5 2 3 23 1,0,15.08467357188518,9.869731184718235,19.384619606474374,15.42935928650985,6.395755845618158,21.82511513212801,0.022610803909211,0.023292456408743,0.1037345182608786,0.023292456408743,-19.974437046603832,0.078225080551224,0.0454420553164574,0.1220535910755641,-18.07744452905289,-23.13343999919788,-23.922367395822874,20.78490906539789,21.82600706332629
7000,CC1=CC(C)=C(C)[C@H]1C,14545,O[C@@H]1CC/C=C/CCC1,18100,[H]O[C@@]1([H])C([H])([H])C([H])([H])C([H])([H])C2([H])C3(C([H])([H])[H])C([H])=C(C([H])([H])[H])C(C([H])([H])[H])(C2([H])C([H])([H])C1([H])[H])[C@@]3([H])C([H])([H])[H],1,1 5 5 6 23 1,2,18.001476322773122,2.1857305524496304,13.003467006248057,14.943581183669718,6.796304304895706,21.739885488565424,0.0859755124918628,0.106710969909324,0.042993538842089,0.106710969909324,-11.418290873050664,0.2882933346412414,0.0673650916408802,0.0250678597336162,-11.67893339220749,-14.652158132099151,-13.14220426498126,23.15765644310649,23.53850862464281
9249,CC1=CC(C)=C(C)[C@H]1C,14545,C1=CC=C=c2ccccc2=1,13758,[H]C1=C=c2c([H])c([H])c([H])c([H])c2=C2C1([H])C1(C([H])([H])[H])C([H])=C(C([H])([H])[H])C2(C([H])([H])[H])[C@@]1([H])C([H])([H])[H],0,1 5 2 3 23 0,5,19.087888887155795,7.8507723698896354,23.30674362087733,15.564927284952509,4.458690165319865,20.023617450272376,0.0073793465222221,0.0155755683922614,0.0578299667108129,0.0155755683922614,-18.23725853141878,0.0072828681191764,0.0072822000147427,0.0180799739294186,-17.30063334113924,-15.286192592113032,-12.789959862662982,21.706743552298168,19.379289426037307
6127,CC1=CC=C(C(C)C)CC1,14548,O=c1[nH]c2c([nH]1)NON2,17935,[H]C1=C([H])C2(C([H])(C([H])([H])[H])C([H])([H])[H])C([H])([H])C([H])([H])C1(C([H])([H])[H])C13N([H])ON([H])C12N([H])C(=O)N3[H],0,1 4 3 4 26 0,5,15.44245082391993,8.537888767485647,16.241509616257794,16.112607207331035,9.549629785408175,25.66223699273921,0.019843662183359,0.0132422678170331,0.0053009813819456,0.0132422678170331,-29.04448111636045,0.0094432257962815,0.021465874839865,0.0006967997767335,-23.128351390332263,-22.85839943336649,-27.64595469918304,22.42794480683662,22.719585447825978
9249,CC1=CC=C(C(C)C)CC1,14548,C1=CC=C=c2ccccc2=1,13758,[H]C1=C=c2c([H])c([H])c([H])c([H])c2=C2C1([H])C1(C([H])([H])[H])C([H])=C([H])C2(C([H])(C([H])([H])[H])C([H])([H])[H])C([H])([H])C1([H])[H],0,1 4 2 3 26 0,5,21.513202521239013,8.543880641365535,21.49688788838054,16.28595530684079,9.89009197818055,26.17604728502134,0.0037421236436198,0.004259090873741,0.0443264519489412,0.004259090873741,-20.65681253958624,0.0038877943998221,0.0046346928859646,0.0288485417492098,-19.062519154926044,-16.611423613073207,-15.889947371215245,24.570699416555662,23.707663116870503
6127,CC1=CC[C@@H](C(C)C)C=C1,14561,O=c1[nH]c2c([nH]1)NON2,17935,[H]C1=C(C([H])([H])[H])C2([H])C34N([H])ON([H])C3(N([H])C(=O)N4[H])C1([H])[C@]([H])(C([H])(C([H])([H])[H])C([H])([H])[H])C2([H])[H],0,8 2 3 4 26 0,5,14.379307665461909,8.150142804093935,15.310890328742635,15.003376600673292,9.741336926288083,24.744713526961377,0.020854782935614,0.0360950157790356,0.0086068014878909,0.0360950157790356,-36.779937591439406,0.0092822681644905,0.0797199213032822,0.0020517084106354,-32.40125885732984,-33.35261533018433,-35.300503147913425,21.18512715924736,22.778015154759792
429,CC1=C[C@H](C)C(C)=C1C,14572,FC(F)(F)C1=CC=C=CN1,16502,[H]C1=C2C([H])(C([H])=C(C(F)(F)F)N1[H])C1(C([H])([H])[H])C(C([H])([H])[H])=C(C([H])([H])[H])C2([H])[C@]1([H])C([H])([H])[H],0,5 2 6 7 23 0,5,16.96858928921238,7.832498699433373,20.109217288116856,15.567727766651734,4.522077827839716,20.08980559449145,0.0161972095173371,0.027832732188739,0.0112499547476733,0.027832732188739,-28.822845409342698,0.0130771845709062,0.0397921025646377,0.0287157360057833,-30.502922614864104,-32.13030791349735,-21.11163812482851,21.94852475395353,22.729163913805746
3713,CC1=C[C@H](C)C(C)=C1C,14572,Nc1nc2c([nH]1)NON2,17291,[H]N([H])C1=NC23N([H])ON([H])C2(N1[H])C1([H])C(C([H])([H])[H])=C(C([H])([H])[H])C3(C([H])([H])[H])[C@@]1([H])C([H])([H])[H],1,5 2 3 4 23 1,4,14.204267843023787,7.997513494303368,16.194306185151184,15.499505378637238,6.657278098177546,22.156783476814784,0.0281486980412194,0.084112066072916,0.0146612562549578,0.084112066072916,-22.849828262976303,0.0433731474386011,0.0640315705469803,0.0138551661528605,-24.07941720498598,-21.79443863656088,-21.40062319749813,22.04387136108029,23.39559823779944
5419,CC1=C[C@H](C)C(C)=C1C,14572,O=CC#CC(F)(F)F,17787,[H]C(=O)C1=C(C(F)(F)F)C2(C([H])([H])[H])C(C([H])([H])[H])=C(C([H])([H])[H])C1([H])[C@]2([H])C([H])([H])[H],1,5 2 3 2 23 1,1,11.108186557794266,13.18181717005229,20.896835263115232,15.682851445070009,6.233670180056993,21.916521625127,6.025136407475722e-06,0.0352742644055423,0.0045821292498768,0.0352742644055423,-21.84904104433325,0.0002500132765673,0.040929849528058,0.0349810226415397,-20.8518030411867,-22.594700167917463,-26.756452755985045,20.86952989699963,20.343605741871333
6126,CC1=C[C@H](C)C(C)=C1C,14572,O=c1[nH]c2c([nH]1)NON2,17935,[H]N1ON([H])C23N([H])C(=O)N([H])C12C1([H])C(C([H])([H])[H])=C(C([H])([H])[H])C3(C([H])([H])[H])[C@@]1([H])C([H])([H])[H],1,5 2 3 4 23 1,4,11.466859052991422,6.416476544152074,14.70238884097929,15.165998446158628,6.039906587237416,21.205905033396043,0.0144472379867824,0.0418526402295378,0.0141233613531167,0.0418526402295378,-30.65427993160545,0.0261355090870779,0.0380850841479705,0.0023936896625989,-27.760976204465308,-27.80099137310852,-29.545805260723284,16.93307766231867,17.94107458098505
6780,CC1=C[C@H](C)C(C)=C1C,14572,OC1=C(O)c2ccccc21,18015,[H]OC12c3c([H])c([H])c([H])c([H])c3C1(O[H])C1(C([H])([H])[H])C(C([H])([H])[H])=C(C([H])([H])[H])C2([H])[C@]1([H])C([H])([H])[H],1,5 2 1 2 23 1,0,14.273165989047806,12.599173451170412,18.53221368375291,15.523737787658591,9.6630532211572,25.186791008815792,0.0062600997908096,0.0172975159253119,0.0141487308297056,0.0172975159253119,-28.73179154544048,0.0347438377173643,0.0113992436632104,0.0184840086376465,-29.51276197212617,-28.024062194443296,-25.6747346030234,21.783583421334555,23.070915859600035
6802,CC1=C[C@H](C)C(C)=C1C,14572,OCC1=Cc2ccccc21,18025,[H]OC([H])([H])C12c3c([H])c([H])c([H])c([H])c3C1([H])C1([H])C(C([H])([H])[H])=C(C([H])([H])[H])C2(C([H])([H])[H])[C@@]1([H])C([H])([H])[H],1,5 2 2 3 23 1,0,13.971566053725711,9.45780098356619,18.462336885095368,15.345862806238696,5.5299066147999945,20.87576942103869,0.0077601430881764,0.035659893374447,0.0712039394396432,0.035659893374447,-19.66161829941228,0.0562430232510134,0.0277876283183642,0.1394018630470269,-19.01553447076818,-24.76656708318258,-25.972959214933937,20.0979780014328,21.038901458183
7000,CC1=C[C@H](C)C(C)=C1C,14572,O[C@@H]1CC/C=C/CCC1,18100,[H]O[C@@]1([H])C([H])([H])C([H])([H])C([H])([H])C2([H])C3(C([H])([H])[H])C(C([H])([H])[H])=C(C([H])([H])[H])C([H])(C2([H])C([H])([H])C1([H])[H])[C@]3([H])C([H])([H])[H],1,5 2 5 6 23 1,2,16.12619976674036,1.7677513981627726,11.930348701614584,14.78835474945299,6.528327066629483,21.316681816082472,0.0456315006744359,0.0599705879132715,0.0373881157796004,0.0599705879132715,-14.871808435724724,0.2299177900279322,0.0207231786527002,0.0537069502712979,-15.58789122976301,-16.37468756379687,-14.727375753671057,22.11338581960809,21.63322261556987
9249,CC1=C[C@H](C)C(C)=C1C,14572,C1=CC=C=c2ccccc2=1,13758,[H]C1=C=c2c([H])c([H])c([H])c([H])c2=C2C1([H])C1(C([H])([H])[H])C(C([H])([H])[H])=C(C([H])([H])[H])C2([H])[C@]1([H])C([H])([H])[H],0,5 2 2 3 23 0,5,17.995845832438214,7.756388506791453,21.905578865061223,15.510954967310957,4.800192775982328,20.311147743293283,0.0035857198164376,0.0155656433457466,0.0373802004400838,0.0155656433457466,-18.67430587468003,0.004253359946727,0.0116952547502083,0.0268958128684497,-18.60349906472705,-16.28172319353444,-13.83563864754354,21.084436851043066,19.763682168926948
9381,CC1=C[C@H](C)C(C)=C1C,14572,C1=C[C@H]2C=C[C@@H]3CC=C1[C@H]23,13787,[H]C1=C([H])[C@@]2([H])C([H])=C([H])[C@]3([H])C([H])([H])C4([H])C5(C([H])([H])[H])C(C([H])([H])[H])=C(C([H])([H])[H])C([H])(C14[C@]23[H])[C@]5([H])C([H])([H])[H],0,5 2 7 8 23 0,9,15.370252483940256,4.529378710223762,13.2166266600496,14.881358606016867,6.753973067697178,21.635331673714045,0.0029700673168503,0.0168727421409348,0.0016265681461647,0.0168727421409348,-13.966979485364106,0.022753130754544,0.0055493769682803,0.0182376258167892,-14.524521098977663,-20.196758814496604,-17.388397364813663,22.91568558899216,23.506368807657417
3075,CC1=NN=C(C)C1CCN,14592,O=c1[nH]c2c([nH]1)NON2,17935,[H]N([H])C([H])([H])C([H])([H])C1([H])C2(C([H])([H])[H])N=NC1(C([H])([H])[H])C13N([H])ON([H])C12N([H])C(=O)N3[H],1,1 4 3 4 23 1,2,15.184212075155898,7.238444214934448,16.955772001255283,15.961808771639776,8.24083208455033,24.202640856190108,0.0264217874630588,0.0128293616631618,0.0220044348954147,0.0128293616631618,-19.976124390173325,0.0349513665952486,0.0291184784555135,0.0013147226158694,-17.3064569720366,-17.892934862229637,-22.90399736123529,20.6963148147126,22.82505008261254
6126,CC=CC=CCOC(C)=O,14615,O=c1[nH]c2c([nH]1)NON2,17935,[H]C1=C([H])C([H])(C([H])([H])OC(=O)C([H])([H])[H])C23N([H])ON([H])C2(N([H])C(=O)N3[H])C1([H])C([H])([H])[H],1,1 4 3 4 22 1,4,16.20200975583892,8.517576153913645,17.71414710306755,16.451563847938584,7.565858901090511,24.01742274902909,0.0221753245330568,0.0344292441822822,0.0558278170174465,0.0344292441822822,-36.332281076938045,0.0120479573455715,0.0601577865433904,0.0052685072036016,-34.26625637910681,-35.82517577420715,-36.42982788045617,22.20038992925809,22.658973833004843
865,CCCC(=O)c1ncco1,14658,FC(F)(F)C1=CC=C=CN1,16502,[H]C1=NC2(C(=O)C([H])([H])C([H])([H])C([H])([H])[H])OC1([H])C1=C([H])N([H])C(C(F)(F)F)=C([H])C12[H],0,5 8 6 7 19 0,17,16.591168506485833,8.970363587697062,21.22660972498453,15.781592797023311,4.284859130091608,20.06645192711492,0.0075979549929169,0.0075123014188329,0.0018160159381488,0.0075123014188329,-12.546615420675302,0.0142382745629809,0.0494967653368216,0.0053075373752343,-9.270760611352792,-11.479228302359964,-15.06865049099018,21.07558527126647,21.69161629526561
12254,CCCC(=O)c1ncco1,14658,O=c1[nH]c2c([nH]1)NON2,17935,[H]C1=NC2(C(=O)C([H])([H])C([H])([H])C([H])([H])[H])OC1([H])C13N([H])ON([H])C21N([H])C(=O)N3[H],1,5 8 3 4 19 1,10,16.485905926116782,9.824475998864427,19.00480057831886,15.45607784609312,9.590294812078264,25.046372658171386,0.0080200423925125,0.025825647250068,0.0030887468149021,0.025825647250068,-7.564088793143966,0.022254347012646,0.040850220249545,0.0032274310144648,-5.931811344471328,-6.490376069709377,-8.690845574466529,22.086765171279765,21.79649320907064
13610,CCCC(=O)c1ncco1,14658,OCC1=Cc2ccccc21,18025,[H]OC([H])([H])C12c3c([H])c([H])c([H])c([H])c3C1([H])C1(C(=O)C([H])([H])C([H])([H])C([H])([H])[H])N=C([H])C2([H])O1,1,5 8 3 2 19 1,6,16.837509080582535,11.965370547644117,20.341942113613648,15.184886899330085,8.691732034682648,23.876618934012733,0.0344088707049572,0.0067310928687322,0.008764931588442,0.0067310928687322,-6.059569090989051,0.3530381541816179,0.0273654385565729,0.137380935932083,-6.799062629029102,-7.20029883761266,-8.961576418989566,23.270561095501087,22.82248924161268
429,CCCCC1=CCC=C1,14666,FC(F)(F)C1=CC=C=CN1,16502,[H]C1=C2C3([H])C(C([H])([H])C([H])([H])C([H])([H])C([H])([H])[H])=C([H])C([H])(C2([H])C([H])=C(C(F)(F)F)N1[H])C3([H])[H],0,7 5 6 7 23 0,5,15.194958521871309,7.671049935144802,17.119993848625036,15.912204273475512,4.018942732098239,19.93114700557375,0.0697532822304673,0.0251885503867943,0.0199808068698001,0.0251885503867943,-29.52495759855568,0.0522494624689318,0.0557133490056581,0.0679042632873112,-29.97298665636549,-32.29742818017842,-23.191329469934608,22.136795201163256,23.160556436366896
5419,CCCCC1=CCC=C1,14666,O=CC#CC(F)(F)F,17787,[H]C(=O)C1=C(C(F)(F)F)C2([H])C([H])=C(C([H])([H])C([H])([H])C([H])([H])C([H])([H])[H])C1([H])C2([H])[H],1,7 5 3 2 23 1,1,10.651386394238866,13.15933920750029,18.46698888717728,15.934125354740564,5.36484368217867,21.29896903691923,1.3958757983385558e-05,0.0206638127119678,0.0099700639269488,0.0206638127119678,-24.23088677087384,0.0015260101764605,0.0380468092302748,0.0580675700459188,-23.36348024198153,-23.89142696689403,-25.599698072565538,22.33009212371841,22.12918646705405
6126,CCCCC1=CCC=C1,14666,O=c1[nH]c2c([nH]1)NON2,17935,[H]C1=C(C([H])([H])C([H])([H])C([H])([H])C([H])([H])[H])C2([H])C([H])([H])C1([H])C13N([H])ON([H])C21N([H])C(=O)N3[H],1,7 5 3 4 23 1,4,10.464479801635823,7.12952507894317,13.40737354443194,15.502509576384742,5.916196481944432,21.41870605832917,0.0155917979462586,0.0348018158355511,0.0140232003989687,0.0348018158355511,-29.979382828435,0.0106027644848439,0.0587238200690123,0.00201639994318,-25.0580459339788,-28.078226683074803,-29.819559716472405,18.006626569309162,19.13347460720156
6780,CCCCC1=CCC=C1,14666,OC1=C(O)c2ccccc21,18015,[H]OC12c3c([H])c([H])c([H])c([H])c3C1(O[H])C1([H])C(C([H])([H])C([H])([H])C([H])([H])C([H])([H])[H])=C([H])C2([H])C1([H])[H],1,7 5 1 2 23 1,0,12.990567177210451,12.317176621888038,15.959309764457036,15.713467889872271,8.54943287042744,24.26290076029971,0.0056840172262585,0.0085153934157676,0.006829522825695,0.0085153934157676,-29.129105263159083,0.0272319606103541,0.0214969127823133,0.0324470147165927,-29.820339122620368,-28.512618081551125,-26.72926451772013,22.432149499268007,23.694358086421964
6802,CCCCC1=CCC=C1,14666,OCC1=Cc2ccccc21,18025,[H]OC([H])([H])C12c3c([H])c([H])c([H])c([H])c3C1([H])C1([H])C(C([H])([H])C([H])([H])C([H])([H])C([H])([H])[H])=C([H])C2([H])C1([H])[H],1,7 5 2 3 23 1,0,12.475230684401255,9.3738933671168,16.040239634098914,15.604724029551432,4.908521892791132,20.513245922342563,0.0206270744473327,0.0346991883511064,0.0789683376259262,0.0346991883511064,-21.15581235949844,0.1365002081644629,0.0414737995081743,0.2372235057664761,-20.620023410912488,-25.005718834605908,-26.586194277481027,20.387031311207977,21.002120465884264
7000,CCCCC1=CCC=C1,14666,O[C@@H]1CC/C=C/CCC1,18100,[H]O[C@@]1([H])C([H])([H])C([H])([H])C([H])([H])C2([H])C3([H])C([H])=C(C([H])([H])C([H])([H])C([H])([H])C([H])([H])[H])C([H])(C3([H])[H])C2([H])C([H])([H])C1([H])[H],1,7 5 5 6 23 1,2,14.156854099391698,2.5540655617235526,11.17758967783161,15.008885788384648,5.577416388105453,20.5863021764901,0.073375927013682,0.0815879842385857,0.0515872914532241,0.0815879842385857,-15.77704849543045,0.0794731493445657,0.0287278433006636,0.0615348533689913,-16.793742472298895,-16.89367121746259,-16.10892377418402,21.74385055333288,22.264326480306668
9249,CCCCC1=CCC=C1,14666,C1=CC=C=c2ccccc2=1,13758,[H]C1=C=c2c([H])c([H])c([H])c([H])c2=C2C3([H])C(C([H])([H])C([H])([H])C([H])([H])C([H])([H])[H])=C([H])C([H])(C12[H])C3([H])[H],0,7 5 2 3 23 0,5,16.237774208845074,8.077989106583257,18.515603689553288,15.737067179054916,4.484044371054932,20.22111155010985,0.0094007591760603,0.0204802345209765,0.0458581812980477,0.0204802345209765,-18.846177381113527,0.0239659586109934,0.0081409776822907,0.0203410898343297,-18.306247178489507,-16.223246273807156,-13.905495272477095,22.147013631178584,21.57554304517004
9381,CCCCC1=CCC=C1,14666,C1=C[C@H]2C=C[C@@H]3CC=C1[C@H]23,13787,[H]C1=C(C([H])([H])C([H])([H])C([H])([H])C([H])([H])[H])C2([H])C([H])([H])C1([H])C1([H])C23C([H])=C([H])[C@@]2([H])C([H])=C([H])[C@]([H])(C1([H])[H])[C@]32[H],0,7 5 7 8 23 0,9,13.27760421735094,4.236901042154891,10.965472082219485,15.021537172796345,5.927069637227856,20.9486068100242,0.0051049091281811,0.0261909396452432,0.0057741507761074,0.0261909396452432,-15.44625308838556,0.0288709748337892,0.0185366174966483,0.0415955161348595,-14.68121245570518,-20.31313424454961,-18.09978352941004,22.94634995665802,23.585497922727825
2720,CCCCC1C=CC=C1,14668,O=CC#CC(F)(F)F,17787,[H]C(=O)C1=C(C(F)(F)F)C2([H])C([H])=C([H])C1([H])C2([H])C([H])([H])C([H])([H])C([H])([H])C([H])([H])[H],1,5 8 2 3 23 1,0,12.645836424848977,13.29327703250751,18.480681628893954,15.85556489638522,8.986179873030622,24.841744769415843,0.0002256863032966,0.0016361940261752,0.0040352247739271,0.0016361940261752,-23.73695819138574,0.0014437201200201,0.0080114300664283,0.0019538943165915,-20.778029304753915,-18.539978474516616,-22.41428765440621,23.40324664604181,23.029082924715944
3076,CCCCC1C=CC=C1,14668,O=c1[nH]c2c([nH]1)NON2,17935,[H]C1=C([H])C2([H])C34N([H])ON([H])C3(N([H])C(=O)N4[H])C1([H])C2([H])C([H])([H])C([H])([H])C([H])([H])C([H])([H])[H],0,5 8 3 4 23 0,3,11.380619507392948,7.503431172658161,13.51134677892597,15.757647474383836,9.278018011299574,25.03566548568341,0.007092434846591,0.0282587702736861,0.0118326310606965,0.0282587702736861,-26.33963024278274,0.0109598758301264,0.008564338030274,0.0011408242646529,-20.99630311029672,-22.66957130073265,-24.85400972287385,19.7608397310498,21.317079122434965
3421,CCCCC1C=CC=C1,14668,OCC1=Cc2ccccc21,18025,[H]OC([H])([H])C12c3c([H])c([H])c([H])c([H])c3C1([H])C1([H])C([H])=C([H])C2([H])C1([H])C([H])([H])C([H])([H])C([H])([H])C([H])([H])[H],1,5 8 2 3 23 1,0,13.790041612389516,9.923124973660231,16.19337936019742,15.55103100344427,8.012863044632777,23.56389404807705,0.0033343434933524,0.0218302054162992,0.0752379618221496,0.0218302054162992,-19.10892478973772,0.1300271459222672,0.0103815352433164,0.1705091951244333,-16.20988941687235,-20.892788662478864,-23.21812146504124,22.200066759269472,22.26506280159153
4662,CCCCC1C=CC=C1,14668,C1=CC=C=c2ccccc2=1,13758,[H]C1=C=c2c([H])c([H])c([H])c([H])c2=C2C1([H])C1([H])C([H])=C([H])C2([H])C1([H])C([H])([H])C([H])([H])C([H])([H])C([H])([H])[H],0,5 8 2 3 23 0,3,17.490047280374906,7.701223576963147,17.732080010417967,15.612089255460738,6.671757930747042,22.28384718620778,0.0013507389916029,0.0173186583221402,0.0375079643134597,0.0173186583221402,-19.253825793171103,0.0089901450063497,0.0051553985119658,0.0332640257317719,-17.22999787099191,-13.29570378425344,-11.753157820747816,22.14231217139983,20.7661399537825
6126,CCCc1nc(C#N)co1,14735,O=c1[nH]c2c([nH]1)NON2,17935,[H]N1ON([H])C23N([H])C(=O)N([H])C12C1([H])OC3(C([H])([H])C([H])([H])C([H])([H])[H])N=C1C#N,1,3 8 3 4 18 1,4,17.387744371137625,9.27221340943483,19.29119077658228,15.397022765819113,7.510986337683384,22.908009103502494,0.0232110443180075,0.0222175380955518,0.0321175010619927,0.0222175380955518,-7.285467080367496,0.0179452728765938,0.0190707547744717,0.0084263086926161,-5.584466684798521,-8.172347084500707,-11.14734537052894,21.395580488402835,22.714064390495576
6804,CCCc1nc(C#N)co1,14735,OCC1=Cc2ccccc21,18025,[H]OC([H])([H])C12c3c([H])c([H])c([H])c([H])c3C1([H])C1(C([H])([H])C([H])([H])C([H])([H])[H])N=C(C#N)C2([H])O1,1,3 8 3 2 18 1,2,17.529242455899045,11.980312108362517,21.27495984218734,15.323266099529084,5.884423717260447,21.20768981678953,0.056097047503064,0.0092866845678103,0.0365970507892749,0.0092866845678103,-8.17570388499309,0.2012190777448823,0.0120539089228092,0.1899868009474618,-9.024245671822044,-9.776691550511543,-9.628873040372568,22.61009117476419,23.5836496072518
6127,CCCc1nc(OC)c[nH]1,14737,O=c1[nH]c2c([nH]1)NON2,17935,[H]N1C2([H])C(OC([H])([H])[H])=NC1(C([H])([H])C([H])([H])C([H])([H])[H])C13N([H])ON([H])C21N([H])C(=O)N3[H],0,3 8 3 4 22 0,5,15.965139071795518,9.061111119045735,21.032976841530324,16.18689122471975,5.4078867782884,21.59477800300815,0.0095903985775202,0.0237322839597726,0.0672167967269978,0.0237322839597726,-12.173478901673938,0.0291593676410341,0.0098872256507863,0.0124968041099702,-9.438483459092524,-9.924930366897676,-11.588665225863146,20.91738301146836,22.80708908822
12254,CCNC(=O)c1cnco1,14784,O=c1[nH]c2c([nH]1)NON2,17935,[H]C1=NC2([H])OC1(C(=O)N([H])C([H])([H])C([H])([H])[H])C13N([H])ON([H])C21N([H])C(=O)N3[H],1,5 8 3 4 18 1,10,16.274614359359802,9.47741640338834,20.091649426236373,15.952142793529251,9.347521017301576,25.29966381083083,0.0028816471406769,0.0069910476493282,0.0075516297525768,0.0069910476493282,-6.627873540161453,0.0085675206369343,0.0220929772563726,0.0040056477239883,-5.085696103427736,-6.222367953000273,-12.78591724928419,20.942315665691268,22.55341574698153
6127,CCNCc1occc1C,14797,O=c1[nH]c2c([nH]1)NON2,17935,[H]C1=C(C([H])([H])[H])C2(C([H])([H])N([H])C([H])([H])C([H])([H])[H])OC1([H])C13N([H])ON([H])C21N([H])C(=O)N3[H],0,6 4 3 4 23 0,5,16.86776569039083,9.062965763545591,18.66863229812689,15.415393518095131,11.055366664102682,26.47076018219781,0.0152776795385569,0.0483983150927304,0.0352881426945954,0.0483983150927304,-14.17569011639678,0.0257572315403439,0.0165581926941194,0.0060398352657997,-9.878399079308316,-10.447059217287716,-13.32537274826172,22.426901747260267,23.76747475759381
18370,CCNc1nccnc1N,14816,O=c1[nH]c2c([nH]1)NON2,17935,[H]C1=NC2(N([H])C([H])([H])C([H])([H])[H])C(N([H])[H])=NC1([H])C13N([H])ON([H])C21N([H])C(=O)N3[H],1,3 6 3 4 20 1,4,17.763652636831427,10.700830266179132,20.376774398707305,15.57677347917602,11.721102981289462,27.29787646046548,0.045196677808656,0.0324181669828902,0.0523468296597596,0.0324181669828902,-5.416487612167479,0.0284798103728594,0.039252216332452,0.0028892850591945,-3.178682509760428,-6.75963114670575,-11.181633553315208,23.636149963951503,23.86496954148837
6127,CCOCn1cnc(N)c1,14871,O=c1[nH]c2c([nH]1)NON2,17935,[H]N([H])C1=NC2([H])N(C([H])([H])OC([H])([H])C([H])([H])[H])C1([H])C13N([H])ON([H])C21N([H])C(=O)N3[H],0,5 9 3 4 21 0,5,16.300802395285366,9.41358056977922,20.6771259403972,15.214986385849862,9.47345964157051,24.688446027420373,0.0772776017054142,0.0924675852862225,0.0974585972253471,0.0924675852862225,-14.984132880553268,0.0598440758654459,0.0409417252767733,0.0103193880382869,-10.630096065291768,-12.571746556532254,-15.06704805867578,22.20166962746312,23.70598801844424
6127,CCOc1c[nH]c(C)n1,14881,O=c1[nH]c2c([nH]1)NON2,17935,[H]N1C2([H])C(OC([H])([H])C([H])([H])[H])=NC1(C([H])([H])[H])C13N([H])ON([H])C21N([H])C(=O)N3[H],0,6 4 3 4 19 0,5,14.217986183882113,8.509792102965978,20.661048545245865,16.361180136048674,5.827575495606162,22.18875563165484,0.0125858718696122,0.0365081428203879,0.0518946770167155,0.0365081428203879,-14.345301924940864,0.0219024592362566,0.0092542646182161,0.0078593350080293,-11.951353402594528,-12.176387777029204,-14.629572808115457,20.23774099119305,21.8419137676504
18382,CCOc1cncc(C)n1,14901,O=c1[nH]c2c([nH]1)NON2,17935,[H]C1=NC2([H])C(OC([H])([H])C([H])([H])[H])=NC1(C([H])([H])[H])C13N([H])ON([H])C21N([H])C(=O)N3[H],1,7 4 3 4 20 1,16,17.391297236137582,10.756916203309045,18.777577536114045,15.769196014325225,12.365581377093122,28.134777391418343,0.0144582012619294,0.0187551455922629,0.0207479086990131,0.0187551455922629,-11.922664310544455,0.0064088512743962,0.0186690016444985,0.0009190845915462,-9.001891507422563,-8.629508910617744,-13.421119438637604,23.05032697179637,23.391441222740305
6127,CCOc1ocnc1C#N,14910,O=c1[nH]c2c([nH]1)NON2,17935,[H]N1ON([H])C23N([H])C(=O)N([H])C12C1([H])N=C(C#N)C3(OC([H])([H])C([H])([H])[H])O1,0,5 3 3 4 16 0,5,18.43319389403229,9.87286196156609,19.43734697192713,14.71580962938609,11.39588531977212,26.11169494915821,0.0106591246708249,0.0241980012747093,0.0350721849980297,0.0241980012747093,-8.821036109091416,0.0306919483875358,0.0136059236341521,0.005798870928884,-5.736261857901546,-7.438210713260315,-11.18126390000704,22.267499587631235,23.09088232573354
6802,CCOc1ocnc1C#N,14910,OCC1=Cc2ccccc21,18025,[H]OC([H])([H])C12c3c([H])c([H])c([H])c([H])c3C1([H])C1(OC([H])([H])C([H])([H])[H])OC2([H])N=C1C#N,1,5 3 2 3 16 1,0,19.474469962030383,11.079036993679743,20.95883769157135,15.067711610061348,7.1509579509652745,22.218669561026623,0.0112376420437607,0.024297190304258,0.0705881572415979,0.024297190304258,-7.957711436092843,0.0826139071109094,0.0591154942010974,0.1755595828111966,-7.799954391585608,-9.146607812306954,-9.175859908928054,24.50304156520404,23.98978061554088
429,CC[C@@H](N)c1cocn1,14916,FC(F)(F)C1=CC=C=CN1,16502,[H]C1=C2C3([H])OC([H])(N=C3[C@]([H])(N([H])[H])C([H])([H])C([H])([H])[H])C2([H])C([H])=C(C(F)(F)F)N1[H],0,7 5 6 7 19 0,5,17.50223336430238,8.474562744929312,22.920995593165795,15.835386253181667,3.78114329600783,19.616529549189497,0.0726592714269267,0.0346512008623614,0.0207256094779393,0.0346512008623614,-18.915121752050204,0.0442045231098626,0.1148968431555435,0.0224686066542974,-18.2708739358536,-21.259848567196507,-19.687344585453488,21.467696973548183,23.03457832481018
6127,CC[C@@H](N)c1cocn1,14916,O=c1[nH]c2c([nH]1)NON2,17935,[H]N1ON([H])C23N([H])C(=O)N([H])C12C1([H])N=C([C@]([H])(N([H])[H])C([H])([H])C([H])([H])[H])C3([H])O1,0,7 5 3 4 19 0,5,15.58149857744222,8.572400066077677,18.26320445405483,15.133153874875992,8.025412135789892,23.158566010665886,0.0358078027438595,0.0532771963074153,0.0516845485806916,0.0532771963074153,-16.12048723685855,0.0663562826382561,0.0542446543680264,0.0077033310256877,-12.853404673105878,-14.409234467398214,-15.960070716662685,20.850583042415785,22.44870729833864
6804,CC[C@@H](N)c1cocn1,14916,OCC1=Cc2ccccc21,18025,[H]OC([H])([H])C12c3c([H])c([H])c([H])c([H])c3C1([H])C1([H])N=C([C@]([H])(N([H])[H])C([H])([H])C([H])([H])[H])C2([H])O1,1,7 5 3 2 19 1,2,16.167821164963186,11.569734649785662,19.99787516756217,15.272251284688949,5.834936387944726,21.107187672633675,0.1467673757009623,0.0180155381545573,0.038275104189894,0.0180155381545573,-11.152066033820404,0.3896172149834278,0.0255743823393353,0.1777858104240055,-12.936537449086323,-15.480244733267469,-13.298309711380156,22.513992740580555,23.18232516583764
5419,CC[C@@H](O)c1ccc(C)o1,14918,O=CC#CC(F)(F)F,17787,[H]O[C@@]([H])(C12OC(C([H])([H])[H])(C([H])=C1[H])C(C([H])=O)=C2C(F)(F)F)C([H])([H])C([H])([H])[H],1,4 7 3 2 22 1,1,16.4097426777957,16.048562753934785,24.207293589150314,16.281191516392738,9.374358805262968,25.655550321655703,7.459668216288353e-05,0.0137113371585688,0.0077258905421123,0.0137113371585688,-2.856600570585627,0.000916859226887,0.0046027435297492,0.0225589111644964,-2.3105284449731016,-3.4615112400779253,-6.815690104928162,25.521469789729785,23.86772029632192
6127,CC[C@@H](O)c1ccc(C)o1,14918,O=c1[nH]c2c([nH]1)NON2,17935,[H]O[C@]([H])(C([H])([H])C([H])([H])[H])C12OC(C([H])([H])[H])(C([H])=C1[H])C13N([H])ON([H])C12N([H])C(=O)N3[H],0,4 7 3 4 22 0,5,16.48251666100114,9.438234623779476,19.51677483320933,16.18892441485052,8.171820141365814,24.36074455621633,0.014506203775903,0.0282614619919057,0.0198910391289927,0.0282614619919057,-13.448560528708995,0.0383739086494104,0.0053403139584769,0.0029466833743263,-10.838934112402312,-10.486127785781475,-14.138324168533202,22.10498089237245,22.68942952556968
5418,CC[C@@](C)(O)c1ccco1,14929,O=CC#CC(F)(F)F,17787,[H]O[C@@](C([H])([H])[H])(C12OC([H])(C([H])=C1[H])C(C(F)(F)F)=C2C([H])=O)C([H])([H])C([H])([H])[H],1,5 8 2 3 22 1,0,15.474721681761473,15.01214495725126,23.198047994318543,16.123151993268564,9.398319016359808,25.52147100962837,0.0026300252324307,0.0019440676255778,0.0007443749970254,0.0019440676255778,-5.726179445767833,0.0014055188267697,0.0040906901153302,0.0010267063808435,-4.33565486486112,-4.521249786470211,-7.469805543532693,24.187705652871017,23.400206814510256
6127,CC[C@@](C)(O)c1ccco1,14929,O=c1[nH]c2c([nH]1)NON2,17935,[H]O[C@](C([H])([H])[H])(C([H])([H])C([H])([H])[H])C12OC([H])(C([H])=C1[H])C13N([H])ON([H])C12N([H])C(=O)N3[H],0,5 8 3 4 22 0,5,15.482295880991703,8.883641637522873,19.52231818462192,16.018700644854817,8.27036969344013,24.289070338294948,0.0124422598862969,0.0496384570182455,0.0092500553599362,0.0496384570182455,-15.702963732793364,0.0263819586969212,0.0356165192888124,0.0025729119600018,-12.865404341686876,-12.570207983420836,-14.35139608647848,22.029602290142016,23.49398983474583
6127,CC[C@]1(C)C=NN=C1C,14957,O=c1[nH]c2c([nH]1)NON2,17935,[H]N1ON([H])C23N([H])C(=O)N([H])C12C1([H])N=NC3(C([H])([H])[H])[C@]1(C([H])([H])[H])C([H])([H])C([H])([H])[H],0,4 7 3 4 21 0,5,17.16888222813953,6.670331593203606,16.532492612817947,16.08480534637244,11.863303152596131,27.948108498968573,0.0056251963017645,0.0106199129761552,0.0084035547712338,0.0106199129761552,-19.75722788889329,0.0056849782625931,0.0191215768523708,0.0006704926320705,-16.209223430941755,-18.314148305678216,-23.431490841086223,22.308697425112136,23.804031126549827
6126,CCc1c(O)nc[nH]c1=O,14969,O=c1[nH]c2c([nH]1)NON2,17935,[H]OC1=NC2([H])N([H])C(=O)C1(C([H])([H])C([H])([H])[H])C13N([H])ON([H])C21N([H])C(=O)N3[H],1,2 6 3 4 18 1,4,17.419741048099112,8.927317166694493,19.961888043314104,15.559064547503816,8.699808268455829,24.258872815959645,0.0025394790450316,0.0024699682470424,0.0313559798787065,0.0024699682470424,-15.863254907733122,0.0033649705114414,0.0079986509453112,0.0027298857514387,-13.22265359991774,-15.24187995513536,-19.286976372560403,21.492711767946048,22.25344561714452
9382,CCc1c(O)nc[nH]c1=O,14969,C1=C[C@H]2C=C[C@@H]3CC=C1[C@H]23,13787,[H]OC1=NC2([H])N([H])C(=O)C1(C([H])([H])C([H])([H])[H])C13C([H])=C([H])[C@@]4([H])C([H])=C([H])[C@]([H])(C([H])([H])C21[H])[C@]34[H],1,2 6 8 7 18 1,10,20.405574765565856,7.0911388947314205,18.16368708804704,15.229397334095234,10.929288260791388,26.15868559488662,1.5193325890875614e-05,9.44106361302645e-05,0.0074670633813186,9.44106361302645e-05,-6.616058451485159,0.0001565434824148,0.0002739522846787,0.0018359507852762,-7.327027937632522,-7.827498532135721,-9.254580903818294,23.85812492443198,23.957075447290016
18383,CCc1cnc(CC)cn1,15010,O=c1[nH]c2c([nH]1)NON2,17935,[H]N1ON([H])C23N([H])C(=O)N([H])C12C1([H])N=C(C([H])([H])C([H])([H])[H])C3([H])N=C1C([H])([H])C([H])([H])[H],0,8 3 3 4 22 0,17,17.742468563381458,9.004425244459576,19.179684458055064,15.175537441455315,10.699591205379928,25.875128646835243,0.0127297866548465,0.0617225882530509,0.0383664384976334,0.0617225882530509,-13.975845153683068,0.0111107099901527,0.0525852003062937,0.0055449254054666,-10.116934274463157,-11.506939341478152,-13.736874642454149,23.431546891423064,21.494795320730088
20414,CCc1cnc(CC)cn1,15010,OCC1=Cc2ccccc21,18025,[H]OC([H])([H])C12c3c([H])c([H])c([H])c([H])c3C1([H])C1([H])N=C(C([H])([H])C([H])([H])[H])C2([H])N=C1C([H])([H])C([H])([H])[H],1,8 3 2 3 22 1,8,19.470203043414468,10.866491834831772,20.45441783397124,15.53380972656546,8.761503361708158,24.295313088273616,0.0111198748202851,0.0395172722466913,0.070504780282749,0.0395172722466913,-8.56498621158071,0.0211581259494752,0.0617850991381384,0.1678740330099359,-8.13465827887017,-10.71620105482956,-10.69775348515222,25.27120074035563,23.817669033324336
6127,CCc1coc(N)c1C#N,15015,O=c1[nH]c2c([nH]1)NON2,17935,[H]N([H])C12OC([H])(C(C([H])([H])C([H])([H])[H])=C1C#N)C13N([H])ON([H])C21N([H])C(=O)N3[H],0,5 3 3 4 18 0,5,14.90700778260762,7.850128939453671,17.99292712054039,15.409874174419269,9.435390920164462,24.84526509458373,0.012740089332866,0.0355052204568053,0.0601990463400798,0.0355052204568053,-14.618746552575928,0.0210237859847399,0.0508922753458211,0.0068052556318247,-11.716722757855608,-13.246333862888356,-18.980823176510164,19.55133701295852,21.9260976317369
6804,CCc1coc(N)c1C#N,15015,OCC1=Cc2ccccc21,18025,[H]OC([H])([H])C12c3c([H])c([H])c([H])c([H])c3C1([H])C1(N([H])[H])OC2([H])C(C([H])([H])C([H])([H])[H])=C1C#N,1,5 3 3 2 18 1,2,14.785513193182092,11.99825079853698,19.674886047130336,15.05711849118883,7.822944920853153,22.880063412041984,0.2027519962794883,0.0100214446804022,0.0958158922298543,0.0100214446804022,-12.922167526942722,0.5217598028480658,0.0277356539145153,0.2256930372851548,-12.076209123755234,-14.686084079219532,-17.321078110651634,21.7455448325104,23.77498474826893
6127,CCc1nc(C#N)c(N)o1,15019,O=c1[nH]c2c([nH]1)NON2,17935,[H]N([H])C12OC(C([H])([H])C([H])([H])[H])(N=C1C#N)C13N([H])ON([H])C21N([H])C(=O)N3[H],0,2 7 3 4 17 0,5,18.525339178131915,9.76879761834448,20.9919221348888,15.821957527143956,9.03506648228899,24.857024009432944,0.0105609052404646,0.0160271274147572,0.0063255972726696,0.0160271274147572,-6.2311077048859005,0.0617335947081738,0.0027607841621969,0.0007587119873733,-3.688732382336021,-5.621175142113376,-9.114208196385242,22.12179120457548,22.78468714181433
429,CCc1nc(C)c(C)o1,15020,FC(F)(F)C1=CC=C=CN1,16502,[H]C1=C2C([H])(C([H])=C(C(F)(F)F)N1[H])C1(C([H])([H])C([H])([H])[H])N=C(C([H])([H])[H])C2(C([H])([H])[H])O1,0,2 6 6 7 20 0,5,18.58524596394941,8.13902337436756,24.09016500533234,15.794252390139317,3.896809033495721,19.69106142363504,0.0183822769589562,0.0144307207085141,0.0090781074679827,0.0144307207085141,-18.786623404949324,0.0197021536884857,0.031455021279747,0.0051135106090176,-18.31675786293696,-20.17285325468725,-20.712134431008565,21.237752493167832,22.947904339527906
6127,CCc1nc(C)c(C)o1,15020,O=c1[nH]c2c([nH]1)NON2,17935,[H]N1ON([H])C23N([H])C(=O)N([H])C12C1(C([H])([H])C([H])([H])[H])N=C(C([H])([H])[H])C3(C([H])([H])[H])O1,0,2 6 3 4 20 0,5,16.283532177029272,7.857211725111256,18.549178467239862,15.283987161932574,8.891666999187741,24.17565416112032,0.0141844802870679,0.0266719598175295,0.0178872857711226,0.0266719598175295,-15.604794880500975,0.0316177662157705,0.0139114574542442,0.0009295463403368,-10.78325210492708,-12.29506215124782,-16.83974473382716,19.82217156257576,21.045737204108967
18377,CCc1ncncc1F,15035,O=c1[nH]c2c([nH]1)NON2,17935,[H]C1=NC2([H])N=C(C([H])([H])C([H])([H])[H])C1(F)C13N([H])ON([H])C21N([H])C(=O)N3[H],0,4 7 3 4 16 0,11,18.58311836959981,9.722784153758727,18.871451005223754,14.765813544376648,12.369848561659062,27.13566210603571,0.0042577642609515,0.0291762937525497,0.0132108231235529,0.0291762937525497,-5.78307920528357,0.0087640081554207,0.0114375204201846,0.002802981161132,-2.9806363288937874,-5.55656881192504,-9.175670007669105,23.636863858213907,23.15933805008581
6127,CCn1cc(N)ccc1=O,15065,O=c1[nH]c2c([nH]1)NON2,17935,[H]C1=C(N([H])[H])C2([H])N(C([H])([H])C([H])([H])[H])C(=O)C1([H])C13N([H])ON([H])C21N([H])C(=O)N3[H],0,3 7 3 4 20 0,5,15.775611249307849,8.896788979491287,20.972079355062704,14.925996273312377,6.838387155092729,21.764383428405104,0.0158124351544396,0.0150251718329381,0.0409856511755261,0.0150251718329381,-23.53180572020913,0.0201827048819162,0.0454045865475597,0.0038464954128718,-22.091313613445173,-22.51175407356027,-23.17275937876019,20.90827266750578,21.85909085597325
5419,CN(C)CC1=CC=CC1,15123,O=CC#CC(F)(F)F,17787,[H]C(=O)C1=C(C(F)(F)F)C2(C([H])([H])N(C([H])([H])[H])C([H])([H])[H])C([H])=C([H])C1([H])C2([H])[H],1,4 7 3 2 22 1,1,12.91418670913088,13.570320441784522,19.17575674618037,16.151985768965137,6.567430009071959,22.719415778037096,3.505224257999534e-05,0.0090479518903362,0.0021077719878836,0.0090479518903362,-18.951708138797045,0.0018434389106873,0.0115287766416326,0.0042522826146878,-17.886331330433585,-19.29761725161076,-20.30659644225573,23.06812880003829,23.51967859355548
6127,CN(C)CC1=CC=CC1,15123,O=c1[nH]c2c([nH]1)NON2,17935,[H]C1=C([H])C2(C([H])([H])N(C([H])([H])[H])C([H])([H])[H])C([H])([H])C1([H])C13N([H])ON([H])C12N([H])C(=O)N3[H],0,4 7 3 4 22 0,5,11.877860252019389,6.731337485291741,15.239020850669398,15.837577370213,5.124413638846281,20.96199100905928,0.008154705113209,0.0237719189268177,0.0052709298397875,0.0237719189268177,-26.232702583188846,0.0559897047272106,0.0462731344127993,0.0019349415076872,-20.760348537935087,-21.892917472878885,-23.025079652712414,18.020978109947187,20.581319391298297
9249,CN(C)CC1=CC=CC1,15123,C1=CC=C=c2ccccc2=1,13758,[H]C1=C=c2c([H])c([H])c([H])c([H])c2=C2C3([H])C([H])=C([H])C(C([H])([H])N(C([H])([H])[H])C([H])([H])[H])(C12[H])C3([H])[H],0,4 7 2 3 22 0,5,17.898144479667934,8.26355426128891,18.345944833832057,15.970266591708173,5.481640157983939,21.45190674969212,0.0033398149138577,0.0040141009559807,0.0102729783325328,0.0040141009559807,-14.234557847735552,0.011620337554809,0.0023617189555189,0.0093563050382283,-13.254073020984222,-13.0241413013229,-9.20543135688026,23.47386969886483,22.78499908907845
18383,CN(N)c1cnccn1,15147,O=c1[nH]c2c([nH]1)NON2,17935,[H]C1=NC2([H])C(N(N([H])[H])C([H])([H])[H])=NC1([H])C13N([H])ON([H])C21N([H])C(=O)N3[H],0,7 4 3 4 17 0,17,15.553562200890887,9.641878851910189,19.40507751904723,15.128596107808702,11.240607880524053,26.36920398833276,0.0178853069329457,0.0457928547080356,0.0509389084899775,0.0457928547080356,-13.553888775782234,0.0147095864460873,0.0321560837624288,0.007148083834329,-9.562513472021765,-11.49982308823435,-15.977199860218384,21.3462967124196,21.350133778838533
20416,CN(N)c1cnccn1,15147,OCC1=Cc2ccccc21,18025,[H]OC([H])([H])C12c3c([H])c([H])c([H])c([H])c3C1([H])C1([H])N=C(N(N([H])[H])C([H])([H])[H])C2([H])N=C1[H],1,7 4 3 2 17 1,10,17.35786876746606,12.069550306118469,21.03428092567512,15.326844523451324,8.445837737955838,23.77268226140716,0.0617911001454737,0.0153295826564602,0.0273539879005665,0.0153295826564602,-9.8471626060511,0.1190488386025148,0.0148597484884569,0.1045232756753826,-10.270366542487515,-12.309068393455178,-13.185430495561969,23.440484503064184,23.821947534444703
5419,CN1C=CC(CN)=CN1,15168,O=CC#CC(F)(F)F,17787,[H]C(=O)C1=C(C(F)(F)F)C2([H])C([H])=C(C([H])([H])N([H])[H])C1([H])N([H])N2C([H])([H])[H],1,2 7 3 2 20 1,1,15.649994820889376,14.785665228207773,21.584335014170463,15.84799856685174,8.743629346499254,24.591627913351,2.003337981780117e-05,0.0109300090737861,0.0144612285634939,0.0109300090737861,-33.46630317287767,0.0027295389211098,0.0240089490673435,0.0491491354893914,-32.824377386017915,-32.00031401374894,-32.05613876578486,25.05895075348629,23.746414472504533
6127,CN1C=CC(CN)=CN1,15168,O=c1[nH]c2c([nH]1)NON2,17935,[H]C1=C(C([H])([H])N([H])[H])C2([H])N([H])N(C([H])([H])[H])C1([H])C13N([H])ON([H])C21N([H])C(=O)N3[H],0,2 7 3 4 20 0,5,15.83532581407007,7.784720158144188,17.30413618310333,15.458607378642244,8.882502588537857,24.341109967180103,0.0613241918739765,0.0414093636322117,0.0521818179320113,0.0414093636322117,-35.14382061985852,0.1078267685468305,0.1086452740439467,0.006909823345265,-30.290303642213573,-30.760722366166465,-33.2545217227797,21.19363505004819,21.436407704922225
6802,CN1C=CC(CN)=CN1,15168,OCC1=Cc2ccccc21,18025,[H]OC([H])([H])C12c3c([H])c([H])c([H])c([H])c3C1([H])C1([H])C(C([H])([H])N([H])[H])=C([H])C2([H])N(C([H])([H])[H])N1[H],1,2 7 2 3 20 1,0,16.995692813147404,10.487718429199578,19.57745381682609,15.683158931901016,7.221171534927315,22.90433046682833,0.020791609123786,0.0340824288965243,0.0901018236310203,0.0340824288965243,-26.698483204128323,0.138262690668279,0.0438578323987406,0.2883373278408822,-25.836394209360087,-30.768716251141484,-31.37001661384112,22.555775309802467,22.99089065496773
9249,CN1C=CC(CN)=CN1,15168,C1=CC=C=c2ccccc2=1,13758,[H]C1=C=c2c([H])c([H])c([H])c([H])c2=C2C3([H])C(C([H])([H])N([H])[H])=C([H])C([H])(N(C([H])([H])[H])N3[H])C12[H],0,2 7 2 3 20 0,5,22.602801438545523,8.27040768529119,22.02376118503981,15.960770286494188,10.279299500770517,26.2400697872647,0.0165625574952324,0.0050960711652405,0.0560130660965762,0.0050960711652405,-23.42622953105041,0.0693169453929832,0.0036273203484411,0.0654682062073086,-23.08759713828733,-21.0314481212284,-19.95790282317289,25.20739446149738,23.43212608529912
6126,CN1C=CC(N(C)C)=CC1,15169,O=c1[nH]c2c([nH]1)NON2,17935,[H]C1=C(N(C([H])([H])[H])C([H])([H])[H])C2([H])C([H])([H])N(C([H])([H])[H])C1([H])C13N([H])ON([H])C21N([H])C(=O)N3[H],1,2 8 3 4 24 1,4,15.423099644778231,8.158022591801988,15.86092519798253,15.0328345032026,9.528715418368655,24.561549921571256,0.0134329816452576,0.0393416708609783,0.0428748501624147,0.0393416708609783,-33.93975755757431,0.0210948495079038,0.0646247445644763,0.0017957838441883,-29.929364366420465,-30.940380755572647,-31.82857170806456,22.050083988078736,22.902311897108376
12249,CN1C=CC=C/C1=C\N=O,15171,O=c1[nH]c2c([nH]1)NON2,17935,[H]C1=C([H])C2([H])N(C([H])([H])[H])/C(=C(\[H])N=O)C1([H])C13N([H])ON([H])C21N([H])C(=O)N3[H],0,2 5 3 4 18 0,5,17.991702287682088,9.56902509811247,21.9068427064076,15.075993242992611,9.220430141445693,24.296423384438302,0.0064164917494939,0.0240531518910197,0.0048855376536864,0.0240531518910197,-21.101653380993035,0.0140474770281106,0.0146915657181361,0.0026483605690562,-15.542015365946584,-19.03495611579753,-17.158635141449203,22.32443468761859,21.940825178648144
6127,CN1N=NN2CC=CC=C12,15210,O=c1[nH]c2c([nH]1)NON2,17935,[H]C1=C([H])C2([H])C([H])([H])N3N=NN(C([H])([H])[H])C13C13N([H])ON([H])C21N([H])C(=O)N3[H],0,6 9 3 4 18 0,5,14.75789823874496,10.285073684858782,17.0248373932017,15.603480499996529,10.257539064443218,25.861019564439744,0.0598986464575802,0.0553873263556132,0.0263282210903143,0.0553873263556132,-26.106986617548863,0.0340163825530245,0.0310437527184939,0.0056635985339251,-24.41006495151798,-17.893271500912647,-21.17285855513674,21.67167958078901,22.98104222761279
12254,CNC(=O)c1ccoc1C,15236,O=c1[nH]c2c([nH]1)NON2,17935,[H]C1=C(C(=O)N([H])C([H])([H])[H])C2(C([H])([H])[H])OC1([H])C13N([H])ON([H])C21N([H])C(=O)N3[H],1,8 6 3 4 19 1,10,15.431197126548264,8.955313823117796,18.76227472305348,16.046835646147226,8.05019728685852,24.097032933005742,0.0118749810349327,0.0296812156233314,0.0342749305570461,0.0296812156233314,-13.667352243346087,0.0365248230846262,0.0274959968177537,0.0061690833759452,-11.71752718526345,-12.84796812267895,-15.46250968329644,19.78102997172389,22.151401156150293
13610,CNC(=O)c1ccoc1C,15236,OCC1=Cc2ccccc21,18025,[H]OC([H])([H])C12c3c([H])c([H])c([H])c([H])c3C1([H])C1(C([H])([H])[H])OC2([H])C([H])=C1C(=O)N([H])C([H])([H])[H],1,8 6 3 2 19 1,6,16.001119734677438,12.309681107141053,20.83768746599805,15.513333190537786,7.320497470426346,22.83383066096413,0.0699598236601052,0.014880845400639,0.0727644804902036,0.014880845400639,-11.597352022880848,0.2332504440278755,0.0109553743039393,0.2734862814459455,-10.944472550261956,-13.039913633492615,-13.819489967879804,22.11425175663113,23.51824346840637
865,CNC(=O)c1coc(N)n1,15238,FC(F)(F)C1=CC=C=CN1,16502,[H]C1=C2C3([H])OC(N([H])[H])(N=C3C(=O)N([H])C([H])([H])[H])C2([H])C([H])=C(C(F)(F)F)N1[H],0,7 5 6 7 17 0,17,18.237011538773128,9.024836414966456,23.49350295369672,16.200766039582913,2.8915460494139538,19.092312088996863,0.0084341216027697,0.0197359751377837,0.0094113643168588,0.0197359751377837,-20.584375948602705,0.0079745880499315,0.0466977958127903,0.0179676579455054,-19.4783389242316,-19.9262227659738,-19.50867476723176,20.328306639631123,23.06708655151204
12254,CNC(=O)c1coc(N)n1,15238,O=c1[nH]c2c([nH]1)NON2,17935,[H]N(C(=O)C1=NC2(N([H])[H])OC1([H])C13N([H])ON([H])C21N([H])C(=O)N3[H])C([H])([H])[H],1,7 5 3 4 17 1,10,17.84725150608476,8.713022697401144,20.227077476482325,15.435547096345754,7.460510273383175,22.89605736972893,0.0115916699861537,0.0327368049703241,0.0387307507839629,0.0327368049703241,-14.442729522634302,0.0131530590249264,0.0291807082672347,0.0063004282822765,-12.80306557298816,-14.014625040945743,-14.603300394291296,19.923137087501065,21.90216663986413
6126,CNCCCc1ccco1,15254,O=c1[nH]c2c([nH]1)NON2,17935,[H]C1=C([H])C2(C([H])([H])C([H])([H])C([H])([H])N([H])C([H])([H])[H])OC1([H])C13N([H])ON([H])C21N([H])C(=O)N3[H],1,5 8 3 4 23 1,4,14.851743704766047,9.11300297876614,18.43691624103798,15.837545228070336,6.887244111464138,22.724789339534475,0.0225881657016654,0.0241719665003922,0.0153990122360019,0.0241719665003922,-14.15040022824455,0.0200166402159841,0.0271656441762235,0.0095259341079673,-11.701080390876932,-12.720543167963784,-16.279029126147712,20.03249951415194,22.82056174451532
6126,CN[C@@H](C)c1ccoc1,15293,O=c1[nH]c2c([nH]1)NON2,17935,[H]C1=C([C@@]([H])(N([H])C([H])([H])[H])C([H])([H])[H])C2([H])OC1([H])C13N([H])ON([H])C21N([H])C(=O)N3[H],1,8 6 3 4 20 1,4,15.023292419278986,8.796454331075998,16.982098072363,15.49481865850115,9.02490620569878,24.51972486419993,0.0133888352681319,0.0167325201839605,0.0032659381323995,0.0167325201839605,-16.02380386761112,0.0283356523276127,0.0123047343555304,0.0006980815989455,-11.114281638314282,-13.873499649309856,-16.524197302028128,20.35695400690334,22.60135155072218
18382,CN[C@@H](C)c1cnccn1,15294,O=c1[nH]c2c([nH]1)NON2,17935,[H]C1=NC2([H])C([C@@]([H])(N([H])C([H])([H])[H])C([H])([H])[H])=NC1([H])C13N([H])ON([H])C21N([H])C(=O)N3[H],1,8 5 3 4 21 1,16,16.659794263395135,9.693660188209115,18.53087371338352,15.192731433302235,11.833705016081684,27.02643644938392,0.0168752904469754,0.0248493040690353,0.0490565178323044,0.0248493040690353,-12.0160292815169,0.0119652611591391,0.0317373923814112,0.0067467034155304,-7.705212449505602,-10.357215811645489,-13.703079999671388,22.874163690168263,21.186774778414552
20414,CN[C@@H](C)c1cnccn1,15294,OCC1=Cc2ccccc21,18025,[H]OC([H])([H])C12c3c([H])c([H])c([H])c([H])c3C1([H])C1([H])N=C([H])C2([H])N=C1[C@@]([H])(N([H])C([H])([H])[H])C([H])([H])[H],1,8 5 2 3 21 1,8,18.554274375018785,11.547158204988904,20.76702454259506,15.54419769576688,9.378314209332473,24.92251190509936,0.0114146572602669,0.0324823248858244,0.0696200048243271,0.0324823248858244,-7.243432203863499,0.0378850926194451,0.046706601311124,0.1049443745537093,-5.8960582947526845,-9.194359314172353,-10.411128306526209,24.45880277156176,23.117349414824464
18376,CNc1ccc(N)nc1,15320,O=c1[nH]c2c([nH]1)NON2,17935,[H]C1=C(N([H])C([H])([H])[H])C2([H])N=C(N([H])[H])C1([H])C13N([H])ON([H])C21N([H])C(=O)N3[H],1,4 8 3 4 18 1,10,16.778473291746987,10.017034533314453,19.415689880556407,15.37996450421978,11.0740244897074,26.453988993927183,0.0040153162078772,0.0021124695513828,0.0059907446852827,0.0021124695513828,-11.108487859171142,0.004931665002561,0.0079034750588284,0.0008903007403078,-7.923478056455877,-9.518255073130703,-14.375961431143573,22.47765091078616,21.743917796768617
18383,CNc1cnc(CN)cn1,15336,O=c1[nH]c2c([nH]1)NON2,17935,[H]N(C1=NC2([H])C(C([H])([H])N([H])[H])=NC1([H])C13N([H])ON([H])C21N([H])C(=O)N3[H])C([H])([H])[H],0,8 3 3 4 20 0,17,16.730219288740454,9.62838350865306,20.366234642532785,15.44976138237573,9.18756476078782,24.63732614316355,0.0144641954718086,0.0595571716851806,0.0496462510803843,0.0595571716851806,-18.18866847915929,0.0167025992271246,0.0526244638843721,0.0052951809609656,-14.007945216385586,-14.04666299430945,-16.310631009861382,22.061129755853827,21.799054696229057
6127,CNc1nc[nH]c(=O)c1N,15347,O=c1[nH]c2c([nH]1)NON2,17935,[H]N(C1=NC2([H])N([H])C(=O)C1(N([H])[H])C13N([H])ON([H])C21N([H])C(=O)N3[H])C([H])([H])[H],0,8 4 3 4 18 0,5,15.180463489679628,8.203291712635028,20.82364158576373,15.635912385579626,5.682048485093532,21.31796087067316,0.0055944050165627,0.0208057408566318,0.0568072525975709,0.0208057408566318,-21.22663334383164,0.0144635854305256,0.0098144256545675,0.0017564680061675,-18.98486869915108,-20.43435910012675,-22.81793225965789,18.20664030953025,18.45835437340612
6802,CNc1nc[nH]c(=O)c1N,15347,OCC1=Cc2ccccc21,18025,[H]OC([H])([H])C12c3c([H])c([H])c([H])c([H])c3C1([H])C1([H])N=C(N([H])C([H])([H])[H])C2(N([H])[H])C(=O)N1[H],1,8 4 2 3 18 1,0,16.95064755018695,12.202280698156171,24.51497253113002,15.866687819074292,5.105171690172444,20.97185950924673,0.0113079448659242,0.0120955963158604,0.0902578332269893,0.0120955963158604,-14.455729669003176,0.026246232979358,0.0118951416812407,0.0883668226651321,-13.131537576497353,-20.381167538801613,-21.273064425127167,20.61693251744435,22.611184442229167
7000,CNc1nc[nH]c(=O)c1N,15347,O[C@@H]1CC/C=C/CCC1,18100,[H]O[C@@]1([H])C([H])([H])C([H])([H])C([H])([H])C2([H])C3(N([H])[H])C(=O)N([H])C([H])(N=C3N([H])C([H])([H])[H])C2([H])C([H])([H])C1([H])[H],1,8 4 5 6 18 1,2,18.778474040852373,4.695320525994847,18.16283194030804,15.193403822489929,6.188712852863112,21.38211667535304,0.1385511689092542,0.0664990554830278,0.1729332975404517,0.0664990554830278,-11.020260688369524,0.0421793511186081,0.0145379291171784,0.0147497302409045,-12.34830844915755,-13.53091329569429,-12.397433586571289,21.36954123199509,21.852354205052222
9382,CNc1nc[nH]c(=O)c1N,15347,C1=C[C@H]2C=C[C@@H]3CC=C1[C@H]23,13787,[H]C1=C([H])[C@@]2([H])C([H])=C([H])[C@]3([H])C([H])([H])C4([H])C5([H])N=C(N([H])C([H])([H])[H])C(N([H])[H])(C(=O)N5[H])C14[C@]23[H],1,8 4 8 7 18 1,10,18.10092649758512,6.598965932627433,18.307315903283783,15.347568628343874,6.189119441580996,21.53668806992487,5.194577317755084e-05,0.0001175778332156,0.0114907379968377,0.0001175778332156,-9.53041295711472,0.0005071108698397,0.0007349436586851,0.0025566695073121,-12.03852199704405,-13.420592009155255,-14.040225560186734,21.661764373896933,21.152294730275045
6126,COC(=O)Cc1ccco1,15397,O=c1[nH]c2c([nH]1)NON2,17935,[H]C1=C([H])C2(C([H])([H])C(=O)OC([H])([H])[H])OC1([H])C13N([H])ON([H])C21N([H])C(=O)N3[H],1,5 8 3 4 18 1,4,15.618557174316845,9.755715847783636,17.664521706383454,15.669578149669332,6.87019527533111,22.53977342500044,0.0185916136274967,0.0225464787122302,0.0309894428487406,0.0225464787122302,-11.76276537993308,0.0261338073712629,0.0420662083432633,0.0164494617301429,-11.138157806656288,-12.058538992089607,-12.428842647728215,22.027116787736706,23.354364651034714
6127,COC(=O)N1C=CC=CC1,15403,O=c1[nH]c2c([nH]1)NON2,17935,[H]C1=C([H])C2([H])C([H])([H])N(C(=O)OC([H])([H])[H])C1([H])C13N([H])ON([H])C21N([H])C(=O)N3[H],0,5 8 3 4 19 0,5,12.518793549522346,8.47572146189523,16.14281331249167,15.629607810312926,6.046694687927545,21.67630249824047,0.0090840212762533,0.0296554620218678,0.0163732357348337,0.0296554620218678,-34.263914945194564,0.0337892128077963,0.0453678261412442,0.0056735565179122,-29.10511301809768,-30.51040828795233,-32.48226486370022,21.03319641898915,21.300566441409224
6802,COC(=O)N1C=CC=CC1,15403,OCC1=Cc2ccccc21,18025,[H]OC([H])([H])C12c3c([H])c([H])c([H])c([H])c3C1([H])C1([H])C([H])=C([H])C2([H])N(C(=O)OC([H])([H])[H])C1([H])[H],1,5 8 2 3 19 1,0,14.119499562204773,10.940020891488595,19.019521881552933,15.708238902241357,6.00034511250194,21.70858401474329,0.0011421978411723,0.02304706573288,0.0281965816401961,0.02304706573288,-26.37122358127575,0.0656216080375856,0.0473761707613787,0.160690406015254,-26.019073148732936,-29.04487877261972,-30.41439977481594,21.968516592434128,22.53304360136483
9249,COC(=O)N1C=CC=CC1,15403,C1=CC=C=c2ccccc2=1,13758,[H]C1=C=c2c([H])c([H])c([H])c([H])c2=C2C3([H])C([H])=C([H])C([H])(N(C(=O)OC([H])([H])[H])C3([H])[H])C12[H],0,5 8 2 3 19 0,5,19.27829126481096,9.211783557874885,19.57335100150741,15.7560010426062,8.616591963870317,24.37259300647652,0.0016812010369429,0.0059843720657523,0.012681591769023,0.0059843720657523,-21.950208529729814,0.0091572040060193,0.0089067936260189,0.0265522909162978,-19.77664587576125,-20.1479647046444,-16.93154786327934,24.938215121038887,23.97162721746636
9381,COC(=O)N1C=CC=CC1,15403,C1=C[C@H]2C=C[C@@H]3CC=C1[C@H]23,13787,[H]C1=C([H])C2([H])C([H])([H])N(C(=O)OC([H])([H])[H])C1([H])C1([H])C23C([H])=C([H])[C@@]2([H])C([H])=C([H])[C@]([H])(C1([H])[H])[C@]32[H],0,5 8 7 8 19 0,9,15.192350042314132,5.431880620420484,13.220375532048342,15.127382074161078,6.731413065984768,21.858795140145844,0.0006320111122699,0.0072530240343749,0.0006837568186592,0.0072530240343749,-21.17714182649442,0.025533135497507,0.0182221465429957,0.0271171613653219,-20.335467988022195,-24.47829175974304,-22.90013511356846,23.311527004922915,23.217043822383925
12255,COC(=O)c1cocc1C,15426,O=c1[nH]c2c([nH]1)NON2,17935,[H]N1ON([H])C23N([H])C(=O)N([H])C12C1([H])OC3([H])C(C([H])([H])[H])=C1C(=O)OC([H])([H])[H],0,7 5 3 4 18 0,11,14.95686385001559,8.820931106236744,18.00196405030015,15.009938939925506,7.683793983348201,22.693732923273707,0.0038116608594019,0.0312151206708137,0.0447737249223687,0.0312151206708137,-19.18933196220344,0.0173935115163786,0.0150465822117821,0.0034340754624675,-14.483995699409045,-16.217559035413018,-17.24432742934424,19.200975362157056,20.906451287208338
13610,COC(=O)c1cocc1C,15426,OCC1=Cc2ccccc21,18025,[H]OC([H])([H])C12c3c([H])c([H])c([H])c([H])c3C1([H])C1([H])OC2([H])C(C(=O)OC([H])([H])[H])=C1C([H])([H])[H],1,7 5 3 2 18 1,6,14.279545346263609,11.493217357441772,18.38478189623831,15.036017407295432,7.220492346520277,22.25650975381571,0.0201585744594141,0.0053240340203907,0.0514655103472145,0.0053240340203907,-12.987444694273243,0.0699754039631069,0.0101372217443421,0.1531073303500396,-12.753025179538206,-15.181482413813065,-16.023765890894502,20.74595303501432,21.30999737599421
14002,COC(=O)c1cocc1C,15426,O[C@@H]1CC/C=C/CCC1,18100,[H]O[C@@]1([H])C([H])([H])C([H])([H])C([H])([H])C2([H])C3([H])OC([H])(C(C(=O)OC([H])([H])[H])=C3C([H])([H])[H])C2([H])C([H])([H])C1([H])[H],1,7 5 5 6 18 1,6,17.107048748649817,4.569785991299744,15.515707122811552,14.783587560494748,7.503471340842308,22.28705890133705,0.0268801502984766,0.1980206111138211,0.1089972547541385,0.1980206111138211,-9.808160735785286,0.017888587016021,0.0698924101745382,0.0243736558437809,-9.039443028314246,-8.955344811958263,-7.606784045351873,22.57409334992708,23.35384103393619
18766,COC(=O)c1cocc1C,15426,C1=C[C@H]2C=C[C@@H]3CC=C1[C@H]23,13787,[H]C1=C([H])[C@@]2([H])C([H])=C([H])[C@]3([H])C([H])([H])C4([H])C5([H])OC([H])(C(C([H])([H])[H])=C5C(=O)OC([H])([H])[H])C14[C@]23[H],1,7 5 8 7 18 1,22,16.400282608370247,6.61665869154688,14.094973547650172,14.65116979858104,9.851071027339032,24.50224082592007,1.4452083522747283e-05,0.0009008025589928,0.0132547102619231,0.0009008025589928,-8.13864109234742,0.0012749990603379,0.0032520103524295,0.0045074344474713,-7.497784803735762,-8.043382423466667,-8.192483488177551,23.80427904054079,23.60749680593318
12254,COC(=O)c1cocn1,15427,O=c1[nH]c2c([nH]1)NON2,17935,[H]N1ON([H])C23N([H])C(=O)N([H])C12C1([H])N=C(C(=O)OC([H])([H])[H])C3([H])O1,1,7 5 3 4 14 1,10,16.1016311263161,9.738626168034656,18.54553835121388,14.98784541837658,6.63874148063476,21.626586899011343,0.00736341324396,0.0189464546138661,0.0349669350288549,0.0189464546138661,-11.466524898866297,0.0078242515629187,0.0247410011305033,0.0033441176753977,-9.07291101856822,-13.370297417636197,-13.929198065999316,20.995312547749226,21.841084522613773
13610,COC(=O)c1cocn1,15427,OCC1=Cc2ccccc21,18025,[H]OC([H])([H])C12c3c([H])c([H])c([H])c([H])c3C1([H])C1([H])N=C(C(=O)OC([H])([H])[H])C2([H])O1,1,7 5 3 2 14 1,6,16.30970749321643,11.505565284357454,20.097885000541368,14.963730068313357,5.132469860590359,20.096199928903715,0.0344494684934276,0.0088957236950607,0.0300958336860073,0.0088957236950607,-10.728576823005112,0.1388660019043372,0.0111293911166217,0.0934734396920545,-11.316205602568637,-13.784465583167012,-11.342641282972115,22.92988414451603,22.40220914301108
12254,COC(=O)c1nnc(C)o1,15432,O=c1[nH]c2c([nH]1)NON2,17935,[H]N1ON([H])C23N([H])C(=O)N([H])C12C1(C(=O)OC([H])([H])[H])N=NC3(C([H])([H])[H])O1,1,4 7 3 4 16 1,10,19.38076474577253,11.375394105700652,21.871997621833582,15.593034847729896,11.662612611436945,27.25564745916684,0.0115960776744811,0.006260686764532,0.0061338759409623,0.006260686764532,-5.38544129649123,0.0074277599251001,0.0019898257681464,0.0003821686981405,-0.4096222051892404,-4.376945177840341,-6.075145762116819,23.89065596506574,23.35814743805749
865,COC(=O)c1occc1F,15434,FC(F)(F)C1=CC=C=CN1,16502,[H]C1=C2C3(C(=O)OC([H])([H])[H])OC([H])(C([H])=C3F)C2([H])C([H])=C(C(F)(F)F)N1[H],0,6 4 6 7 15 0,17,18.73586128852467,9.17603550615284,21.096014679391523,15.640200829138202,6.053603373929359,21.69380420306756,0.0170446015419032,0.0068639937671477,0.0032689506566427,0.0068639937671477,-12.227793861619418,0.0279059806819068,0.0369070904747919,0.0103432436777267,-12.350172584131307,-15.592229906758432,-13.0771086036084,23.313752791178416,23.595304483181664
12254,COC(=O)c1occc1F,15434,O=c1[nH]c2c([nH]1)NON2,17935,[H]C1=C(F)C2(C(=O)OC([H])([H])[H])OC1([H])C13N([H])ON([H])C21N([H])C(=O)N3[H],1,6 4 3 4 15 1,10,16.937718129290353,9.34896209493955,18.05494950110706,15.290552919495102,9.703073633152217,24.99362655264732,0.0066507107224252,0.0200316058415863,0.0074834128954829,0.0200316058415863,-11.57222560573851,0.0130128109367008,0.0199091915603467,0.0051954877830156,-8.020033344983055,-10.38839132427332,-12.970198339206249,21.51931299179399,22.218378203693494
13610,COC(=O)c1occc1F,15434,OCC1=Cc2ccccc21,18025,[H]OC([H])([H])C12c3c([H])c([H])c([H])c([H])c3C1([H])C1([H])OC2(C(=O)OC([H])([H])[H])C(F)=C1[H],1,6 4 3 2 15 1,6,17.73995379882743,12.375253495763047,20.6897701125222,15.471993630030514,8.04732805661163,23.519321686642144,0.0370127001223823,0.0052006436740028,0.0102780338829633,0.0052006436740028,-7.790504737118475,0.1087476406874449,0.0251136824511544,0.1022796206835805,-8.077437383344915,-10.245877614075866,-10.097174975644512,23.9360108860842,23.97612512466681
5418,COC[C@H](N)c1ccco1,15494,O=CC#CC(F)(F)F,17787,[H]C(=O)C1=C(C(F)(F)F)C2([H])OC1([C@@]([H])(N([H])[H])C([H])([H])OC([H])([H])[H])C([H])=C2[H],1,5 8 2 3 21 1,0,15.629506440671555,16.094897575814404,23.004341087841603,16.179311938802787,9.665496480494683,25.844808419297472,0.0009977874080069,0.0014828070725345,0.0006444867461042,0.0014828070725345,-5.01526765968606,0.0007278969080804,0.0047645290189148,0.000460826379008,-2.84899252538856,-2.613794834271431,-5.241334795233897,25.209434715226923,23.97668312162543
6126,COC[C@H](N)c1ccco1,15494,O=c1[nH]c2c([nH]1)NON2,17935,[H]C1=C([H])C2([C@@]([H])(N([H])[H])C([H])([H])OC([H])([H])[H])OC1([H])C13N([H])ON([H])C12N([H])C(=O)N3[H],1,5 8 3 4 21 1,4,14.804428041809391,9.389802715786692,18.11845869814303,15.990231710032925,8.511599175255903,24.501830885288825,0.0106370223536595,0.0286708169639694,0.0042281964041686,0.0286708169639694,-13.158086733209927,0.0107975369129987,0.0236143045555443,0.0014089743103547,-11.374228020934916,-11.417367959094818,-13.929021078357437,22.909618320161684,23.86227512653553
18382,COCc1cnccn1,15504,O=c1[nH]c2c([nH]1)NON2,17935,[H]C1=NC2([H])C(C([H])([H])OC([H])([H])[H])=NC1([H])C13N([H])ON([H])C21N([H])C(=O)N3[H],1,7 4 3 4 17 1,16,17.40336984714886,10.103284134839672,17.48238489748151,15.06518392678164,12.069651121085077,27.13483504786672,0.0104546461664421,0.0293782702738532,0.0425017431740116,0.0293782702738532,-11.039034906872203,0.0044655658833036,0.0274856714864501,0.0048517965748412,-6.710231623743354,-10.106421753530732,-11.694856524488491,24.04293312169709,22.46208860464516
429,COCc1ocnc1CN,15516,FC(F)(F)C1=CC=C=CN1,16502,[H]C1=C2C([H])(C([H])=C(C(F)(F)F)N1[H])C1([H])N=C(C([H])([H])N([H])[H])C2(C([H])([H])OC([H])([H])[H])O1,0,5 3 6 7 20 0,5,15.822640167603057,8.279259294184637,22.58017747283715,16.313583207869247,4.169243391912783,20.48282659978203,0.0293194959819828,0.0220899194354561,0.0112519191722777,0.0220899194354561,-21.146460729857928,0.0252685963388611,0.1254504044814774,0.0253822994129609,-19.78355658083943,-22.25212222452917,-23.574005241596936,20.1731580104004,21.68373231539905
5419,COCc1ocnc1CN,15516,O=CC#CC(F)(F)F,17787,[H]C(=O)C1=C(C(F)(F)F)C2([H])N=C(C([H])([H])N([H])[H])C1(C([H])([H])OC([H])([H])[H])O2,1,5 3 3 2 20 1,1,14.157554752301248,14.181162848919604,20.905400437537573,15.888149444852788,9.59147474921501,25.4796241940678,1.729041125476185e-05,0.018176449337114,0.0044268062475362,0.018176449337114,-7.596276225454638,0.0006104687502292,0.0116708490101601,0.0485470223403477,-6.78983010134322,-7.793327157541221,-8.650620419475011,24.56756069305618,23.960581050490383
6127,COCc1ocnc1CN,15516,O=c1[nH]c2c([nH]1)NON2,17935,[H]N([H])C([H])([H])C1=NC2([H])OC1(C([H])([H])OC([H])([H])[H])C13N([H])ON([H])C21N([H])C(=O)N3[H],0,5 3 3 4 20 0,5,15.403674370640458,8.461634786680332,18.945459681311867,15.390759182031571,8.10203399217719,23.492793174208764,0.0259758673326095,0.0585981652590973,0.0182988354680234,0.0585981652590973,-17.07105672128474,0.0153517917238731,0.0340974815493003,0.0072018487860932,-12.21123614825256,-13.923797921456249,-17.21229903606381,20.495060497269737,21.786309999349253
6802,COCc1ocnc1CN,15516,OCC1=Cc2ccccc21,18025,[H]OC([H])([H])C12c3c([H])c([H])c([H])c([H])c3C1([H])C1(C([H])([H])OC([H])([H])[H])OC2([H])N=C1C([H])([H])N([H])[H],1,5 3 2 3 20 1,0,16.3752408744719,10.825121999069196,20.841172015429347,15.75615848778807,5.041387327149945,20.79754581493801,0.0133451192448974,0.0424163132487301,0.0360120130035122,0.0424163132487301,-11.481362180488809,0.0615041559119975,0.0740664795373407,0.2666495952109962,-10.605122942466444,-14.984188306829886,-14.874937170531275,22.11653935157566,22.26678523168936
6126,COc1cc(C)oc(=O)c1,15558,O=c1[nH]c2c([nH]1)NON2,17935,[H]C1=C(OC([H])([H])[H])C2([H])C(=O)OC1(C([H])([H])[H])C13N([H])ON([H])C21N([H])C(=O)N3[H],1,9 4 3 4 18 1,4,17.589131151700254,8.768573813862215,19.424867231178848,15.186322652265458,10.682349184863837,25.86867183712929,0.0083031929069654,0.0237663283854719,0.0203684371898777,0.0237663283854719,-19.690829508221064,0.0166454272942244,0.0123151320030773,0.0019043150086057,-18.30347413178724,-18.489158908307253,-21.027419945108534,20.574662951672227,21.55404987710985
18383,COc1cnc(N)c(C)n1,15606,O=c1[nH]c2c([nH]1)NON2,17935,[H]N([H])C1=NC2([H])C(OC([H])([H])[H])=NC1(C([H])([H])[H])C13N([H])ON([H])C21N([H])C(=O)N3[H],0,7 3 3 4 19 0,17,16.41847238506034,10.016324055970514,20.101431365011887,15.772815852174974,7.689477425598707,23.46229327777368,0.0241191580544496,0.0624869786586393,0.0208303596280977,0.0624869786586393,-17.6904847864241,0.0178539055112337,0.0344277541855456,0.004924687601416,-13.318184147614346,-14.019481640701208,-16.964906338362333,22.692402295713453,23.275581458764105
18382,COc1cnc(N)c(F)c1,15607,O=c1[nH]c2c([nH]1)NON2,17935,[H]C1=C(OC([H])([H])[H])C2([H])N=C(N([H])[H])C1(F)C13N([H])ON([H])C21N([H])C(=O)N3[H],1,7 3 3 4 17 1,16,18.02274197359793,10.919348134839296,19.287315561024805,15.10803012339994,13.2165316013675,28.32456172476744,0.015570322282125,0.022966707468397,0.0496466636725348,0.022966707468397,-14.144920780381264,0.0215024110173503,0.0227980459955513,0.0090819115533238,-11.822788663755482,-11.663041846047491,-14.454218256178187,23.5032212908571,23.353684836704097
18382,COc1cncc(F)n1,15610,O=c1[nH]c2c([nH]1)NON2,17935,[H]C1=NC2([H])C(OC([H])([H])[H])=NC1(F)C13N([H])ON([H])C21N([H])C(=O)N3[H],1,6 3 3 4 14 1,16,16.89664588149569,9.519748858695042,18.25667061824773,15.20249129389971,11.043447690594562,26.24593898449428,0.0226898605517229,0.0293775279884933,0.0343884355870671,0.0293775279884933,-10.597516314708848,0.0085023157698988,0.0416068497015507,0.0035068926392688,-7.359759155595391,-9.626799135306747,-14.793600101995963,22.50903266415273,22.39014334877511
20416,COc1cncc(F)n1,15610,OCC1=Cc2ccccc21,18025,[H]OC([H])([H])C12c3c([H])c([H])c([H])c([H])c3C1([H])C1(F)N=C(OC([H])([H])[H])C2([H])N=C1[H],1,6 3 3 2 14 1,10,18.534989764090668,11.86185371021994,20.94719046255495,15.450832089985566,9.02524269917026,24.476074789155824,0.0804943485118964,0.0135659677717272,0.0317859809301607,0.0135659677717272,-8.404614967475567,0.1718366381431612,0.0149165977106545,0.094493112466971,-9.566735995268688,-10.658441127953218,-11.927977577098368,23.65887055345173,23.97233823687293
853,COc1nc(C(C)=O)co1,15617,FC(F)(F)C1=CC=C=CN1,16502,[H]C1=C2C3([H])OC(OC([H])([H])[H])(N=C3C(=O)C([H])([H])[H])C2([H])C([H])=C(C(F)(F)F)N1[H],0,2 8 6 7 17 0,5,18.938672236061382,8.001530907750674,23.07835377006249,15.338114559562133,4.559412531462474,19.897527091024607,0.0063493611471671,0.0170008850370149,0.0024975528463955,0.0170008850370149,-17.839579227863403,0.0067848495830652,0.0282506487405882,0.0094022126809459,-16.26003912624467,-17.931977014426607,-20.07808390443833,21.117539381914536,23.24116326394308
12249,COc1nc(C(C)=O)co1,15617,O=c1[nH]c2c([nH]1)NON2,17935,[H]N1ON([H])C23N([H])C(=O)N([H])C12C1(OC([H])([H])[H])N=C(C(=O)C([H])([H])[H])C3([H])O1,0,2 8 3 4 17 0,5,17.71371215803812,8.308093571604594,19.729168415580176,14.907965821394724,8.760670790042369,23.66863661143709,0.0093893538614497,0.0170015819150655,0.013754013746257,0.0170015819150655,-11.088439173050752,0.0205323047677134,0.022837786789967,0.0051457020303887,-9.167074963394631,-10.293637006021749,-14.53120330207748,20.506655796657554,22.828968885756687
18376,COc1nccnc1CO,15632,O=c1[nH]c2c([nH]1)NON2,17935,[H]OC([H])([H])C12N=C([H])C([H])(N=C1OC([H])([H])[H])C13N([H])ON([H])C21N([H])C(=O)N3[H],1,4 7 3 4 18 1,10,18.211966092433528,10.658317438294786,20.09788711500494,15.333974784277874,13.117778611167047,28.45175339544492,0.0032014616264357,0.0051082718788566,0.0229020277992017,0.0051082718788566,-8.152436214102835,0.0026443512075488,0.0023025515542066,0.0022777741485619,-5.6778804585795015,-6.9968019446621526,-9.911321200864611,24.668294912687863,23.04053956043541
18376,COc1ncnnc1CN,15637,O=c1[nH]c2c([nH]1)NON2,17935,[H]N([H])C([H])([H])C12N=NC([H])(N=C1OC([H])([H])[H])C13N([H])ON([H])C21N([H])C(=O)N3[H],1,4 7 3 4 18 1,10,17.67687978975414,9.86953106956399,20.86815057161561,15.498982327685331,10.47879385373767,25.977776181423003,0.0143077415845748,0.0251235837209875,0.0107052385312404,0.0251235837209875,-9.356865424418828,0.0092509793847148,0.0137441462710499,0.0012234958731051,-7.997994714060823,-8.987087816440798,-12.06203927084266,22.155048811041286,22.234241690866003
20410,COc1ncnnc1CN,15637,OCC1=Cc2ccccc21,18025,[H]OC([H])([H])C12c3c([H])c([H])c([H])c([H])c3C1([H])C1(C([H])([H])N([H])[H])N=NC2([H])N=C1OC([H])([H])[H],1,4 7 2 3 18 1,4,18.532220287209377,11.518244916942088,22.58135648735182,15.620547548642795,8.045526065379796,23.6660736140226,0.008415496734765,0.0342692920165261,0.0244707829093594,0.0342692920165261,-7.6310177827187005,0.0373696819782471,0.0720588933635929,0.0194470421960499,-7.778971803229652,-10.41521599374652,-11.208836944563451,23.83935606273363,23.559226750565053
5418,C[C@@H](C1=CC=CC1)N(C)C,15653,O=CC#CC(F)(F)F,17787,[H]C(=O)C1=C(C(F)(F)F)C2([H])C([H])=C([H])C1([C@@]([H])(N(C([H])([H])[H])C([H])([H])[H])C([H])([H])[H])C2([H])[H],1,2 5 2 3 25 1,0,14.133648781386135,13.475744575160912,19.50745054468262,15.8277101815508,9.372142048006104,25.199852229556903,0.001243967204858,0.0006784800158429,0.0024679365784615,0.0006784800158429,-18.20732963053731,0.001723687436292,0.0129877929946536,0.000827794518346,-16.329259572551237,-16.238449881899975,-20.17257467797421,23.10952169909627,23.839382711793604
6126,C[C@@H](C1=CC=CC1)N(C)C,15653,O=c1[nH]c2c([nH]1)NON2,17935,[H]C1=C([H])C2([C@@]([H])(N(C([H])([H])[H])C([H])([H])[H])C([H])([H])[H])C([H])([H])C1([H])C13N([H])ON([H])C12N([H])C(=O)N3[H],1,2 5 3 4 25 1,4,12.17747702497774,6.747442510265701,14.966691731374455,15.692061285798994,8.009489956929857,23.70155124272885,0.007229074773816,0.0180704574942088,0.0048997615358206,0.0180704574942088,-24.813044789492857,0.0187589840832192,0.058148508574605,0.0013026619643606,-20.642822755092297,-21.221883610597388,-23.02352612602882,19.480820113818744,21.94347221750909
9249,C[C@@H](C1=CC=CC1)N(C)C,15653,C1=CC=C=c2ccccc2=1,13758,[H]C1=C=c2c([H])c([H])c([H])c([H])c2=C2C3([H])C([H])=C([H])C([C@@]([H])(N(C([H])([H])[H])C([H])([H])[H])C([H])([H])[H])(C12[H])C3([H])[H],0,2 5 2 3 25 0,5,18.57126491060037,7.939693169934558,18.629768949764312,15.811559375519636,6.9822911960040805,22.79385057152372,0.0023361103648714,0.0049616306959233,0.0139295991618391,0.0049616306959233,-13.955005725306677,0.0082428102252362,0.0047040635338428,0.0177075644024483,-13.656095873866391,-11.313965376599292,-9.854820555225189,23.77167241000384,22.666331026461563
429,C[C@@H]1CCC2=C1N=CCN2,15695,FC(F)(F)C1=CC=C=CN1,16502,[H]C1=C2C3([H])N=C4C(N([H])C3([H])[H])(C2([H])C([H])=C(C(F)(F)F)N1[H])C([H])([H])C([H])([H])[C@@]4([H])C([H])([H])[H],0,4 7 6 7 22 0,5,15.956470225093062,11.463569016025255,22.94924956684376,16.741217545036175,2.668143538188477,19.409361083224653,0.0115386027912795,0.0214976278199635,0.0155981091477661,0.0214976278199635,-36.29243201843552,0.0136053108549524,0.0433745182899409,0.0373519742600233,-37.22714988350505,-40.30081731095368,-28.38458299126855,20.327772476872404,21.539813844400783
888,C[C@@H]1CCC2=C1N=CCN2,15695,N#CC(F)(F)C(F)=C(F)F,16603,[H]N1C([H])([H])C2([H])N=C3C1(C([H])([H])C([H])([H])[C@@]3([H])C([H])([H])[H])C(F)(C(F)(F)C#N)C2(F)F,1,4 7 5 7 22 1,0,14.357831308479083,21.02752085758404,24.86950479701986,16.09283232440343,11.525896564849145,27.618728889252576,0.0010609037793093,0.009851963491691,0.0189189211984415,0.009851963491691,-20.44832281731804,0.0047652252002052,0.0368843827169383,0.0593281870954941,-19.648254306319288,-23.014787556315667,-23.051647907111864,25.55151665802486,23.667448238080265
1587,C[C@@H]1CCC2=C1N=CCN2,15695,N#Cc1cnoc1C#N,16711,[H]c1noc(C2=NC34C(=NC2([H])C([H])([H])N3[H])[C@]([H])(C([H])([H])[H])C([H])([H])C4([H])[H])c1C#N,0,4 7 8 7 22 0,11,18.54136404397353,16.178014274962187,27.57340075926505,15.835018455130998,7.150646762720974,22.98566521785197,0.0033991497028469,0.0217653500319727,0.0126857780346444,0.0217653500319727,-8.477080801342318,0.0017587110698597,0.0258930341542802,0.0167533707671263,-8.369200283729349,-9.784914449552332,-8.181734817222782,24.03263014886303,22.52048750686692
1693,C[C@@H]1CCC2=C1N=CCN2,15695,N#Cc1nonc1C#N,16728,[H]N1C([H])([H])C2([H])N=C3C1(N=C2c1nonc1C#N)C([H])([H])C([H])([H])[C@@]3([H])C([H])([H])[H],0,4 7 0 1 22 0,1,18.05245477676416,15.300104218088627,26.77036843155893,15.435561859617124,7.180066410235703,22.615628269852827,0.003410879177968,0.0019277072563174,0.0094282256343728,0.0019277072563174,-9.74010549913438,0.0018006621418838,0.0102704587200664,0.0090440939312589,-10.488980354807836,-11.552693726158004,-9.02607035554145,22.87665482618048,22.15288912442925
2056,C[C@@H]1CCC2=C1N=CCN2,15695,NC(=O)C#CC(N)=O,16803,[H]N([H])C(=O)C1=C(C(=O)N([H])[H])C23C(=NC1([H])C([H])([H])N2[H])[C@]([H])(C([H])([H])[H])C([H])([H])C3([H])[H],1,4 7 3 4 22 1,0,12.14720825277716,15.171631688559431,20.67999476098661,16.340457832871753,6.388955047573486,22.72941288044524,0.1450583701340375,0.057088509311059,0.0603208890392194,0.057088509311059,-33.814105630031506,0.0887075956236543,0.0546366714439243,0.0269716434651938,-32.70045824491338,-34.18589687391502,-32.06047920687871,21.35784609886085,23.30830581520182
3713,C[C@@H]1CCC2=C1N=CCN2,15695,Nc1nc2c([nH]1)NON2,17291,[H]N([H])C1=NC23N([H])ON([H])C2(N1[H])C1([H])N=C2C3(N([H])C1([H])[H])C([H])([H])C([H])([H])[C@@]2([H])C([H])([H])[H],1,4 7 3 4 22 1,4,14.096813489278295,10.032869146770102,20.485760643920408,16.702521005463417,3.3056297662510943,20.00815077171451,0.0678177850456396,0.1184852391259025,0.0188568453306823,0.1184852391259025,-27.01540093529964,0.0555957210695957,0.2264883524600326,0.0680780906418971,-26.29845456905315,-27.2537213754079,-27.90417990991061,20.02714696910075,21.13875217334691
4571,C[C@@H]1CCC2=C1N=CCN2,15695,O=C1C=c2ccccc2=N1,17550,[H]C1=C([H])C([H])=C([H])C23C1=NC(=O)C2([H])C12C(=NC3([H])C([H])([H])N1[H])[C@]([H])(C([H])([H])[H])C([H])([H])C2([H])[H],1,4 7 2 3 22 1,0,19.940506502039256,14.179701142233368,31.42027882412534,16.479638856209117,4.14515764191367,20.624796498122787,0.0221821817818983,0.0282559972296836,0.027446384744219,0.0282559972296836,-1.644251116441989,0.0060349675140689,0.1005752507860359,0.1907779841053293,-2.72112716840563,-6.480226231715342,-9.152611893180977,19.007719632542607,17.43899775340789
5419,C[C@@H]1CCC2=C1N=CCN2,15695,O=CC#CC(F)(F)F,17787,[H]C(=O)C1=C(C(F)(F)F)C23C(=NC1([H])C([H])([H])N2[H])[C@]([H])(C([H])([H])[H])C([H])([H])C3([H])[H],1,4 7 3 2 22 1,1,12.133616880143675,15.129320501670628,22.739131711646777,16.374252057455195,3.052510981563337,19.42676303901853,9.370052983874371e-06,0.0159321557427177,0.0074141185445179,0.0159321557427177,-34.83344789789298,0.0010096620701742,0.0248184520367562,0.0127480759923241,-33.21045363131369,-35.72764358573665,-34.44704972725677,20.50279776094645,19.144324721515463
6126,C[C@@H]1CCC2=C1N=CCN2,15695,O=c1[nH]c2c([nH]1)NON2,17935,[H]N1C([H])([H])C2([H])N=C3C1(C([H])([H])C([H])([H])[C@@]3([H])C([H])([H])[H])C13N([H])ON([H])C21N([H])C(=O)N3[H],1,4 7 3 4 22 1,4,11.766829185981004,8.543076341224065,19.00375792125237,16.2628923980213,2.1195930640534115,18.382485462074712,0.0213689081536691,0.0297180507594043,0.0120476336494891,0.0297180507594043,-33.71028213743006,0.0348071742341406,0.0593762371988259,0.0023337712041852,-29.150349502234235,-32.26696157796072,-35.79054532130132,15.941155297520329,17.283287091232797
6513,C[C@@H]1CCC2=C1N=CCN2,15695,O=c1ccc(=O)n(CO)[nH]1,17988,[H]OC([H])([H])N1C(=O)C2([H])C3([H])N=C4C(N([H])C3([H])[H])(C([H])([H])C([H])([H])[C@@]4([H])C([H])([H])[H])C2([H])C(=O)N1[H],0,4 7 2 3 22 0,5,20.463726917868264,13.756955640984776,28.389369642991568,16.726304864453517,8.452383445936615,25.17868831039013,0.0010631865641518,0.0123054689294403,0.0024119565850834,0.0123054689294403,-3.7579876349813617,0.0016368279898063,0.1026647666818744,0.0145909957413723,-3.689006353282771,-4.392066479884853,-8.534570688597505,22.001428975729183,22.13703823848932
6780,C[C@@H]1CCC2=C1N=CCN2,15695,OC1=C(O)c2ccccc21,18015,[H]OC12c3c([H])c([H])c([H])c([H])c3C1(O[H])C13C(=NC2([H])C([H])([H])N1[H])[C@]([H])(C([H])([H])[H])C([H])([H])C3([H])[H],1,4 7 1 2 22 1,0,14.282618265614476,15.471829124571483,23.078557666159213,16.48640517092903,4.415264293188162,20.90166946411719,0.0132624498975406,0.0202845058164077,0.0139115820036828,0.0202845058164077,-32.36416910690794,0.0174824946608964,0.0422259598436711,0.0321167710615939,-35.68459677630585,-34.44003064198859,-31.244375580874,20.312942687364146,21.392322824711165
6802,C[C@@H]1CCC2=C1N=CCN2,15695,OCC1=Cc2ccccc21,18025,[H]OC([H])([H])C12c3c([H])c([H])c([H])c([H])c3C1([H])C1([H])N=C3C2(N([H])C1([H])[H])C([H])([H])C([H])([H])[C@@]3([H])C([H])([H])[H],1,4 7 2 3 22 1,0,14.316521381575877,12.369641649649209,22.93741617539458,16.045147420143707,2.334413812746373,18.37956123289008,0.0072968524202824,0.0409880944027424,0.0351747061344485,0.0409880944027424,-27.265165731367446,0.0954522831758221,0.0451578176320295,0.2476756548382667,-28.42087966712701,-32.15907670801962,-32.03176202629985,18.075189622735607,18.862036301932047
7000,C[C@@H]1CCC2=C1N=CCN2,15695,O[C@@H]1CC/C=C/CCC1,18100,[H]O[C@@]1([H])C([H])([H])C([H])([H])C([H])([H])C2([H])C34C(=NC([H])(C([H])([H])N3[H])C2([H])C([H])([H])C1([H])[H])[C@]([H])(C([H])([H])[H])C([H])([H])C4([H])[H],1,4 7 5 6 22 1,2,15.469261245885397,4.837902732160391,16.37539636103571,15.79669471185298,3.7713388800425633,19.568033591895546,0.1418657738271322,0.0429281865154153,0.0578823856795092,0.0429281865154153,-18.637988103325,0.0530375941741924,0.0423670816068955,0.0676326465954064,-20.18002615498221,-24.38205236121476,-22.35871990335098,19.41417300012656,19.221324285970567
9249,C[C@@H]1CCC2=C1N=CCN2,15695,C1=CC=C=c2ccccc2=1,13758,[H]C1=C=c2c([H])c([H])c([H])c([H])c2=C2C3([H])N=C4C(N([H])C3([H])[H])(C12[H])C([H])([H])C([H])([H])[C@@]4([H])C([H])([H])[H],0,4 7 2 3 22 0,5,18.04165414138248,9.147576879897242,23.28149843185725,16.281747838606808,4.398678568000307,20.680426406607115,0.0030387600506761,0.0041469662918572,0.0347344501597778,0.0041469662918572,-24.72822494979937,0.0112617473164724,0.0117428764702881,0.0416695914320073,-24.7318171708402,-24.545799776685904,-20.29492871733348,20.347847574659173,18.29815643233179
9382,C[C@@H]1CCC2=C1N=CCN2,15695,C1=C[C@H]2C=C[C@@H]3CC=C1[C@H]23,13787,[H]C1=C([H])[C@@]2([H])C([H])=C([H])[C@]3([H])C([H])([H])C4([H])C5([H])N=C6C(N([H])C5([H])[H])(C([H])([H])C([H])([H])[C@@]6([H])C([H])([H])[H])C14[C@]23[H],1,4 7 8 7 22 1,10,15.24995852501797,6.2009015638312,17.51290439725367,15.968747487580872,3.791596776300562,19.76034426388144,8.321745432248129e-05,0.0002499345869782,0.0027632030283702,0.0002499345869782,-21.506313921417224,0.0024892691492492,0.0056066180028064,0.0260514521849389,-23.675701298378897,-24.999810989298155,-25.02928792604328,18.1309812610262,18.4233665190045
9547,C[C@@H]1CCC2=C1N=CCN2,15695,C=C(C(F)(F)F)C(F)(F)F,13835,[H]N1C([H])([H])C2([H])N=C3C1(C([H])([H])C([H])([H])[C@@]3([H])C([H])([H])[H])C([H])([H])C2(C(F)(F)F)C(F)(F)F,1,4 7 0 1 22 1,0,17.82041698525038,16.18263109108597,26.735657000781128,16.97803442963899,7.685707074109409,24.6637415037484,0.0013338461742628,0.0005755794904798,0.0066516037390216,0.0005755794904798,-9.542729142541347,0.0132515620692407,0.0016329506222774,0.000305801805775,-8.824739389846414,-10.53065636509688,-11.92752793510359,24.3024271550578,23.901658147599413
9974,C[C@@H]1CCC2=C1N=CCN2,15695,C=CC(F)(F)C(=O)C(=O)O,13974,[H]OC(=O)C(=O)C(F)(F)C1([H])C2([H])N=C3C(N([H])C2([H])[H])(C([H])([H])C([H])([H])[C@@]3([H])C([H])([H])[H])C1([H])[H],0,4 7 0 1 22 0,1,18.09776580857841,13.411523828007288,25.115774856296497,16.757562115550197,5.900080132978051,22.657642248528248,0.0067729148633886,0.023883820993016,0.0080131115103326,0.023883820993016,-10.9659248607824,0.0034658965728403,0.0493567328347411,0.0249733351582649,-10.867218699742118,-14.04083231931515,-13.16610955587739,20.73177235974022,20.62574646389816
18376,C[C@@H]1CCc2nccnc21,15705,O=c1[nH]c2c([nH]1)NON2,17935,[H]C1=NC23C(=NC1([H])C14N([H])ON([H])C12N([H])C(=O)N4[H])C([H])([H])C([H])([H])[C@@]3([H])C([H])([H])[H],1,6 9 3 4 20 1,10,18.030448153083665,9.521506133899727,18.5807608245457,15.113598970153236,11.463841628794416,26.577440598947653,0.0032754827792046,0.0053730898653344,0.020688528354393,0.0053730898653344,-10.751463412508896,0.0020043984026527,0.0102296734268397,0.0039011022894992,-7.123862518630666,-8.962882939621174,-11.632023716042276,24.131286678453947,23.50472557282684
5419,C[C@H](C1=CCC=C1)N(C)C,15757,O=CC#CC(F)(F)F,17787,[H]C(=O)C1=C(C(F)(F)F)C2([H])C([H])=C([C@]([H])(N(C([H])([H])[H])C([H])([H])[H])C([H])([H])[H])C1([H])C2([H])[H],1,5 3 3 2 25 1,1,11.917461925949228,13.634017454957933,18.84437634939974,15.835084371676256,7.291327179619039,23.12641155129529,2.1750996458165666e-05,0.0138664933367129,0.0052569682156591,0.0138664933367129,-23.74074080675652,0.0024633256526364,0.0368558230575735,0.0268178670092529,-22.61889470853877,-23.350258602533444,-25.551589711718805,23.00905292518492,23.44372424762617
6126,C[C@H](C1=CCC=C1)N(C)C,15757,O=c1[nH]c2c([nH]1)NON2,17935,[H]C1=C([C@]([H])(N(C([H])([H])[H])C([H])([H])[H])C([H])([H])[H])C2([H])C([H])([H])C1([H])C13N([H])ON([H])C21N([H])C(=O)N3[H],1,5 3 3 4 25 1,4,11.540576492865052,6.776193433073502,13.96286474948859,15.398329524117102,6.523677422613629,21.922006946730733,0.0148990033275048,0.0271771520104675,0.0149426465047412,0.0271771520104675,-29.55633609081384,0.0282174105561819,0.0443740823851062,0.0027241645140739,-24.683268971017448,-27.98335189662329,-29.45129171157076,18.28675722727016,19.95351833218125
6802,C[C@H](C1=CCC=C1)N(C)C,15757,OCC1=Cc2ccccc21,18025,[H]OC([H])([H])C12c3c([H])c([H])c([H])c([H])c3C1([H])C1([H])C([C@]([H])(N(C([H])([H])[H])C([H])([H])[H])C([H])([H])[H])=C([H])C2([H])C1([H])[H],1,5 3 2 3 25 1,0,13.255546007999916,9.459803176053,16.360271439415815,15.421822907608169,6.063571145429695,21.48539405303786,0.0139183606164405,0.0342015291026164,0.0552431586324443,0.0342015291026164,-21.125270033663057,0.1462582313792048,0.0404666109033315,0.1446206610004199,-20.233218202760952,-25.3967721237468,-26.29049574998423,20.69564378247642,22.192548929427584
7000,C[C@H](C1=CCC=C1)N(C)C,15757,O[C@@H]1CC/C=C/CCC1,18100,[H]O[C@@]1([H])C([H])([H])C([H])([H])C([H])([H])C2([H])C3([H])C([H])=C([C@]([H])(N(C([H])([H])[H])C([H])([H])[H])C([H])([H])[H])C([H])(C3([H])[H])C2([H])C([H])([H])C1([H])[H],1,5 3 5 6 25 1,2,15.207214170990063,2.567800456744875,11.42745928203452,14.87497083716262,6.911975296915042,21.78694613407766,0.0805388885329388,0.0892026250058805,0.1144317795454018,0.0892026250058805,-14.396494314142508,0.1194216652338708,0.0217752641625416,0.0679290887210709,-14.392916081140235,-16.31771650851954,-15.274402347054291,22.37666802464027,23.44189422572677
9249,C[C@H](C1=CCC=C1)N(C)C,15757,C1=CC=C=c2ccccc2=1,13758,[H]C1=C=c2c([H])c([H])c([H])c([H])c2=C2C3([H])C([C@]([H])(N(C([H])([H])[H])C([H])([H])[H])C([H])([H])[H])=C([H])C([H])(C12[H])C3([H])[H],0,5 3 2 3 25 0,5,17.27524969259655,8.273522083655621,19.096239823389528,15.681693745751828,5.930069639132771,21.6117633848846,0.013298465438107,0.0117598004344761,0.0383884503440861,0.0117598004344761,-18.19230014162716,0.0200454759095541,0.0049083665116487,0.0204234881365514,-16.82030031408369,-16.09021602470525,-13.8044471393247,22.736390893044224,22.916477029991448
6126,C[C@H](O)c1ccc(=O)[nH]c1,15779,O=c1[nH]c2c([nH]1)NON2,17935,[H]O[C@]([H])(C1=C([H])C2([H])C(=O)N([H])C1([H])C13N([H])ON([H])C21N([H])C(=O)N3[H])C([H])([H])[H],1,9 5 3 4 19 1,4,17.110450650574343,9.30087425538342,21.701101063708624,16.118502014044285,7.374832194562227,23.493334208606512,0.0307275885021767,0.0213453927673336,0.0156614525329499,0.0213453927673336,-18.579761659214867,0.0221596457240015,0.0454321597156604,0.0077259231124896,-16.393571460937387,-18.694920552282568,-20.44507847750204,21.06007565567393,23.327349196884484
6127,C[C@H]1NCCc2occc21,15822,O=c1[nH]c2c([nH]1)NON2,17935,[H]C1=C2C3(OC1([H])C14N([H])ON([H])C31N([H])C(=O)N4[H])C([H])([H])C([H])([H])N([H])[C@]2([H])C([H])([H])[H],0,7 5 3 4 21 0,5,15.978822462978538,8.687175403723007,19.033616904460345,15.390926938617808,9.631263066025223,25.02219000464303,0.0256051438911613,0.0333009156364491,0.0201249387854431,0.0333009156364491,-15.337447743157496,0.0147174947538323,0.0132966196662249,0.0062741751972719,-10.576623526439567,-11.75401659893854,-15.399544910279388,20.61623601620085,22.487408799884754
12249,Cc1cc(/C=N/N)oc1C,15894,O=c1[nH]c2c([nH]1)NON2,17935,[H]C1=C(C([H])([H])[H])C2(C([H])([H])[H])OC1(/C([H])=N/N([H])[H])C13N([H])ON([H])C21N([H])C(=O)N3[H],0,8 3 3 4 20 0,5,15.387758679784678,9.389770364457576,20.147614429145666,15.844275098714052,7.569855220204921,23.41413031891897,0.0062359925282212,0.0124360652217531,0.0042555303671491,0.0124360652217531,-14.361415377950308,0.0169995213342104,0.0027136835323239,0.0012098926196516,-10.18870968754208,-9.489040518430096,-11.497224466499624,19.11933118871733,20.85643020040436
6127,Cc1cc(C#N)c(C)o1,15897,O=c1[nH]c2c([nH]1)NON2,17935,[H]C1=C(C#N)C2(C([H])([H])[H])OC1(C([H])([H])[H])C13N([H])ON([H])C21N([H])C(=O)N3[H],0,1 6 3 4 16 0,5,15.557166533946756,9.306962835193168,18.01961675483948,15.609329726278826,9.605987183469956,25.215316909748783,0.0093589410589331,0.018879965866436,0.0171810040865087,0.018879965866436,-11.021355668235335,0.0474976937416141,0.0158233436964007,0.0019446064803681,-8.195867477056133,-7.687995644749808,-13.881367525511957,20.05968275167027,21.18167445512479
6126,Cc1cc(C(F)(F)F)co1,15906,O=c1[nH]c2c([nH]1)NON2,17935,[H]C1=C(C(F)(F)F)C2([H])OC1(C([H])([H])[H])C13N([H])ON([H])C21N([H])C(=O)N3[H],1,1 8 3 4 15 1,4,15.700948382727384,9.767120535454636,19.5109966311517,15.43769789638049,7.486641189039091,22.924339085419582,0.0063469484908888,0.0050521155113986,0.0121507290251137,0.0050521155113986,-15.257960865003495,0.0173319827974937,0.0091918542892568,0.0019596121256024,-12.11801618571652,-11.844256846066209,-14.477700066659054,19.992500135641865,21.77894831130113
6802,Cc1cc(C(F)(F)F)co1,15906,OCC1=Cc2ccccc21,18025,[H]OC([H])([H])C12c3c([H])c([H])c([H])c([H])c3C1([H])C1([H])OC2(C([H])([H])[H])C([H])=C1C(F)(F)F,1,1 8 2 3 15 1,0,17.05026846340244,11.7529328205188,21.92565525116909,15.56367716424014,6.580385739468639,22.14406290370878,0.0064298405662163,0.0037321799402807,0.0702004749392902,0.0037321799402807,-10.168203616000907,0.0257998543391037,0.0044854868934941,0.120252467209277,-8.086259950503475,-11.4315122291763,-12.23080578062131,22.009290387849124,23.450666060911285
853,Cc1cc(C(N)=O)co1,15908,FC(F)(F)C1=CC=C=CN1,16502,[H]C1=C2C3([H])OC(C([H])([H])[H])(C([H])=C3C(=O)N([H])[H])C2([H])C([H])=C(C(F)(F)F)N1[H],0,1 7 6 7 16 0,5,18.037464903277662,9.444660143456309,23.182093142297163,16.04837147107952,3.847078932793611,19.89545040387313,0.0152990168639362,0.0236448323587173,0.0060563275787938,0.0236448323587173,-18.61534978606832,0.0078315240480238,0.028732047632742,0.0073408441913363,-18.256136257844005,-17.1020452235732,-13.637717827132768,22.22053033566551,23.835815426620123
12248,Cc1cc(C(N)=O)co1,15908,O=c1[nH]c2c([nH]1)NON2,17935,[H]C1=C(C(=O)N([H])[H])C2([H])OC1(C([H])([H])[H])C13N([H])ON([H])C21N([H])C(=O)N3[H],1,1 7 3 4 16 1,4,15.069868365614916,8.751143787101501,18.22430935847391,15.624157300950383,8.21550668848369,23.839663989434072,0.0162758217029322,0.0244288020066718,0.0128759594948408,0.0244288020066718,-14.325113967294278,0.0246494881328201,0.0298845351429689,0.0024055963851202,-12.23068244507295,-12.36064954294406,-16.15077030329664,20.14302855257068,21.41200837017061
13606,Cc1cc(C(N)=O)co1,15908,OCC1=Cc2ccccc21,18025,[H]OC([H])([H])C12c3c([H])c([H])c([H])c([H])c3C1([H])C1(C([H])([H])[H])OC2([H])C(C(=O)N([H])[H])=C1[H],1,1 7 3 2 16 1,2,15.79297878480252,12.24741635065499,20.648798209761285,15.567441333156951,7.15800355438725,22.7254448875442,0.0467938980619758,0.0055013777873014,0.0539558317030681,0.0055013777873014,-12.345251093910449,0.1564481768512365,0.0177567499776899,0.1389895193217096,-12.052667628626033,-13.215106060916485,-14.347153706090763,21.41023119112105,22.7576339634772
12248,Cc1cc(C=O)c(C)o1,15937,O=c1[nH]c2c([nH]1)NON2,17935,[H]C(=O)C1=C([H])C2(C([H])([H])[H])OC1(C([H])([H])[H])C13N([H])ON([H])C21N([H])C(=O)N3[H],1,1 6 3 4 17 1,4,15.478660382782197,9.044049378479034,17.430938970087535,15.358303306087526,10.149791325987238,25.50809463207477,0.0178567094211929,0.0206558674510611,0.0100798003659473,0.0206558674510611,-10.623930415735709,0.0290552156060621,0.0169809896824786,0.0020178814071758,-8.031981050483317,-8.56738790095875,-14.553143667465648,20.478550479896786,21.23681479116291
429,Cc1cc(CO)c(C)o1,15950,FC(F)(F)C1=CC=C=CN1,16502,[H]OC([H])([H])C1=C([H])C2(C([H])([H])[H])OC1(C([H])([H])[H])C1=C([H])N([H])C(C(F)(F)F)=C([H])C12[H],0,1 6 6 7 19 0,5,18.31372540027541,9.768668718277024,25.94828439141478,16.170695906632368,3.24698565619752,19.417681562829888,0.0383518849782386,0.0136072151725741,0.0082487739573045,0.0136072151725741,-18.23075916366624,0.0373731490239952,0.0468671303823272,0.0249596525708927,-18.579887713861385,-19.85542701236556,-15.858377979780414,21.9968217471434,23.98779433891381
5419,Cc1cc(CO)c(C)o1,15950,O=CC#CC(F)(F)F,17787,[H]OC([H])([H])C1=C([H])C2(C([H])([H])[H])OC1(C([H])([H])[H])C(C([H])=O)=C2C(F)(F)F,1,1 6 3 2 19 1,1,15.384980066314002,16.658445437278182,24.9667906909822,15.924259865762172,8.705109937620072,24.629369803382247,2.866882185154394e-05,0.0108476091515036,0.0087516633332619,0.0108476091515036,-4.407855222029305,0.001959774826666,0.00870805469902,0.0739251869616578,-3.8931904723874737,-5.469962062223384,-7.854198060811584,24.10149858750229,23.63595634083827
6127,Cc1cc(CO)c(C)o1,15950,O=c1[nH]c2c([nH]1)NON2,17935,[H]OC([H])([H])C1=C([H])C2(C([H])([H])[H])OC1(C([H])([H])[H])C13N([H])ON([H])C21N([H])C(=O)N3[H],0,1 6 3 4 19 0,5,15.777878825000013,9.144726901609213,19.73183088580545,15.829728413603869,6.274788388117081,22.104516801720948,0.0199282613148053,0.0193484179963892,0.0302083537576314,0.0193484179963892,-16.790508577248552,0.0722961817421223,0.019535236200853,0.0030277439064032,-12.407103272689596,-13.298223988568246,-15.616266865230322,19.559561176222537,20.653240089898187
6126,Cc1cc(F)[nH]c(=O)c1,15954,O=c1[nH]c2c([nH]1)NON2,17935,[H]C1=C(C([H])([H])[H])C2([H])C(=O)N([H])C1(F)C13N([H])ON([H])C21N([H])C(=O)N3[H],1,8 3 3 4 15 1,4,17.91436511693043,8.866607959283023,19.792611374796973,15.135170112913018,11.15253766976025,26.287707782673262,0.0198765116583998,0.0272199946558983,0.0171293047645452,0.0272199946558983,-16.825432583888826,0.0106226649111536,0.0038398579028776,0.0009946038178355,-13.656158565355469,-16.526596000350317,-19.92738171850729,21.822069516183245,23.25141135701596
6127,Cc1cc(N)cn(C)c1=O,15972,O=c1[nH]c2c([nH]1)NON2,17935,[H]C1=C(N([H])[H])C2([H])N(C([H])([H])[H])C(=O)C1(C([H])([H])[H])C13N([H])ON([H])C21N([H])C(=O)N3[H],0,1 5 3 4 20 0,5,17.204884995647337,9.43022120771342,21.05993695385799,15.560813721458016,8.633548647382938,24.194362368840952,0.0215889141855568,0.0514367984775963,0.043556234705395,0.0514367984775963,-19.01555458738428,0.0448690283983963,0.0394802303156946,0.0041177238916701,-15.871561283224196,-15.382058017936195,-19.9019752302981,22.98249041510077,23.670689211954063
6127,Cc1cc(O)c(N)c(=O)o1,15983,O=c1[nH]c2c([nH]1)NON2,17935,[H]OC1=C([H])C2(C([H])([H])[H])OC(=O)C1(N([H])[H])C13N([H])ON([H])C21N([H])C(=O)N3[H],0,1 5 3 4 17 0,5,18.132949396038743,10.097215355105426,21.758122747140263,16.241109990287853,11.161614551374214,27.402724541662067,0.0174073626080229,0.0138323455318001,0.013798815111391,0.0138323455318001,-15.71752831342166,0.0503136891450414,0.0111319161505059,0.0006591867159658,-11.830497703710192,-10.985125026212115,-15.861487681049155,22.368239856019205,23.199119583514285
6127,Cc1cc([C@H](C)N)c(C)o1,15994,O=c1[nH]c2c([nH]1)NON2,17935,[H]C1=C([C@@]([H])(N([H])[H])C([H])([H])[H])C2(C([H])([H])[H])OC1(C([H])([H])[H])C13N([H])ON([H])C21N([H])C(=O)N3[H],0,1 7 3 4 23 0,5,15.19132687250951,8.729081038691707,18.60063861690249,16.624797492868403,7.478510164859372,24.10330765772777,0.0190877927629731,0.0050438221082073,0.0202765782707988,0.0050438221082073,-17.08851474824482,0.0490500276327858,0.0045116339572661,0.0009968763760891,-13.34616919018221,-12.96161677348762,-16.706229074650345,19.676957287611,21.747670858478727
6127,Cc1cc2c(o1)CCNC2,15998,O=c1[nH]c2c([nH]1)NON2,17935,[H]C1=C2C([H])([H])N([H])C([H])([H])C([H])([H])C23OC1(C([H])([H])[H])C12N([H])ON([H])C31N([H])C(=O)N2[H],0,1 4 3 4 21 0,5,15.825845555842283,8.846990390994183,19.496162751538936,15.899114332582998,6.840794809835902,22.739909142418902,0.0192120216756415,0.0242636992613115,0.011108747135286,0.0242636992613115,-16.337580006852747,0.0345523145569327,0.0103299553232845,0.0015623510427975,-12.552864372435984,-12.50650870847953,-14.76237999501314,19.91342638929309,21.27479852542832
6126,Cc1ccc(=N)n(N)c1,16013,O=c1[nH]c2c([nH]1)NON2,17935,[H]N=C1N(N([H])[H])C2([H])C(C([H])([H])[H])=C([H])C1([H])C13N([H])ON([H])C21N([H])C(=O)N3[H],1,8 3 3 4 18 1,4,16.067854259896304,9.080691217661538,19.8614767869522,15.197062285017342,8.795786353697867,23.99284863871521,0.0163770873920109,0.0596799011970362,0.0284582638482944,0.0596799011970362,-19.60887633183799,0.0215103160082666,0.0372578531750219,0.0049174024844367,-17.130835863297918,-18.26501133854612,-20.871394838501395,20.996953399203854,22.21931364972873
6127,Cc1ccc(C(F)(F)F)o1,16023,O=c1[nH]c2c([nH]1)NON2,17935,[H]C1=C([H])C2(C(F)(F)F)OC1(C([H])([H])[H])C13N([H])ON([H])C21N([H])C(=O)N3[H],0,1 4 3 4 15 0,5,17.64345476458649,9.59659381422852,20.005368719718287,15.570706043980875,8.755795279666284,24.32650132364716,0.0030584670906528,0.0153743783077368,0.0029339273660266,0.0153743783077368,-11.53641278102092,0.0243021741758682,0.0024134780251891,7.125187238542831e-05,-7.793185794996226,-8.790470067570567,-11.000086723879235,21.06709786643477,22.036368097354583
12248,Cc1ccc2ccnn2c1,16075,O=c1[nH]c2c([nH]1)NON2,17935,[H]C1=C(C([H])([H])[H])C2([H])n3nc([H])c([H])c3C1([H])C13N([H])ON([H])C21N([H])C(=O)N3[H],1,9 3 3 4 18 1,4,17.250968154431416,10.140625257901554,19.49237883137617,15.230739474768596,11.063156292856814,26.293895767625408,0.0096474106933868,0.0304271618432419,0.0161652230991417,0.0304271618432419,-14.738651847345182,0.0153346486782955,0.0437593720687234,0.005129825114072,-10.621675833320287,-13.136856158399574,-15.021452152819172,22.91667843485964,23.62106309229533
12255,Cc1ccc2cnccn12,16079,O=c1[nH]c2c([nH]1)NON2,17935,[H]C1=NC2([H])c3c([H])c([H])c(C([H])([H])[H])n3C1([H])C13N([H])ON([H])C21N([H])C(=O)N3[H],0,5 8 3 4 18 0,11,17.874162402700403,9.66087181570606,19.405432457987327,15.046518030229194,11.465928025768228,26.512446055997422,0.0116285665772909,0.0997527326065826,0.0173194161313025,0.0997527326065826,-15.734616538697765,0.0163064906874598,0.0485326257640432,0.0076872743356817,-12.08860081303822,-12.589011920693231,-16.051824813186904,22.42753828178403,22.78729305503318
12248,Cc1ccc2nccn2c1,16083,O=c1[nH]c2c([nH]1)NON2,17935,[H]C1=C(C([H])([H])[H])C2([H])n3c(nc([H])c3[H])C1([H])C13N([H])ON([H])C21N([H])C(=O)N3[H],1,9 3 3 4 18 1,4,17.009168451045948,9.880164618570843,19.537856118523663,15.264060855353826,10.59287460307922,25.85693545843305,0.0084289672603857,0.0187106982625888,0.0145694397216151,0.0187106982625888,-13.84406152232409,0.0138483010881616,0.0320687985493694,0.004742079699741,-9.869572020235177,-13.477785626213674,-15.984695160642282,22.678339500925176,23.410395191324653
12248,Cc1ccc2nnnn2c1,16085,O=c1[nH]c2c([nH]1)NON2,17935,[H]C1=C(C([H])([H])[H])C2([H])n3nnnc3C1([H])C13N([H])ON([H])C21N([H])C(=O)N3[H],1,9 3 3 4 16 1,4,17.978415341762716,10.772774272457468,22.973085261398783,15.282222732805373,9.21188703173778,24.49410976454316,0.0065973317257426,0.0324546083470645,0.0135116557634981,0.0324546083470645,-13.122464254520125,0.0053697410759087,0.0298423901244559,0.0055451869099183,-9.394288324453427,-13.4962229119838,-13.870628755592286,22.0743623772256,22.49326442114576
12248,Cc1cccc2nonc12,16116,O=c1[nH]c2c([nH]1)NON2,17935,[H]C1=C([H])C2(C([H])([H])[H])c3nonc3C1([H])C13N([H])ON([H])C21N([H])C(=O)N3[H],1,1 4 3 4 16 1,4,17.98694270158166,10.566442649283369,19.86004801625072,15.449398464994252,12.84549854200288,28.29489700699713,0.0169676330130811,0.0217667953339247,0.021968863050859,0.0217667953339247,-10.244540262523792,0.0070278932608227,0.0255370962055227,0.0048339444343891,-8.333831830405686,-9.714753611639132,-14.497979111605268,24.413958021986325,23.56900715284434
12249,Cc1ccn2cnnc2c1,16140,O=c1[nH]c2c([nH]1)NON2,17935,[H]C1=C(C([H])([H])[H])C2([H])c3nnc([H])n3C1([H])C13N([H])ON([H])C21N([H])C(=O)N3[H],0,9 3 3 4 17 0,5,17.883099231804508,9.407451871678331,21.61105272431658,15.200101450599826,10.50982566684187,25.70992711744169,0.0095164609249212,0.0349476753764227,0.0297777339144303,0.0349476753764227,-16.982680346606536,0.0175645272863127,0.0393958086480483,0.0111864079019789,-13.063715701695322,-14.889668014716989,-16.945898948895902,21.604260059454703,22.748762905624886
12248,Cc1ccoc1C(=N)N,16162,O=c1[nH]c2c([nH]1)NON2,17935,[H]N=C(N([H])[H])C12OC([H])(C([H])=C1C([H])([H])[H])C13N([H])ON([H])C21N([H])C(=O)N3[H],1,5 3 3 4 17 1,4,15.38679604275358,8.556665726975204,18.415756326784614,15.548680488522738,7.200885207456022,22.74956569597876,0.0154001330886175,0.034226289733907,0.026458780849814,0.034226289733907,-12.131318352436756,0.0381376841909235,0.0408552959223868,0.005356300020945,-10.030232529636391,-10.778584316196891,-12.171218350868962,19.83015326044696,21.78593103524185
6126,Cc1ccoc1C(F)(F)F,16163,O=c1[nH]c2c([nH]1)NON2,17935,[H]C1=C(C([H])([H])[H])C2(C(F)(F)F)OC1([H])C13N([H])ON([H])C21N([H])C(=O)N3[H],1,5 3 3 4 15 1,4,15.064308794494217,8.764305384044142,19.577223714109905,15.604694894635005,6.652598393236929,22.25729328787193,0.0033839715747652,0.0184667853778268,0.0352694479267659,0.0184667853778268,-10.98217113686431,0.0136069326987629,0.0247694224211037,0.0047248334739756,-8.640981984239602,-12.401404378628222,-14.242066180949422,19.27161479906741,21.504647342201903
6804,Cc1ccoc1C(F)(F)F,16163,OCC1=Cc2ccccc21,18025,[H]OC([H])([H])C12c3c([H])c([H])c([H])c([H])c3C1([H])C1(C(F)(F)F)OC2([H])C([H])=C1C([H])([H])[H],1,5 3 3 2 15 1,2,16.231033733599283,11.770436659708263,20.98879881697136,15.488400470587727,5.929783124683009,21.418183595270737,0.0190068790499948,0.0214412178591159,0.0173277134354286,0.0214412178591159,-7.706985077771485,0.1156058554211392,0.0114931651292164,0.2185645753415115,-8.132150576109922,-12.0982661335862,-12.049085804630046,22.11637070236487,23.80810968876636
6126,Cc1cnc(C(C)C)o1,16177,O=c1[nH]c2c([nH]1)NON2,17935,[H]C1=NC2(C([H])(C([H])([H])[H])C([H])([H])[H])OC1(C([H])([H])[H])C13N([H])ON([H])C21N([H])C(=O)N3[H],1,1 4 3 4 20 1,4,14.856565221370245,8.926262917138118,17.190948259148065,15.525938759960033,9.080466772916608,24.60640553287664,0.0127611423154953,0.0033567647314929,0.0166115083181414,0.0033567647314929,-12.023421100274824,0.0046534708001618,0.0043571097404132,0.0011682393945603,-9.054111134126778,-9.43714168179482,-13.821203688199285,20.37670027228814,20.58979175545712
18382,Cc1cnc(C(F)F)cn1,16178,O=c1[nH]c2c([nH]1)NON2,17935,[H]N1ON([H])C23N([H])C(=O)N([H])C12C1([H])N=C(C([H])(F)F)C3([H])N=C1C([H])([H])[H],1,8 2 3 4 16 1,16,18.01451482834336,10.430979928193011,19.6266994629377,15.445637961004362,9.853251360826055,25.29888932183042,0.0163462160502596,0.0393997527225534,0.0375676787081505,0.0393997527225534,-12.094892244830447,0.0055107498635257,0.0624602606713295,0.0054195185281985,-8.323539154000642,-11.764919143907733,-12.065156032182053,23.771510395603578,21.887379917468408
20416,Cc1cnc(C(F)F)cn1,16178,OCC1=Cc2ccccc21,18025,[H]OC([H])([H])C12c3c([H])c([H])c([H])c([H])c3C1([H])C1([H])N=C(C([H])([H])[H])C2([H])N=C1C([H])(F)F,1,8 2 3 2 16 1,10,19.10868556737094,11.816656154817483,21.84309365646063,15.78129472916735,7.089626119917611,22.87092084908496,0.0356118076559745,0.017809706295763,0.0173496344865537,0.017809706295763,-8.527617004381135,0.0712028815645421,0.0161237064567176,0.0941017176385137,-10.185581901059386,-12.061461511498289,-11.833640468571566,24.26391916008556,23.189781437633947
6126,Cc1cnc(C2CCC2)o1,16180,O=c1[nH]c2c([nH]1)NON2,17935,[H]C1=NC2(C3([H])C([H])([H])C([H])([H])C3([H])[H])OC1(C([H])([H])[H])C13N([H])ON([H])C21N([H])C(=O)N3[H],1,1 4 3 4 21 1,4,14.45844304279173,9.164030076911596,17.171081958688962,15.737991277148287,8.928154220828674,24.666145497976963,0.0100309000697951,0.0028620141191936,0.0204381478309154,0.0028620141191936,-11.477099983107202,0.0033531456234074,0.0035924735623789,0.001467481389284,-8.533011213987542,-8.991401790605522,-14.099676274580505,20.132448842179688,20.310592561205866
1301,Cc1cnc(CNN)cn1,16184,FC(F)(F)C1=CC=C=CN1,16502,[H]C1=C2C3([H])N=C(C([H])([H])N([H])N([H])[H])C([H])(N=C3C([H])([H])[H])C2([H])C([H])=C(C(F)(F)F)N1[H],0,8 2 6 7 20 0,29,18.32477290813278,9.114228204366167,22.001212260446326,15.974412438821124,5.830208661601802,21.804621100422924,0.020391330517875,0.0314616446247832,0.0106836498925635,0.0314616446247832,-13.167164825039649,0.0218497792361355,0.0489892546321724,0.0508339920636905,-13.315253976513157,-14.296742250824664,-13.185641656241351,22.575203688939872,22.77578876891942
18382,Cc1cnc(CNN)cn1,16184,O=c1[nH]c2c([nH]1)NON2,17935,[H]N([H])N([H])C([H])([H])C1=NC2([H])C(C([H])([H])[H])=NC1([H])C13N([H])ON([H])C21N([H])C(=O)N3[H],1,8 2 3 4 20 1,16,16.2041774910683,9.706999073068213,18.784926724083125,15.406783500389528,9.501286353724971,24.9080698541145,0.0257688861335152,0.0374608052441928,0.0555754925132599,0.0374608052441928,-12.247424312150464,0.0157235354766889,0.0758909522173547,0.0064900503977418,-9.154478822254111,-11.669883982101382,-13.495333975904664,21.191473155784127,20.16522742224188
20416,Cc1cnc(CNN)cn1,16184,OCC1=Cc2ccccc21,18025,[H]OC([H])([H])C12c3c([H])c([H])c([H])c([H])c3C1([H])C1([H])N=C(C([H])([H])[H])C2([H])N=C1C([H])([H])N([H])N([H])[H],1,8 2 3 2 20 1,10,18.06082919173289,11.962577992696785,21.79609726356683,15.775665482687565,6.960840653035984,22.736506135723545,0.0692312007420261,0.0170673977624452,0.0283855334269896,0.0170673977624452,-8.02561266335281,0.1322086243502883,0.0239808414935885,0.0858838148620318,-9.313493947444854,-11.609664658490615,-12.173065833588552,22.34543120455136,21.71788091188536
24510,Cc1cnncc1C=O,16217,O=c1[nH]c2c([nH]1)NON2,17935,[H]C(=O)C1=C(C([H])([H])[H])C2([H])N=NC1([H])C13N([H])ON([H])C21N([H])C(=O)N3[H],1,5 2 3 4 15 1,22,17.02250402634526,11.040720171172463,20.25480736290194,14.81226199378008,10.524878736066512,25.337140729846592,0.0056041277597527,0.0148819436081308,0.028561032089498,0.0148819436081308,-13.196719846396796,0.010462278509325,0.0402452873241556,0.0051642172180255,-8.55863998108822,-9.279054986254366,-9.878592406266115,21.804813358449746,21.15355341622605
18382,Cc1cnncc1CO,16218,O=c1[nH]c2c([nH]1)NON2,17935,[H]OC([H])([H])C1=C(C([H])([H])[H])C2([H])N=NC1([H])C13N([H])ON([H])C21N([H])C(=O)N3[H],1,5 2 3 4 17 1,16,17.69675091664468,10.305151998740056,19.804660703609272,15.209387165409709,11.164863910392558,26.374251075802263,0.01293078878283,0.023508107641495,0.0519936713559863,0.023508107641495,-10.92832729578921,0.0268014338838871,0.0391739719251287,0.0076400871816084,-7.473200405698599,-8.484216380421863,-12.26298802313812,22.64945005727779,23.143190941296123
865,Cc1coc(C)c1C(=O)O,16220,FC(F)(F)C1=CC=C=CN1,16502,[H]OC(=O)C1=C(C([H])([H])[H])C2([H])OC1(C([H])([H])[H])C1([H])C([H])=C(C(F)(F)F)N([H])C([H])=C21,0,4 2 6 7 18 0,17,18.448493924997926,9.195457168626444,23.35031874627107,15.833095926864086,3.179027174403956,19.01212310126804,0.017876215717142,0.0165429225870153,0.0128514782949113,0.0165429225870153,-18.2050292062774,0.0182906588170722,0.010232031155668,0.0205263781012611,-20.961638939318654,-18.80988334131361,-13.007428284174589,22.49498439379873,23.94445793809385
10839,Cc1coc(C)c1C(=O)O,16220,O=CC#CC(F)(F)F,17787,[H]OC(=O)C1=C(C([H])([H])[H])C2([H])OC1(C([H])([H])[H])C(C(F)(F)F)=C2C([H])=O,1,4 2 3 2 18 1,3,13.572758157842786,14.81939159089017,22.42124757505737,15.608051673617297,8.317376114126915,23.92542778774421,1.2372699606636531e-05,0.0280100547277396,0.0137030711449836,0.0280100547277396,-4.656304126053982,0.001153131016565,0.0146910780728736,0.0337559540571456,-5.059241213660272,-6.444841614066196,-9.882649768526214,22.80291304568653,23.429717882688745
12254,Cc1coc(C)c1C(=O)O,16220,O=c1[nH]c2c([nH]1)NON2,17935,[H]OC(=O)C1=C(C([H])([H])[H])C2([H])OC1(C([H])([H])[H])C13N([H])ON([H])C21N([H])C(=O)N3[H],1,4 2 3 4 18 1,10,13.984432876397795,8.077142233977312,18.10464844311247,15.540288479201743,7.009496617980606,22.54978509718235,0.0167558282628444,0.0251554989530265,0.0283822932139435,0.0251554989530265,-17.528785862630357,0.0311520152625365,0.0246948966237164,0.0057244885291871,-13.696983016988618,-15.131032539950446,-18.90980027541721,18.2445043653084,20.37552875415481
13610,Cc1coc(C)c1C(=O)O,16220,OCC1=Cc2ccccc21,18025,[H]OC(=O)C1=C(C([H])([H])[H])C2([H])OC1(C([H])([H])[H])C1([H])c3c([H])c([H])c([H])c([H])c3C21C([H])([H])O[H],1,4 2 3 2 18 1,6,14.836166958630324,11.599972909671951,20.71583833407816,15.239938308575804,6.486196939290952,21.72613524786676,0.0721509504665301,0.0125577064152531,0.1034508405413423,0.0125577064152531,-12.336589414471383,0.3391467888422311,0.0070883000838207,0.2710297756694574,-13.540908955504436,-14.726944863992578,-16.630376824913334,20.105319195548088,21.65005715341315
14002,Cc1coc(C)c1C(=O)O,16220,O[C@@H]1CC/C=C/CCC1,18100,[H]OC(=O)C1=C(C([H])([H])[H])C2([H])OC1(C([H])([H])[H])C1([H])C([H])([H])C([H])([H])C([H])([H])[C@]([H])(O[H])C([H])([H])C([H])([H])C21[H],1,4 2 5 6 18 1,6,18.13799283088747,3.9099787513285023,16.553792411862798,14.930402596239812,6.837831005932108,21.76823360217192,0.0233715738897831,0.0533910978918569,0.0561432778549264,0.0533910978918569,-6.43516141190004,0.0866332094705374,0.0359720445084129,0.061123148209765,-6.825246188632782,-7.059747285635783,-6.825882358477049,22.62521754420566,23.26572728733668
18766,Cc1coc(C)c1C(=O)O,16220,C1=C[C@H]2C=C[C@@H]3CC=C1[C@H]23,13787,[H]OC(=O)C1=C(C([H])([H])[H])C2([H])OC1(C([H])([H])[H])C13C([H])=C([H])[C@@]4([H])C([H])=C([H])[C@]([H])(C([H])([H])C21[H])[C@]34[H],1,4 2 8 7 18 1,22,17.311238151822906,6.405084908166712,16.522443964426994,14.864729274247244,9.23951767238822,24.104246946635463,6.101984005638776e-05,0.0003988758396349,0.0074328658794255,0.0003988758396349,-6.31667229088054,0.00434906427947,0.001844961249799,0.0249800738789838,-6.947578570701701,-6.2076899207838,-8.306854050182842,22.94034123536925,23.20632487193231
5419,Cc1coc(C)c1CN,16221,O=CC#CC(F)(F)F,17787,[H]C(=O)C1=C(C(F)(F)F)C2(C([H])([H])[H])OC1([H])C(C([H])([H])[H])=C2C([H])([H])N([H])[H],1,4 2 3 2 20 1,1,14.013535045742737,16.091613759968382,25.365969792446496,16.142108075149565,6.827192075348584,22.96930015049815,1.4518053967513698e-05,0.0099223596921375,0.012269859571359,0.0099223596921375,-5.45204292354871,0.0011319704337981,0.0025585431097332,0.0318383507437482,-6.136471354937115,-7.605070884150251,-10.311357770414254,22.163104476903065,22.44110496102858
6127,Cc1coc(C)c1CN,16221,O=c1[nH]c2c([nH]1)NON2,17935,[H]N([H])C([H])([H])C1=C(C([H])([H])[H])C2([H])OC1(C([H])([H])[H])C13N([H])ON([H])C21N([H])C(=O)N3[H],0,4 2 3 4 20 0,5,14.275271508600431,8.718052414819182,19.691981566616,15.942468602224096,5.75283683958234,21.69530544180644,0.0260695294961277,0.0247029802701047,0.0463585367945611,0.0247029802701047,-17.972204905497442,0.0718021688757137,0.0136420618923281,0.0043320612140186,-14.407299721802213,-14.416148401554253,-18.047499406580684,18.28275531201022,20.720618476588665
6804,Cc1coc(C)c1CN,16221,OCC1=Cc2ccccc21,18025,[H]OC([H])([H])C12c3c([H])c([H])c([H])c([H])c3C1([H])C1(C([H])([H])[H])OC2([H])C(C([H])([H])[H])=C1C([H])([H])N([H])[H],1,4 2 3 2 20 1,2,15.244311834021271,13.55025724717435,21.82386553638024,15.77319034722806,6.208851898359544,21.982042245587603,0.0834273509061577,0.0125655244094834,0.0781790245719203,0.0125655244094834,-11.901507908780268,0.3632509018842334,0.0022663423626856,0.2886571194421201,-11.978826198839856,-14.352684287327795,-16.307309632107163,21.185926997329343,22.585700444152
5419,Cc1coc(C)c1[C@H](C)O,16222,O=CC#CC(F)(F)F,17787,[H]O[C@]([H])(C1=C(C([H])([H])[H])C2([H])OC1(C([H])([H])[H])C(C(F)(F)F)=C2C([H])=O)C([H])([H])[H],1,4 2 3 2 22 1,1,13.519932794999123,15.807358486242194,25.0988868172611,16.266107269821603,5.563808521155487,21.82991579097709,1.1972097190333486e-05,0.0165625648002498,0.0148353277471068,0.0165625648002498,-6.728401523885189,0.0011355653379044,0.0047673253608706,0.0286809156279884,-7.449817248802326,-8.801886924388924,-11.552140186408508,21.075539147577903,20.92255491929664
6126,Cc1coc(C)c1[C@H](C)O,16222,O=c1[nH]c2c([nH]1)NON2,17935,[H]O[C@]([H])(C1=C(C([H])([H])[H])C2([H])OC1(C([H])([H])[H])C13N([H])ON([H])C21N([H])C(=O)N3[H])C([H])([H])[H],1,4 2 3 4 22 1,4,13.479155077869434,8.268105321138593,18.754785573664623,15.80807456490886,5.375258388316869,21.18333295322573,0.0285814220258654,0.0309459214290031,0.0448688529611521,0.0309459214290031,-18.806176911270875,0.029989417982971,0.0139625160373857,0.0029670436558426,-16.62334081245516,-17.59969871763613,-20.34680994086609,17.70287807886159,19.80610483712421
6804,Cc1coc(C)c1[C@H](C)O,16222,OCC1=Cc2ccccc21,18025,[H]OC([H])([H])C12c3c([H])c([H])c([H])c([H])c3C1([H])C1(C([H])([H])[H])OC2([H])C(C([H])([H])[H])=C1[C@@]([H])(O[H])C([H])([H])[H],1,4 2 3 2 22 1,2,14.389158664157804,13.290306492668565,21.46003880718508,15.526134042795862,5.753534088637785,21.279668131433645,0.1129765534036641,0.0093664986839637,0.0616723190506465,0.0093664986839637,-13.5599305890688,0.3328771032886451,0.0051410316571196,0.3100553856619634,-15.46441797353792,-16.289235949393706,-17.37515455677729,20.70592553688268,21.8541313892687
7000,Cc1coc(C)c1[C@H](C)O,16222,O[C@@H]1CC/C=C/CCC1,18100,[H]O[C@@]1([H])C([H])([H])C([H])([H])C([H])([H])C2([H])C3(C([H])([H])[H])OC([H])(C(C([H])([H])[H])=C3[C@@]([H])(O[H])C([H])([H])[H])C2([H])C([H])([H])C1([H])[H],1,4 2 5 6 22 1,2,18.034943669238057,4.967049513093043,16.74705416536529,15.214998298845792,5.680744682746425,20.895742981592218,0.0596899813174812,0.1082711411425783,0.0840313568167728,0.1082711411425783,-7.976044473115508,0.0693419544424727,0.0291019015135818,0.1044619157026697,-7.97417501574769,-8.562577172641014,-6.718480431095408,22.71326994420325,23.31083025145556
5419,Cc1cocc1CCCO,16225,O=CC#CC(F)(F)F,17787,[H]OC([H])([H])C([H])([H])C([H])([H])C1=C(C([H])([H])[H])C2([H])OC1([H])C(C(F)(F)F)=C2C([H])=O,1,4 2 3 2 22 1,1,13.322293679169588,15.202652084892572,22.89493823387638,16.602773428560123,6.878927770120363,23.481701198680486,3.839294583744167e-05,0.0055085783433535,0.0137203036452546,0.0055085783433535,-7.100922653621353,0.0149505796197148,0.0026987015405819,0.0371674807940631,-6.35351362344344,-8.003886932299572,-9.55992778954196,22.25018149085644,22.604265382236505
6127,Cc1cocc1CCCO,16225,O=c1[nH]c2c([nH]1)NON2,17935,[H]OC([H])([H])C([H])([H])C([H])([H])C1=C(C([H])([H])[H])C2([H])OC1([H])C13N([H])ON([H])C21N([H])C(=O)N3[H],0,4 2 3 4 22 0,5,14.33703333968348,8.320526541499252,18.54062698534985,16.309171082689076,5.672673216293802,21.98184429898288,0.055456568701165,0.0196377175594379,0.0478282189735621,0.0196377175594379,-17.306900165954815,0.1019237716407531,0.0264002745169634,0.0051560664006188,-14.442500270175096,-14.834901672667016,-17.933289000444397,18.99888349831868,21.48363691509747
6804,Cc1cocc1CCCO,16225,OCC1=Cc2ccccc21,18025,[H]OC([H])([H])C([H])([H])C([H])([H])C1=C(C([H])([H])[H])C2([H])OC1([H])C1([H])c3c([H])c([H])c([H])c([H])c3C21C([H])([H])O[H],1,4 2 3 2 22 1,2,14.47342904332619,11.926694516613528,19.623812221664032,15.886318793315588,6.598320607588988,22.484639400904577,0.1427827014861049,0.0075375318425754,0.0456390474384192,0.0075375318425754,-11.706974995206116,0.4569011736051215,0.0037200761134688,0.161595276354346,-11.759285032962609,-13.823272341120244,-14.912128818967403,21.55467245875168,22.876611740290866
6126,Cc1nc(C#N)c(NN)o1,16246,O=c1[nH]c2c([nH]1)NON2,17935,[H]N([H])N([H])C12OC(C([H])([H])[H])(N=C1C#N)C13N([H])ON([H])C21N([H])C(=O)N3[H],1,1 6 3 4 16 1,4,17.78577894296555,9.878453153228085,19.610780541976013,15.753424741074047,9.812684288773625,25.56610902984768,0.0190374952490903,0.0239326791415264,0.0178238702171105,0.0239326791415264,-7.696039204691289,0.0169870603710783,0.012603740950922,0.0023105488889672,-6.138121567438148,-7.934195056774804,-11.428682543192243,20.9500459056164,22.346747175857733
853,Cc1nc(C(=N)N)co1,16248,FC(F)(F)C1=CC=C=CN1,16502,[H]N=C(C1=NC2(C([H])([H])[H])OC1([H])C1=C([H])N([H])C(C(F)(F)F)=C([H])C12[H])N([H])[H],0,1 7 6 7 16 0,5,18.709436875402112,9.637419980002743,23.710669545981467,16.126855716869066,2.761299029845304,18.88815474671437,0.0098868656578591,0.0220033834448182,0.0056094649078933,0.0220033834448182,-18.615862311053817,0.0052703307010606,0.055940798036206,0.0108424433353685,-16.746101464235807,-18.94988598102364,-13.813778595886705,21.885035310458644,23.517455870238013
12248,Cc1nc(C(=N)N)co1,16248,O=c1[nH]c2c([nH]1)NON2,17935,[H]N=C(C1=NC2(C([H])([H])[H])OC1([H])C13N([H])ON([H])C21N([H])C(=O)N3[H])N([H])[H],1,1 7 3 4 16 1,4,16.77794698295964,9.087362007438491,18.35901359303844,15.445690947166966,7.016546995172561,22.462237942339527,0.0165900775752022,0.0399515010537653,0.023011716928984,0.0399515010537653,-12.090651157992149,0.0211551398263093,0.0300424748223508,0.0018997990427514,-10.404706638942727,-12.979528337275148,-13.669895454731922,20.4461378291424,21.662826677408592
13606,Cc1nc(C(=N)N)co1,16248,OCC1=Cc2ccccc21,18025,[H]N=C(C1=NC2(C([H])([H])[H])OC1([H])C1(C([H])([H])O[H])c3c([H])c([H])c([H])c([H])c3C21[H])N([H])[H],1,1 7 3 2 16 1,2,17.614828080614966,12.01902635740694,21.14840939443692,15.499742656778354,5.796672192737624,21.296414849515976,0.045508172082501,0.0082167825571092,0.0443689730455855,0.0082167825571092,-10.907206553923722,0.2119953870172747,0.0154442305984612,0.144710490285507,-11.128888927841842,-13.469536117596832,-11.62163989892197,22.98924485552496,23.778215285358783
3713,Cc1nc(C)c(=O)[nH]c1C,16254,Nc1nc2c([nH]1)NON2,17291,[H]N([H])C1=NC23N([H])ON([H])C2(N1[H])C1(C([H])([H])[H])N=C(C([H])([H])[H])C3(C([H])([H])[H])N([H])C1=O,1,8 3 3 4 20 1,4,17.720359358175987,11.567901921402562,23.05423846023709,16.66488574912203,6.451471286219874,23.116357035341903,0.0111285107867539,0.0143557000530481,0.0210501371426661,0.0143557000530481,-15.567973117289071,0.0149671283006928,0.018942775761488,0.0068090102836588,-15.421159643310451,-13.68564228459232,-15.351883144435568,23.77423584166804,23.15884593142217
6126,Cc1nc(C)c(=O)[nH]c1C,16254,O=c1[nH]c2c([nH]1)NON2,17935,[H]N1C(=O)C2(C([H])([H])[H])N=C(C([H])([H])[H])C1(C([H])([H])[H])C13N([H])ON([H])C21N([H])C(=O)N3[H],1,8 3 3 4 20 1,4,14.31205587244748,8.739586340725547,21.16327001512217,16.37416837265243,5.702819899065847,22.07698827171828,0.0034182128376013,0.0053521045725394,0.0109728004007909,0.0053521045725394,-19.6501961425542,0.0040884942131526,0.0050770780581211,0.0006921945123222,-16.60392680542803,-17.289579610923155,-22.464448375870084,19.257808200033928,18.591716392924745
6802,Cc1nc(C)c(=O)[nH]c1C,16254,OCC1=Cc2ccccc21,18025,[H]OC([H])([H])C12c3c([H])c([H])c([H])c([H])c3C1([H])C1(C([H])([H])[H])N=C(C([H])([H])[H])C2(C([H])([H])[H])N([H])C1=O,1,8 3 2 3 20 1,0,17.180334551510853,12.955570740096409,24.461293969012527,16.43617848490667,6.292003607755071,22.72818209266174,0.0014864968467468,0.0069288215710125,0.0624613144615965,0.0069288215710125,-16.220078813176734,0.0262277990959395,0.0118327222904721,0.0587292454557447,-14.912891616208585,-17.24793697283605,-18.998188443845628,22.30314433986655,23.29400858683489
7000,Cc1nc(C)c(=O)[nH]c1C,16254,O[C@@H]1CC/C=C/CCC1,18100,[H]O[C@@]1([H])C([H])([H])C([H])([H])C([H])([H])C2([H])C3(C([H])([H])[H])C(C([H])([H])[H])=NC(C([H])([H])[H])(C(=O)N3[H])C2([H])C([H])([H])C1([H])[H],1,8 3 5 6 20 1,2,18.63912222989368,5.823626968767838,19.632711796621784,15.964122012565182,5.086604072287226,21.050726084852407,0.1019612787920692,0.0473611035218207,0.0724059585679948,0.0473611035218207,-10.762216353893976,0.0198876948483767,0.0050028215181536,0.0124968806165798,-10.035232922613218,-10.703122364995906,-10.154003590377236,22.77664063432924,21.95173252843901
9382,Cc1nc(C)c(=O)[nH]c1C,16254,C1=C[C@H]2C=C[C@@H]3CC=C1[C@H]23,13787,[H]C1=C([H])[C@@]2([H])C([H])=C([H])[C@]3([H])C([H])([H])C4([H])C5(C([H])([H])[H])N=C(C([H])([H])[H])C(C([H])([H])[H])(N([H])C5=O)C14[C@]23[H],1,8 3 8 7 20 1,10,18.675393666217648,7.876829734448298,19.99858110626533,16.12327350321265,6.666690464833234,22.789963968045885,5.2656703492998615e-05,0.0001018961020614,0.0031650289137971,0.0001018961020614,-9.882415710207994,0.0004669206090154,0.0005376602945585,0.0021178695593031,-9.647371778737051,-9.51938883261009,-11.173595801608547,22.92863098149946,22.750309502961585
853,Cc1nc(C)c(C(=O)O)o1,16255,FC(F)(F)C1=CC=C=CN1,16502,[H]OC(=O)C12OC(C([H])([H])[H])(N=C1C([H])([H])[H])C1([H])C([H])=C(C(F)(F)F)N([H])C([H])=C21,0,1 5 6 7 17 0,5,17.881888204203783,8.306269631685954,23.264014208704296,15.964344597936364,4.5157012257928,20.480045823729164,0.0155522018506361,0.0139424277752008,0.0081669001562149,0.0139424277752008,-15.118190417005252,0.0325691846775659,0.0535720802176487,0.0239374208009519,-16.942882773851565,-18.28425060465966,-18.984105778646345,20.083936567658,22.03290870590389
7422,Cc1nc(C)c(C(=O)O)o1,16255,Nc1nc2c([nH]1)NON2,17291,[H]OC(=O)C12OC(C([H])([H])[H])(N=C1C([H])([H])[H])C13N=C(N([H])[H])N([H])C21N([H])ON3[H],1,1 5 3 4 17 1,4,18.81558622369577,10.341628446477143,21.37612004672696,15.87729529288406,7.591748239634228,23.46904353251829,0.0733052979282626,0.070268069675692,0.0203556904313282,0.070268069675692,-8.137597098899192,0.0673643330722228,0.0441150296454072,0.021163524381878,-9.93782755265891,-9.031211200492898,-8.903343909819164,22.945406379103325,23.387823381029463
12249,Cc1nc(C)c(C(=O)O)o1,16255,O=c1[nH]c2c([nH]1)NON2,17935,[H]OC(=O)C12OC(C([H])([H])[H])(N=C1C([H])([H])[H])C13N([H])ON([H])C21N([H])C(=O)N3[H],0,1 5 3 4 17 0,5,16.652618407949355,8.836308813382248,20.38973020975667,15.536930148920394,7.563829911335073,23.100760060255467,0.0246249641494516,0.0306260467610132,0.0172973713326898,0.0306260467610132,-12.209326745405072,0.0318377126820981,0.0180154237730595,0.0026468402322471,-8.223442937563384,-11.412572372781554,-14.344399554645378,19.06311977107968,20.28674609647828
13604,Cc1nc(C)c(C(=O)O)o1,16255,OCC1=Cc2ccccc21,18025,[H]OC(=O)C12OC(C([H])([H])[H])(N=C1C([H])([H])[H])C1(C([H])([H])O[H])c3c([H])c([H])c([H])c([H])c3C21[H],1,1 5 2 3 17 1,0,17.97791673353765,11.165474032278729,22.109778981821982,15.778298968649116,6.333727840077412,22.11202680872653,0.0067937009474682,0.0191447698011233,0.104340967429217,0.0191447698011233,-9.552824694573026,0.0669968968603449,0.0505971855450841,0.1584361251486747,-8.974931293354537,-12.242933129833986,-12.026693626243793,21.990761985852547,23.21332698939537
6127,Cc1nc(C)c(C)c(=O)[nH]1,16256,O=c1[nH]c2c([nH]1)NON2,17935,[H]N1C(=O)C2(C([H])([H])[H])C(C([H])([H])[H])=NC1(C([H])([H])[H])C13N([H])ON([H])C21N([H])C(=O)N3[H],0,1 5 3 4 20 0,5,18.28119657055201,9.590025268203195,21.943712219111926,16.063344089551624,9.42554997751826,25.48889406706988,0.0152054626794861,0.0451927177986932,0.0267341208654484,0.0451927177986932,-16.882098711841024,0.0200053169577545,0.0225412779844192,0.0028869660849522,-12.741319613374074,-13.642348478978448,-17.830376374168843,21.82849279785519,21.819783132805068
18371,Cc1nc(C)c(F)c(N)n1,16258,O=c1[nH]c2c([nH]1)NON2,17935,[H]N([H])C1=NC2(C([H])([H])[H])N=C(C([H])([H])[H])C1(F)C13N([H])ON([H])C21N([H])C(=O)N3[H],0,1 5 3 4 18 0,5,17.990941700811952,10.14116378551175,20.51002134799657,15.997855412579506,11.35230895113122,27.350164363710725,0.0153368340651767,0.0389713176149124,0.0184470797641791,0.0389713176149124,-7.49053201969582,0.0390076305275538,0.0161864180484472,0.0017215667756413,-5.335984418614132,-7.1319386441556105,-11.499829156411046,23.31951522094864,23.470074194747724
18376,Cc1nc(C)c(N)nc1C,16259,O=c1[nH]c2c([nH]1)NON2,17935,[H]N([H])C1=NC2(C([H])([H])[H])C(C([H])([H])[H])=NC1(C([H])([H])[H])C13N([H])ON([H])C21N([H])C(=O)N3[H],1,3 8 3 4 21 1,10,15.71514147757938,10.127865865472508,19.324035910178576,16.207983534217526,9.954086898017117,26.162070432234643,0.0032543615869599,0.0018120510094074,0.0090245334013873,0.0018120510094074,-10.615599292106404,0.0029902658344747,0.0083144297129863,0.0005526438303674,-8.33512647830014,-8.707490259246335,-14.45107842367856,21.90855094029128,20.842721594829523
429,Cc1nc(CC#N)co1,16269,FC(F)(F)C1=CC=C=CN1,16502,[H]C1=C2C3([H])OC(C([H])([H])[H])(N=C3C([H])([H])C#N)C2([H])C([H])=C(C(F)(F)F)N1[H],0,1 7 6 7 15 0,5,16.987769140830864,8.725517964892571,23.085528487038697,16.073088091192442,3.3637514852810035,19.43683957647345,0.0243240369005133,0.0156619614177068,0.0086484958427484,0.0156619614177068,-19.11372254767748,0.0288444857458034,0.0499862949633612,0.0144267609602097,-17.450674406376265,-19.567743307009245,-20.38364098835317,19.438545741495656,21.86509605907667
6127,Cc1nc(CC#N)co1,16269,O=c1[nH]c2c([nH]1)NON2,17935,[H]N1ON([H])C23N([H])C(=O)N([H])C12C1([H])OC3(C([H])([H])[H])N=C1C([H])([H])C#N,0,1 7 3 4 15 0,5,15.789182722555532,9.10412343291387,19.09401015821925,15.510659797917492,7.6643610325164495,23.175020830433944,0.0343344521398726,0.0282824555731291,0.0254813091400013,0.0282824555731291,-14.290308701233116,0.0650098930590824,0.0306441937652685,0.0035910689899905,-11.275423665194666,-12.240784044696632,-14.701943252204488,18.91762953572705,20.600554244071912
6804,Cc1nc(CC#N)co1,16269,OCC1=Cc2ccccc21,18025,[H]OC([H])([H])C12c3c([H])c([H])c([H])c([H])c3C1([H])C1(C([H])([H])[H])N=C(C([H])([H])C#N)C2([H])O1,1,1 7 3 2 15 1,2,16.364523704293518,11.731162758550228,20.87041267376297,15.634885722005626,5.8213932254037,21.456278947409324,0.128013067619646,0.0110376098248218,0.0243356891074853,0.0110376098248218,-12.289300185393806,0.3105170873300717,0.0239532270583346,0.2293921055371133,-12.409617782606835,-13.952139992519292,-13.146127560168502,21.426730763973016,22.662615795493373
429,Cc1nc(CN)c(C)o1,16272,FC(F)(F)C1=CC=C=CN1,16502,[H]C1=C2C([H])(C([H])=C(C(F)(F)F)N1[H])C1(C([H])([H])[H])N=C(C([H])([H])N([H])[H])C2(C([H])([H])[H])O1,0,1 6 6 7 19 0,5,16.624742594239542,8.646708806515525,25.329076428223267,16.197089033129895,1.9234407070417987,18.12052974017169,0.0214646969257926,0.0190611846375734,0.0162386156370263,0.0190611846375734,-20.43550957894285,0.0426616502443357,0.0750166549401622,0.0158916074688401,-19.21261798629008,-20.074499562195903,-21.920837094890203,19.50182303956325,22.43768619953655
6127,Cc1nc(CN)c(C)o1,16272,O=c1[nH]c2c([nH]1)NON2,17935,[H]N([H])C([H])([H])C1=NC2(C([H])([H])[H])OC1(C([H])([H])[H])C13N([H])ON([H])C21N([H])C(=O)N3[H],0,1 6 3 4 19 0,5,15.110750729877948,8.491740252555353,19.508231802143325,15.614466088113224,7.109889061215444,22.72435514932867,0.0185979289491792,0.0296358353497229,0.0235741521583063,0.0296358353497229,-15.176733105983864,0.1006816460622151,0.0224648227620441,0.0027769796101702,-11.027282367657564,-12.018469973724024,-15.779466749861562,18.27423812102864,20.09931920279225
6127,Cc1nc(N)c(F)c(=O)[nH]1,16277,O=c1[nH]c2c([nH]1)NON2,17935,[H]N([H])C1=NC2(C([H])([H])[H])N([H])C(=O)C1(F)C13N([H])ON([H])C21N([H])C(=O)N3[H],0,1 5 3 4 16 0,5,18.10483104922301,9.24292136788188,22.49396518332877,15.900605160381872,9.257895392521874,25.158500552903742,0.0100297343980262,0.0504624950025394,0.0197933262133982,0.0504624950025394,-16.844368471035004,0.0119029174766026,0.0133137027356904,0.0023742538390727,-14.561378084786044,-15.829758795809994,-20.274598437675984,20.763001380183,22.529486639720623
429,Cc1nc2c(o1)CCCC2,16294,FC(F)(F)C1=CC=C=CN1,16502,[H]C1=C2C([H])(C([H])=C(C(F)(F)F)N1[H])C1(C([H])([H])[H])N=C3C([H])([H])C([H])([H])C([H])([H])C([H])([H])C32O1,0,1 4 6 7 21 0,5,16.800366072664836,8.356807007288037,23.536432479229084,16.153216940643038,3.0943672965803977,19.247584237223435,0.010509766551967,0.0136931271487278,0.0096604658684549,0.0136931271487278,-19.73988402311982,0.0172530912574446,0.0313456888764404,0.0200596876257329,-18.815469620198822,-22.04459930947004,-22.32255924687608,19.30381414608445,22.280008340835504
5419,Cc1nc2c(o1)CCCC2,16294,O=CC#CC(F)(F)F,17787,[H]C(=O)C1=C(C(F)(F)F)C2(C([H])([H])[H])N=C3C([H])([H])C([H])([H])C([H])([H])C([H])([H])C31O2,1,1 4 3 2 21 1,1,14.396663853547487,15.192495429962928,23.01934269411453,16.029621927035883,8.646007443104633,24.67562937014052,3.770879937543593e-05,0.0068042571614954,0.0134276036863542,0.0068042571614954,-7.526689550066948,0.0013198791283915,0.0072391058803763,0.0456431436702425,-6.032770629711649,-6.954969022899057,-10.584814469707888,23.057595424990005,23.591587457335606
6127,Cc1nc2c(o1)CCCC2,16294,O=c1[nH]c2c([nH]1)NON2,17935,[H]N1ON([H])C23N([H])C(=O)N([H])C12C1(C([H])([H])[H])N=C2C([H])([H])C([H])([H])C([H])([H])C([H])([H])C23O1,0,1 4 3 4 21 0,5,14.75979473084038,8.23667298374545,19.00713345633214,15.767298086115629,5.910928135387096,21.67822622150272,0.0222885842793838,0.0339982399514894,0.0177196930620057,0.0339982399514894,-18.49138533286046,0.0226332935725011,0.0363261257494818,0.0018111950030965,-13.07742158396828,-14.306902546872209,-17.329356047938866,18.566512404998896,19.918807908921902
6802,Cc1nc2c(o1)CCCC2,16294,OCC1=Cc2ccccc21,18025,[H]OC([H])([H])C12c3c([H])c([H])c([H])c([H])c3C1([H])C13OC2(C([H])([H])[H])N=C1C([H])([H])C([H])([H])C([H])([H])C3([H])[H],1,1 4 2 3 21 1,0,16.359894821019324,11.330716530265727,21.49267439233465,15.905130833902344,4.510232348991529,20.41536318289388,0.0075832696860915,0.0130042224555792,0.0374542099254323,0.0130042224555792,-11.787179345435938,0.0358789175390105,0.0215745390888009,0.1623788264205916,-10.40858308843528,-14.046749316209208,-14.734442796684434,21.508380824826062,22.73747808492162
7000,Cc1nc2c(o1)CCCC2,16294,O[C@@H]1CC/C=C/CCC1,18100,[H]O[C@@]1([H])C([H])([H])C([H])([H])C([H])([H])C2([H])C3(C([H])([H])[H])N=C4C([H])([H])C([H])([H])C([H])([H])C([H])([H])C4(O3)C2([H])C([H])([H])C1([H])[H],1,1 4 5 6 21 1,2,19.73060697641165,3.997055273258189,17.20484054308285,15.635510191052704,6.239918480669584,21.87542867172229,0.0446459655693798,0.1033524861248496,0.0160277118524851,0.1033524861248496,-7.115613252560955,0.2453703969953763,0.0720259817260216,0.0102565972868769,-7.377093040116932,-7.213194753781924,-6.57116503098036,22.886808173164944,23.59788406057831
429,Cc1nc2c(o1)CNC2,16295,FC(F)(F)C1=CC=C=CN1,16502,[H]C1=C2C([H])(C([H])=C(C(F)(F)F)N1[H])C1(C([H])([H])[H])N=C3C([H])([H])N([H])C([H])([H])C32O1,0,1 4 6 7 17 0,5,14.979239288845628,7.474866461993036,23.170733337638648,15.822260804094649,1.285753522249628,17.108014326344275,0.0327711565893741,0.0261646875401702,0.0131074156851908,0.0261646875401702,-22.581687722466896,0.047810207019705,0.074012849758941,0.0379854167330667,-21.41130586398937,-24.300698738649928,-23.937655949240643,17.344552124900872,19.93307423015056
3713,Cc1nc2c(o1)CNC2,16295,Nc1nc2c([nH]1)NON2,17291,[H]N([H])C1=NC23N([H])ON([H])C2(N1[H])C12OC3(C([H])([H])[H])N=C1C([H])([H])N([H])C2([H])[H],1,1 4 3 4 17 1,4,15.308832218697182,8.361927300493448,19.0112854695744,15.745218223858087,4.364596496681077,20.109814720539163,0.1483794787271937,0.1552324973966577,0.0089226055515277,0.1552324973966577,-15.465170421785558,0.2151400050956132,0.1328050423013052,0.0196225822793209,-16.38607561216817,-14.238137283777776,-14.335719675626272,20.421591090714625,20.4966588898296
5419,Cc1nc2c(o1)CNC2,16295,O=CC#CC(F)(F)F,17787,[H]C(=O)C1=C(C(F)(F)F)C2(C([H])([H])[H])N=C3C([H])([H])N([H])C([H])([H])C31O2,1,1 4 3 2 17 1,1,12.451512645064104,14.897148088566295,22.56907821748484,15.69491739691836,5.463405533053255,21.15832292997161,4.967024814014524e-05,0.0143147064194999,0.0269998387397077,0.0143147064194999,-10.60704893739247,0.0022065972401884,0.0253985475644641,0.0925095800076795,-9.53180509384709,-9.67572970451402,-11.460272848202392,21.666547414944088,22.50968661163713
6127,Cc1nc2c(o1)CNC2,16295,O=c1[nH]c2c([nH]1)NON2,17935,[H]N1C([H])([H])C2=NC3(C([H])([H])[H])OC2(C1([H])[H])C12N([H])ON([H])C31N([H])C(=O)N2[H],0,1 4 3 4 17 0,5,12.9848198721616,6.835991432130171,18.06321290642824,15.44580448309043,3.644339908933652,19.090144392024083,0.0455146959443519,0.0373683019590284,0.0164926097029308,0.0373683019590284,-20.872119483910403,0.0955011697975935,0.0359111980226951,0.0026855317563663,-16.203974314607684,-16.74089034520378,-20.60810214864393,15.95575146997735,17.12210998657341
6780,Cc1nc2c(o1)CNC2,16295,OC1=C(O)c2ccccc21,18015,[H]OC12c3c([H])c([H])c([H])c([H])c3C1(O[H])C13OC2(C([H])([H])[H])N=C1C([H])([H])N([H])C3([H])[H],1,1 4 1 2 17 1,0,15.53287402027964,13.03211197695673,21.8450334058114,15.999928578053291,5.514688838072882,21.51461741612617,0.0262545253517468,0.0186989666708098,0.0255820275401225,0.0186989666708098,-18.51208732812032,0.0878494020366679,0.0193340722425865,0.0456637056557654,-21.24011718052105,-18.903987882180186,-16.409371272332507,21.307864817856107,22.86196635716359
6802,Cc1nc2c(o1)CNC2,16295,OCC1=Cc2ccccc21,18025,[H]OC([H])([H])C12c3c([H])c([H])c([H])c([H])c3C1([H])C13OC2(C([H])([H])[H])N=C1C([H])([H])N([H])C3([H])[H],1,1 4 2 3 17 1,0,14.652723147068505,10.445236212102843,21.22501563459158,15.528859107021578,2.661094632218713,18.18995373924029,0.0140069130734202,0.0254958187191174,0.1081777009412111,0.0254958187191174,-13.567450982966015,0.0822773234153284,0.0425371053034747,0.2930665756830972,-12.74451922608788,-16.78760155831292,-17.423271509463802,19.69684736894325,20.75946265411698
7000,Cc1nc2c(o1)CNC2,16295,O[C@@H]1CC/C=C/CCC1,18100,[H]O[C@@]1([H])C([H])([H])C([H])([H])C([H])([H])C2([H])C3(C([H])([H])[H])N=C4C([H])([H])N([H])C([H])([H])C4(O3)C2([H])C([H])([H])C1([H])[H],1,1 4 5 6 17 1,2,17.286665919250847,2.4408388012562536,16.40820232340809,15.14006561849303,3.4765073556033137,18.616572974096343,0.1236161966903929,0.1717450560369524,0.0575737641506452,0.1717450560369524,-8.725533460869045,0.4073185094017472,0.1323685625240177,0.0681357841852359,-8.370701905780678,-9.883588170698694,-9.015460798208345,19.876141367372163,20.5090921745602
9381,Cc1nc2c(o1)CNC2,16295,C1=C[C@H]2C=C[C@@H]3CC=C1[C@H]23,13787,[H]C1=C([H])[C@@]2([H])C([H])=C([H])[C@]3([H])C([H])([H])C4([H])C5(C([H])([H])[H])N=C6C([H])([H])N([H])C([H])([H])C6(O5)C14[C@]23[H],0,1 4 7 8 17 0,9,16.534766188950314,5.209378724789504,16.864447543126097,15.119888979245111,5.226723324416263,20.346612303661374,0.0189639721681005,0.0124046669704186,0.0035763715387836,0.0124046669704186,-8.215114653467083,0.0599178180443799,0.0185603396522618,0.041084705723543,-7.000410570585032,-11.5941064779256,-10.082163047492417,21.633443868828795,23.11744298499018
7430,Cc1nc2cnccn2n1,16299,Nc1nc2c([nH]1)NON2,17291,[H]C1=NC2([H])c3nc(C([H])([H])[H])nn3C1([H])C13N([H])ON([H])C21N=C(N([H])[H])N3[H],1,4 7 3 4 16 1,12,20.28497936932934,12.126145861918484,21.634933492935566,15.25473553550234,10.355462758360826,25.610198293863167,0.0055790983457234,0.0228090457530373,0.0119868716423961,0.0228090457530373,-7.1590662340371765,0.0053506219057611,0.0158310439338862,0.0588872325440051,-8.733848722255004,-8.626172944017803,-8.979375775790835,24.59954746605859,23.875176633774544
12254,Cc1nc2cnccn2n1,16299,O=c1[nH]c2c([nH]1)NON2,17935,[H]C1=NC2([H])c3nc(C([H])([H])[H])nn3C1([H])C13N([H])ON([H])C21N([H])C(=O)N3[H],1,4 7 3 4 16 1,10,17.363030436583387,10.23050368214668,20.63503091078884,14.97994321897837,10.272137776490071,25.252080995468443,0.0041795574314152,0.0165854407632599,0.0109827500548936,0.0165854407632599,-13.177397848991816,0.003437232049805,0.0121243173692308,0.0080797813022402,-10.3661816670462,-13.110299592224456,-14.52605187353953,21.779411930930905,21.335207325269025
13610,Cc1nc2cnccn2n1,16299,OCC1=Cc2ccccc21,18025,[H]OC([H])([H])C12c3c([H])c([H])c([H])c([H])c3C1([H])C1([H])N=C([H])C2([H])n2nc(C([H])([H])[H])nc21,1,4 7 3 2 16 1,6,18.564823535774543,12.800477570801922,22.30387295904652,15.179496855568578,8.115085023846824,23.294581879415404,0.0117974820775794,0.0078882297146226,0.0044585440205325,0.0078882297146226,-8.557441226444425,0.0958902535030907,0.004538520699686,0.073744679817162,-9.801425637582518,-12.28415220215642,-13.648473719163576,22.89805272619835,22.35509058054009
18766,Cc1nc2cnccn2n1,16299,C1=C[C@H]2C=C[C@@H]3CC=C1[C@H]23,13787,[H]C1=NC2([H])c3nc(C([H])([H])[H])nn3C1([H])C1([H])C23C([H])=C([H])[C@@]2([H])C([H])=C([H])[C@]([H])(C1([H])[H])[C@]32[H],1,4 7 8 7 16 1,22,21.00663519725977,8.483012803062536,18.90554314790391,15.063189450182255,9.687043795306447,24.7502332454887,1.53828886698632e-05,2.764991622490989e-05,0.0016569087940246,2.764991622490989e-05,-5.492703821102218,0.0019581249825188,0.0016190159198065,0.0015913466687285,-6.211599493673667,-5.42815367925029,-5.513798400051456,25.045606932975875,23.96478967298539
3713,Cc1ncc(=O)[nH]c1C,16304,Nc1nc2c([nH]1)NON2,17291,[H]N([H])C1=NC23N([H])ON([H])C2(N1[H])C1([H])N=C(C([H])([H])[H])C3(C([H])([H])[H])N([H])C1=O,1,7 3 3 4 17 1,4,16.977125180059343,10.892487769241718,23.43383797002852,16.65277348004688,4.995043322238033,21.64781680228491,0.0243807715148715,0.0264171174860039,0.0264218537555519,0.0264171174860039,-15.303316507036392,0.0279552458078112,0.0535227598084248,0.0242052942647499,-16.18031140295941,-14.250352030908374,-16.8113438465356,22.27949026402707,23.111214463439204
6126,Cc1ncc(=O)[nH]c1C,16304,O=c1[nH]c2c([nH]1)NON2,17935,[H]N1C(=O)C2([H])N=C(C([H])([H])[H])C1(C([H])([H])[H])C13N([H])ON([H])C21N([H])C(=O)N3[H],1,7 3 3 4 17 1,4,14.050357699465833,8.669010029685216,21.821466390928112,16.302854016266767,4.478427573091661,20.78128158935843,0.0117393689734837,0.00773259370734,0.0136063650058173,0.00773259370734,-19.89079976284293,0.0137942409006196,0.0150325575462998,0.0016157768312354,-17.193455861121485,-18.30521382835427,-22.6009700171244,18.41423842644524,18.475907600298964
6804,Cc1ncc(=O)[nH]c1C,16304,OCC1=Cc2ccccc21,18025,[H]OC([H])([H])C12c3c([H])c([H])c([H])c([H])c3C1([H])C1(C([H])([H])[H])C(C([H])([H])[H])=NC2([H])C(=O)N1[H],1,7 3 3 2 17 1,2,15.250560354263698,12.649440794962308,24.331501146449742,16.29331964328911,4.521179223867481,20.81449886715659,0.0269681489633044,0.0171378853826213,0.0380653996794608,0.0171378853826213,-18.300698043426976,0.0916035467507931,0.0160319198878938,0.1123172576454441,-19.533410140736564,-18.628879907873312,-22.25936623456352,20.347135079109137,22.37459483544796
7000,Cc1ncc(=O)[nH]c1C,16304,O[C@@H]1CC/C=C/CCC1,18100,[H]O[C@@]1([H])C([H])([H])C([H])([H])C([H])([H])C2([H])C3(C([H])([H])[H])C(C([H])([H])[H])=NC([H])(C(=O)N3[H])C2([H])C([H])([H])C1([H])[H],1,7 3 5 6 17 1,2,18.164556987107964,5.583198961336862,19.946425473342835,15.804531220890311,4.110838498989491,19.9153697198798,0.177219755493191,0.053378228853232,0.1243282366150103,0.053378228853232,-12.53621980105502,0.0489085674431752,0.0398872843097966,0.0292361380130149,-11.769535574258768,-11.683603585643093,-11.685145128299354,21.596045359535985,21.82527752297328
9382,Cc1ncc(=O)[nH]c1C,16304,C1=C[C@H]2C=C[C@@H]3CC=C1[C@H]23,13787,[H]C1=C([H])[C@@]2([H])C([H])=C([H])[C@]3([H])C([H])([H])C4([H])C5([H])N=C(C([H])([H])[H])C(C([H])([H])[H])(N([H])C5=O)C14[C@]23[H],1,7 3 8 7 17 1,10,17.713834736448337,7.423250621398594,20.03177339818822,16.047696055015848,5.720716840132152,21.768412895148,9.294913974892884e-05,0.0001846721122012,0.0057925671988396,0.0001846721122012,-10.962344588979867,0.0016591148333703,0.0039384096038731,0.0066541580764547,-11.54736949411204,-10.251139112926964,-13.079073751539228,20.845737026517472,21.40629116407265
429,Cc1ncc(CCN)o1,16311,FC(F)(F)C1=CC=C=CN1,16502,[H]C1=NC2(C([H])([H])[H])OC1(C([H])([H])C([H])([H])N([H])[H])C1=C([H])N([H])C(C(F)(F)F)=C([H])C12[H],0,1 4 6 7 19 0,5,17.525497567472627,8.749085151060498,24.115712298846468,15.865221675876926,4.366534963766902,20.231756639643827,0.0288441672355133,0.0131445324989211,0.0105201584735872,0.0131445324989211,-15.37746686621795,0.0247576431636817,0.0407360161841071,0.0222738699874669,-14.070571300552691,-16.81450531959849,-15.487987118010883,19.965355329077305,22.87098277417087
6127,Cc1ncc(CCN)o1,16311,O=c1[nH]c2c([nH]1)NON2,17935,[H]C1=NC2(C([H])([H])[H])OC1(C([H])([H])C([H])([H])N([H])[H])C13N([H])ON([H])C21N([H])C(=O)N3[H],0,1 4 3 4 19 0,5,16.403257024520997,8.555315345917016,18.723191968511987,15.437099105034928,9.095732380618124,24.53283148565305,0.0373522987479229,0.0310384887000002,0.0259666615956724,0.0310384887000002,-11.3240656158438,0.054998912003726,0.015237458840824,0.002785981454943,-8.148942666417142,-8.32959562405209,-11.9503411229407,19.61962951043531,21.264073026374657
18376,Cc1ncc(N)nc1C,16317,O=c1[nH]c2c([nH]1)NON2,17935,[H]N([H])C1=NC2(C([H])([H])[H])C(C([H])([H])[H])=NC1([H])C13N([H])ON([H])C21N([H])C(=O)N3[H],1,3 7 3 4 18 1,10,16.945873634537982,10.154472356248997,18.571538050409192,15.53576313706606,10.701491284363897,26.23725442142996,0.0027516587485948,0.001605445669708,0.0094835840894603,0.001605445669708,-10.870905730947769,0.001752786300613,0.0069009943919358,0.0007153124929587,-7.666811878953297,-8.673716421826477,-12.42725760703933,23.349103599076443,22.258883958478435
12254,Cc1ncc2ccccn12,16320,O=c1[nH]c2c([nH]1)NON2,17935,[H]C1=C([H])C2([H])n3c(C([H])([H])[H])nc([H])c3C1([H])C13N([H])ON([H])C21N([H])C(=O)N3[H],1,5 8 3 4 18 1,10,16.725254299143536,9.54083742490669,18.73941071648354,15.15545665280073,11.77976088146606,26.93521753426679,0.0109609616635828,0.0451067332087801,0.0147563283558888,0.0451067332087801,-14.240489928738173,0.0194165032595094,0.0293699896817441,0.0081128741472817,-9.264482316259944,-12.109956528903496,-16.668820004102948,22.69097468788605,23.8086761132174
24492,Cc1nccnc1/C=N\O,16330,O=c1[nH]c2c([nH]1)NON2,17935,[H]O/N=C(/[H])C1=NC2([H])C([H])=NC1(C([H])([H])[H])C13N([H])ON([H])C21N([H])C(=O)N3[H],1,1 4 3 4 17 1,4,18.76225335833208,10.823319151540922,21.13264555551844,15.733715890647654,11.67568843418897,27.409404324836625,0.0305224306339809,0.026789375035869,0.0406839380460806,0.026789375035869,-8.341017283341571,0.0103479856417645,0.0269341941555927,0.0070318720393761,-6.307788655322575,-6.439467149060899,-9.163475208214097,23.574426033846745,22.1999990005298
12255,Cc1ncn2ccccc12,16336,O=c1[nH]c2c([nH]1)NON2,17935,[H]C1=C([H])C2([H])n3c([H])nc(C([H])([H])[H])c3C1([H])C13N([H])ON([H])C21N([H])C(=O)N3[H],0,5 8 3 4 18 0,11,17.353670055468275,9.718454562587556,18.7907310313207,14.936914086914722,12.578226108941305,27.515140195856027,0.012049545638951,0.0647011363978044,0.013406900894617,0.0647011363978044,-12.77186142163331,0.0295591780210937,0.0466793237688664,0.005938862230352,-9.600229699479684,-11.314715058490911,-15.311690746175133,23.588178912548223,23.903026921384487
12254,Cc1nnc2ccccn12,16358,O=c1[nH]c2c([nH]1)NON2,17935,[H]C1=C([H])C2([H])n3c(C([H])([H])[H])nnc3C1([H])C13N([H])ON([H])C21N([H])C(=O)N3[H],1,5 8 3 4 17 1,10,16.969261469585653,9.118471425259276,20.42763459775848,15.061320331698674,11.456848826389994,26.518169158088668,0.0056276341815989,0.0511066277884368,0.0122260185605019,0.0511066277884368,-13.248785444084769,0.0107582702204786,0.0311678262039619,0.005678387865796,-9.747500749233788,-11.56649171144646,-15.736284153903467,22.250905463662704,22.95669487317128
215,Cc1oc(C)c(C)c1C,16381,FC(F)(F)C1=CC=C=CN1,16502,[H]C1=C2C([H])(C([H])=C(C(F)(F)F)N1[H])C1(C([H])([H])[H])OC2(C([H])([H])[H])C(C([H])([H])[H])=C1C([H])([H])[H],0,3 1 6 7 21 0,3,18.38292008114417,9.44309891705514,25.19257920228888,16.009255375140434,2.677579592824099,18.686834967964533,0.0072837710898971,0.0084343259826969,0.0027748891006665,0.0084343259826969,-21.012957476531945,0.0040417259352977,0.0062995264523013,0.0103454089233217,-20.13233822282494,-21.42791636656221,-13.781876632171212,22.411046707031566,23.46848025590459
2720,Cc1oc(C)c(C)c1C,16381,O=CC#CC(F)(F)F,17787,[H]C(=O)C1=C(C(F)(F)F)C2(C([H])([H])[H])OC1(C([H])([H])[H])C(C([H])([H])[H])=C2C([H])([H])[H],1,3 1 2 3 21 1,0,15.31136289589248,15.605985090915418,25.01657752085343,15.461439819907902,8.256725730324739,23.71816555023264,0.0018299745056412,0.0005076055874614,0.0020527266718395,0.0005076055874614,-5.491603617066211,0.0005038120589811,0.0012744214386339,0.0013357891528621,-2.879472261592952,-5.139104128619039,-10.837692439015974,22.48252091020104,22.298176652947525
3075,Cc1oc(C)c(C)c1C,16381,O=c1[nH]c2c([nH]1)NON2,17935,[H]N1ON([H])C23N([H])C(=O)N([H])C12C1(C([H])([H])[H])OC3(C([H])([H])[H])C(C([H])([H])[H])=C1C([H])([H])[H],1,3 1 3 4 21 1,2,13.663288326911488,7.397683463248245,17.259336774809654,15.390561497330555,6.138104184368164,21.52866568169872,0.0155684650046482,0.0249446240326632,0.0023682539910593,0.0249446240326632,-20.228716798174386,0.0151150986312041,0.0037206748204274,0.0008326232481798,-15.307550086184676,-15.497442662145794,-20.07873490270206,18.31678673807039,19.425728438073605
3421,Cc1oc(C)c(C)c1C,16381,OCC1=Cc2ccccc21,18025,[H]OC([H])([H])C12c3c([H])c([H])c([H])c([H])c3C1([H])C1(C([H])([H])[H])OC2(C([H])([H])[H])C(C([H])([H])[H])=C1C([H])([H])[H],1,3 1 2 3 21 1,0,16.323140112796487,11.366865362129287,21.69677153888349,15.476471098923453,5.111253342927316,20.587724441850767,0.0068292927349347,0.0116640439817903,0.0086936278497205,0.0116640439817903,-11.231151462903384,0.0205380673896872,0.0024842438286511,0.09359499535211,-8.697527010045249,-13.47951490333724,-15.924989855070756,21.784043588859863,22.40695661826893
3521,Cc1oc(C)c(C)c1C,16381,O[C@@H]1CC/C=C/CCC1,18100,[H]O[C@@]1([H])C([H])([H])C([H])([H])C([H])([H])C2([H])C3(C([H])([H])[H])OC(C([H])([H])[H])(C(C([H])([H])[H])=C3C([H])([H])[H])C2([H])C([H])([H])C1([H])[H],0,3 1 6 5 21 0,1,18.98720817393536,4.402276577097146,15.535280006621717,15.02771254376098,6.482285531146129,21.50999807490711,0.0250821999458184,0.0866109244276174,0.0009488108064501,0.0866109244276174,-6.691380313972715,0.1506965042363281,0.0067762450620525,0.0100303296178188,-6.413790600129325,-6.158774492243236,-5.5162205288797885,23.122172028175456,22.579474630704823
6127,Cc1occc1CNN,16383,O=c1[nH]c2c([nH]1)NON2,17935,[H]C1=C(C([H])([H])N([H])N([H])[H])C2(C([H])([H])[H])OC1([H])C13N([H])ON([H])C21N([H])C(=O)N3[H],0,3 1 3 4 19 0,5,15.938458587908311,8.69590683574675,18.72001912219444,15.41097542008196,9.697337942860743,25.108313362942702,0.0257166121635802,0.0405496701174024,0.0531806334619468,0.0405496701174024,-15.655781063312006,0.0353391615848608,0.0270099657835477,0.0078262324109376,-10.625358418128378,-12.549456986531991,-15.685429483545072,20.289723193162818,21.41238866908092
6802,Cc1occc1CNN,16383,OCC1=Cc2ccccc21,18025,[H]OC([H])([H])C12c3c([H])c([H])c([H])c([H])c3C1([H])C1(C([H])([H])[H])OC2([H])C([H])=C1C([H])([H])N([H])N([H])[H],1,3 1 2 3 19 1,0,16.949162969261252,11.327239018877012,20.952426961974297,15.501215975953452,6.932557285046279,22.43377326099973,0.0376108662710492,0.0499331263844957,0.1669970229732645,0.0499331263844957,-8.295033820399347,0.0705666071209149,0.0328643519283101,0.2653657063589099,-5.871332284276733,-11.301745438881198,-13.356374916228049,23.106041055894742,23.38151962543333
6127,Cn1cc(C#N)ccc1=O,16405,O=c1[nH]c2c([nH]1)NON2,17935,[H]C1=C(C#N)C2([H])N(C([H])([H])[H])C(=O)C1([H])C13N([H])ON([H])C21N([H])C(=O)N3[H],0,2 7 3 4 16 0,5,17.7861209153176,10.63629549030055,22.064642833398008,15.061145091285734,9.385932050003715,24.44707714128945,0.007168747415027,0.0313516987729376,0.0161823450899627,0.0313516987729376,-16.80838320057397,0.0147088443566414,0.0322755559445641,0.0066758585252513,-14.656471142714013,-15.280788363816484,-15.201809008108512,21.70319467681992,23.05811540041137
7422,Cn1ccc(C=O)cc1=O,16429,Nc1nc2c([nH]1)NON2,17291,[H]C(=O)C1=C([H])C2([H])N(C([H])([H])[H])C(=O)C1([H])C13N([H])ON([H])C21N=C(N([H])[H])N3[H],1,2 7 3 4 17 1,4,19.9638864881243,12.19336709422527,22.52122350271309,15.250520228851055,8.314383733577834,23.564903962428893,0.0050371094399672,0.0807345043224984,0.0263142232820837,0.0807345043224984,-14.012990352265971,0.0258249836869039,0.0835702983529864,0.0511134834377142,-16.58555303148752,-12.66094150093803,-13.197773927865022,23.60083810337905,23.45218039587644
12249,Cn1ccc(C=O)cc1=O,16429,O=c1[nH]c2c([nH]1)NON2,17935,[H]C(=O)C1=C([H])C2([H])N(C([H])([H])[H])C(=O)C1([H])C13N([H])ON([H])C21N([H])C(=O)N3[H],0,2 7 3 4 17 0,5,17.68854245643487,10.396454248031452,21.835908881057303,14.97112409069995,8.92227301049487,23.89339710119482,0.0055263700761171,0.047661201262659,0.0165676436595236,0.047661201262659,-18.65685985207613,0.0166006146612213,0.0459494606771473,0.0057865415271353,-16.04949617416554,-15.994556147278672,-16.692200387256683,21.33653258524632,21.569417528198937
13604,Cn1ccc(C=O)cc1=O,16429,OCC1=Cc2ccccc21,18025,[H]OC([H])([H])C12c3c([H])c([H])c([H])c([H])c3C1([H])C1([H])C(=O)N(C([H])([H])[H])C2([H])C([H])=C1C([H])=O,1,2 7 2 3 17 1,0,18.025194186212328,12.669950518545106,22.391581226096044,15.227170149104625,7.033052529195377,22.2602226783,0.0053990360996103,0.0266730764524987,0.0869276227317408,0.0266730764524987,-13.393667859002946,0.027477144108334,0.0571417359772979,0.1158609127279895,-13.041656371096558,-15.895563516611888,-15.9457726146396,23.388639076424063,23.96960977643833
18753,Cn1ccc(C=O)cc1=O,16429,C1=C[C@H]2C=C[C@@H]3CC=C1[C@H]23,13787,[H]C(=O)C1=C([H])C2([H])N(C([H])([H])[H])C(=O)C1([H])C13C([H])=C([H])[C@@]4([H])C([H])=C([H])[C@]([H])(C([H])([H])C21[H])[C@]34[H],0,2 7 7 8 17 0,9,20.212505973041047,7.809146868970257,18.38531606275412,14.851163891655585,8.215217189366637,23.06638108102222,0.0008667116435807,0.0081843685406735,0.0010769480856113,0.0081843685406735,-10.278515960931143,0.0139761107143967,0.0183955002887428,0.0254527198227801,-9.056726834487243,-11.05143055667392,-7.9535785487378945,24.80185752582836,23.82685662201746
6126,Cn1cnc(N)cc1=O,16454,O=c1[nH]c2c([nH]1)NON2,17935,[H]N([H])C1=NC2([H])N(C([H])([H])[H])C(=O)C1([H])C13N([H])ON([H])C21N([H])C(=O)N3[H],1,2 6 3 4 16 1,4,17.789853007077962,9.117763739521529,19.8370914573621,15.163126326641208,9.673729847753272,24.83685617439448,0.0187260187195417,0.0305917728026721,0.0185377461100378,0.0305917728026721,-16.114416783529656,0.0149823747210003,0.0391172078980542,0.005782091913863,-13.131193992752555,-15.481633073650784,-20.198867618655143,22.72697052039794,23.536751845347244
6127,Cn1cncc(N)c1=O,16458,O=c1[nH]c2c([nH]1)NON2,17935,[H]C1=NC2([H])N(C([H])([H])[H])C(=O)C1(N([H])[H])C13N([H])ON([H])C21N([H])C(=O)N3[H],0,2 5 3 4 16 0,5,18.13392118932997,10.214600934274976,21.747887088709057,15.333454288134234,10.918748785643212,26.252203073777448,0.019612555572225,0.0328081148415426,0.0124665168954918,0.0328081148415426,-13.17276690393402,0.0213840019474185,0.0071521737843892,0.0007085408952086,-10.823362615308907,-12.383349824785313,-17.81373446535205,23.103549405919047,23.40408926117278
1289,FC(F)(F)c1ccnnc1,16506,FC(F)(F)C1=CC=C=CN1,16502,[H]C1=C2C3([H])N=NC([H])(C([H])=C3C(F)(F)F)C2([H])C([H])=C(C(F)(F)F)N1[H],0,6 9 6 7 13 0,17,19.937713916339497,8.367996063643279,20.39030086057092,15.573247365639904,8.144828139272306,23.71807550491221,0.0063725521035012,0.0078690634135144,0.0037088690325593,0.0078690634135144,-9.404395301185644,0.0038974850660229,0.0107447223667282,0.015480444057126,-8.826643171833872,-13.593711407233968,-10.539470954780448,24.494768146298348,22.891078485003224
11139,FC(F)(F)c1ccnnc1,16506,Nc1nc2c([nH]1)NON2,17291,[H]C1=C(C(F)(F)F)C2([H])N=NC1([H])C13N=C(N([H])[H])N([H])C21N([H])ON3[H],1,6 9 3 4 13 1,12,20.340093969915124,10.59668268109754,21.773458269279885,15.725746293053188,10.134904713593826,25.86065100664701,0.0077546248837433,0.0205555007810337,0.0125437465098501,0.0205555007810337,-4.920920606248615,0.0054365147444655,0.0223797479226907,0.0353387520760962,-6.434663442975356,-6.560692886723178,-7.6212380441556,25.04232170371745,22.89062672244077
18376,FC(F)(F)c1ccnnc1,16506,O=c1[nH]c2c([nH]1)NON2,17935,[H]C1=C(C(F)(F)F)C2([H])N=NC1([H])C13N([H])ON([H])C21N([H])C(=O)N3[H],1,6 9 3 4 13 1,10,17.707000580536345,9.197751791983958,19.151922601587057,15.369630893677233,10.98804895681078,26.35767985048801,0.0030946138794031,0.00927632668978,0.0202356290174382,0.00927632668978,-10.109651668645611,0.0026086643300071,0.009799349294232,0.0037446819810611,-6.357266142201908,-9.85038222469369,-12.663352268705388,22.17297560311551,20.0591618161637
20342,FC(F)(F)c1ccnnc1,16506,OC1=C(O)c2ccccc21,18015,[H]OC12c3c([H])c([H])c([H])c([H])c3C1(O[H])C1([H])N=NC2([H])C([H])=C1C(F)(F)F,1,6 9 1 2 13 1,2,19.54578006482629,13.871431586359504,22.68399621805345,15.908104061207052,11.83972587109377,27.747829932300824,0.0036972282094762,0.0032872228258728,0.0059700542687184,0.0032872228258728,-12.297506115099708,0.0101181910748604,0.0069068570097896,0.0259962770953114,-12.168909476828354,-12.06389798306077,-11.039435657283732,24.753674636013614,23.406027594337623
20410,FC(F)(F)c1ccnnc1,16506,OCC1=Cc2ccccc21,18025,[H]OC([H])([H])C12c3c([H])c([H])c([H])c([H])c3C1([H])C1([H])N=NC2([H])C([H])=C1C(F)(F)F,1,6 9 2 3 13 1,4,19.20502265368183,10.915099720959343,21.740038761761035,15.625320216674664,9.415949604915015,25.04126982158968,0.0042257879890404,0.015267226669096,0.0202445699890094,0.015267226669096,-6.751765245782941,0.0101308286397753,0.0241720957673978,0.0878859935410811,-6.323651341116083,-9.63472078622798,-12.429709328250262,24.249581597174327,21.50076546086534
18382,FC(F)(F)c1cnccn1,16510,O=c1[nH]c2c([nH]1)NON2,17935,[H]C1=NC2([H])C(C(F)(F)F)=NC1([H])C13N([H])ON([H])C21N([H])C(=O)N3[H],1,8 5 3 4 13 1,16,17.999568256956223,11.385962575948408,20.7832066888546,15.114569395618112,10.46262721939782,25.57719661501593,0.0004948873862984,0.0024016685648492,0.0263060848005204,0.0024016685648492,-9.293973712496822,0.0009783446088599,0.0053458546251886,0.0030275437818296,-4.130959159462115,-8.666644319104968,-8.6245183031441,23.664148032569955,21.76608673935902
20414,FC(F)(F)c1cnccn1,16510,OCC1=Cc2ccccc21,18025,[H]OC([H])([H])C12c3c([H])c([H])c([H])c([H])c3C1([H])C1([H])N=C([H])C2([H])N=C1C(F)(F)F,1,8 5 2 3 13 1,8,18.02417494770131,12.299925898927317,21.205204304847705,15.444801804362935,9.169947047843404,24.61474885220634,0.0010266606621038,0.0019397585215453,0.0270031626235438,0.0019397585215453,-5.313681143152429,0.007673251701732,0.0071090924729764,0.0366740569665775,-4.945045837084429,-8.227417137333475,-9.129465612321257,23.57982629850204,21.41073299019877
4732,FC(F)=C(F)C(F)=C(F)F,16517,C1=C[C@H]2C=C[C@@H]3CC=C1[C@H]23,13787,[H]C1=C([H])[C@@]2([H])C([H])=C([H])[C@]3([H])C([H])([H])C4([H])C1(C(F)(F)C(F)=C(F)C4(F)F)[C@]23[H],0,1 7 7 8 10 0,5,21.075743994644288,3.23174462207688,13.95424566567614,14.841156759381189,11.492391162588406,26.3335479219696,0.0012256970055549,0.0045005694497201,0.0009326889608565,0.0045005694497201,-48.9607119768651,0.0228441157022716,0.0028399139576723,0.0108154144705458,-49.11893054637245,-56.81394204288682,-54.53551054044696,24.905957907583453,23.4316702054925
12249,Fc1ccc2cncn2c1,16553,O=c1[nH]c2c([nH]1)NON2,17935,[H]C1=C(F)C2([H])n3c([H])nc([H])c3C1([H])C13N([H])ON([H])C21N([H])C(=O)N3[H],0,9 3 3 4 15 0,5,17.339586971569478,9.698208889045926,18.246053902077907,14.957366397613104,11.964172051856714,26.92153844946981,0.0175703172522413,0.0486484740990352,0.0149091598221482,0.0486484740990352,-13.35811424386295,0.0216624941398407,0.0530097412535626,0.0024904876378607,-9.545187376600223,-10.550348033082829,-14.405254209118652,22.984686951780887,23.633589892732644
18370,Fc1nc(F)c(F)c(F)n1,16584,O=c1[nH]c2c([nH]1)NON2,17935,[H]N1ON([H])C23N([H])C(=O)N([H])C12C1(F)N=C(F)C3(F)C(F)=N1,1,1 5 3 4 10 1,4,20.95391309503012,10.559625929294269,20.80420738338944,15.46026994815751,12.124567297215812,27.58483724537332,0.0242851731089414,0.0045198231150569,0.0081301260662028,0.0045198231150569,-4.383775757932412,0.0218598082548216,0.0024755252502458,0.0002258304233073,0.0725976043716976,-5.196296696188437,-8.520253313952352,22.983678481931705,22.684851501271112
1065,Fc1nc(F)c(F)nc1F,16585,FC(F)(F)C1=CC=C=CN1,16502,[H]C1=C2C3(F)N=C(F)C(F)(N=C3F)C2([H])C([H])=C(C(F)(F)F)N1[H],0,1 5 6 7 10 0,5,20.44632134889396,8.574366484710868,21.55409164115696,15.633129701402686,7.842143896616868,23.475273598019555,0.0166578990696175,0.0005556664875015,0.0001181412689505,0.0005556664875015,-11.050516273544602,0.0138243690436585,0.002044038146558,0.0006988212734018,-12.184193165282998,-14.270157240765514,-12.2613805800436,22.356549366420754,22.324995084483007
9280,Fc1nc(F)c(F)nc1F,16585,Nc1nc2c([nH]1)NON2,17291,[H]N([H])C1=NC23N([H])ON([H])C2(N1[H])C1(F)N=C(F)C3(F)N=C1F,1,1 5 3 4 10 1,4,20.94413680110889,10.357021137568148,24.32573690867283,15.466103995689537,8.568144462220054,24.03424845790959,0.0110360860345101,0.0066528862765773,0.0082654216237181,0.0066528862765773,-6.477563080494903,0.0086161701386364,0.003855666982621,0.0034128026107646,-6.381750049567316,-6.90772752098626,-8.714857711905893,22.33815455301589,21.364593916549985
15327,Fc1nc(F)c(F)nc1F,16585,O=c1[nH]c2c([nH]1)NON2,17935,[H]N1ON([H])C23N([H])C(=O)N([H])C12C1(F)N=C(F)C3(F)N=C1F,1,3 8 3 4 10 1,10,18.21790174484633,9.362207561459586,21.11466314838206,15.224426308571111,9.097033737522269,24.32146004609337,0.0014592430483485,0.0002125755563365,0.0048858257689815,0.0002125755563365,-10.19074047244804,0.0009571037392879,0.0003399073692021,0.0001096056649631,-4.881233771101719,-10.423431407148016,-13.186368206462951,19.69154284575093,18.98250629412227
16966,Fc1nc(F)c(F)nc1F,16585,OC1=C(O)c2ccccc21,18015,[H]OC12c3c([H])c([H])c([H])c([H])c3C1(O[H])C1(F)N=C(F)C2(F)N=C1F,1,1 5 1 2 10 1,0,20.56756726780173,14.299236569238069,24.235861978802337,15.825519474934788,9.37776303910684,25.203282514041625,0.0069143949557848,0.0026289892944391,0.0032962866145918,0.0026289892944391,-13.682128319908912,0.0058394344271328,0.0033240002689945,0.0020414578719101,-14.884320485127011,-12.862987415398427,-9.891712834469544,23.66713321565298,23.300247836964488
17027,Fc1nc(F)c(F)nc1F,16585,OCC1=Cc2ccccc21,18025,[H]OC([H])([H])C12c3c([H])c([H])c([H])c([H])c3C1([H])C1(F)N=C(F)C2(F)N=C1F,1,1 5 3 2 10 1,2,19.76739834757039,11.614077656475814,23.03367252792953,15.51143271168142,7.78626314025977,23.29769585194119,0.0387067710998973,0.0053926685434547,0.0016847487200878,0.0053926685434547,-8.55033712134908,0.067668681815182,0.0014857918175219,0.0119323293720239,-9.03939154015218,-11.422312767609084,-12.519615513630685,23.10973810212796,21.602185026702383
17522,Fc1nc(F)c(F)nc1F,16585,O[C@@H]1CC/C=C/CCC1,18100,[H]O[C@@]1([H])C([H])([H])C([H])([H])C([H])([H])C2([H])C3(F)N=C(F)C(F)(N=C3F)C2([H])C([H])([H])C1([H])[H],1,3 8 5 6 10 1,6,21.849506775707333,5.208202140120983,20.21013047026464,15.360465092720135,6.436446125784837,21.79691121850497,0.0493621380226743,0.0134424655415264,0.0104205946301937,0.0134424655415264,-8.58931669309841,0.0101613925063269,0.0034447068065769,0.0025943324673495,-6.529776768223144,-7.112341678891571,-5.719283348956861,23.774831570678334,22.650577136902434
23493,Fc1nc(F)c(F)nc1F,16585,C1=C[C@H]2C=C[C@@H]3CC=C1[C@H]23,13787,[H]C1=C([H])[C@@]2([H])C([H])=C([H])[C@]3([H])C([H])([H])C4([H])C5(F)N=C(F)C(F)(N=C5F)C14[C@]23[H],1,3 8 8 7 10 1,22,21.635329953986755,6.5671282388961565,21.235447270634182,15.237707982201051,7.380843252908903,22.618551235109955,5.664789633686857e-06,1.3469005796257831e-05,0.0005013619139889,1.3469005796257831e-05,-6.104393077073524,7.716691199531953e-05,0.0006458647235466,8.507945906253328e-05,-7.003342074364355,-6.95324677197728,-7.096581488907088,22.423453606115565,20.58960800725428
18371,Fc1ncc(F)c(F)n1,16586,O=c1[nH]c2c([nH]1)NON2,17935,[H]C1=NC2(F)N=C(F)C1(F)C13N([H])ON([H])C21N([H])C(=O)N3[H],0,1 4 3 4 10 0,5,21.38207601769541,11.240632699078327,21.458632510639944,15.350398668799736,12.397594597426128,27.747993266225865,0.0094607705329996,0.0129870670627713,0.0227615068038939,0.0129870670627713,-4.241956867387145,0.0239674719650192,0.0035550351428441,0.0008883221098961,-0.5830100754181586,-4.085081966150273,-6.093467839810895,23.87392141382029,23.880551643008623
1065,Fc1nccnc1F,16591,FC(F)(F)C1=CC=C=CN1,16502,[H]C1=NC2(F)C(F)=NC1([H])C1=C([H])N([H])C(C(F)(F)F)=C([H])C12[H],0,1 4 6 7 10 0,5,19.201085771434464,8.708411068207702,20.485052640025096,15.428331550951146,7.594453191018491,23.02278474196964,0.0180115030956327,0.0075043401165758,0.000565850699928,0.0075043401165758,-10.232555301323266,0.0182896957996003,0.0301396974246214,0.0035646893608126,-10.528178964967717,-11.230280687174464,-9.433022905856369,23.04738428996004,22.142951390107694
15321,Fc1nccnc1F,16591,O=c1[nH]c2c([nH]1)NON2,17935,[H]C1=NC2(F)C(F)=NC1([H])C13N([H])ON([H])C21N([H])C(=O)N3[H],1,1 4 3 4 10 1,4,17.350340531633655,10.248488537375756,19.36844472236084,15.033807174497769,10.211267360757972,25.24507453525574,0.0130211058906634,0.0166896031858057,0.0372511624322814,0.0166896031858057,-6.778844206334767,0.0077437180234165,0.0174396643106329,0.0030089265065163,-2.513470736768077,-6.767698081577933,-8.996794431691491,22.386528998143127,20.423598232894047
17027,Fc1nccnc1F,16591,OCC1=Cc2ccccc21,18025,[H]OC([H])([H])C12c3c([H])c([H])c([H])c([H])c3C1([H])C1(F)N=C([H])C2([H])N=C1F,1,1 4 3 2 10 1,2,18.53265200999257,11.766154197946314,21.835560713458623,15.286203265851263,8.236545616201923,23.522748882053182,0.0637155999308267,0.0075640177503224,0.0132077931859645,0.0075640177503224,-4.914714450444002,0.1638961615826655,0.0114222961598471,0.0347052869337846,-5.922968178777275,-8.271954166493373,-9.162153725462474,23.431109321017907,21.64567129126578
12254,N#C/N=C(\N)c1ccco1,16596,O=c1[nH]c2c([nH]1)NON2,17935,[H]C1=C([H])C2(/C(=N/C#N)N([H])[H])OC1([H])C13N([H])ON([H])C21N([H])C(=O)N3[H],1,5 8 3 4 15 1,10,16.46372824325961,9.845295734451728,21.343011588258893,15.584709292680207,8.668458176253395,24.253167468933604,0.0020480681403758,0.0224476295498079,0.0043348951898609,0.0224476295498079,-6.111915001929425,0.0055814149095766,0.0508952664868334,0.0064911443119408,-4.022331133981659,-5.975037523028902,-8.041462666839656,22.1486826138467,22.17073553014227
429,N#CC1(c2cocn2)CC1,16606,FC(F)(F)C1=CC=C=CN1,16502,[H]C1=C2C3([H])OC([H])(N=C3C3(C#N)C([H])([H])C3([H])[H])C2([H])C([H])=C(C(F)(F)F)N1[H],0,6 4 6 7 16 0,5,17.265128309589258,8.898535640754096,21.53811737569606,15.533113970585106,4.839679975622079,20.372793946207185,0.0252186156815871,0.0318442131577399,0.0167072948698641,0.0318442131577399,-16.566626290187436,0.0299943977788994,0.0850426547113812,0.0255631058704647,-14.59195995637232,-18.97019006928236,-15.527503097955432,21.634520525584666,23.177848244454303
6127,N#CC1(c2cocn2)CC1,16606,O=c1[nH]c2c([nH]1)NON2,17935,[H]N1ON([H])C23N([H])C(=O)N([H])C12C1([H])N=C(C2(C#N)C([H])([H])C2([H])[H])C3([H])O1,0,6 4 3 4 16 0,5,15.216794421788569,8.993596256900261,18.15502001688807,14.863456916885545,9.274970941892176,24.13842785877772,0.0251459467246067,0.0554115658153025,0.066697804583621,0.0554115658153025,-12.2893844413029,0.0385149602648205,0.0341105043059447,0.005922143318273,-8.533111665569727,-11.688019467248324,-14.806153227626602,19.979022469055376,21.692089864164043
6804,N#CC1(c2cocn2)CC1,16606,OCC1=Cc2ccccc21,18025,[H]OC([H])([H])C12c3c([H])c([H])c([H])c([H])c3C1([H])C1([H])N=C(C3(C#N)C([H])([H])C3([H])[H])C2([H])O1,1,6 4 3 2 16 1,2,15.94547729929071,11.382606474877072,19.43259776351789,15.0077244627261,7.102118315658398,22.109842778384497,0.0798561104090026,0.0141374529734191,0.0415505073184544,0.0141374529734191,-10.446596588039178,0.2203559248251294,0.0214316301123461,0.2363476938380235,-10.95100365899787,-12.54799066141382,-12.839151258223405,22.21888363304128,22.653900870567306
6126,N#CCC1=CC=CO[C@@H]1O,16618,O=c1[nH]c2c([nH]1)NON2,17935,[H]O[C@@]1([H])OC2([H])C([H])=C([H])C1(C([H])([H])C#N)C13N([H])ON([H])C21N([H])C(=O)N3[H],1,3 6 3 4 17 1,4,14.364985593628102,8.182191982526707,16.580476441185585,15.407628493919884,6.522673131910576,21.93030162583046,0.0304278842161791,0.0347857404935065,0.0130118144789922,0.0347857404935065,-34.33786110134706,0.0209520308906513,0.0568785478975551,0.0034668384597473,-29.61269746833218,-29.75308768203161,-29.49030719556885,20.29926023040673,21.7905659863128
6802,N#CCC1=CC=CO[C@@H]1O,16618,OCC1=Cc2ccccc21,18025,[H]OC([H])([H])C12c3c([H])c([H])c([H])c([H])c3C1([H])C1([H])O[C@]([H])(O[H])C2(C([H])([H])C#N)C([H])=C1[H],1,3 6 2 3 17 1,0,16.69310594438457,10.824909750279536,20.29826548877144,15.529833087790037,6.517275261120179,22.04710834891021,0.0214866084726579,0.0203640663573819,0.0168512945148179,0.0203640663573819,-28.08323523470589,0.0846194346425403,0.0468725012577475,0.137802121863943,-26.38846396239408,-30.28052181448605,-27.089799845146672,22.293911937320708,23.69587111501425
6126,N#CCc1cnco1,16644,O=c1[nH]c2c([nH]1)NON2,17935,[H]C1=NC2([H])OC1(C([H])([H])C#N)C13N([H])ON([H])C21N([H])C(=O)N3[H],1,3 6 3 4 12 1,4,16.17025352408684,9.033241719280374,17.49982600567355,15.090975422307691,9.169706427212828,24.26068184952052,0.0152009370358814,0.0143010342095139,0.0232096478588909,0.0143010342095139,-12.928745952704254,0.009994913137341,0.0088775920255391,0.0016712668706795,-10.295425896972922,-11.234836925816182,-14.551138373272003,22.426858740521027,23.292013432036875
6126,N#Cc1c(N)nc[nH]c1=O,16663,O=c1[nH]c2c([nH]1)NON2,17935,[H]N([H])C1=NC2([H])N([H])C(=O)C1(C#N)C13N([H])ON([H])C21N([H])C(=O)N3[H],1,2 6 3 4 14 1,4,18.29450775060824,9.916718948242108,22.308758129700102,15.50309799434468,8.74774793418003,24.25084592852471,0.0008514544108643,0.0012383630319609,0.0155383120746279,0.0012383630319609,-11.016381382510543,0.0020625158571209,0.0081457381581685,0.0016313215962709,-7.36871470967251,-11.762838490007894,-13.310242256101644,22.054458094804627,21.31009573090424
9382,N#Cc1c(N)nc[nH]c1=O,16663,C1=C[C@H]2C=C[C@@H]3CC=C1[C@H]23,13787,[H]C1=C([H])[C@@]2([H])C([H])=C([H])[C@]3([H])C([H])([H])C4([H])C5([H])N=C(N([H])[H])C(C#N)(C(=O)N5[H])C14[C@]23[H],1,2 6 8 7 14 1,10,20.701621659174343,8.212176079480749,19.19171291060216,14.993926608058436,10.030902753107508,25.024829361165946,3.516748439017372e-06,6.336093977980042e-05,0.0030638796715891,6.336093977980042e-05,-3.007831681561875,0.0001467943311844,0.0003093214399203,0.0007519372633648,-3.958181678973148,-5.345897407522536,-5.488063724266468,24.1166373429337,23.199182813826205
6127,N#Cc1ccc(=O)[nH]c1O,16677,O=c1[nH]c2c([nH]1)NON2,17935,[H]OC12C(C#N)=C([H])C([H])(C(=O)N1[H])C13N([H])ON([H])C21N([H])C(=O)N3[H],0,8 4 3 4 14 0,5,19.26132127379003,11.018147579021443,22.582898637357623,15.356667766860715,11.546475186082152,26.903142952942865,0.0111796391017664,0.0109003496001834,0.0194315869087336,0.0109003496001834,-12.16297760592706,0.060708001853482,0.0159807266587748,0.0050393293711905,-10.12674617109512,-12.36036318076816,-14.820583178416683,22.75587343326024,23.92289164954424
18377,N#Cc1ccnc(NN)c1,16697,O=c1[nH]c2c([nH]1)NON2,17935,[H]C1=C(C#N)C2([H])C(N([H])N([H])[H])=NC1([H])C13N([H])ON([H])C21N([H])C(=O)N3[H],0,4 9 3 4 16 0,11,18.268672997026663,10.84675431275212,19.908750123520377,14.954266888031196,13.84519762858274,28.79946451661393,0.0134039419022904,0.0267872268644976,0.0125076711706396,0.0267872268644976,-10.910820028521933,0.0086787683764617,0.0285162390945569,0.0095439245858735,-6.576462072416277,-7.851946592331359,-11.947712610621195,22.817419066476884,22.016408947141567
20412,N#Cc1ccnc(NN)c1,16697,OCC1=Cc2ccccc21,18025,[H]OC([H])([H])C12c3c([H])c([H])c([H])c([H])c3C1([H])C1([H])N=C(N([H])N([H])[H])C2([H])C(C#N)=C1[H],1,4 9 3 2 16 1,6,19.15356548286772,13.095358019617318,21.34747251679609,15.33497710140567,10.525271496592929,25.8602485979986,0.0221542800020397,0.0098300773527107,0.0088437415940924,0.0098300773527107,-6.489430233418936,0.0582200207308395,0.015674069012547,0.0862330568586338,-7.618005939676202,-8.682293223676837,-10.604089780649204,24.61337018250732,23.956414722295712
1301,N#Cc1cnc(F)cn1,16701,FC(F)(F)C1=CC=C=CN1,16502,[H]C1=C2C3([H])N=C(F)C([H])(N=C3C#N)C2([H])C([H])=C(C(F)(F)F)N1[H],0,7 3 6 7 11 0,29,19.775992511457385,9.610685410372778,20.647719243040545,15.432268419323576,7.797064853464761,23.22933327278833,0.0181096189951768,0.0013372114265203,0.0029801795329117,0.0013372114265203,-9.641065688712745,0.0076739271635953,0.0152330259625759,0.0017844207893648,-8.528094425694604,-9.75869765768332,-9.4683981665804,23.270306447687734,22.29314055045328
11147,N#Cc1cnc(F)cn1,16701,Nc1nc2c([nH]1)NON2,17291,[H]N([H])C1=NC23N([H])ON([H])C2(N1[H])C1([H])N=C(F)C3([H])N=C1C#N,1,7 3 3 4 11 1,20,20.07389045716964,12.165634472802122,23.13713063407165,15.238365433968369,8.0703101713117,23.308675605280065,0.0049389057029777,0.0037342364144375,0.0263403316188571,0.0037342364144375,-5.367366457155306,0.0042731383227363,0.0136757745819878,0.0118717269316663,-5.794920526904377,-5.05633070774719,-6.85184478605867,23.594151500923235,23.05197112756948
18382,N#Cc1cnc(F)cn1,16701,O=c1[nH]c2c([nH]1)NON2,17935,[H]N1ON([H])C23N([H])C(=O)N([H])C12C1([H])N=C(C#N)C3([H])N=C1F,1,7 3 3 4 11 1,16,17.522869231359415,11.334193284369327,20.90919457615839,14.933391362855753,9.87538830928878,24.80877967214453,0.0037463033642399,0.0028955306405255,0.0281842436356889,0.0028955306405255,-9.52367149363758,0.002679012076407,0.0055586534404754,0.0007500287206975,-5.108578997304626,-8.875761833059826,-10.630293579382212,21.40513635906203,19.894215175335617
20344,N#Cc1cnc(F)cn1,16701,OC1=C(O)c2ccccc21,18015,[H]OC12c3c([H])c([H])c([H])c([H])c3C1(O[H])C1([H])N=C(F)C2([H])N=C1C#N,1,7 3 1 2 11 1,4,19.27340685836114,15.265001637092098,23.47362231437028,15.464695756921133,9.06709946971037,24.531795226631505,0.005847553972634,0.0012667407651536,0.0080022160230722,0.0012667407651536,-12.473700245964864,0.0064263339803555,0.0090384501703473,0.0040200416594983,-13.54719555558924,-11.119947633431806,-8.617203112691818,24.04934096580055,23.30461948531732
20416,N#Cc1cnc(F)cn1,16701,OCC1=Cc2ccccc21,18025,[H]OC([H])([H])C12c3c([H])c([H])c([H])c([H])c3C1([H])C1([H])N=C(C#N)C2([H])N=C1F,1,7 3 3 2 11 1,10,18.03296640816133,12.26042763403383,22.37958643872869,15.310069676002392,6.861146367591783,22.17121604359417,0.0230650452481883,0.0013639288553977,0.0091930416973361,0.0013639288553977,-6.708061231089715,0.0733164569087934,0.0064722099087714,0.008045863633165,-8.327973411452277,-9.238028166026702,-10.98318952509178,22.831351033426795,20.94348206722171
18370,N#Cc1cncc(N)n1,16707,O=c1[nH]c2c([nH]1)NON2,17935,[H]C1=NC2([H])C(N([H])[H])=NC1(C#N)C13N([H])ON([H])C21N([H])C(=O)N3[H],1,2 5 3 4 13 1,4,17.406105692173103,10.139844884628983,22.873211726409263,15.614869184455593,8.554870885511935,24.169740069967528,0.0239135794642042,0.0075089485135569,0.0136233754593757,0.0075089485135569,-9.682483392155548,0.0160002627268116,0.0179658060885635,0.0020850535973,-7.786901469680906,-9.86297744195923,-10.395036189334462,21.95385852376004,20.06524814014437
1276,N#Cc1nc(F)cnc1F,16716,FC(F)(F)C1=CC=C=CN1,16502,[H]C1=C2C3([H])N=C(F)C(C#N)(N=C3F)C2([H])C([H])=C(C(F)(F)F)N1[H],1,2 6 6 7 11 1,4,20.15704756507325,10.543691357575568,19.546210130458785,15.468266101910636,10.621169068279109,26.089435170189745,0.0038196172146483,2.398949924094552e-05,0.0016286176676244,2.398949924094552e-05,-8.364042975979075,0.0003782342998806,0.0007557688606817,0.0009422161058208,-5.640926165488764,-8.914342972942364,-8.32748674771193,23.57384063357609,22.32409589640756
11131,N#Cc1nc(F)cnc1F,16716,Nc1nc2c([nH]1)NON2,17291,[H]N([H])C1=NC23N([H])ON([H])C2(N1[H])C1([H])N=C(F)C3(C#N)N=C1F,1,2 6 3 4 11 1,4,20.455950338090343,12.436889568875433,24.612678743543263,15.629398391242534,8.490763797389544,24.12016218863208,0.0038839166356191,0.0003118331379626,0.0053487347583138,0.0003118331379626,-1.850725005354324,0.0007748430698423,0.0039807569656405,0.0017851196695079,-3.48376309879027,-3.012017095702909,-6.296079437367538,22.592762488967736,21.52770296074356
18370,N#Cc1nc(F)cnc1F,16716,O=c1[nH]c2c([nH]1)NON2,17935,[H]N1ON([H])C23N([H])C(=O)N([H])C12C1([H])N=C(F)C3(C#N)N=C1F,1,2 6 3 4 11 1,4,17.68527621401557,11.4006262499198,22.352963655501227,15.38149684161302,9.617849432156518,24.99934627376954,0.003079728235306,0.0001238861515099,0.0049315617802591,0.0001238861515099,-5.403372200794991,0.000484991095682,0.0016584206522746,0.0001595519874569,-1.774931414280104,-6.898264568487033,-10.058209769785982,20.53683305013989,19.21804571847564
20340,N#Cc1nc(F)cnc1F,16716,OC1=C(O)c2ccccc21,18015,[H]OC12c3c([H])c([H])c([H])c([H])c3C1(O[H])C1(C#N)N=C(F)C2([H])N=C1F,1,2 6 1 2 11 1,0,19.833541670477945,15.697492895566764,24.667107856038854,15.811890341633582,9.139334808006105,24.951225149639686,0.0035456446199221,5.47580705065565e-05,0.0024077114859612,5.47580705065565e-05,-10.699493344799386,0.0015347553213712,0.0047443552859356,0.0011296237600842,-13.025047417839396,-9.190615881456084,-7.252370147994942,24.38064074960048,22.948465474711945
20408,N#Cc1nc(F)cnc1F,16716,OCC1=Cc2ccccc21,18025,[H]OC([H])([H])C12c3c([H])c([H])c([H])c([H])c3C1([H])C1(C#N)N=C(F)C2([H])N=C1F,1,2 6 3 2 11 1,2,18.59113334868688,12.53661218051695,24.4320989770023,15.495649400480715,7.010372330671444,22.50602173115216,0.015973789282586,3.7392552573207294e-05,0.0022963294986416,3.7392552573207294e-05,-5.5504253375427695,0.0157312541242773,0.0005934076381504,0.0021794934103604,-9.050985834730035,-7.894062763733984,-9.581531518773843,22.58938145121728,20.28555354527492
18370,N#Cc1nccnc1O,16723,O=c1[nH]c2c([nH]1)NON2,17935,[H]OC1=NC2([H])C([H])=NC1(C#N)C13N([H])ON([H])C21N([H])C(=O)N3[H],1,2 5 3 4 12 1,4,18.04831182531175,11.351249049764494,23.004971980188543,15.27646885808631,9.623592493113732,24.900061351200044,0.0066467578810181,0.016116108957796,0.0339632982494095,0.016116108957796,-5.622118848590361,0.0078375239293802,0.0293751356980432,0.0056499219374863,-3.0639138345626264,-7.050546720639833,-8.462004452362628,22.524907685478603,21.132602904530728
20408,N#Cc1nccnc1O,16723,OCC1=Cc2ccccc21,18025,[H]OC1=NC2([H])C([H])=NC1(C#N)C1([H])c3c([H])c([H])c([H])c([H])c3C21C([H])([H])O[H],1,2 5 3 2 12 1,2,18.596641071009618,12.721315259437471,24.31591124387807,15.526720271446584,5.873932148427173,21.40065241987376,0.0360897188272184,0.0138001507416921,0.0234346807649978,0.0138001507416921,-5.397327343471872,0.0796543989375457,0.0267446147310511,0.1314251289876949,-7.875079858390606,-8.723686130322783,-9.224442429675785,22.643867980824847,22.13117686127144
6127,N#Cc1occc1C1CC1,16729,O=c1[nH]c2c([nH]1)NON2,17935,[H]C1=C(C2([H])C([H])([H])C2([H])[H])C2(C#N)OC1([H])C13N([H])ON([H])C21N([H])C(=O)N3[H],0,4 2 3 4 17 0,5,17.049032070338406,9.322202829031344,18.77779993039345,14.978906113974928,11.998106372046554,26.97701248602148,0.0122377422856473,0.0517707366535299,0.0207857767795064,0.0517707366535299,-9.360542012991132,0.0151824473074747,0.032875227560259,0.0054849762200779,-5.303465343477605,-7.340140869373801,-11.908613259881704,21.93367265639652,23.09837906205228
12254,NC(=O)c1cccc(=O)[nH]1,16849,O=c1[nH]c2c([nH]1)NON2,17935,[H]C1=C([H])C2(C(=O)N([H])[H])N([H])C(=O)C1([H])C13N([H])ON([H])C21N([H])C(=O)N3[H],1,3 6 3 4 16 1,10,18.05201922295415,10.16447484852057,22.837223001793348,15.348315538893566,9.415212414268474,24.76352795316204,0.0136566939159866,0.0221822511785462,0.0128072757022997,0.0221822511785462,-10.239300846172853,0.0180285471561557,0.0254457633893132,0.0042075331029245,-10.372324794458542,-12.58601745214922,-15.137554674634387,21.496527194906832,21.793051495837684
13610,NC(=O)c1cccc(=O)[nH]1,16849,OCC1=Cc2ccccc21,18025,[H]OC([H])([H])C12c3c([H])c([H])c([H])c([H])c3C1([H])C1(C(=O)N([H])[H])C([H])=C([H])C2([H])C(=O)N1[H],1,3 6 3 2 16 1,6,17.983392866354066,13.260450456148806,23.77572684948744,15.185363745853488,7.857463671019705,23.042827416873195,0.0860208452261866,0.0153818129526704,0.0481839588254985,0.0153818129526704,-11.741478804320488,0.1706428036340093,0.0407244539802122,0.0916939434538432,-12.26093372160532,-13.198688730676784,-15.974790416394612,23.13546729149172,23.989416457959614
5419,NC1(c2ccoc2)CC1,16880,O=CC#CC(F)(F)F,17787,[H]C(=O)C1=C(C(F)(F)F)C2([H])OC1([H])C([H])=C2C1(N([H])[H])C([H])([H])C1([H])[H],1,6 4 3 2 18 1,1,14.55827123676099,14.551251991213148,21.568462081353907,15.533134007803357,8.749603206737547,24.2827372145409,1.3017038185373724e-05,0.0132445534208653,0.0084900940957364,0.0132445534208653,-7.043283865557726,0.0039281393502316,0.016651292081519,0.0234102000314612,-6.961039961438075,-6.676971900913287,-8.05561093799627,23.276077960596112,22.88990718461444
6127,NC1(c2ccoc2)CC1,16880,O=c1[nH]c2c([nH]1)NON2,17935,[H]C1=C(C2(N([H])[H])C([H])([H])C2([H])[H])C2([H])OC1([H])C13N([H])ON([H])C21N([H])C(=O)N3[H],0,6 4 3 4 18 0,5,14.939500672180596,8.329667873633763,18.002183599963846,15.44856259346603,7.786355860319006,23.234918453785035,0.0139047190980325,0.0278052702818279,0.0426214969627187,0.0278052702818279,-16.859865587368624,0.0313365495856602,0.0434087434910564,0.0038298254660614,-13.4978729890316,-13.380769829827264,-16.338656702110498,19.39099905170367,21.219407378026368
6804,NC1(c2ccoc2)CC1,16880,OCC1=Cc2ccccc21,18025,[H]OC([H])([H])C12c3c([H])c([H])c([H])c([H])c3C1([H])C1([H])OC2([H])C([H])=C1C1(N([H])[H])C([H])([H])C1([H])[H],1,6 4 3 2 18 1,2,15.15857296143346,11.961829411788262,19.099674923629703,15.113028827332707,8.222695567634904,23.335724394967613,0.122006598563304,0.0172871291105602,0.0661194550633657,0.0172871291105602,-10.29321643619204,0.2213484159506757,0.0122972094987627,0.2622687927783051,-11.101977804448175,-12.79946495877838,-13.847066532805194,22.45020032047181,22.92034455188608
18383,NC1(c2cnccn2)CC1,16881,O=c1[nH]c2c([nH]1)NON2,17935,[H]C1=NC2([H])C(C3(N([H])[H])C([H])([H])C3([H])[H])=NC1([H])C13N([H])ON([H])C21N([H])C(=O)N3[H],0,6 3 3 4 19 0,17,17.15047120395049,9.916451339467969,19.91868559319945,15.19626629647014,10.879340587673852,26.07560688414399,0.0222354669918251,0.0469074724828478,0.041140507960518,0.0469074724828478,-12.321542837141608,0.0104670667344956,0.0513603721767187,0.0070577191822092,-7.289551418898036,-9.655037167574598,-11.721578710447623,23.1119283256262,22.29499006147706
20414,NC1(c2cnccn2)CC1,16881,OCC1=Cc2ccccc21,18025,[H]OC([H])([H])C12c3c([H])c([H])c([H])c([H])c3C1([H])C1([H])N=C([H])C2([H])N=C1C1(N([H])[H])C([H])([H])C1([H])[H],1,6 3 2 3 19 1,8,18.350820325142827,11.709492064392355,20.98819921066526,15.48978050847156,7.864400821143118,23.35418132961468,0.0109159715972367,0.0507295916444114,0.0903695672905919,0.0507295916444114,-8.451915251199196,0.0205573186401429,0.072880646772449,0.1307704520948341,-7.578380156947645,-10.033329272727045,-9.536741435851326,24.247794437873125,23.877626900992105
429,NC1=C(O)C(O)=C(CO)C1,16890,FC(F)(F)C1=CC=C=CN1,16502,[H]OC1=C(O[H])C2(N([H])[H])C3([H])C([H])=C(C(F)(F)F)N([H])C([H])=C3C1(C([H])([H])O[H])C2([H])[H],0,1 6 6 7 19 0,5,15.279347928500387,9.529137858384797,26.612494019796905,16.604100350139046,0.1472956480384688,16.751395998177514,0.0466661322481658,0.0271326000749593,0.0132669163467292,0.0271326000749593,-31.13983493513496,0.0791189980979827,0.0472373364315578,0.0408802312181392,-30.954080071929425,-33.164144149709976,-21.41012978175401,17.66117272239427,19.2950307409339
889,NC1=C(O)C(O)=C(CO)C1,16890,N#CC(F)(F)C(F)=C(F)F,16603,[H]OC1=C(O[H])C2(N([H])[H])C([H])([H])C1(C([H])([H])O[H])C(F)(F)C2(F)C(F)(F)C#N,0,1 6 5 7 19 0,1,13.468534393918748,20.4909915928284,27.78051927874941,16.18907634510611,6.179379028695664,22.368455373801773,0.0014027986079493,0.0027870988702978,0.0171861444805484,0.0027870988702978,-15.329029149697256,0.0277081751769851,0.0138718620197573,0.0418842742995277,-14.249549509018898,-17.71757170066043,-16.731622003746644,21.585278658226777,21.434682291800453
2056,NC1=C(O)C(O)=C(CO)C1,16890,NC(=O)C#CC(N)=O,16803,[H]OC1=C(O[H])C2(C([H])([H])O[H])C(C(=O)N([H])[H])=C(C(=O)N([H])[H])C1(N([H])[H])C2([H])[H],1,1 6 3 4 19 1,0,12.404914472886476,15.14098110919436,23.31513180378224,16.157719451991703,7.834084340622137,23.99180379261384,0.6135806075589815,0.0117177322668909,0.0578195513407911,0.0117177322668909,-19.63241049158805,0.417292443938809,0.015780083217032,0.0765778047722895,-20.78365107407928,-20.174322602494904,-20.356519405503114,19.831250336434948,23.526287480413103
3713,NC1=C(O)C(O)=C(CO)C1,16890,Nc1nc2c([nH]1)NON2,17291,[H]OC1=C(O[H])C2(C([H])([H])O[H])C([H])([H])C1(N([H])[H])C13N=C(N([H])[H])N([H])C12N([H])ON3[H],1,1 6 3 4 19 1,4,12.262976255703158,8.580066136618672,19.62897266942309,16.33283849366558,1.0677240154320202,17.4005625090976,0.1253725835857156,0.0433312377939448,0.0249069132820524,0.0433312377939448,-22.812481359742208,0.1467126353140381,0.0493199332838707,0.0251478451151709,-22.8271234101098,-22.27025621070193,-22.45769913420103,17.19909046094792,18.64043940654397
3784,NC1=C(O)C(O)=C(CO)C1,16890,Nc1nc2occ(O)c2o1,17301,[H]OC1=C([H])OC23N=C(N([H])[H])OC12C1(N([H])[H])C(O[H])=C(O[H])C3(C([H])([H])O[H])C1([H])[H],0,1 6 8 3 19 0,9,15.840880149767026,12.37082236492311,22.335606625585445,16.435551207466407,4.774041048720527,21.209592256186934,0.0492682152619738,0.0149749235686259,0.0729757296148474,0.0149749235686259,-14.137308324730457,0.0283930391094648,0.0209978949299024,0.0246758541415834,-13.316345799979636,-12.022792154837262,-11.518395037017925,21.7142353543969,23.63872585128309
4612,NC1=C(O)C(O)=C(CO)C1,16890,O=C1CC2=C(CC=C2)O1,17558,[H]OC1=C(O[H])C2(C([H])([H])O[H])C([H])([H])C1(N([H])[H])C13C([H])=C([H])C([H])([H])C21OC(=O)C3([H])[H],0,1 6 3 4 19 0,1,15.197211880579877,12.62266782415691,22.19554672355429,16.90296537620964,4.510653510522822,21.41361888673246,0.2726499081420214,0.0206582599855723,0.0607811303714024,0.0206582599855723,-11.690505769155251,0.1413516571378542,0.0114533913914636,0.0484017428987385,-12.025372895701636,-13.458098215663496,-12.632147138195762,21.77981102001489,23.56937523525284
5419,NC1=C(O)C(O)=C(CO)C1,16890,O=CC#CC(F)(F)F,17787,[H]OC1=C(O[H])C2(C([H])([H])O[H])C(C([H])=O)=C(C(F)(F)F)C1(N([H])[H])C2([H])[H],1,1 6 3 2 19 1,1,9.734894834069678,15.087758896268996,25.53427635394801,16.268389228431253,3.469209414083064,19.73759864251432,3.13062753481081e-05,0.0084145229101028,0.0117244824121589,0.0084145229101028,-19.75867833476512,0.003200524100079,0.011443062209542,0.0734210621855248,-19.6149938791574,-21.470995369575206,-23.774349779153795,17.81428536459449,19.700635161699708
6127,NC1=C(O)C(O)=C(CO)C1,16890,O=c1[nH]c2c([nH]1)NON2,17935,[H]OC1=C(O[H])C2(C([H])([H])O[H])C([H])([H])C1(N([H])[H])C13N([H])ON([H])C12N([H])C(=O)N3[H],0,1 6 3 4 19 0,5,10.481904369508744,6.866005736899144,19.18191200310908,15.868911476135654,0.0655883915322128,15.934499867667869,0.0930616355964265,0.0266604166200543,0.0265560096622483,0.0266604166200543,-29.913806083878868,0.1103618489060306,0.0250209980988435,0.0010881311304473,-25.320899810414225,-25.835134138811924,-29.16216729084023,12.440683853339092,13.615311120922213
6780,NC1=C(O)C(O)=C(CO)C1,16890,OC1=C(O)c2ccccc21,18015,[H]OC1=C(O[H])C2(C([H])([H])O[H])C([H])([H])C1(N([H])[H])C1(O[H])c3c([H])c([H])c([H])c([H])c3C12O[H],1,1 6 1 2 19 1,0,13.614117438817273,13.478186230256515,22.3916765714992,16.478371663588902,3.175554731016764,19.653926394605666,0.0483936325131125,0.0066042725461976,0.0487179755601776,0.0066042725461976,-27.232817592533863,0.1188162312769031,0.0339175658416277,0.0262455209849941,-29.14397048304589,-27.486932239668626,-24.61188858223225,17.176344679805517,18.807316643844057
6802,NC1=C(O)C(O)=C(CO)C1,16890,OCC1=Cc2ccccc21,18025,[H]OC1=C(O[H])C2(C([H])([H])O[H])C([H])([H])C1(N([H])[H])C1(C([H])([H])O[H])c3c([H])c([H])c([H])c([H])c3C21[H],1,1 6 2 3 19 1,0,12.610455171645636,10.830417263442222,23.147863985015224,16.108439541746733,1.6187189271101623,17.727158468856896,0.0613589371599379,0.0286618159371752,0.1750809524451903,0.0286618159371752,-21.490319327288127,0.2984029309563683,0.0580181702151756,0.2394998960006632,-20.324428945201824,-25.17498549348276,-25.53788728333837,15.77952720920096,17.260782699886512
7000,NC1=C(O)C(O)=C(CO)C1,16890,O[C@@H]1CC/C=C/CCC1,18100,[H]OC1=C(O[H])C2(C([H])([H])O[H])C([H])([H])C1(N([H])[H])C1([H])C([H])([H])C([H])([H])C([H])([H])[C@]([H])(O[H])C([H])([H])C([H])([H])C21[H],1,1 6 5 6 19 1,2,14.174450234724986,1.4537106478291744,15.672574119579492,15.503081587433812,-0.0930346405225996,15.410046946911212,0.440833010022558,0.1158317752886713,0.163161151458181,0.1158317752886713,-13.607946457603164,0.8184850082937192,0.0711975118840298,0.0445565789120119,-14.457923420091028,-17.736814487059142,-16.344840452841815,15.296470741143269,15.783262981352514
8486,NC1=C(O)C(O)=C(CO)C1,16890,FC1(F)C=CC1(F)F,13004,[H]OC1=C(O[H])C2(C([H])([H])O[H])C([H])([H])C1(N([H])[H])C1([H])C(F)(F)C(F)(F)C12[H],0,1 6 3 4 19 0,1,15.71622103799758,14.38825530647802,23.666925175796653,16.305787028229684,7.80418308269709,24.10997011092677,0.0046015345136016,0.0005303538602878,0.0031719139512681,0.0005303538602878,-10.364397337726572,0.0553863591710537,0.0010678697306848,0.0172144671927335,-11.76522088109582,-10.58516957277662,-10.3127724828011,22.646669894043097,23.36560919847961
9224,NC1=C(O)C(O)=C(CO)C1,16890,C1=CC2=C(C1)[C@@H]1C=C[C@H]2C1,13755,[H]OC1=C(O[H])C2(C([H])([H])O[H])C([H])([H])C1(N([H])[H])C13C([H])=C([H])C([H])([H])C21[C@]1([H])C([H])=C([H])[C@@]3([H])C1([H])[H],1,1 6 2 3 19 1,4,15.653014694970569,11.470466395550147,20.44353892772097,17.077553402347185,4.785468868961928,21.86302227130912,0.0089634486573268,0.0045360291480314,0.011841926317858,0.0045360291480314,-13.693489837454798,0.0978491244965675,0.003075305882156,0.0010921168883806,-12.398423268054408,-16.371180441660876,-14.776306423362172,21.459673353043627,22.88152635066337
9249,NC1=C(O)C(O)=C(CO)C1,16890,C1=CC=C=c2ccccc2=1,13758,[H]OC1=C(O[H])C2(N([H])[H])C3([H])C([H])=C=c4c([H])c([H])c([H])c([H])c4=C3C1(C([H])([H])O[H])C2([H])[H],0,1 6 2 3 19 0,5,17.712836764977204,9.490963772689756,26.688313783387294,16.385784410944407,1.597542345559372,17.98332675650378,0.0119775383063317,0.0054794941479425,0.065346429424293,0.0054794941479425,-16.76107386747514,0.0230745698002516,0.003462294892747,0.0532807583232506,-17.1265070103531,-16.138653238128292,-11.546488557922544,18.48697766520718,18.47504159093348
9381,NC1=C(O)C(O)=C(CO)C1,16890,C1=C[C@H]2C=C[C@@H]3CC=C1[C@H]23,13787,[H]OC1=C(O[H])C2(C([H])([H])O[H])C([H])([H])C1(N([H])[H])C1([H])C23C([H])=C([H])[C@@]2([H])C([H])=C([H])[C@]([H])(C1([H])[H])[C@]32[H],0,1 6 7 8 19 0,9,13.859151118607592,5.6169181132463954,16.791782987040925,15.570906322722584,2.0070626034770456,17.57796892619963,0.0357097981230288,0.0083782276388643,0.0101856084488896,0.0083782276388643,-13.046118277242757,0.125992537129212,0.0080687413622835,0.0226090315459183,-13.56762420686291,-19.90274063778618,-17.76789499054408,17.949343143531035,18.70900811906177
9974,NC1=C(O)C(O)=C(CO)C1,16890,C=CC(F)(F)C(=O)C(=O)O,13974,[H]OC(=O)C(=O)C(F)(F)C1([H])C2(C([H])([H])O[H])C(O[H])=C(O[H])C(N([H])[H])(C2([H])[H])C1([H])[H],0,1 6 0 1 19 0,1,17.238136723017842,13.790285453836706,26.72475410311532,16.929858856279854,6.410295546177899,23.34015440245776,0.058402946716752,0.0075062691073878,0.0082550999279391,0.0075062691073878,-4.281347609437766,0.0257446843513924,0.0079902293705683,0.0305263621398578,-4.916335181860475,-7.030362566174379,-6.1521699804665,21.369515803109948,23.66156172564505
6127,NC1=C2NC=CN2CC=C1,16891,O=c1[nH]c2c([nH]1)NON2,17935,[H]C1=C([H])N2C([H])([H])C3([H])C([H])=C(N([H])[H])C2(N1[H])C12N([H])ON([H])C31N([H])C(=O)N2[H],0,8 2 3 4 19 0,5,14.353102529519106,9.667808977868056,20.17949961397605,16.13044265563753,5.72443345011494,21.85487610575247,0.0337983357133608,0.0167246491541671,0.0080380121760217,0.0167246491541671,-28.5296779625833,0.0790299827064358,0.0063266157760251,0.001128849969584,-23.857868439218308,-24.70853881656459,-26.31072669715065,19.89101118359845,21.585308207896503
6126,NC1=NN[C@@H]2C=CC=CN12,16899,O=c1[nH]c2c([nH]1)NON2,17935,[H]C1=C([H])C2([H])C34N([H])ON([H])C3(N([H])C(=O)N4[H])C1([H])N1C(N([H])[H])=NN([H])[C@@]12[H],1,5 8 3 4 18 1,4,14.87493212862565,8.15015816167135,16.52214617360629,15.260341324877212,9.53455108552264,24.794892410399854,0.0067956674557365,0.0371850459001239,0.0203663671125793,0.0371850459001239,-30.062615773966257,0.0212757103874985,0.0423290909594272,0.0040172728245367,-26.32616412233063,-28.53607126810964,-29.77856331768925,22.048715312057062,23.581754483814017
18382,NCC#Cc1cnccn1,16909,O=c1[nH]c2c([nH]1)NON2,17935,[H]C1=NC2([H])C(C#CC([H])([H])N([H])[H])=NC1([H])C13N([H])ON([H])C21N([H])C(=O)N3[H],1,8 5 3 4 17 1,16,17.311205777002918,10.48546751282601,19.6483889031113,15.28250686435138,11.522423823717276,26.80493068806865,0.0025615056340361,0.0275053985584368,0.0349139144851661,0.0275053985584368,-6.784151066937909,0.0017105293565006,0.0121492174426945,0.0027050778594951,-2.657434278277883,-5.454551704950553,-9.662183737326728,23.267427912473902,22.08336164438149
20416,NCC#Cc1cnccn1,16909,OCC1=Cc2ccccc21,18025,[H]OC([H])([H])C12c3c([H])c([H])c([H])c([H])c3C1([H])C1([H])N=C(C#CC([H])([H])N([H])[H])C2([H])N=C1[H],1,8 5 3 2 17 1,10,18.7479934718184,12.12864912483515,21.613997522494994,15.667564407713748,9.463817455719724,25.13138186343347,0.0039467730806631,0.0096375187454645,0.0168682847438389,0.0096375187454645,-4.898077293263398,0.022195370931681,0.0040855555349503,0.0226737342201242,-4.629684526486166,-6.311289241056972,-8.62431182591088,24.727540240802284,23.45265849683388
429,NCCCc1ncco1,16935,FC(F)(F)C1=CC=C=CN1,16502,[H]C1=NC2(C([H])([H])C([H])([H])C([H])([H])N([H])[H])OC1([H])C1=C([H])N([H])C(C(F)(F)F)=C([H])C12[H],0,4 7 6 7 19 0,5,17.774499065026834,9.101652444442632,23.5983862914266,15.97708792630944,3.7590297310752447,19.736117657384685,0.0248144621856454,0.0248734271009178,0.0090294087799797,0.0248734271009178,-15.1107848350209,0.0100590331166624,0.0604319524924332,0.0255371948993005,-13.346182180849311,-14.921316605184508,-14.242748319922375,21.567364684328314,23.786917971098006
6126,NCCCc1ncco1,16935,O=c1[nH]c2c([nH]1)NON2,17935,[H]C1=NC2(C([H])([H])C([H])([H])C([H])([H])N([H])[H])OC1([H])C13N([H])ON([H])C21N([H])C(=O)N3[H],1,4 7 3 4 19 1,4,15.652223334988442,8.765659418680052,17.6885023660422,15.540890006324226,8.8260629866536,24.366952992977826,0.0573533805913107,0.0376460880283866,0.0490441909952126,0.0376460880283866,-9.532283731967986,0.0440682419070998,0.0489543269904931,0.0130963081924694,-7.090093147263026,-8.983430382587684,-13.050655439549152,20.82577897289864,22.590188648372347
6126,NCC[C@H](O)c1ccoc1,16945,O=c1[nH]c2c([nH]1)NON2,17935,[H]O[C@]([H])(C1=C([H])C2([H])OC1([H])C13N([H])ON([H])C21N([H])C(=O)N3[H])C([H])([H])C([H])([H])N([H])[H],1,9 7 3 4 21 1,4,15.3449408067828,8.812984963290639,18.740360411051768,16.024019305502314,7.2263145880976545,23.25033389359997,0.0308805919656786,0.0185349868579223,0.0045444921876108,0.0185349868579223,-13.68216085446587,0.0610533798566505,0.0073075383750451,0.0007007133143323,-11.339877776776085,-13.767840362491846,-14.350321593654932,20.63345913453764,22.72147275165112
6126,NCCn1cnccc1=O,16956,O=c1[nH]c2c([nH]1)NON2,17935,[H]C1=NC2([H])N(C([H])([H])C([H])([H])N([H])[H])C(=O)C1([H])C13N([H])ON([H])C21N([H])C(=O)N3[H],1,4 7 3 4 19 1,4,17.465402489498636,9.191494646384976,20.38804609924319,15.0084395642648,10.49284766040877,25.50128722467357,0.0291285093573411,0.0437577825002074,0.038201350835169,0.0437577825002074,-18.02500717893264,0.0125806798198488,0.0621007292280797,0.0142423273999657,-14.584176544839591,-17.77180592571343,-20.25312943970416,23.431255069786967,23.72016925587465
6127,NCc1ccc(CO)o1,16978,O=c1[nH]c2c([nH]1)NON2,17935,[H]OC([H])([H])C12OC(C([H])([H])N([H])[H])(C([H])=C1[H])C13N([H])ON([H])C21N([H])C(=O)N3[H],0,2 5 3 4 18 0,5,16.625850689109868,8.444034984665942,18.940919299534706,15.552742986162889,8.576785736590992,24.12952872275388,0.0143012497008544,0.0454088849357467,0.0160058592801829,0.0454088849357467,-16.505402800075117,0.0224511361967701,0.0141367844651711,0.0040858557500903,-12.994412158263536,-12.354651916328857,-14.819494116428936,20.70903597058246,21.78971807501182
12248,NCc1ccoc1C(=O)O,16986,O=c1[nH]c2c([nH]1)NON2,17935,[H]OC(=O)C12OC([H])(C([H])=C1C([H])([H])N([H])[H])C13N([H])ON([H])C21N([H])C(=O)N3[H],1,6 4 3 4 17 1,4,15.360328186773396,9.41495502357196,18.85672720924101,15.781118195695608,7.883363793696724,23.66448198939233,0.0162357627734059,0.0299863062226865,0.0425078884268955,0.0299863062226865,-9.661945439868616,0.0333485397444543,0.0346378111471201,0.0079615141391824,-6.834984751729841,-9.77116397180916,-10.08547569135272,20.87142348252393,22.17585343218988
6126,NCc1ncoc1C(F)F,17006,O=c1[nH]c2c([nH]1)NON2,17935,[H]N([H])C([H])([H])C1=NC2([H])OC1(C([H])(F)F)C13N([H])ON([H])C21N([H])C(=O)N3[H],1,6 4 3 4 16 1,4,14.414058202167508,8.42183937481064,18.78614332645241,15.926842737381149,6.649398131132923,22.57624086851407,0.0198185468503955,0.0100561827355758,0.0242928199079217,0.0100561827355758,-15.050401066424378,0.0056530313867108,0.0298986843670818,0.0014819439423659,-11.91113135347603,-13.495635573652777,-17.82494189791045,19.08119550719871,20.71045728100089
6804,NCc1ncoc1C(F)F,17006,OCC1=Cc2ccccc21,18025,[H]OC([H])([H])C12c3c([H])c([H])c([H])c([H])c3C1([H])C1(C([H])(F)F)OC2([H])N=C1C([H])([H])N([H])[H],1,6 4 3 2 16 1,2,15.64603541710623,11.776438854950731,21.01352971141404,15.807042727542768,5.692880294439455,21.49992302198222,0.0685849048533113,0.016116706197711,0.0317009060346292,0.016116706197711,-10.824770694539689,0.0616364405402016,0.0164934343315867,0.1795219167191118,-12.468579794579362,-13.966820603771268,-15.556100728929216,21.377426280663844,22.07030804547632
7000,NCc1ncoc1C(F)F,17006,O[C@@H]1CC/C=C/CCC1,18100,[H]O[C@@]1([H])C([H])([H])C([H])([H])C([H])([H])C2([H])C3(C([H])(F)F)OC([H])(N=C3C([H])([H])N([H])[H])C2([H])C([H])([H])C1([H])[H],1,6 4 5 6 16 1,2,18.272367845725043,4.219697277983064,17.95535879996782,15.545124786099455,6.885683714591682,22.430808500691136,0.1046377943469694,0.0230205587605788,0.0565288951568013,0.0230205587605788,-7.25593508028183,0.0188348079573813,0.0181239692687046,0.0192510233960096,-9.010664593724243,-6.693574563572781,-7.128707678485686,22.46170014507086,22.78312538795752
9382,NCc1ncoc1C(F)F,17006,C1=C[C@H]2C=C[C@@H]3CC=C1[C@H]23,13787,[H]C1=C([H])[C@@]2([H])C([H])=C([H])[C@]3([H])C([H])([H])C4([H])C5([H])N=C(C([H])([H])N([H])[H])C(C([H])(F)F)(O5)C14[C@]23[H],1,6 4 8 7 16 1,10,17.874521601599696,6.295759424296495,17.389260981320653,15.468449813467243,8.620104536858673,24.088554350325914,5.837471204991093e-05,0.0002378705547221,0.0064977915960442,0.0002378705547221,-6.361290395998552,0.0005685189567836,0.0017904830058758,0.0059569585261058,-7.320234122332614,-5.507609950122959,-8.609437697785808,22.327073912472024,21.445778332884
18377,NNCc1ccnnc1,17018,O=c1[nH]c2c([nH]1)NON2,17935,[H]C1=C(C([H])([H])N([H])N([H])[H])C2([H])N=NC1([H])C13N([H])ON([H])C21N([H])C(=O)N3[H],0,5 8 3 4 17 0,11,17.96332491007786,9.641551487196487,19.90387780284552,15.199883667585162,11.64606042551831,26.84594409310348,0.0109914590406915,0.030764845260887,0.006284934527112,0.030764845260887,-8.888112618396917,0.009893322316655,0.0291283649664021,0.0020274202842461,-5.765295615736214,-7.504469732508479,-10.252888975045352,23.59536045326165,22.73073608025615
6126,Nc1c(O)cc[nH]c1=O,17109,O=c1[nH]c2c([nH]1)NON2,17935,[H]OC1=C([H])C2([H])N([H])C(=O)C1(N([H])[H])C13N([H])ON([H])C21N([H])C(=O)N3[H],1,1 5 3 4 15 1,4,16.75292338685186,8.863150004315022,19.781614355852472,15.693765831135677,8.829928479891574,24.52369431102725,0.0072187174451611,0.0060810063095565,0.0106520777652675,0.0060810063095565,-14.706786695244707,0.0226348678276296,0.0173673911583487,0.0014868371516729,-12.105235166770695,-13.24557408794741,-16.379980379936285,21.460694880996503,23.21418638168376
12255,Nc1ccc(O)c(=O)cc1,17165,O=c1[nH]c2c([nH]1)NON2,17935,[H]OC1=C([H])C2([H])C(N([H])[H])=C([H])C([H])(C1=O)C13N([H])ON([H])C21N([H])C(=O)N3[H],0,8 2 3 4 17 0,11,11.398686266232968,7.800636025527093,19.94395218039918,14.910252772616248,2.7899166785795195,17.70016945119577,0.0306318623100279,0.0349746570100739,0.0024932398980773,0.0349746570100739,-31.676202773303928,0.0855070130379415,0.0297399579030343,0.0034292905367433,-26.93937871161969,-28.78773487203405,-31.90388028503854,20.86832914058322,21.629446541948496
13608,Nc1ccc(O)c(=O)cc1,17165,OCC1=Cc2ccccc21,18025,[H]OC1=C([H])C2([H])C(N([H])[H])=C([H])C([H])(C1=O)C1(C([H])([H])O[H])c3c([H])c([H])c([H])c([H])c3C21[H],1,8 2 2 3 17 1,4,12.694315407390016,11.34801151070732,20.92379424670971,15.138709149623429,3.38210204265814,18.520811192281567,0.0256985557151856,0.0629383879171244,0.0291568431004817,0.0629383879171244,-26.40082971532693,0.0579411489755079,0.0750556070914669,0.0759625011398234,-25.26264358209469,-28.06370987232375,-31.24917272123698,21.08297764665208,23.787590813243654
18383,Nc1ccc2c(c1)C=C2,17170,O=c1[nH]c2c([nH]1)NON2,17935,[H]C1=C([H])C23C([H])=C(N([H])[H])C([H])(C([H])=C12)C12N([H])ON([H])C31N([H])C(=O)N2[H],0,5 2 3 4 16 0,17,16.108295019410757,8.34446481348723,17.29069019527745,14.93976024596,9.844038265536796,24.783798511496794,0.0335968434446911,0.0569408811637677,0.0294172922176091,0.0569408811637677,-20.231132689943315,0.068157294143406,0.0321911903213859,0.0036478504181532,-18.54082272513059,-17.430917201145853,-23.3734795283711,20.87722720521469,22.702644950189168
12249,Nc1ccc2nncn2c1,17182,O=c1[nH]c2c([nH]1)NON2,17935,[H]C1=C(N([H])[H])C2([H])n3c([H])nnc3C1([H])C13N([H])ON([H])C21N([H])C(=O)N3[H],0,9 3 3 4 16 0,5,16.95974416986028,9.004546571076467,21.17656230740836,15.291475489923886,8.754393882856547,24.04586937278044,0.0119045819786034,0.0137953394929805,0.0166672764043036,0.0137953394929805,-16.39872780868145,0.0071757426105942,0.0367180270648923,0.0025858553748435,-12.31515600344877,-15.802938558793995,-18.58307028733,21.89958880756605,22.42337178493769
12249,Nc1ccc2nonc2c1,17184,O=c1[nH]c2c([nH]1)NON2,17935,[H]C1=C(N([H])[H])C2([H])c3nonc3C1([H])C13N([H])ON([H])C21N([H])C(=O)N3[H],0,9 3 3 4 15 0,5,16.55880498744451,9.388005553849332,18.52507812970565,15.032163626931691,12.828311562681831,27.860475189613524,0.0145643296997525,0.0156396974255938,0.0212974485272008,0.0156396974255938,-13.70580982196109,0.0088103378625007,0.0383181648792158,0.0028480913409315,-8.187221611031369,-12.370610738870871,-16.010258306423566,21.340644484713955,22.42975553592982
12249,Nc1ccn2nnnc2c1,17204,O=c1[nH]c2c([nH]1)NON2,17935,[H]C1=C(N([H])[H])C2([H])c3nnnn3C1([H])C13N([H])ON([H])C21N([H])C(=O)N3[H],0,9 3 3 4 15 0,5,18.381719153294192,9.958448434915304,23.124383952925182,15.102931613089632,11.46321437550387,26.566145988593505,0.0103272962063162,0.0231555583822134,0.0224043456745918,0.0231555583822134,-12.453145836255048,0.0090911227180584,0.0345204927374057,0.0033273392672159,-8.126076826968308,-11.428937318004422,-13.917099132394767,22.63785431253953,23.657325170960863
429,Nc1cn(C(F)F)cn1,17222,FC(F)(F)C1=CC=C=CN1,16502,[H]C1=C2C3([H])C(N([H])[H])=NC([H])(N3C([H])(F)F)C2([H])C([H])=C(C(F)(F)F)N1[H],0,7 2 6 7 14 0,5,15.889062205212806,8.999430519802093,22.67862153846352,15.840161674966478,2.8268242853426777,18.666985960309155,0.0674264103350904,0.0344797602231219,0.0101632329663558,0.0344797602231219,-19.656069130563857,0.0303034564688182,0.0919514360247067,0.0334069036475847,-19.09557166721609,-22.240375450333342,-21.514010154105392,20.429040272582025,22.74300215640551
5419,Nc1cn(C(F)F)cn1,17222,O=CC#CC(F)(F)F,17787,[H]C(=O)C1=C(C(F)(F)F)C2([H])N=C(N([H])[H])C1([H])N2C([H])(F)F,1,7 2 3 2 14 1,1,14.29005687540011,15.638890533831251,22.769893340632294,15.67533622941834,8.651691461094334,24.327027690512672,2.555233455336428e-05,0.0209199157541872,0.0144261708188255,0.0209199157541872,-6.786893336238023,0.0012084193809058,0.0114461650788404,0.037612537679696,-5.614825262284803,-7.6544119194923965,-7.065949139721408,24.377872649383573,23.94907897387254
6127,Nc1cn(C(F)F)cn1,17222,O=c1[nH]c2c([nH]1)NON2,17935,[H]N([H])C1=NC2([H])N(C([H])(F)F)C1([H])C13N([H])ON([H])C21N([H])C(=O)N3[H],0,7 2 3 4 14 0,5,14.58552361858763,8.218213942918755,19.5027800408302,15.401684600660364,6.479051236616989,21.88073583727736,0.0458575680410805,0.0918294062645128,0.070842592218963,0.0918294062645128,-18.029297333394275,0.0675961493554214,0.0526080165976622,0.0102997679324691,-13.971448371262746,-15.097080626674988,-17.72927052537767,19.2484605403554,20.511575874277984
6804,Nc1cn(C(F)F)cn1,17222,OCC1=Cc2ccccc21,18025,[H]OC([H])([H])C12c3c([H])c([H])c([H])c([H])c3C1([H])C1([H])N=C(N([H])[H])C2([H])N1C([H])(F)F,1,7 2 3 2 14 1,2,15.805033038886013,11.829248422745136,21.40375771642425,15.583170811843647,5.067441361892612,20.65061217373626,0.1051730313854801,0.0164791752704176,0.0487566699234071,0.0164791752704176,-13.05917455236839,0.3973080486638642,0.0192257301386937,0.1735759357437055,-12.459509843865805,-15.528472854374556,-15.596080453749686,21.302457607403323,23.06828521001782
12254,Nc1cn2ccnc2cn1,17226,O=c1[nH]c2c([nH]1)NON2,17935,[H]c1nc2n(c1[H])C1([H])C(N([H])[H])=NC2([H])C23N([H])ON([H])C12N([H])C(=O)N3[H],1,8 2 3 4 16 1,10,16.162728942238267,8.545974894926697,19.72234053256921,15.11948847507089,8.196979471241782,23.31646794631267,0.0094822384162633,0.0421109011138104,0.0436031773485261,0.0421109011138104,-18.08303304955781,0.0142012862969384,0.0776256719241229,0.0117683955239654,-15.01407821246928,-18.04823539173975,-20.889520985449387,21.232770008653457,21.56755131787916
13608,Nc1cn2ccnc2cn1,17226,OCC1=Cc2ccccc21,18025,[H]OC([H])([H])C12c3c([H])c([H])c([H])c([H])c3C1([H])C1([H])C(N([H])[H])=NC2([H])c2nc([H])c([H])n21,1,8 2 2 3 16 1,4,17.676865417496003,11.808383869697783,22.1684599172738,15.403931146141106,6.667212546684215,22.071143692825324,0.0066658691941359,0.0603783580812599,0.1355354253635522,0.0603783580812599,-14.309384049757092,0.0279466642372211,0.1020370415981104,0.2541055532027134,-13.432042128641676,-16.90032802248762,-17.19598700182327,22.519222853611048,23.04406346318017
24511,Nc1cnc(C(=O)O)cn1,17230,O=c1[nH]c2c([nH]1)NON2,17935,[H]OC(=O)C1=NC2([H])C(N([H])[H])=NC1([H])C13N([H])ON([H])C21N([H])C(=O)N3[H],0,8 2 3 4 15 0,23,17.594103809937316,10.690576735219246,21.60503357667498,15.095403442641103,10.226140885347494,25.3215443279886,0.0127378941292845,0.050643543870402,0.0473351116723699,0.050643543870402,-11.424179408962374,0.0073302863702616,0.0637778451721925,0.012829733004282,-8.451582850406673,-10.18082655502419,-11.837128251967188,24.006035219020777,22.17100308021749
18383,Nc1cnc(C2CC2)cn1,17233,O=c1[nH]c2c([nH]1)NON2,17935,[H]N([H])C1=NC2([H])C(C3([H])C([H])([H])C3([H])[H])=NC1([H])C13N([H])ON([H])C21N([H])C(=O)N3[H],0,8 2 3 4 19 0,17,16.73118564528606,8.9457880127418,20.52001645257676,15.498254867839783,8.501864909040318,24.0001197768801,0.0110752174053796,0.0625175253118882,0.0147384319401252,0.0625175253118882,-16.199724923084432,0.0181701401302103,0.0616313428605325,0.0038735387693053,-12.616663744302535,-13.220968886861868,-17.553355921675923,22.002396560989247,21.46079525804089
20414,Nc1cnc(C2CC2)cn1,17233,OCC1=Cc2ccccc21,18025,[H]OC([H])([H])C12c3c([H])c([H])c([H])c([H])c3C1([H])C1([H])N=C(C3([H])C([H])([H])C3([H])[H])C2([H])N=C1N([H])[H],1,8 2 2 3 19 1,8,18.2460240342062,11.678492348128524,22.249628355630907,15.803099821386835,7.0161390768127525,22.819238898199583,0.0038469274391992,0.0271788412545328,0.0196461698012946,0.0271788412545328,-11.668226762213187,0.0173706070238166,0.0367659606246455,0.0985556729283233,-11.387159769663334,-12.649370484671117,-14.00455440005436,23.944626620203515,23.442390581955724
429,Nc1nc2c([nH]1)NON2,17291,FC(F)(F)C1=CC=C=CN1,16502,[H]C1=C2C34C(=NC(N([H])[H])(N3[H])C2([H])C([H])=C(C(F)(F)F)N1[H])N([H])ON4[H],0,1 4 6 7 14 0,5,16.691019986451522,7.947097532968675,24.499269331737644,15.886097519128429,1.1376168986266322,17.02371441775506,0.0190243619865436,0.0134854851010038,0.0014504505518102,0.0134854851010038,-26.341765564737585,0.0161634910360133,0.0387200784531495,0.010616745126951,-28.61344305537986,-29.52378677790349,-29.583176991591245,18.577466350348256,23.25877464760325
6127,Nc1nc2c([nH]1)NON2,17291,O=c1[nH]c2c([nH]1)NON2,17935,[H]N1ON([H])C23C1=NC(N([H])[H])(N2[H])C12N([H])ON([H])C31N([H])C(=O)N2[H],0,1 4 3 4 14 0,5,14.584890039351842,6.31785688185375,19.64928851223958,15.442140929720136,3.675214374870791,19.117355304590927,0.0268451145234889,0.0123614680191176,0.0172052896227072,0.0123614680191176,-24.38223496112583,0.0408795216769536,0.0103157187697617,0.001931224513786,-20.5083320048291,-21.5111961312502,-25.832513472257524,15.728701097627145,19.870594159865583
6802,Nc1nc2c([nH]1)NON2,17291,OCC1=Cc2ccccc21,18025,[H]OC([H])([H])C12c3c([H])c([H])c([H])c([H])c3C1([H])C13C(=NC2(N([H])[H])N1[H])N([H])ON3[H],1,1 4 2 3 14 1,0,15.565072464789695,10.03317147758474,22.002291109772308,15.45613246727936,2.5922956610324164,18.048428128311777,0.0238357075854978,0.0140190695579784,0.0362021318734877,0.0140190695579784,-20.84737086312924,0.0590266000181686,0.0319625703414689,0.1248749297493356,-20.17075676135847,-22.136803589934445,-23.26197844220465,18.69363802568241,22.62617747093128
7000,Nc1nc2c([nH]1)NON2,17291,O[C@@H]1CC/C=C/CCC1,18100,[H]O[C@@]1([H])C([H])([H])C([H])([H])C([H])([H])C2([H])C3(N([H])[H])N=C4N([H])ON([H])C4(N3[H])C2([H])C([H])([H])C1([H])[H],1,1 4 5 6 14 1,2,17.877650111948626,2.270773595689226,16.89920758367089,15.217308270779595,2.017333001579466,17.234641272359063,0.0292718201163455,0.1230315073508809,0.0113628563906742,0.1230315073508809,-15.586430416025742,0.1027441348643438,0.089200032996582,0.0301384288929674,-14.38810186879752,-15.888462161103682,-14.97271328724785,19.11063331808693,22.910354845635485
9382,Nc1nc2c([nH]1)NON2,17291,C1=C[C@H]2C=C[C@@H]3CC=C1[C@H]23,13787,[H]C1=C([H])[C@@]2([H])C([H])=C([H])[C@]3([H])C([H])([H])C4([H])C56C(=NC(N([H])[H])(N5[H])C14[C@]23[H])N([H])ON6[H],1,1 4 8 7 14 1,10,16.727779895367487,5.084883186145355,17.33619873421775,14.97944400728686,4.718884614151435,19.698328621438293,7.612369420476678e-05,0.0002660706797065,0.0002511231921848,0.0002660706797065,-15.075588134220204,0.0025875606635347,0.014234745646551,0.0071961284607422,-13.816554965470836,-14.349148032193137,-16.051888342647793,19.79156891958363,23.978605666041844
865,Nc1nc2occ(O)c2o1,17301,FC(F)(F)C1=CC=C=CN1,16502,[H]OC1=C2OC(N([H])[H])=NC23OC1([H])C1([H])C([H])=C(C(F)(F)F)N([H])C([H])=C31,0,5 3 6 7 14 0,17,15.758370133379913,8.675608266640868,22.863838567388168,16.37633573786979,2.687467480212998,19.06380321808279,0.0240374549961019,0.0172233159734802,0.0388552977516514,0.0172233159734802,-22.313198861819664,0.0196654589863254,0.0564820274663408,0.0405421564966452,-23.205683499712947,-25.37633218895756,-19.41457105255256,19.95663848945869,21.875507738480707
7430,Nc1nc2occ(O)c2o1,17301,Nc1nc2c([nH]1)NON2,17291,[H]OC1=C2OC(N([H])[H])=NC23OC1([H])C12N=C(N([H])[H])N([H])C31N([H])ON2[H],1,5 3 3 4 14 1,12,14.985457880422093,8.937029004591572,17.441831513389843,16.379143743466273,6.002086837491682,22.38123058095796,0.0370839119022254,0.0522885508951215,0.0692130311744977,0.0522885508951215,-17.7266165479098,0.0689097735114765,0.0615048833097934,0.0556079390308505,-18.36198660441734,-16.617493443584635,-14.356831606999442,21.31007868160908,22.500346185423325
10839,Nc1nc2occ(O)c2o1,17301,O=CC#CC(F)(F)F,17787,[H]OC1=C2OC(N([H])[H])=NC23OC1([H])C(C(F)(F)F)=C3C([H])=O,1,5 3 3 2 14 1,3,11.920726487785402,15.286789718417442,22.39513010866779,16.1224537069812,6.607974479672773,22.73042818665397,9.713115871892784e-05,0.0171899443711093,0.0494461115728002,0.0171899443711093,-11.725568811806646,0.0038779401272022,0.0175135669646399,0.1307298683195566,-10.794723835525389,-11.890424951081712,-11.179185512558604,20.902525820082,20.825412604036835
12255,Nc1nc2occ(O)c2o1,17301,O=c1[nH]c2c([nH]1)NON2,17935,[H]OC1=C2OC(N([H])[H])=NC23OC1([H])C12N([H])ON([H])C31N([H])C(=O)N2[H],0,5 3 3 4 14 0,11,13.27893960637268,6.945691359454251,18.198744940015256,15.981935331697606,5.695288785315309,21.67722411701292,0.0403396616938759,0.0411937915940605,0.0550780059209755,0.0411937915940605,-22.90628705782828,0.0486529994744773,0.0163074196618927,0.010801914338294,-17.88295573103074,-19.626395471484443,-20.687555136906923,17.431322382126524,18.850384812378685
13562,Nc1nc2occ(O)c2o1,17301,OC1=C(O)c2ccccc21,18015,[H]OC1=C2OC(N([H])[H])=NC23OC1([H])C1(O[H])c2c([H])c([H])c([H])c([H])c2C31O[H],1,5 3 1 2 14 1,2,15.090884215265604,13.27699332282786,21.02709778709869,16.349928811084766,7.121203487418171,23.471132298502937,0.0288400859451914,0.0142012763989703,0.0240478011275913,0.0142012763989703,-21.89248140449846,0.0250999276446315,0.0323388125653345,0.0582272684910076,-23.8686968287492,-20.18801261543828,-16.678857923402525,21.82198300512804,23.152293841474865
13610,Nc1nc2occ(O)c2o1,17301,OCC1=Cc2ccccc21,18025,[H]OC1=C2OC(N([H])[H])=NC23OC1([H])C1([H])c2c([H])c([H])c([H])c([H])c2C31C([H])([H])O[H],1,5 3 3 2 14 1,6,13.587464883316516,10.94972799588328,20.32596465140749,16.00235004812037,3.904461470336731,19.9068115184571,0.1480447608208098,0.0099612408304483,0.0445994664624592,0.0099612408304483,-17.106835079062833,0.2086131382229287,0.0184292656243131,0.2864627965977949,-18.721256860077787,-18.46050478228205,-18.12598920752724,19.60444118882932,20.799561208525663
14002,Nc1nc2occ(O)c2o1,17301,O[C@@H]1CC/C=C/CCC1,18100,[H]OC1=C2OC(N([H])[H])=NC23OC1([H])C1([H])C([H])([H])C([H])([H])C([H])([H])[C@]([H])(O[H])C([H])([H])C([H])([H])C31[H],1,5 3 5 6 14 1,6,15.593403115853798,2.8955706604769347,15.790619703395253,15.50344773506366,3.620129475019322,19.12357721008298,0.0558900045753604,0.3149839570526809,0.099084010651879,0.3149839570526809,-12.316253587524088,0.1292705318026429,0.1100423990908084,0.0418790851603973,-11.637832512796225,-13.241699167810602,-10.726710744542522,19.682951332339144,20.387102966397844
18509,Nc1nc2occ(O)c2o1,17301,C1=CC=C=c2ccccc2=1,13758,[H]OC1=C2OC(N([H])[H])=NC23OC1([H])C1([H])C([H])=C=c2c([H])c([H])c([H])c([H])c2=C31,0,5 3 2 3 14 0,21,18.49589523217788,10.936896899082516,23.95821296496952,16.1659802643644,4.668294138401819,20.83427440276622,0.0030254856686159,0.0058741074146258,0.0427973075606073,0.0058741074146258,-10.138701589806388,0.012678140411334,0.0076235853051597,0.0379411582115294,-9.935394980730038,-9.0841131196689,-5.381737028685762,22.939685272506416,22.37463084982624
18766,Nc1nc2occ(O)c2o1,17301,C1=C[C@H]2C=C[C@@H]3CC=C1[C@H]23,13787,[H]OC1=C2OC(N([H])[H])=NC23OC1([H])C12C([H])=C([H])[C@@]4([H])C([H])=C([H])[C@]([H])(C([H])([H])C31[H])[C@]24[H],1,5 3 8 7 14 1,22,15.114787465085826,5.407621568073536,14.88052494420007,15.288083192015474,6.282585450547389,21.570668642562865,0.0003155427706898,0.0012886590028575,0.0115917085561089,0.0012886590028575,-9.504328843635976,0.0052018020235396,0.0052082329354632,0.0062947034746757,-10.896479424825856,-11.39275799291066,-10.861438727161286,21.20472432786819,22.180340511037542
6127,Nc1nc[nH]c1NC=O,17302,O=c1[nH]c2c([nH]1)NON2,17935,[H]C(=O)N([H])C12C(N([H])[H])=NC([H])(N1[H])C13N([H])ON([H])C21N([H])C(=O)N3[H],0,5 3 3 4 15 0,5,16.602080580719992,8.11450817724216,18.639751181208457,15.906327712999264,7.873559621601458,23.779887334600723,0.009885308114174,0.0033967824735137,0.0209243120141107,0.0033967824735137,-13.829945898659991,0.0156438347292214,0.0045139731733662,0.0018217150358563,-9.9713014367848,-10.76167315849824,-13.88980239791497,20.458776624297577,20.4479219394213
429,Nc1ncc(C2CC2)o1,17303,FC(F)(F)C1=CC=C=CN1,16502,[H]C1=NC2(N([H])[H])OC1(C1([H])C([H])([H])C1([H])[H])C1=C([H])N([H])C(C(F)(F)F)=C([H])C12[H],0,1 4 6 7 17 0,5,18.13734723453065,9.030552056729697,24.65372073789569,15.984318659479042,2.6479745900605103,18.63229324953955,0.0249218116340463,0.0104063342272446,0.0040247114967737,0.0104063342272446,-16.014451061818868,0.0178007882717944,0.0218455012840393,0.0111875407109248,-15.25247231077266,-18.63949762334783,-18.23182050864577,20.189807025254584,22.664145081547545
6127,Nc1ncc(C2CC2)o1,17303,O=c1[nH]c2c([nH]1)NON2,17935,[H]C1=NC2(N([H])[H])OC1(C1([H])C([H])([H])C1([H])[H])C13N([H])ON([H])C21N([H])C(=O)N3[H],0,1 4 3 4 17 0,5,17.004812142886284,8.768878635701414,20.144155927070955,15.47627872591631,8.020118810410192,23.496397536326505,0.0315770700644513,0.0272548174038931,0.0214039896764473,0.0272548174038931,-12.629116283112351,0.0322444355966909,0.0165499497165749,0.0036625075426145,-8.099298443325281,-9.595806464962976,-14.028643397946368,18.560810774329934,20.79671646583173
18376,Nc1nccnc1C1CC1,17328,O=c1[nH]c2c([nH]1)NON2,17935,[H]C1=NC2(C3([H])C([H])([H])C3([H])[H])C(N([H])[H])=NC1([H])C13N([H])ON([H])C21N([H])C(=O)N3[H],1,3 6 3 4 19 1,10,17.53022478818839,10.388906442823576,19.310882849799203,15.462745133004947,10.581266661024207,26.04401179402916,0.0036192054281407,0.0047344797629431,0.0205540030246789,0.0047344797629431,-10.796685150823116,0.0014804424091008,0.0043959050830118,0.0012313408954508,-8.639010057774478,-9.84693763335283,-11.098734296873516,24.224758753548738,23.158626995054146
6127,Nc1ncn2c1CCCC2,17332,O=c1[nH]c2c([nH]1)NON2,17935,[H]N([H])C1=NC2([H])N3C([H])([H])C([H])([H])C([H])([H])C([H])([H])C13C13N([H])ON([H])C21N([H])C(=O)N3[H],0,5 3 3 4 21 0,5,17.631488002274384,9.65031694387722,20.12218892562284,15.849445590545848,8.918674756971654,24.768120347517502,0.0077259968348873,0.0042511763129678,0.0047731953369472,0.0042511763129678,-11.144002872994989,0.0057457561687892,0.0027897613183992,0.0004734619428922,-7.578222940565134,-6.394119647635552,-10.717050839949728,23.78536437241488,23.588696413809245
865,Nc1nnc2cnccn12,17355,FC(F)(F)C1=CC=C=CN1,16502,[H]C1=NC2([H])c3nnc(N([H])[H])n3C1([H])C1=C([H])N([H])C(C(F)(F)F)=C([H])C12[H],0,5 8 6 7 15 0,17,19.28376669985414,10.075401350033644,22.41321677760216,15.284040352861789,6.086310682818741,21.370351035680528,0.0155445210876798,0.0623070423301594,0.0056808185967686,0.0623070423301594,-18.39410598468008,0.0099360860226854,0.089465063280096,0.0434863367299917,-15.559574117207582,-20.64654290170533,-18.091722090289338,21.803830798191584,23.450176830339448
7430,Nc1nnc2cnccn12,17355,Nc1nc2c([nH]1)NON2,17291,[H]C1=NC2([H])c3nnc(N([H])[H])n3C1([H])C13N([H])ON([H])C21N=C(N([H])[H])N3[H],1,5 8 3 4 15 1,12,19.74987564701089,10.875952555670214,23.03988510115209,15.221181924196108,8.831829327675479,24.053011251871588,0.0122513297266719,0.1444322841433548,0.0151416770112423,0.1444322841433548,-12.579916101405878,0.0200656780427378,0.1248393610751944,0.0913512799237529,-13.878874641978555,-13.204031755239946,-13.6261580811927,22.14799316791011,22.69701380253928
12255,Nc1nnc2cnccn12,17355,O=c1[nH]c2c([nH]1)NON2,17935,[H]C1=NC2([H])c3nnc(N([H])[H])n3C1([H])C13N([H])ON([H])C21N([H])C(=O)N3[H],0,5 8 3 4 15 0,11,17.07242297313888,9.063665310742048,21.254586498747017,14.947917060841052,8.932167894543944,23.880084955385,0.0110013756978891,0.0937078279111957,0.0093621266219156,0.0937078279111957,-18.193637673319216,0.0127130741676719,0.0806008957131287,0.0087065261572459,-14.734278992708733,-15.959414753682816,-18.199022106278782,19.98162281249548,20.35618513547782
13610,Nc1nnc2cnccn12,17355,OCC1=Cc2ccccc21,18025,[H]OC([H])([H])C12c3c([H])c([H])c([H])c([H])c3C1([H])C1([H])N=C([H])C2([H])n2c(N([H])[H])nnc21,1,5 8 3 2 15 1,6,17.994589017341195,12.447600506027904,23.04438184695276,15.168147519515788,6.0653427428831534,21.23349026239894,0.0337984311191053,0.0395208480101581,0.0161950648370277,0.0395208480101581,-14.034832822763695,0.1566317446697166,0.0664715719473475,0.1776225106695124,-15.485021400980727,-17.150196662772856,-17.832974975105763,21.63751078364424,22.20666085054397
18766,Nc1nnc2cnccn12,17355,C1=C[C@H]2C=C[C@@H]3CC=C1[C@H]23,13787,[H]C1=NC2([H])c3nnc(N([H])[H])n3C1([H])C1([H])C23C([H])=C([H])[C@@]2([H])C([H])=C([H])[C@]([H])(C1([H])[H])[C@]32[H],1,5 8 8 7 15 1,22,19.90269230422868,7.401431723388401,18.82955589834995,14.97330314864242,8.303621350704425,23.276924499346844,1.7271763918100172e-05,0.0001434764218972,0.0021600680073902,0.0001434764218972,-10.14606328613332,0.0033907523968045,0.0033307865179326,0.0048606324628285,-11.097873388873865,-9.6713202895613,-9.729029847356124,22.1678355527076,22.446792395402376
12255,Nc1nnn2ccccc12,17364,O=c1[nH]c2c([nH]1)NON2,17935,[H]C1=C([H])C2([H])n3nnc(N([H])[H])c3C1([H])C13N([H])ON([H])C21N([H])C(=O)N3[H],0,5 8 3 4 16 0,11,17.732206436026633,10.401242626762166,19.840726532519568,14.825852345599484,11.848663756297448,26.67451610189693,0.0136802866175228,0.0373409881448356,0.0084441838727285,0.0373409881448356,-12.094313183959096,0.0290946550366532,0.0463501366458783,0.0048318347817148,-8.226437862353315,-10.187117270983585,-13.74368837055566,23.503008875543784,23.12756555009971
24505,O/N=C/c1ccnnc1,17393,O=c1[nH]c2c([nH]1)NON2,17935,[H]O/N=C(\[H])C1=C([H])C2([H])N=NC1([H])C13N([H])ON([H])C21N([H])C(=O)N3[H],0,5 8 3 4 14 0,17,17.89135915215064,9.575807483530618,20.80796651117846,15.274735624121796,11.03021608896373,26.30495171308553,0.0033631044616355,0.0072597169204225,0.0027162970158098,0.0072597169204225,-8.18127720367584,0.0040171356085284,0.0050361283153118,0.0008283626684787,-6.033871320290153,-7.572268218674115,-10.291424404101749,23.24020667086236,21.266130007770272
27216,O/N=C/c1ccnnc1,17393,OCC1=Cc2ccccc21,18025,[H]O/N=C(\[H])C1=C([H])C2([H])N=NC1([H])C1([H])c3c([H])c([H])c([H])c([H])c3C21C([H])([H])O[H],1,5 8 2 3 14 1,8,19.19278733026001,11.3177716156921,21.79703469309306,15.622251174858189,8.975124346395237,24.597375521253426,0.0048277120209121,0.015454202671104,0.0035947850168393,0.015454202671104,-6.688900945590952,0.0045766818048637,0.0127233825466174,0.0152098889698217,-7.113795878162748,-8.987276720221018,-10.619926347688704,25.041499184141365,23.324237360178813
1737,O/N=N/c1cnccn1,17409,FC(F)(F)C1=CC=C=CN1,16502,[H]O/N=N\C1=NC2([H])C([H])=NC1([H])C1=C([H])N([H])C(C(F)(F)F)=C([H])C12[H],0,7 4 6 7 13 0,41,18.30619261480423,9.567789114433882,21.16032451346873,15.597384574094988,7.198554458611376,22.795939032706364,0.0126419656839777,0.0083964342453276,0.0043013771204337,0.0083964342453276,-10.320200400215398,0.004146127312136,0.0308361936435472,0.0243771023487006,-8.713224213474255,-11.466130177722476,-10.304376825234392,22.757260419999824,22.460307346675684
14864,O/N=N/c1cnccn1,17409,Nc1nc2c([nH]1)NON2,17291,[H]O/N=N\C1=NC2([H])C([H])=NC1([H])C13N([H])ON([H])C21N=C(N([H])[H])N3[H],1,7 4 3 4 13 1,28,19.294923871493367,12.08627920964263,23.204935681142835,15.384911114646345,7.602089163183876,22.98700027783022,0.01477766383875,0.0306536401656352,0.0318362603257174,0.0306536401656352,-6.042789592575673,0.0051182833200979,0.0460008295927795,0.0565383571647304,-5.40594335815269,-6.245642236190495,-6.763901282425152,23.60278713827435,23.59924249613616
24510,O/N=N/c1cnccn1,17409,O=c1[nH]c2c([nH]1)NON2,17935,[H]O/N=N\C1=NC2([H])C([H])=NC1([H])C13N([H])ON([H])C21N([H])C(=O)N3[H],1,7 4 3 4 13 1,22,16.546521854270516,10.415002231600951,20.385500717400173,15.130861241682902,9.28964605056994,24.420507292252843,0.0079752861651053,0.0125486999039307,0.0317351184868416,0.0125486999039307,-9.233477693754573,0.0023140144728417,0.032566116752023,0.0043739305760832,-4.0971195786765335,-9.672078095806526,-11.141050309825914,21.564542629744647,20.35799616542884
27222,O/N=N/c1cnccn1,17409,OCC1=Cc2ccccc21,18025,[H]O/N=N\C1=NC2([H])C([H])=NC1([H])C1(C([H])([H])O[H])c3c([H])c([H])c([H])c([H])c3C21[H],1,7 4 3 2 13 1,14,17.288855679992466,12.307251910448969,22.641380192538087,15.368842035180757,6.419306892818689,21.788148927999444,0.0539467133199525,0.0102771936599984,0.0180056500124252,0.0102771936599984,-8.492560758584084,0.0709687638581202,0.0148693204158238,0.0888166908125998,-10.02033147230116,-9.862350629769844,-10.190845479722183,23.02671744139313,21.58482146826564
18382,O=C(O)/C=C/c1ncco1,17428,O=c1[nH]c2c([nH]1)NON2,17935,[H]OC(=O)/C([H])=C(\[H])C12N=C([H])C([H])(O1)C13N([H])ON([H])C21N([H])C(=O)N3[H],1,5 8 3 4 15 1,16,17.285856417167498,10.368974445533318,20.59192061917257,15.600311877297436,9.917628453463632,25.517940330761068,0.0092168156362925,0.0204220076699582,0.0122847522188096,0.0204220076699582,-5.645596986007618,0.0229592982287678,0.0477973599586102,0.0085247532473822,-4.942443857264216,-6.420522366678707,-7.872368955960077,22.259348453404925,21.92012290819416
20416,O=C(O)/C=C/c1ncco1,17428,OCC1=Cc2ccccc21,18025,[H]OC(=O)/C([H])=C(\[H])C12N=C([H])C([H])(O1)C1(C([H])([H])O[H])c3c([H])c([H])c([H])c([H])c3C21[H],1,5 8 3 2 15 1,10,17.93237086814823,12.406126318203029,22.262183958623982,15.401238034384871,8.006301417514493,23.407539451899368,0.0513620786009447,0.0058100956221098,0.025122066414588,0.0058100956221098,-4.856987468428443,0.4045786109277215,0.0292405264649471,0.1965155086608711,-6.083285916678754,-7.894713974511802,-6.977648618370687,24.685250102028867,23.99801528987605
11147,O=C(O)C(=O)c1ccoc1,17441,Nc1nc2c([nH]1)NON2,17291,[H]OC(=O)C(=O)C1=C([H])C2([H])OC1([H])C13N=C(N([H])[H])N([H])C21N([H])ON3[H],1,9 7 3 4 14 1,20,16.57282108313848,10.413952491661396,20.480054076152324,15.997808873930436,5.921984164541829,21.919793038472264,0.0094120119975913,0.0459258294471282,0.0390224808286799,0.0459258294471282,1.6344078650792042,0.0506834735820335,0.1410860863911401,0.041304929364359,-9.891645745040949,-7.413778315030612,-8.969849842179038,19.967243654860443,20.0074473418885
18382,O=C(O)C(=O)c1ccoc1,17441,O=c1[nH]c2c([nH]1)NON2,17935,[H]OC(=O)C(=O)C1=C([H])C2([H])OC1([H])C13N([H])ON([H])C21N([H])C(=O)N3[H],1,9 7 3 4 14 1,16,13.877215077971467,9.184682234900889,19.64652069747164,15.634975779772931,6.183482204626152,21.818457984399085,0.0060733048139805,0.0229676279976803,0.0202805252341315,0.0229676279976803,-9.92076848681848,0.0179359769117951,0.0803911237245865,0.0051705455272066,-9.8142146220273,-11.77326269588233,-14.574224750246806,17.275073521482778,17.63948195329556
20344,O=C(O)C(=O)c1ccoc1,17441,OC1=C(O)c2ccccc21,18015,[H]OC(=O)C(=O)C1=C([H])C2([H])OC1([H])C1(O[H])c3c([H])c([H])c([H])c([H])c3C21O[H],1,9 7 1 2 14 1,4,15.900974395014408,14.004206629530596,21.32758381551635,15.66995664322934,5.776095665457635,21.446052308686973,0.0189173696264653,0.0165414876664342,0.016520514056938,0.0165414876664342,-14.30626142388521,0.0315065448846527,0.0533762686754636,0.0298511398597859,-16.211414297424867,-14.949491269458456,-12.887004753173189,20.583440976858608,21.07155138065556
20416,O=C(O)C(=O)c1ccoc1,17441,OCC1=Cc2ccccc21,18025,[H]OC(=O)C(=O)C1=C([H])C2([H])OC1([H])C1([H])c3c([H])c([H])c([H])c([H])c3C21C([H])([H])O[H],1,9 7 3 2 14 1,10,13.870922919083334,12.192058004180565,20.160579635522687,15.262458927992425,5.210169973181976,20.4726289011744,0.148658665125665,0.017804981764221,0.0493565967719814,0.017804981764221,-10.256128632797491,0.3204294263047111,0.0350852808061934,0.1928209799822719,-11.493169822690136,-13.470543873457792,-14.524062371582277,19.85523452697781,19.357685257753914
21004,O=C(O)C(=O)c1ccoc1,17441,O[C@@H]1CC/C=C/CCC1,18100,[H]OC(=O)C(=O)C1=C([H])C2([H])OC1([H])C1([H])C([H])([H])C([H])([H])C([H])([H])[C@]([H])(O[H])C([H])([H])C([H])([H])C21[H],1,9 7 5 6 14 1,10,16.891397980513077,4.979947611617648,17.33273349832507,15.359464629167771,4.657257096664878,20.016721725832653,0.0171829361504606,0.1240220649530627,0.0396830731806621,0.1240220649530627,-7.227773109020923,0.02702979132566,0.0791094623942039,0.0273438256699911,-5.049484756215762,-6.994537746848927,-6.755969178657949,21.649210155204628,21.521191304200947
28150,O=C(O)C(=O)c1ccoc1,17441,C1=C[C@H]2C=C[C@@H]3CC=C1[C@H]23,13787,[H]OC(=O)C(=O)C1=C([H])C2([H])OC1([H])C13C([H])=C([H])[C@@]4([H])C([H])=C([H])[C@]([H])(C([H])([H])C21[H])[C@]34[H],1,9 7 8 7 14 1,34,16.622789283380015,6.637112149972987,16.7436635673805,15.006668685644524,7.742267757329781,22.748936442974305,4.3256052575924585e-05,0.0005993648272402,0.0051153321790748,0.0005993648272402,-5.312510360721433,0.0019375883608497,0.0046723030922391,0.0069341213553975,-6.148100889210326,-5.835529551097636,-7.204119942263642,20.62088939547671,19.621055658532303
429,O=C(O)Cc1cocn1,17471,FC(F)(F)C1=CC=C=CN1,16502,[H]OC(=O)C([H])([H])C1=NC2([H])OC1([H])C1=C([H])N([H])C(C(F)(F)F)=C([H])C12[H],0,7 5 6 7 14 0,5,18.005686607635432,9.004390253184447,22.427062044337607,16.04502311540929,4.807036293324025,20.852059408733314,0.0395814057415753,0.0193205746269868,0.014679047039484,0.0193205746269868,-16.618187839114867,0.0307668771812773,0.0381043485751774,0.0191414804519354,-16.156178210195584,-19.78040594180497,-13.440962487398004,21.744758301880385,23.46357017399788
6126,O=C(O)Cc1cocn1,17471,O=c1[nH]c2c([nH]1)NON2,17935,[H]OC(=O)C([H])([H])C1=NC2([H])OC1([H])C13N([H])ON([H])C21N([H])C(=O)N3[H],1,7 5 3 4 14 1,4,15.332249882938571,9.357975164478232,18.06205289644026,15.356862852875077,8.327224999359402,23.68408785223448,0.0287506277061209,0.0335026201863855,0.0513397062240086,0.0335026201863855,-12.745964692222527,0.0200376858105183,0.0306713600739141,0.0061373380046261,-8.441482690740585,-13.558716773032046,-14.910073846577047,20.113129182901883,21.572763520399995
6804,O=C(O)Cc1cocn1,17471,OCC1=Cc2ccccc21,18025,[H]OC(=O)C([H])([H])C1=NC2([H])OC1([H])C1(C([H])([H])O[H])c3c([H])c([H])c([H])c([H])c3C21[H],1,7 5 3 2 14 1,2,16.015790140415483,11.24822214663331,19.82834649258222,15.490358608172986,5.508895229216641,20.999253837389627,0.1245331658352627,0.0120524261664554,0.0441499704167281,0.0120524261664554,-10.057657297945042,0.2483951072678235,0.0282618419276928,0.2031496216255175,-10.889025172669427,-14.338317788423794,-12.356711408494384,21.759794705898468,22.26596421921917
865,O=C(O)c1cc(=O)[nH]cn1,17498,FC(F)(F)C1=CC=C=CN1,16502,[H]OC(=O)C1=NC2([H])N([H])C(=O)C1([H])C1=C([H])N([H])C(C(F)(F)F)=C([H])C12[H],0,8 4 6 7 14 0,17,19.76670939080732,9.816842392616984,23.138317070056694,15.770012060672975,4.701421065201586,20.47143312587456,0.0070276939832961,0.0284084442361915,0.005697660509084,0.0284084442361915,-17.587647093198058,0.0026117970039948,0.0429538534510427,0.0228200645472231,-16.893756883738106,-21.43591442545111,-17.050879989955156,21.592091275239067,23.489453918446067
7430,O=C(O)c1cc(=O)[nH]cn1,17498,Nc1nc2c([nH]1)NON2,17291,[H]OC(=O)C1=NC2([H])N([H])C(=O)C1([H])C13N([H])ON([H])C21N=C(N([H])[H])N3[H],1,8 4 3 4 14 1,12,19.81894039973852,10.605057174799512,24.64616994900896,15.471381849740188,4.328048152330684,19.79943000207087,0.0064106587322949,0.056783417565909,0.030643765845068,0.056783417565909,-15.63601747673561,0.0037290840848214,0.064016855563289,0.0674615596198269,-16.03072973576682,-16.201362599280237,-15.498171449470838,20.41297333787796,21.978173132183244
12255,O=C(O)c1cc(=O)[nH]cn1,17498,O=c1[nH]c2c([nH]1)NON2,17935,[H]OC(=O)C1=NC2([H])N([H])C(=O)C1([H])C13N([H])ON([H])C21N([H])C(=O)N3[H],0,8 4 3 4 14 0,11,17.66375980144977,10.094106876411008,24.623048649096624,15.36082375679828,5.8672235862594135,21.228047343057696,0.004811509069441,0.0327257837194543,0.0148981874821058,0.0327257837194543,-18.032578768980382,0.0021147907856481,0.026498455883118,0.0060227182350715,-14.850355016684716,-18.39106205430505,-18.58137963244413,19.650943310550765,20.393239058423603
13562,O=C(O)c1cc(=O)[nH]cn1,17498,OC1=C(O)c2ccccc21,18015,[H]OC(=O)C1=NC2([H])N([H])C(=O)C1([H])C1(O[H])c3c([H])c([H])c([H])c([H])c3C21O[H],1,8 4 1 2 14 1,2,18.387324999872423,14.876241049815558,25.675873447757787,15.78730883500582,6.004389385807997,21.791698220813814,0.0080532412709894,0.0090046198899211,0.0082415279417525,0.0090046198899211,-20.01829556546296,0.0031885069200211,0.0344144279449288,0.0264277272544016,-21.88815936477272,-21.00833749578016,-17.531481747063495,21.25005316677804,23.761212140702707
13608,O=C(O)c1cc(=O)[nH]cn1,17498,OCC1=Cc2ccccc21,18025,[H]OC(=O)C1=NC2([H])N([H])C(=O)C1([H])C1([H])c3c([H])c([H])c([H])c([H])c3C21C([H])([H])O[H],1,8 4 2 3 14 1,4,17.532259246368394,11.91119027428084,24.39935058761488,15.42079333164783,3.974530224907266,19.3953235565551,0.0030467701531997,0.0545255714242452,0.0651793787742835,0.0545255714242452,-13.629340206596652,0.0041845723946625,0.0865666557243346,0.1027729714512802,-14.861352466097031,-18.516801906238747,-18.794784046678352,21.103568133586148,22.012963893305965
14002,O=C(O)c1cc(=O)[nH]cn1,17498,O[C@@H]1CC/C=C/CCC1,18100,[H]OC(=O)C1=NC2([H])N([H])C(=O)C1([H])C1([H])C([H])([H])C([H])([H])[C@@]([H])(O[H])C([H])([H])C([H])([H])C([H])([H])C21[H],1,8 4 5 6 14 1,6,20.939090205819515,6.220835203408875,22.723747452230143,15.616672115448385,3.83369738682989,19.45036950227827,0.0187265641083823,0.0639279946106006,0.0678584824436963,0.0639279946106006,-12.109800191167524,0.0042370038537847,0.0536876464176475,0.028358978265795,-9.968823989910774,-12.453294878413956,-10.03649635906799,23.177816274453647,23.927580046159697
18766,O=C(O)c1cc(=O)[nH]cn1,17498,C1=C[C@H]2C=C[C@@H]3CC=C1[C@H]23,13787,[H]OC(=O)C1=NC2([H])N([H])C(=O)C1([H])C1([H])C23C([H])=C([H])[C@@]2([H])C([H])=C([H])[C@]([H])(C1([H])[H])[C@]32[H],1,8 4 8 7 14 1,22,19.41617337380697,6.923982171974354,21.562517508846376,15.229703170849684,4.925558379776621,20.155261550626307,6.781582832751892e-06,0.0001123885956617,0.0057725007428819,0.0001123885956617,-12.815788027114266,0.0016949224318227,0.0022798621460642,0.00834799071861,-11.808622457647466,-12.07819820905295,-11.106162488746946,20.46498755646956,21.09850581306527
7430,O=C(O)c1ccc(=O)oc1,17502,Nc1nc2c([nH]1)NON2,17291,[H]OC(=O)C1=C([H])C2([H])C(=O)OC1([H])C13N=C(N([H])[H])N([H])C21N([H])ON3[H],1,9 5 3 4 14 1,12,18.048924707534507,10.550593034561622,22.12802307723951,15.528101789121324,6.183040446106308,21.71114223522764,0.0051513771966465,0.0423895568934603,0.0282149602582252,0.0423895568934603,-13.830940542878691,0.0344088292932559,0.0566884832328083,0.0356601887785437,-17.3351793134567,-15.496328921360607,-15.680675110352505,22.16831321890705,21.914854044482528
12254,O=C(O)c1ccc(=O)oc1,17502,O=c1[nH]c2c([nH]1)NON2,17935,[H]OC(=O)C1=C([H])C2([H])C(=O)OC1([H])C13N([H])ON([H])C21N([H])C(=O)N3[H],1,9 5 3 4 14 1,10,15.8881935411341,9.479799199711657,21.843168857878787,15.293543223969545,6.61549314773594,21.909036371705483,0.0057519362171353,0.0177430375860007,0.0121741836623429,0.0177430375860007,-20.144116408497325,0.0139891610757734,0.0321759873337966,0.0034100066789642,-18.46533739960372,-20.54863663225525,-20.15519889471121,20.291646333221784,20.605482032398765
13562,O=C(O)c1ccc(=O)oc1,17502,OC1=C(O)c2ccccc21,18015,[H]OC(=O)C1=C([H])C2([H])C(=O)OC1([H])C1(O[H])c3c([H])c([H])c([H])c([H])c3C21O[H],1,9 5 1 2 14 1,2,16.817180298936346,14.648457983856604,22.978943017838706,15.541989395596916,6.882211544407237,22.424200940004155,0.0118350804993916,0.0124060692553692,0.0072183662589245,0.0124060692553692,-23.55758808414003,0.0235543818237779,0.0162954669933167,0.0258738255288403,-23.93575211822114,-22.41915791740365,-19.115101307204363,23.2386717038908,23.72443239735285
13610,O=C(O)c1ccc(=O)oc1,17502,OCC1=Cc2ccccc21,18025,[H]OC(=O)C1=C([H])C2([H])C(=O)OC1([H])C1([H])c3c([H])c([H])c([H])c([H])c3C21C([H])([H])O[H],1,9 5 3 2 14 1,6,15.922543283891503,11.88247203702912,22.36757757737788,15.339683887489905,4.3595594041922965,19.6992432916822,0.0517695412180569,0.0113278028077246,0.0352899511653594,0.0113278028077246,-18.39512706204524,0.06534881491984,0.0120720541780477,0.1383437805484215,-19.141891787455585,-20.952764689302256,-21.18960389095254,22.264808600514428,21.85421278925002
14002,O=C(O)c1ccc(=O)oc1,17502,O[C@@H]1CC/C=C/CCC1,18100,[H]OC(=O)C1=C([H])C2([H])C(=O)OC1([H])C1([H])C([H])([H])C([H])([H])C([H])([H])[C@]([H])(O[H])C([H])([H])C([H])([H])C21[H],1,9 5 5 6 14 1,6,18.953930579474743,5.852238538464608,19.621139016053377,15.055965602534554,5.658689211063365,20.71465481359792,0.053570031251131,0.0919822726025905,0.0260159815139577,0.0919822726025905,-13.236371131719253,0.0284516762120526,0.0487536360912785,0.0344207191256528,-12.12106893036053,-12.981337390445226,-11.102338781015852,23.27032162129173,23.04836800011976
18766,O=C(O)c1ccc(=O)oc1,17502,C1=C[C@H]2C=C[C@@H]3CC=C1[C@H]23,13787,[H]OC(=O)C1=C([H])C2([H])C(=O)OC1([H])C13C([H])=C([H])[C@@]4([H])C([H])=C([H])[C@]([H])(C([H])([H])C21[H])[C@]34[H],1,9 5 8 7 14 1,22,18.022040582160884,6.973776389131656,18.647559246660656,15.095548070259191,7.613523706304779,22.70907177656397,3.332924590659939e-05,0.0002423344104987,0.0043793153053768,0.0002423344104987,-13.285528564714475,0.0041427725345674,0.0022225341652628,0.0048423610683136,-13.67360468609273,-12.124389192317189,-12.13226628534312,22.409245910105483,21.27684036700101
12254,O=C(O)c1cnc(CO)o1,17510,O=c1[nH]c2c([nH]1)NON2,17935,[H]OC(=O)C12OC(C([H])([H])O[H])(N=C1[H])C13N([H])ON([H])C21N([H])C(=O)N3[H],1,3 6 3 4 15 1,10,16.619721637973925,9.541058838571406,20.18144527561735,15.24083338755198,8.794169946807468,24.03500333435945,0.0067620252018297,0.0051692238605399,0.0114003277923986,0.0051692238605399,-7.470796689197442,0.0049038219562656,0.0017530801012835,0.000412938691874,-3.548488614595719,-7.536853903007074,-8.459474725985451,20.59820336727787,20.340189468359736
865,O=C(O)c1coc(F)n1,17512,FC(F)(F)C1=CC=C=CN1,16502,[H]OC(=O)C1=NC2(F)OC1([H])C1=C([H])N([H])C(C(F)(F)F)=C([H])C12[H],0,6 4 6 7 11 0,17,18.370958305513515,7.871125861750664,23.17681710831237,15.650926577109376,3.577626115692784,19.22855269280216,0.0158986944611513,0.0106453777922198,0.0055158449428971,0.0106453777922198,-17.521812932330825,0.012995857105852,0.0262712079172865,0.0133350549346493,-17.42834466325558,-18.19560507081801,-13.598127974572344,20.87722778500466,22.394708297716623
7430,O=C(O)c1coc(F)n1,17512,Nc1nc2c([nH]1)NON2,17291,[H]OC(=O)C1=NC2(F)OC1([H])C13N([H])ON([H])C21N=C(N([H])[H])N3[H],1,6 4 3 4 11 1,12,19.249823164099364,10.17163901448842,21.77299659472931,15.455672148824656,7.295771504135288,22.751443652959946,0.0255663509193746,0.0692454888551853,0.0453822804334566,0.0692454888551853,-6.406098427873722,0.0263720303709638,0.0410033037862162,0.0455494261590955,-8.686045524517617,-8.577353111884996,-8.714020482810561,22.35158657662038,23.02414026096308
12255,O=C(O)c1coc(F)n1,17512,O=c1[nH]c2c([nH]1)NON2,17935,[H]OC(=O)C1=NC2(F)OC1([H])C13N([H])ON([H])C21N([H])C(=O)N3[H],0,6 4 3 4 11 0,11,16.546950001359747,8.82351691137396,20.35043539611908,15.143595657067392,7.332666731269889,22.476262388337283,0.0090326047792034,0.0268063333600815,0.0406440363299562,0.0268063333600815,-11.784937935888337,0.0161010019627412,0.0144672921892539,0.0051874931441935,-9.43353238445767,-11.452798697751298,-13.918178045869354,19.20545114020848,20.72835153162308
13610,O=C(O)c1coc(F)n1,17512,OCC1=Cc2ccccc21,18025,[H]OC(=O)C1=NC2(F)OC1([H])C1(C([H])([H])O[H])c3c([H])c([H])c([H])c([H])c3C21[H],1,6 4 3 2 11 1,6,16.645795441647476,10.93982928016752,21.72309968609758,15.056340381849708,5.113858733195702,20.17019911504541,0.0423467666470122,0.0088791052745007,0.0350693296889281,0.0088791052745007,-12.249548551967678,0.2124414977519483,0.0105181377638225,0.1312120922456487,-12.050070086702156,-14.156848979702218,-13.072627952211676,21.085387818020585,21.43837834563636
14002,O=C(O)c1coc(F)n1,17512,O[C@@H]1CC/C=C/CCC1,18100,[H]OC(=O)C1=NC2(F)OC1([H])C1([H])C([H])([H])C([H])([H])[C@@]([H])(O[H])C([H])([H])C([H])([H])C([H])([H])C21[H],1,6 4 5 6 11 1,6,19.98647759467868,5.039577259633246,19.149965498113858,14.884336768445522,5.491100167550748,20.37543693599627,0.0080021072171378,0.064877231117242,0.041566468866265,0.064877231117242,-10.077195177403915,0.031844633377086,0.0446358935694052,0.0188794706377864,-8.347997804867866,-8.215384297117751,-6.1658670650364975,22.70315449228124,23.323740278013485
18765,O=C(O)c1coc(F)n1,17512,C1=C[C@H]2C=C[C@@H]3CC=C1[C@H]23,13787,[H]OC(=O)C1=NC2(F)OC1([H])C13C([H])=C([H])[C@@]4([H])C([H])=C([H])[C@]([H])(C([H])([H])C21[H])[C@]34[H],0,6 4 7 8 11 0,21,19.117305613744826,6.679030634123659,19.15080124712573,14.720015286095652,6.307810978633132,21.027826264728784,0.000578322615365,0.0126042717958705,0.0018852040836449,0.0126042717958705,-7.000191102469742,0.0151013070438846,0.0209089974045628,0.009500233005371,-7.029263925995323,-9.736550115797158,-6.051957095130678,23.0207736529104,23.16953476665557
865,O=C(O)c1ncc[nH]c1=O,17514,FC(F)(F)C1=CC=C=CN1,16502,[H]OC(=O)C12N=C([H])C([H])(C3=C([H])N([H])C(C(F)(F)F)=C([H])C31[H])N([H])C2=O,0,3 6 6 7 14 0,17,17.18777034442117,10.61861368635099,24.02446967261297,15.865937168908722,1.5426885738746066,17.40862574278333,0.014871363480807,0.0177785915383957,0.0021697291247316,0.0177785915383957,-19.79782663667704,0.0037111243029237,0.0200582443888732,0.0046521281356804,-17.069705082158883,-19.660390644727265,-17.684553213579747,19.013139680300142,22.23791067482189
7430,O=C(O)c1ncc[nH]c1=O,17514,Nc1nc2c([nH]1)NON2,17291,[H]OC(=O)C12N=C([H])C([H])(N([H])C1=O)C13N([H])ON([H])C21N=C(N([H])[H])N3[H],1,3 6 3 4 14 1,12,17.552801553140224,10.999732025852165,26.500089499728045,15.876828900846036,1.9899725634695,17.866801464315536,0.0073108603160927,0.0636672003085284,0.0572870669604217,0.0636672003085284,-13.663738135209272,0.0027168786248146,0.0838654287190158,0.0654351080823829,-14.925157137027,-12.99033972522016,-15.43156976837914,17.337772578195768,19.59278090713166
12255,O=C(O)c1ncc[nH]c1=O,17514,O=c1[nH]c2c([nH]1)NON2,17935,[H]OC(=O)C12N=C([H])C([H])(N([H])C1=O)C13N([H])ON([H])C21N([H])C(=O)N3[H],0,3 6 3 4 14 0,11,15.35648371659811,9.893530254099764,26.41312847053916,15.522949132491531,3.450768843924891,18.973717976416424,0.0044777304439398,0.0267076819013749,0.0621813181859515,0.0267076819013749,-16.06410169218598,0.0012817688734664,0.0406829568616545,0.0039957780415313,-11.812655541071706,-15.052776196674388,-18.02016364217045,17.220817122922355,18.87788695339013
13563,O=C(O)c1ncc[nH]c1=O,17514,OC1=C(O)c2ccccc21,18015,[H]OC(=O)C12N=C([H])C([H])(N([H])C1=O)C1(O[H])c3c([H])c([H])c([H])c([H])c3C21O[H],0,3 6 1 2 14 0,3,16.461086066620183,15.592483932483852,27.53679456436016,15.935653166979852,3.997866849873926,19.933520016853777,0.008979816417613,0.0145540917952371,0.0232696201556679,0.0145540917952371,-21.78915774144612,0.0007740481090659,0.0768786366364393,0.0190921409614775,-22.175037851753927,-19.06113466689988,-16.481625992107823,18.19964497747417,22.082231627475124
13608,O=C(O)c1ncc[nH]c1=O,17514,OCC1=Cc2ccccc21,18025,[H]OC(=O)C12N=C([H])C([H])(N([H])C1=O)C1([H])c3c([H])c([H])c([H])c([H])c3C21C([H])([H])O[H],1,3 6 2 3 14 1,4,15.428154910525656,12.380552727745291,25.879659399910963,15.768071489341065,1.6488957267288882,17.416967216069953,0.0076634136240418,0.0485517558764139,0.0649475898636279,0.0485517558764139,-15.926789734026606,0.0027754956238764,0.0353596703195467,0.0371128454994009,-15.648942813952791,-17.484402873216226,-18.557258484275337,18.75223618576262,20.33219577656832
14002,O=C(O)c1ncc[nH]c1=O,17514,O[C@@H]1CC/C=C/CCC1,18100,[H]OC(=O)C12N=C([H])C([H])(N([H])C1=O)C1([H])C([H])([H])C([H])([H])[C@@]([H])(O[H])C([H])([H])C([H])([H])C([H])([H])C21[H],1,3 6 5 6 14 1,6,18.59745119252545,6.536734685286756,23.904993144742427,15.554386780138753,2.8842145654770697,18.438601345615822,0.0118909958086123,0.0386282612542843,0.0645298653460128,0.0386282612542843,-11.34704208491761,0.00364002126376,0.0698751174741433,0.0296070633764541,-10.12407557823716,-12.419668177169328,-10.746481517962486,20.354500201140795,22.03536200643995
18456,O=C(O)c1ncc[nH]c1=O,17514,C1=CC2=C(C1)[C@@H]1C=C[C@H]2C1,13755,[H]OC(=O)C12N=C([H])C([H])(N([H])C1=O)C13C([H])([H])C([H])=C([H])C21[C@@]1([H])C([H])=C([H])[C@]3([H])C1([H])[H],1,3 6 2 3 14 1,16,19.86571755399952,12.96395260549707,25.162592753515845,16.461714752427046,7.672270818124616,24.133985570551665,0.0007865374195398,0.0067340400341884,0.0076202462472798,0.0067340400341884,-7.657841461189236,0.0024477725624525,0.0047518690952477,0.0003490823079553,-7.084653396756266,-9.73960764548827,-7.997378216852603,21.67433461566334,22.47080950265622
18766,O=C(O)c1ncc[nH]c1=O,17514,C1=C[C@H]2C=C[C@@H]3CC=C1[C@H]23,13787,[H]OC(=O)C12N=C([H])C([H])(N([H])C1=O)C1([H])C23C([H])=C([H])[C@@]2([H])C([H])=C([H])[C@]([H])(C1([H])[H])[C@]32[H],1,3 6 8 7 14 1,22,17.367732423102147,7.03274689091753,21.82061699925177,15.461546235722146,3.5427610920516663,19.00430732777381,4.054779799250243e-06,5.0654057361209485e-05,0.0093570146766356,5.0654057361209485e-05,-11.775515640939304,0.0004037907183496,0.0019682371066085,0.0039303191513788,-12.133587456254482,-12.176982496325046,-12.092073814474467,16.510004449963198,18.49018155407872
429,O=C1CC2=C(CC=C2)O1,17558,FC(F)(F)C1=CC=C=CN1,16502,[H]C1=C2C([H])(C([H])=C(C(F)(F)F)N1[H])C1([H])C([H])=C3C([H])([H])C(=O)OC32C1([H])[H],0,6 4 6 7 15 0,5,14.182861983840606,7.823178199637776,19.53587435249269,16.02366506973683,2.5196231219784195,18.54328819171525,0.0695467536033788,0.0169555276373872,0.0210114923050613,0.0169555276373872,-34.397577424031766,0.0374006211602938,0.0297989557478451,0.0493415699407559,-33.859101172060534,-35.994683927140095,-21.782577722484938,21.01333412762139,22.187328393390843
889,O=C1CC2=C(CC=C2)O1,17558,N#CC(F)(F)C(F)=C(F)F,16603,[H]C1=C2C([H])([H])C(=O)OC23C([H])([H])C1([H])C(F)(C(F)(F)C#N)C3(F)F,0,6 4 5 7 15 0,1,12.65668376004978,17.917131131560083,20.563209937285627,15.519436939282697,10.93195815140204,26.45139509068473,0.0008588445910897,0.0032516516329751,0.0091384104780502,0.0032516516329751,-21.275547011093813,0.0118930027378632,0.0116921992181282,0.0468143384600221,-19.950595225545264,-20.37399635432123,-20.53699543495621,25.225375042945352,23.95432628946221
3713,O=C1CC2=C(CC=C2)O1,17558,Nc1nc2c([nH]1)NON2,17291,[H]C1=C2C([H])([H])C(=O)OC23C([H])([H])C1([H])C12N=C(N([H])[H])N([H])C31N([H])ON2[H],1,6 4 3 4 15 1,4,11.67938918456733,7.187648450657311,15.843960248930664,15.738742380365563,4.053604348871161,19.792346729236726,0.0494523330483627,0.060263602657287,0.0249461228616837,0.060263602657287,-27.991188856284857,0.0555208755127653,0.0334187447384645,0.0147258692877627,-28.218252474272923,-25.83107208460633,-26.45001364479561,18.9162279336442,19.30426212110948
3784,O=C1CC2=C(CC=C2)O1,17558,Nc1nc2occ(O)c2o1,17301,[H]OC1=C([H])OC23N=C(N([H])[H])OC12C1([H])C([H])=C2C([H])([H])C(=O)OC23C1([H])[H],0,6 4 8 3 15 0,9,14.272015374547976,10.714132937214536,17.536407770872174,15.813268483848772,7.596775036301253,23.410043520150023,0.0134569070853094,0.0330313984478957,0.046246179767312,0.0330313984478957,-18.8821582686538,0.0078782083469411,0.0144325641009484,0.0120485191430287,-17.16048094392572,-15.772588367072558,-15.528779098051352,23.173787188369225,23.315870646427605
4574,O=C1CC2=C(CC=C2)O1,17558,O=C1C=c2ccccc2=N1,17550,[H]C1=C([H])C([H])=C([H])C23C1=NC(=O)C2([H])C12OC(=O)C([H])([H])C1=C([H])C3([H])C2([H])[H],0,6 4 3 2 15 0,3,17.15871420938442,12.69682537009061,24.04332911645926,15.387629415187522,7.698771245572715,23.08640066076024,0.0571926022267203,0.0143659872922766,0.0145513935126692,0.0143659872922766,-2.3787406083289326,0.0368496333407735,0.0204530988007576,0.0381536823707224,-2.502996741637709,0.1508929590045404,-5.611684836262526,21.70918992945983,22.06077843951876
5419,O=C1CC2=C(CC=C2)O1,17558,O=CC#CC(F)(F)F,17787,[H]C(=O)C1=C(C(F)(F)F)C2([H])C([H])=C3C([H])([H])C(=O)OC13C2([H])[H],1,6 4 3 2 15 1,1,9.561202614317596,13.253347039314896,17.956126977608758,15.584847581039313,5.78320804548785,21.368055626527163,5.891778774412747e-05,0.0299062994412711,0.0205336949209837,0.0299062994412711,-25.82114527581417,0.0030663292742528,0.0260139035870015,0.1083924321767483,-25.06737757328846,-25.70031336638821,-26.497039113434617,21.75019200279624,22.08135381870996
6127,O=C1CC2=C(CC=C2)O1,17558,O=c1[nH]c2c([nH]1)NON2,17935,[H]C1=C2C([H])([H])C(=O)OC23C([H])([H])C1([H])C12N([H])ON([H])C31N([H])C(=O)N2[H],0,6 4 3 4 15 0,5,9.962561437379993,6.65754776189866,15.705728722489228,15.402410670534234,3.771759362930549,19.174170033464783,0.0302251320142965,0.049153504764596,0.0162558607690888,0.049153504764596,-33.74433924008005,0.028996610271613,0.0248341899729578,0.001496778528866,-28.428728782702336,-29.29566468675823,-32.54175701066826,15.416410409779076,16.498689470691776
6513,O=C1CC2=C(CC=C2)O1,17558,O=c1ccc(=O)n(CO)[nH]1,17988,[H]OC([H])([H])N1C(=O)C2([H])C([H])(C(=O)N1[H])C1([H])C([H])=C3C([H])([H])C(=O)OC32C1([H])[H],0,6 4 2 3 15 0,5,17.004123090030127,12.663303456543993,24.990670679827574,15.98128853032547,7.304856975822624,23.28614550614809,0.0007833187263691,0.0066847938212682,0.001723132439451,0.0066847938212682,-1.1684419684261904,0.0030267617852162,0.0150620538100235,0.0134520631976679,-1.2744918482165488,-0.2132961687137644,-5.975628642985445,22.62418882302733,23.09303631757533
6780,O=C1CC2=C(CC=C2)O1,17558,OC1=C(O)c2ccccc21,18015,[H]OC12c3c([H])c([H])c([H])c([H])c3C1(O[H])C13OC(=O)C([H])([H])C1=C([H])C2([H])C3([H])[H],1,6 4 1 2 15 1,0,11.472727547442387,12.115226780290753,17.82006952648705,15.73057603028976,5.35201705859134,21.0825930888811,0.0145478689311283,0.0083685816081665,0.0097753574411411,0.0083685816081665,-35.88973081526528,0.0351143458259755,0.0238219630557182,0.0359928123547092,-36.85931513879737,-33.07166201284379,-30.933293371110288,19.603461699344084,20.532553823788152
6802,O=C1CC2=C(CC=C2)O1,17558,OCC1=Cc2ccccc21,18025,[H]OC([H])([H])C12c3c([H])c([H])c([H])c([H])c3C1([H])C13OC(=O)C([H])([H])C1=C([H])C2([H])C3([H])[H],1,6 4 2 3 15 1,0,11.12453378670984,8.741217451266241,17.82209721240205,15.43069520103824,2.5441004901073327,17.974795691145573,0.0201422161570481,0.0371971577362696,0.1057811814616803,0.0371971577362696,-29.304655286617034,0.090903263913332,0.0480593758810373,0.2485556975667975,-28.478735512792724,-30.141738779204907,-31.45079385854945,17.471299929130836,17.676044457144584
7000,O=C1CC2=C(CC=C2)O1,17558,O[C@@H]1CC/C=C/CCC1,18100,[H]O[C@@]1([H])C([H])([H])C([H])([H])C([H])([H])C2([H])C3([H])C([H])=C4C([H])([H])C(=O)OC4(C3([H])[H])C2([H])C([H])([H])C1([H])[H],1,6 4 5 6 15 1,2,12.838003434253627,2.025860382278273,13.715276199016747,15.05360360951325,2.6674923446830903,17.72109595419634,0.1365732723798478,0.058217077229033,0.0477887113863663,0.058217077229033,-23.12444981422784,0.0699298873302833,0.0580029837510667,0.0396379224940801,-23.250602554967905,-22.10794412877548,-22.142254244632795,18.48687633734816,18.635697293955293
8486,O=C1CC2=C(CC=C2)O1,17558,FC1(F)C=CC1(F)F,13004,[H]C1=C2C([H])([H])C(=O)OC23C([H])([H])C1([H])C1([H])C(F)(F)C(F)(F)C31[H],0,6 4 3 4 15 0,1,13.795542718644196,11.461559267230651,17.697981324753272,15.589449463653906,8.721359214657152,24.31080867831106,0.001862054989809,0.0006603874723724,0.0028621223171677,0.0006603874723724,-15.20487064938046,0.0229846696683499,0.0014790657189195,0.0114200065793668,-16.44649379344144,-14.610265374478118,-14.888976575286613,24.38978673713253,23.95409831637561
9224,O=C1CC2=C(CC=C2)O1,17558,C1=CC2=C(C1)[C@@H]1C=C[C@H]2C1,13755,[H]C1=C([H])C23C4([H])C([H])=C5C([H])([H])C(=O)OC5(C4([H])[H])C2(C1([H])[H])[C@]1([H])C([H])=C([H])[C@@]3([H])C1([H])[H],1,6 4 2 3 15 1,4,13.945667168541185,9.981592887518278,15.970088602049074,16.44420648813514,7.638031101981776,24.08223759011692,0.0011185238698862,0.0100173860696434,0.0082120952517536,0.0100173860696434,-20.864753152302704,0.0220388532700511,0.0074369304434828,0.0012402651558069,-19.173813457968443,-21.13240548099332,-19.83586545698266,22.87214429199829,23.24660957063425
9249,O=C1CC2=C(CC=C2)O1,17558,C1=CC=C=c2ccccc2=1,13758,[H]C1=C=c2c([H])c([H])c([H])c([H])c2=C2C1([H])C1([H])C([H])=C3C([H])([H])C(=O)OC32C1([H])[H],0,6 4 2 3 15 0,5,14.71054863834534,7.884119844172756,19.158194394587348,15.687474485860095,2.900576682954199,18.588051168814296,0.0096933168110571,0.0072137984410681,0.0623662759605936,0.0072137984410681,-22.6385868717526,0.0116635457598526,0.0064395668735891,0.0339789590244846,-21.007970163869587,-19.33095536015273,-16.340084901033457,20.27272798881337,19.88473930306301
9382,O=C1CC2=C(CC=C2)O1,17558,C1=C[C@H]2C=C[C@@H]3CC=C1[C@H]23,13787,[H]C1=C2C([H])([H])C(=O)OC23C([H])([H])C1([H])C12C([H])=C([H])[C@@]4([H])C([H])=C([H])[C@]([H])(C([H])([H])C31[H])[C@]24[H],1,6 4 8 7 15 1,10,12.104720923392527,3.366628653805993,12.435100900646589,14.86315216205156,4.510647525140996,19.37379968719256,0.0002980259188715,0.0001554803860363,0.0040422517667734,0.0001554803860363,-23.905361166348747,0.0097655051306062,0.0098204699283045,0.0036545157202532,-24.707818322514058,-22.960245474597865,-23.536054272093303,17.485091898315776,17.981110751418438
9975,O=C1CC2=C(CC=C2)O1,17558,C=CC(F)(F)C(=O)C(=O)O,13974,[H]OC(=O)C(=O)C(F)(F)C1([H])C2([H])C([H])=C3C([H])([H])C(=O)OC3(C2([H])[H])C1([H])[H],1,6 4 1 0 15 1,2,15.308740037230214,10.782735014625226,19.86493865871328,16.01193186971961,7.170706752738617,23.182638622458228,0.0056846157892043,0.0147572816342369,0.0188511946570975,0.0147572816342369,-10.847092728233548,0.0202854995351873,0.032477541488262,0.0707496332775688,-10.93426594088033,-10.096932914802764,-10.82686735107697,23.20142691885828,23.26406033297969
10459,O=C1CC2=C(CC=C2)O1,17558,C=Cc1cc(C=O)ccn1,14096,[H]C(=O)c1c([H])c([H])nc(C2([H])C3([H])C([H])=C4C([H])([H])C(=O)OC4(C3([H])[H])C2([H])[H])c1[H],1,6 4 1 0 15 1,2,16.215451794732846,9.458702439935887,18.01357841675162,15.353358086988244,7.610060189803285,22.96341827679153,0.1166832863980107,0.074376290006205,0.0863120920030479,0.074376290006205,-9.406786317671802,0.103269293734412,0.0826364451877815,0.1689401034232515,-10.098656098430183,-9.168747069996948,-9.13826824120757,24.448048430730903,23.825702680756656
429,O=C1NCCc2occc21,17728,FC(F)(F)C1=CC=C=CN1,16502,[H]C1=C2C([H])(C([H])=C(C(F)(F)F)N1[H])C1([H])OC23C(=C1[H])C(=O)N([H])C([H])([H])C3([H])[H],0,7 5 6 7 17 0,5,17.01723337432907,9.333413638437731,22.66174250721674,15.644133379542865,3.713566621513277,19.357700001056138,0.0335028223119404,0.0146072506050889,0.0262718210840174,0.0146072506050889,-16.731276025652193,0.0120245687765707,0.0423289116947012,0.0256993612914048,-18.963566512942897,-18.467611517083824,-14.176095368634826,22.38256250215933,23.82719952487239
6127,O=C1NCCc2occc21,17728,O=c1[nH]c2c([nH]1)NON2,17935,[H]C1=C2C(=O)N([H])C([H])([H])C([H])([H])C23OC1([H])C12N([H])ON([H])C31N([H])C(=O)N2[H],0,7 5 3 4 17 0,5,15.770183748731627,9.190932993809422,19.480587484426604,14.998848130770645,7.553850439377317,22.55269857014796,0.0076215183135448,0.0375609312842328,0.0331941362507055,0.0375609312842328,-14.916719277865248,0.0233498048135335,0.0308526469164786,0.0084931338476156,-12.690106455364251,-13.003300330908845,-13.038903242487804,20.89570771785372,22.523329259391808
24498,O=C1NCc2nccnc21,17744,O=c1[nH]c2c([nH]1)NON2,17935,[H]C1=NC23C(=O)N([H])C([H])([H])C2=NC1([H])C12N([H])ON([H])C31N([H])C(=O)N2[H],1,6 9 3 4 15 1,10,18.55181321924372,10.5940809041929,21.6433193082342,15.201017740112484,8.61194453428628,23.812962274398764,0.0051543195023238,0.0045930324750998,0.0138486025465344,0.0045930324750998,-9.424835350543496,0.0029406309397555,0.0138022327014209,0.0031444060629906,-6.8167712394813975,-9.924807235340388,-9.01970388894869,22.88931088039214,21.91788287648132
30632,O=CC(=O)c1ccncc1,17790,O=c1[nH]c2c([nH]1)NON2,17935,[H]C(=O)C(=O)C1=C([H])C2([H])N=C([H])C1([H])C13N([H])ON([H])C21N([H])C(=O)N3[H],1,6 9 3 4 15 1,22,17.863009189016363,11.143019105553828,20.078849007384058,14.837831644680705,13.17314449168838,28.01097613636908,0.0040535834069371,0.0074708034837117,0.0060891808816866,0.0074708034837117,-6.122403555434133,0.0038168667920854,0.006156039330081,0.0043004966584199,-3.5260172654114683,-5.772264464722294,-7.994167181321046,23.01863577032536,21.70677699924592
865,O=Cc1cc(=O)[nH]cc1F,17859,FC(F)(F)C1=CC=C=CN1,16502,[H]C(=O)C1=C(F)C2([H])N([H])C(=O)C1([H])C1=C([H])N([H])C(C(F)(F)F)=C([H])C12[H],0,7 3 6 7 14 0,17,19.278560748047468,10.624050466585132,21.51995347143649,15.71512825191776,4.548023744907049,20.26315199682481,0.0138280809205448,0.045874450731918,0.0105388246604967,0.045874450731918,-22.78723222128289,0.0222343849179676,0.0664342347225892,0.0262981472180039,-23.541817169679867,-24.33526512519078,-14.37867933841963,22.289298999250903,23.30041454767448
12255,O=Cc1cc(=O)[nH]cc1F,17859,O=c1[nH]c2c([nH]1)NON2,17935,[H]C(=O)C1=C(F)C2([H])N([H])C(=O)C1([H])C13N([H])ON([H])C21N([H])C(=O)N3[H],0,7 3 3 4 14 0,11,15.164144493985964,8.5592656724434,22.55159522205889,15.085076621514595,4.957031878656991,20.042108500171587,0.0060083669143366,0.0284426425307472,0.0076923063477817,0.0284426425307472,-24.80874392959925,0.0148908238870108,0.0382912362663854,0.0017434943837387,-20.85286712460905,-22.857326086238523,-23.22891197683431,17.343964071181258,17.17688797157519
14002,O=Cc1cc(=O)[nH]cc1F,17859,O[C@@H]1CC/C=C/CCC1,18100,[H]O[C@@]1([H])C([H])([H])C([H])([H])C([H])([H])C2([H])C3([H])C(F)=C(C([H])=O)C([H])(C(=O)N3[H])C2([H])C([H])([H])C1([H])[H],1,7 3 5 6 14 1,6,18.76563202349642,5.696109050911765,20.021162177960367,15.215334513018602,3.3495305000211744,18.56486501303978,0.0504812388042104,0.1502145512978074,0.1022669044871694,0.1502145512978074,-17.026540786295676,0.0276122682975039,0.0766756543537312,0.0158395628247807,-15.628055357870103,-15.441044775202997,-11.80232618225211,21.950216753889293,22.062277140405165
18456,O=Cc1cc(=O)[nH]cc1F,17859,C1=CC2=C(C1)[C@@H]1C=C[C@H]2C1,13755,[H]C(=O)C1=C(F)C2([H])N([H])C(=O)C1([H])C13C([H])([H])C([H])=C([H])C21[C@@]1([H])C([H])=C([H])[C@]3([H])C1([H])[H],1,7 3 2 3 14 1,16,19.162911403796272,12.399725296072358,21.6321958406864,16.189283865751534,8.287528068176378,24.476811933927912,0.000995837094552,0.0075370227789008,0.0069130810120698,0.0075370227789008,-15.544993438551812,0.0078752408382939,0.0034045549520897,0.0006770030057758,-14.505767935708192,-15.043421071439964,-12.350897907010989,23.0728363148069,22.43304818389081
18766,O=Cc1cc(=O)[nH]cc1F,17859,C1=C[C@H]2C=C[C@@H]3CC=C1[C@H]23,13787,[H]C(=O)C1=C(F)C2([H])N([H])C(=O)C1([H])C1([H])C23C([H])=C([H])[C@@]2([H])C([H])=C([H])[C@]([H])(C1([H])[H])[C@]32[H],1,7 3 8 7 14 1,22,17.58621377324311,7.072579359398415,19.080631877944032,15.130009580445204,4.633917423136722,19.763927003581927,1.743523644263209e-05,0.000422922921408,0.0116357955082062,0.000422922921408,-16.34960574419376,0.0036118908799726,0.0031766791661491,0.0034681982328722,-15.65904091838172,-15.092669214559024,-12.953260102816351,20.092607886418698,19.77248573647412
12254,O=Cc1ccc(C(F)F)o1,17873,O=c1[nH]c2c([nH]1)NON2,17935,[H]C(=O)C12OC(C([H])(F)F)(C([H])=C1[H])C13N([H])ON([H])C21N([H])C(=O)N3[H],1,2 5 3 4 14 1,10,16.40389597524485,9.532173293840462,19.283156891575008,15.17246872479331,8.862209750368407,24.03467847516172,0.0059366475418861,0.016317418654739,0.0070120339585983,0.016317418654739,-7.784085540657067,0.0109997269751884,0.0120127777236148,0.0016563489471326,-4.428017735772848,-6.7051544053259775,-8.64268947639821,21.19767480483544,20.690564465299204
13608,O=Cc1ccc(C(F)F)o1,17873,OCC1=Cc2ccccc21,18025,[H]OC([H])([H])C12c3c([H])c([H])c([H])c([H])c3C1([H])C1(C([H])(F)F)OC2(C([H])=O)C([H])=C1[H],1,2 5 2 3 14 1,4,18.21516647806217,12.195733427106566,21.807772487033446,15.311429040307946,7.519627959815303,22.83105700012325,0.0065183031111828,0.0143202835365321,0.1184927902724179,0.0143202835365321,-5.026299303437575,0.0332046991312416,0.0437441787126285,0.072861300802038,-4.3563851009330605,-7.659595905785775,-7.29943854993434,24.86426605781771,23.9946760239034
12254,O=Cc1ccoc1C(F)F,17892,O=c1[nH]c2c([nH]1)NON2,17935,[H]C(=O)C1=C([H])C2([H])OC1(C([H])(F)F)C13N([H])ON([H])C21N([H])C(=O)N3[H],1,6 4 3 4 14 1,10,16.25606390483606,9.584785689452744,19.259606763889742,15.378446266248115,6.939036161383132,22.317482427631248,0.0118177413494457,0.0182608079567231,0.0111744233655092,0.0182608079567231,-10.431385668188511,0.0115661747285144,0.0218618872535647,0.0027049417315948,-8.273137561295172,-10.314891176855646,-10.639275813627684,21.89613300611989,21.15785665634453
13610,O=Cc1ccoc1C(F)F,17892,OCC1=Cc2ccccc21,18025,[H]OC([H])([H])C12c3c([H])c([H])c([H])c([H])c3C1([H])C1(C([H])(F)F)OC2([H])C([H])=C1C([H])=O,1,6 4 3 2 14 1,6,16.697604626751783,12.0011362144729,20.863742906024832,15.16279695517933,6.340580907978676,21.503377863158008,0.0775051985395465,0.014965388965473,0.0229960773131145,0.014965388965473,-10.832792483225909,0.1426173236076881,0.0071110275234201,0.081554771311403,-10.226391266055323,-12.065991276678886,-11.454977556247812,23.83153003974821,22.607733450331416
1737,O=Cc1cnccn1,17897,FC(F)(F)C1=CC=C=CN1,16502,[H]C(=O)C1=NC2([H])C([H])=NC1([H])C1=C([H])N([H])C(C(F)(F)F)=C([H])C12[H],0,6 3 6 7 12 0,41,19.03180947324262,9.009075270818569,20.278959720325773,15.435132503956002,7.661146245635773,23.09627874959177,0.0197879016737124,0.0059944483673991,0.004625036442089,0.0059944483673991,-8.280827515289829,0.0128158675110093,0.0329516766760063,0.0080981016928548,-7.791030696261046,-10.15236396093593,-10.10609209019998,23.256959474820547,22.45097763287948
24510,O=Cc1cnccn1,17897,O=c1[nH]c2c([nH]1)NON2,17935,[H]C(=O)C1=NC2([H])C([H])=NC1([H])C13N([H])ON([H])C21N([H])C(=O)N3[H],1,6 3 3 4 12 1,22,16.985710440438154,10.683947206413642,19.653129079811475,14.801330010398996,10.68281537523185,25.48414538563085,0.0041264333095365,0.0127448595935211,0.0287839856093083,0.0127448595935211,-8.141049835359695,0.0039171861525653,0.0143939456994084,0.0034582311602623,-5.814566273997514,-8.061055860006114,-10.2292890159287,21.97001745917165,20.183154600552616
27222,O=Cc1cnccn1,17897,OCC1=Cc2ccccc21,18025,[H]OC([H])([H])C12c3c([H])c([H])c([H])c([H])c3C1([H])C1([H])N=C(C([H])=O)C2([H])N=C1[H],1,6 3 3 2 12 1,14,17.948112446622524,11.77294333374858,21.45728488892788,15.27087445868466,8.138796343265046,23.40967080194971,0.0317867757559084,0.0060395617345683,0.0249546454335546,0.0060395617345683,-5.3164507139058585,0.1183243013831598,0.0136447802327805,0.0481991945949319,-6.839652544051347,-8.190227902514621,-9.351077490023307,23.342822936092567,21.8830961931929
865,O=Cc1coc(C(F)F)n1,17901,FC(F)(F)C1=CC=C=CN1,16502,[H]C(=O)C1=NC2(C([H])(F)F)OC1([H])C1=C([H])N([H])C(C(F)(F)F)=C([H])C12[H],0,5 3 6 7 13 0,17,17.52409070675307,8.656675348024416,22.199860995802524,15.968675176482462,2.387975909457598,18.35665108594005,0.0121710072774882,0.0079376065208388,0.0018537417874053,0.0079376065208388,-14.850003833734462,0.0153318268778821,0.0239807050113767,0.0052858173082571,-12.368698814548964,-16.164938545485413,-13.105878851209816,21.86688465735202,21.820455130590343
7430,O=Cc1coc(C(F)F)n1,17901,Nc1nc2c([nH]1)NON2,17291,[H]C(=O)C1=NC2(C([H])(F)F)OC1([H])C13N([H])ON([H])C21N=C(N([H])[H])N3[H],1,5 3 3 4 13 1,12,18.462254479022675,11.179740069168876,21.03038909345424,15.887309547476322,6.852938849277741,22.740248396754065,0.0187835860468956,0.0388123305289219,0.0157011462566346,0.0388123305289219,-4.770719843119764,0.0435116079659529,0.0575172406229309,0.0217709545558621,-6.590182894587052,-6.3019704591900485,-7.544866610990955,23.69759275869123,22.66156266439945
12254,O=Cc1coc(C(F)F)n1,17901,O=c1[nH]c2c([nH]1)NON2,17935,[H]C(=O)C1=NC2(C([H])(F)F)OC1([H])C13N([H])ON([H])C21N([H])C(=O)N3[H],1,5 3 3 4 13 1,10,16.400176571612633,9.461549985021442,19.788844822425144,15.530932727951688,6.51974096348912,22.050673691440807,0.0170303047641741,0.0162444006537333,0.0111037952660058,0.0162444006537333,-10.718713138083023,0.0116993151983072,0.0263697322139076,0.001854808066938,-6.491385019978495,-9.62379313797826,-11.84780628959097,21.24591217000165,20.36374247481428
13562,O=Cc1coc(C(F)F)n1,17901,OC1=C(O)c2ccccc21,18015,[H]OC12c3c([H])c([H])c([H])c([H])c3C1(O[H])C1(C([H])(F)F)N=C(C([H])=O)C2([H])O1,1,5 3 1 2 13 1,2,17.736476826331838,14.57537711582854,22.242493444404328,15.969090078900638,6.76495979822737,22.734049877128008,0.0085121864091532,0.0056557806627864,0.0061837759609823,0.0056557806627864,-13.097345922978157,0.0224893825527651,0.0119021731360154,0.0114157368190566,-13.44723198252273,-13.07046696164864,-9.887798005026797,23.710287210040143,23.361222670406164
13610,O=Cc1coc(C(F)F)n1,17901,OCC1=Cc2ccccc21,18025,[H]OC([H])([H])C12c3c([H])c([H])c([H])c([H])c3C1([H])C1(C([H])(F)F)N=C(C([H])=O)C2([H])O1,1,5 3 3 2 13 1,6,16.638270883560715,11.60027115039483,21.405269142052337,15.5396131071105,4.359973163166959,19.89958627027746,0.0578937788784482,0.0070090487782981,0.0116174830870309,0.0070090487782981,-9.255557700300017,0.1988612821636628,0.0117817955266195,0.087024900522475,-9.137010326989987,-11.820586979823029,-12.523437857174386,22.40535570414609,21.12851072901238
7430,O=Cc1cocc1CO,17902,Nc1nc2c([nH]1)NON2,17291,[H]OC([H])([H])C1=C(C([H])=O)C2([H])OC1([H])C13N=C(N([H])[H])N([H])C21N([H])ON3[H],1,5 3 3 4 15 1,12,16.90533793624581,11.042044158396118,18.522605669655302,15.614726288742396,8.10151359607709,23.716239884819487,0.0229382927246763,0.0750252388541178,0.0672049814479044,0.0750252388541178,-6.47348690033229,0.0849421037124551,0.0875519867494691,0.0820107812550907,-8.518702817543357,-9.021232041660229,-8.007761488280373,23.034341144549582,23.39600531428399
12254,O=Cc1cocc1CO,17902,O=c1[nH]c2c([nH]1)NON2,17935,[H]OC([H])([H])C1=C(C([H])=O)C2([H])OC1([H])C13N([H])ON([H])C21N([H])C(=O)N3[H],1,5 3 3 4 15 1,10,14.207934719248303,9.162579383490428,18.076431156255424,15.168909817850274,7.121975343508165,22.29088516135844,0.0148331775945558,0.031401680613004,0.026868079119845,0.031401680613004,-13.544615498710192,0.022591273041477,0.0429762139211199,0.0059115819175407,-9.099274672233092,-13.919385728567818,-14.06536717924302,19.45737803457799,20.26677191280622
13610,O=Cc1cocc1CO,17902,OCC1=Cc2ccccc21,18025,[H]OC([H])([H])C1=C(C([H])=O)C2([H])OC1([H])C1([H])c3c([H])c([H])c([H])c([H])c3C21C([H])([H])O[H],1,5 3 3 2 15 1,6,14.107649789340572,11.792202986772615,19.01434973671564,15.113806918338998,5.744955957196641,20.85876287553564,0.0923940077673768,0.0179036502984514,0.0657907495809429,0.0179036502984514,-11.49816899734938,0.3951146941937078,0.0326366746094305,0.231632918033268,-11.673611642539022,-13.441567983036611,-13.60007876982244,20.720486847843407,21.401285866139013
18766,O=Cc1cocc1CO,17902,C1=C[C@H]2C=C[C@@H]3CC=C1[C@H]23,13787,[H]OC([H])([H])C1=C(C([H])=O)C2([H])OC1([H])C13C([H])=C([H])[C@@]4([H])C([H])=C([H])[C@]([H])(C([H])([H])C21[H])[C@]34[H],1,5 3 8 7 15 1,22,16.694042727077537,7.802918172844064,14.75421003040434,14.721771804823836,9.39042714504123,24.112198949865068,3.690383868906299e-05,0.0009800031522357,0.0173726366257329,0.0009800031522357,-3.956703051917259,0.0060509529876384,0.0038944541101903,0.0066406319147845,-5.173691153380979,-5.618045290676228,-5.538049911141595,23.72498657991823,22.89172387558488
865,O=Cc1nc2c(o1)CCC2,17906,FC(F)(F)C1=CC=C=CN1,16502,[H]C(=O)C12N=C3C([H])([H])C([H])([H])C([H])([H])C3(O1)C1=C([H])N([H])C(C(F)(F)F)=C([H])C12[H],0,2 5 6 7 17 0,17,15.59504912654983,8.2213144044503,21.498559914649064,15.418900402075998,2.8786756388126378,18.29757604088864,0.0342719832894463,0.0289450052525222,0.0085655296950849,0.0289450052525222,-20.22336514751042,0.0393251023985665,0.0694265199856375,0.0287289511892221,-16.749122573000363,-20.715382629633098,-21.93965511130564,19.983418128934986,19.999373027239184
7430,O=Cc1nc2c(o1)CCC2,17906,Nc1nc2c([nH]1)NON2,17291,[H]C(=O)C12N=C3C([H])([H])C([H])([H])C([H])([H])C3(O1)C13N([H])ON([H])C21N=C(N([H])[H])N3[H],1,2 5 3 4 17 1,12,17.117725969353273,9.921549158346409,20.233666429449947,15.43300039919908,5.781576599946401,21.21457699914548,0.0503956074380802,0.0968255938021728,0.0224672735424008,0.0968255938021728,-11.691931553526372,0.073397193025184,0.078136317745855,0.0277969001119684,-12.99663933013158,-11.35666593379517,-10.581470277064676,21.821046354043187,20.447841027556137
12255,O=Cc1nc2c(o1)CCC2,17906,O=c1[nH]c2c([nH]1)NON2,17935,[H]C(=O)C12N=C3C([H])([H])C([H])([H])C([H])([H])C3(O1)C13N([H])ON([H])C21N([H])C(=O)N3[H],0,2 5 3 4 17 0,11,14.803302110986426,8.227003988494474,19.56315276784281,15.103088881956731,5.738001777000775,20.84109065895751,0.0196289021339947,0.046190101633972,0.0178940869032257,0.046190101633972,-16.382924479561105,0.0368682252035612,0.0310944151106169,0.0020244962245364,-11.692631270834738,-13.364708014532924,-14.691320046025991,18.70583961523068,18.00943978357724
13562,O=Cc1nc2c(o1)CCC2,17906,OC1=C(O)c2ccccc21,18015,[H]OC12c3c([H])c([H])c([H])c([H])c3C1(O[H])C13OC2(C([H])=O)N=C1C([H])([H])C([H])([H])C3([H])[H],1,2 5 1 2 17 1,2,16.83610917240435,13.869029161704145,22.062777374162323,15.626253597578597,5.709480614593055,21.33573421217165,0.0187068923118807,0.0231026761738984,0.0093594940385928,0.0231026761738984,-17.966046509068264,0.0409134219293703,0.0225054272875974,0.0331858012244283,-19.402189972552115,-16.63759979884125,-13.194562844235882,22.51388931038384,22.67584326479841
13608,O=Cc1nc2c(o1)CCC2,17906,OCC1=Cc2ccccc21,18025,[H]OC([H])([H])C12c3c([H])c([H])c([H])c([H])c3C1([H])C13OC2(C([H])=O)N=C1C([H])([H])C([H])([H])C3([H])[H],1,2 5 2 3 17 1,4,15.088192506969444,11.3174203118571,20.602064021709552,15.161598641858072,3.933644527130305,19.09524316898837,0.0095561767885687,0.0388704119121613,0.091520339325336,0.0388704119121613,-12.7343699247783,0.0480260024333751,0.0468723222735176,0.2166944057303295,-12.447100087903364,-14.515139658649469,-14.513341824816436,21.34311923712811,20.449008194649256
14002,O=Cc1nc2c(o1)CCC2,17906,O[C@@H]1CC/C=C/CCC1,18100,[H]O[C@@]1([H])C([H])([H])C([H])([H])C([H])([H])C2([H])C3(C([H])=O)N=C4C([H])([H])C([H])([H])C([H])([H])C4(O3)C2([H])C([H])([H])C1([H])[H],1,2 5 5 6 17 1,6,18.40031339442925,4.917997270657658,18.25735596205788,14.95492616806777,4.693773410736419,19.64869957880419,0.0580385586683449,0.1285205267160478,0.0311199815169575,0.1285205267160478,-8.641232536573632,0.1648088462498746,0.1042342691610672,0.036778834808859,-8.244337769318072,-7.522587254027591,-5.459272515995629,22.94925650803186,21.80086577020087
18766,O=Cc1nc2c(o1)CCC2,17906,C1=C[C@H]2C=C[C@@H]3CC=C1[C@H]23,13787,[H]C(=O)C12N=C3C([H])([H])C([H])([H])C([H])([H])C3(O1)C1([H])C23C([H])=C([H])[C@@]2([H])C([H])=C([H])[C@]([H])(C1([H])[H])[C@]32[H],1,2 5 8 7 17 1,22,17.22623382166004,6.387350382665449,17.70507845081122,14.725933027794213,6.98434034545641,21.710273373250622,3.587358737709009e-05,0.0001493966450539,0.0021858906551263,0.0001493966450539,-7.2071194618402785,0.0054313634624356,0.0317995084298465,0.0182028582507668,-7.61789316294707,-7.0170545098142085,-7.718751002139673,21.84518693151617,20.895913855185
12255,O=N/C=C1/C=CC=CN1,17915,O=c1[nH]c2c([nH]1)NON2,17935,[H]C1=C([H])C2([H])N([H])/C(=C(/[H])N=O)C1([H])C13N([H])ON([H])C21N([H])C(=O)N3[H],0,4 7 3 4 15 0,11,18.471880296152456,10.02429625969594,21.953085726435496,15.097600340164606,11.32501210977276,26.42261244993737,0.0021999340421385,0.0234999719585118,0.0140130092923469,0.0234999719585118,-14.497170941529028,0.0097984812082787,0.0508854579700771,0.0070431726075122,-9.042288488034757,-12.073956834608827,-13.89190735667821,21.76367775896765,22.1638322477708
1277,O=NNc1nccnn1,17928,FC(F)(F)C1=CC=C=CN1,16502,[H]C1=NC2(N([H])N=O)N=NC1([H])C1=C([H])N([H])C(C(F)(F)F)=C([H])C12[H],0,3 6 6 7 12 0,5,19.11585867859761,9.41432207596893,21.921676808109147,16.249247531166898,6.024914552675302,22.2741620838422,0.0365030970074708,0.0035606689345227,0.0032125662834339,0.0035606689345227,-14.397865101615466,0.0243480638463419,0.0092888397940866,0.0121412965466059,-13.182948339091196,-12.662878297917835,-13.199856662789712,21.369725035335573,22.31109013482051
11131,O=NNc1nccnn1,17928,Nc1nc2c([nH]1)NON2,17291,[H]C1=NC2(N([H])N=O)N=NC1([H])C13N([H])ON([H])C21N=C(N([H])[H])N3[H],1,3 6 3 4 12 1,4,20.036028043835444,11.031375376029384,23.47064485400505,16.095928151964195,7.869857226465434,23.96578537842963,0.034835155980209,0.0119696745584677,0.0283769074167228,0.0119696745584677,-7.315307503313853,0.0471764502026115,0.0109561908181393,0.0561207754796182,-9.628747833006363,-6.636141747314923,-9.191275744034456,21.540650336251424,21.6308069631054
18370,O=NNc1nccnn1,17928,O=c1[nH]c2c([nH]1)NON2,17935,[H]C1=NC2(N([H])N=O)N=NC1([H])C13N([H])ON([H])C21N([H])C(=O)N3[H],1,3 6 3 4 12 1,4,16.598301428241633,9.947622698650472,21.03784609529944,15.803165740249126,8.296456725340505,24.09962246558964,0.0242389307404572,0.0038118292943644,0.0117576218495845,0.0038118292943644,-12.391851295400857,0.0142340692185937,0.0035458137053157,0.0035347485442198,-9.025902368174163,-10.414894481655075,-14.295561901778044,19.73348640587561,19.40953523042175
20340,O=NNc1nccnn1,17928,OC1=C(O)c2ccccc21,18015,[H]OC12c3c([H])c([H])c([H])c([H])c3C1(O[H])C1(N([H])N=O)N=NC2([H])C([H])=N1,1,3 6 1 2 12 1,0,18.81710456295931,14.56333513366777,23.358976601549177,16.260731441049668,6.8187800851768365,23.079511526226504,0.0292742929493827,0.0019169178620757,0.0077381569903779,0.0019169178620757,-17.041129880718437,0.0588928284740694,0.0041523552931052,0.0236263797174607,-17.125926242137993,-14.64754738889942,-12.110325800391898,22.828502526247707,23.34597910536089
20408,O=NNc1nccnn1,17928,OCC1=Cc2ccccc21,18025,[H]OC([H])([H])C12c3c([H])c([H])c([H])c([H])c3C1([H])C1(N([H])N=O)N=NC2([H])C([H])=N1,1,3 6 3 2 12 1,2,16.521230658702223,11.85380912706993,22.112175298085504,16.032658969188468,4.944440831215637,20.977099800404105,0.1654909809018941,0.0032841898684371,0.0256583410032037,0.0032841898684371,-12.364326218349817,0.3170517190950677,0.0043214920219042,0.0787788125529129,-13.28817153627312,-13.40708940747875,-14.392798799116491,21.146483306909683,20.702640729422043
28125,O=NNc1nccnn1,17928,C1=C[C@H]2C=C[C@@H]3CC=C1[C@H]23,13787,[H]C1=NC2(N([H])N=O)N=NC1([H])C13C([H])=C([H])[C@@]4([H])C([H])=C([H])[C@]([H])(C([H])([H])C21[H])[C@]34[H],0,3 6 7 8 12 0,9,19.42975990301588,6.507115370649727,18.88480093924117,15.59526156573173,7.252891621327294,22.848153187059022,0.0129634920071438,0.0014629381151092,0.0015807182598367,0.0014629381151092,-6.269104464497218,0.039637433114622,0.0013189837854066,0.0102990753657285,-7.229853957222488,-7.662879035086917,-6.488948529303528,22.723540690083524,21.34744416841407
3713,O=c1[nH]c(O)nnc1F,17933,Nc1nc2c([nH]1)NON2,17291,[H]OC12N=NC(F)(C(=O)N1[H])C13N([H])ON([H])C21N=C(N([H])[H])N3[H],1,3 7 3 4 11 1,4,24.388601727344778,9.974119402370569,25.54095200877052,16.006991546899314,10.739845748863054,26.74683729576237,0.0194363156592602,0.0239348662890221,0.0178506350025884,0.0239348662890221,-7.214712182651183,0.0174266701113849,0.0172761223952754,0.0291778910609073,-8.643962671043006,-8.174711620501554,-11.968170108917036,22.939129167624408,22.560190350125417
6127,O=c1[nH]c(O)nnc1F,17933,O=c1[nH]c2c([nH]1)NON2,17935,[H]OC12N=NC(F)(C(=O)N1[H])C13N([H])ON([H])C21N([H])C(=O)N3[H],0,3 7 3 4 11 0,5,21.13674365692464,8.925863015996434,23.662915899685743,15.736241096088577,11.095894487539418,26.832135583627995,0.0071852673418617,0.014706366631629,0.0196177342572185,0.014706366631629,-10.660223940189148,0.0071484273840033,0.0031914678798693,0.0015943342356771,-8.204829233981563,-9.819639786085697,-15.972447972563188,20.63683658561092,20.88595634929841
6802,O=c1[nH]c(O)nnc1F,17933,OCC1=Cc2ccccc21,18025,[H]OC([H])([H])C12c3c([H])c([H])c([H])c([H])c3C1([H])C1(F)N=NC2(O[H])N([H])C1=O,1,3 7 2 3 11 1,0,21.149319843090744,11.372076610269264,24.546321304189675,15.65344490273988,9.54725992549401,25.20070482823389,0.0058239335410868,0.0239288624244415,0.0270812851557592,0.0239288624244415,-12.718784510464983,0.0164950228177776,0.0261006068139522,0.1478686793065036,-11.266195950843084,-12.66474327551984,-16.079351311505214,22.927476143936488,23.3106110679356
7000,O=c1[nH]c(O)nnc1F,17933,O[C@@H]1CC/C=C/CCC1,18100,[H]OC12N=NC(F)(C(=O)N1[H])C1([H])C([H])([H])C([H])([H])[C@@]([H])(O[H])C([H])([H])C([H])([H])C([H])([H])C21[H],1,3 7 5 6 11 1,2,24.191063097965905,5.073232320832174,21.269396750935208,15.644866459824849,6.931384732596271,22.57625119242112,0.0443988175998123,0.0452557803483296,0.0153435350793766,0.0452557803483296,-10.221289489610506,0.0258823179408429,0.0229214788549797,0.0172117708602186,-8.7023048085874,-7.8707824077045885,-9.169416507065648,22.82222044340301,22.999222079439484
9382,O=c1[nH]c(O)nnc1F,17933,C1=C[C@H]2C=C[C@@H]3CC=C1[C@H]23,13787,[H]OC12N=NC(F)(C(=O)N1[H])C1([H])C23C([H])=C([H])[C@@]2([H])C([H])=C([H])[C@]([H])(C1([H])[H])[C@]32[H],1,3 7 8 7 11 1,10,22.24755681259272,6.011556541157388,20.626223365078808,15.413910064852372,8.36150573425682,23.77541579910919,1.4256489531401002e-05,0.0001785614086794,0.000320119378237,0.0001785614086794,-7.965747097470434,0.00105530626592,0.0038197698751469,0.002907645377625,-7.607520999436446,-6.926521061800216,-10.195541077747912,21.261338131503404,20.613567386931265
6126,O=c1[nH]ccc(F)c1F,17940,O=c1[nH]c2c([nH]1)NON2,17935,[H]C1=C(F)C2(F)C(=O)N([H])C1([H])C13N([H])ON([H])C21N([H])C(=O)N3[H],1,3 7 3 4 12 1,4,17.976677885267257,8.312734128395897,20.64629783514524,15.423202600223656,10.011508983147348,25.434711583371005,0.0211446809867806,0.0147077191432147,0.0299705620625094,0.0147077191432147,-14.197583781459414,0.0109579288395119,0.0142864999162773,0.0029596015113955,-11.248495265319477,-15.33522993085301,-20.00756152973685,21.65793060619276,22.534246038229675
6126,O=c1[nH]ccc2c1OCC2,17945,O=c1[nH]c2c([nH]1)NON2,17935,[H]C1=C2C([H])([H])C([H])([H])OC23C(=O)N([H])C1([H])C12N([H])ON([H])C31N([H])C(=O)N2[H],1,3 6 3 4 17 1,4,17.732773333214485,10.004300670388634,21.31348460314417,15.399106513279484,9.635438157238744,25.03454467051823,0.0148472793580489,0.0212361110750841,0.0350454862765813,0.0212361110750841,-14.120332914593057,0.0104889033988179,0.0228086834624527,0.0041239157482505,-11.409528350747522,-13.957180929673562,-16.84556436447066,22.403172364064964,23.99480265593039
6126,O=c1[nH]cnc2c1CCC2,17952,O=c1[nH]c2c([nH]1)NON2,17935,[H]N1C(=O)C23C(=NC1([H])C14N([H])ON([H])C21N([H])C(=O)N4[H])C([H])([H])C([H])([H])C3([H])[H],1,3 6 3 4 18 1,4,18.246707266347443,9.342356482005538,21.035459221473147,15.42116253623688,8.96578289971076,24.38694543594764,0.0191749792345169,0.0447207084933474,0.0439962528995694,0.0447207084933474,-17.560931721255947,0.0107263105598715,0.0540099681088995,0.0066521552931359,-14.3502333929884,-16.982227514780213,-20.26360379363976,21.72532912281268,23.828219546145423
6127,O=c1[nH]cnc2c1CCN2,17953,O=c1[nH]c2c([nH]1)NON2,17935,[H]N1C2=NC3([H])N([H])C(=O)C2(C([H])([H])C1([H])[H])C12N([H])ON([H])C31N([H])C(=O)N2[H],0,3 6 3 4 17 0,5,16.611893201623744,8.959492971611098,21.293680622381004,15.368696119401903,8.011739599767907,23.38043571916981,0.029627731023952,0.0741790951836617,0.0596011198550529,0.0741790951836617,-22.684468704982024,0.0202207246538545,0.0571677303866469,0.0179625093784846,-18.85918107309203,-21.26136171963829,-24.208867044351365,21.65242922523113,23.739517309970346
853,O=c1[nH]cnc2ccoc12,17955,FC(F)(F)C1=CC=C=CN1,16502,[H]C1=C([H])C2=NC3([H])N([H])C(=O)C2(O1)C1=C([H])N([H])C(C(F)(F)F)=C([H])C13[H],0,3 9 6 7 14 0,5,19.520301718796127,9.532799744145189,23.263573510248698,15.682990492904478,7.846307333328848,23.529297826233325,0.0192272512552814,0.0386411764886456,0.0099767046574121,0.0386411764886456,-14.804363726612864,0.0104574588057526,0.073467916876151,0.0337136838382306,-13.160358230175136,-18.78615634569764,-16.005290748009003,23.060201819658104,23.993706531343232
12254,O=c1[nH]cnc2ccoc12,17955,O=c1[nH]c2c([nH]1)NON2,17935,[H]C1=NC2=C([H])C3([H])OC2(C(=O)N1[H])C12N([H])ON([H])C31N([H])C(=O)N2[H],1,9 7 3 4 14 1,10,15.699777912363857,9.823227038137482,20.41378658368284,15.658121759027829,8.041835575988333,23.69995733501616,0.0112723152016834,0.0159375871036234,0.0426940398968524,0.0159375871036234,-6.795520697504188,0.0305845978935822,0.026969855378943,0.0059556328475008,-4.482735249593198,-8.869757283550918,-10.92520959051776,20.44027625480256,22.1293530333356
13604,O=c1[nH]cnc2ccoc12,17955,OCC1=Cc2ccccc21,18025,[H]OC([H])([H])C12c3c([H])c([H])c([H])c([H])c3C1([H])C13OC([H])=C([H])C1=NC2([H])N([H])C3=O,1,3 9 2 3 14 1,0,18.11971045344512,11.679270194692618,23.00294414869094,15.426897854344888,6.656585018550274,22.08348287289516,0.0216805408938817,0.0530535823535973,0.1085754755369655,0.0530535823535973,-9.931535918397325,0.0270746796616648,0.1103673117363526,0.1428116132319909,-10.61168233387538,-14.4116620393767,-14.843151788966814,22.57775477177075,22.20302439788213
6127,OCCCc1ccoc1,18032,O=c1[nH]c2c([nH]1)NON2,17935,[H]OC([H])([H])C([H])([H])C([H])([H])C1=C([H])C2([H])OC1([H])C13N([H])ON([H])C21N([H])C(=O)N3[H],0,8 6 3 4 19 0,5,15.931964550672475,8.47437951253109,17.954966012798224,15.762237349461936,8.903942411435317,24.66617976089725,0.0208057332455877,0.0259332337664844,0.0148600817455256,0.0259332337664844,-14.057844024276136,0.0397485088680628,0.0188730029426164,0.010882206682521,-10.10663195315567,-12.821715577800733,-16.154263931460086,20.412108258401656,22.3457096276921
6804,OCCCc1ccoc1,18032,OCC1=Cc2ccccc21,18025,[H]OC([H])([H])C([H])([H])C([H])([H])C1=C([H])C2([H])OC1([H])C1([H])c3c([H])c([H])c([H])c([H])c3C21C([H])([H])O[H],1,8 6 3 2 19 1,2,15.702068348187256,11.735906481123305,19.232199468401344,15.344176499255806,8.802286830959954,24.14646333021576,0.0698968232270458,0.0145872664010092,0.0164824280373497,0.0145872664010092,-9.877893818227626,0.1765818985513871,0.0078594387313454,0.182718988354908,-9.734888524058457,-12.29141502434654,-14.36305642125948,22.48914132576809,23.59598184469222
18382,OCCNc1cnccn1,18037,O=c1[nH]c2c([nH]1)NON2,17935,[H]OC([H])([H])C([H])([H])N([H])C1=NC2([H])C([H])=NC1([H])C13N([H])ON([H])C21N([H])C(=O)N3[H],1,8 5 3 4 19 1,16,15.374648905022704,10.044192107121102,18.82768533302521,15.370790877664096,9.873554180729489,25.244345058393584,0.0135508077790856,0.0271307960353528,0.0461607301636492,0.0271307960353528,-13.782145836699328,0.0056090395224295,0.0310149664112056,0.012572194741948,-11.647267886746327,-13.421925544727172,-16.261891828800465,22.404709047611966,22.58366361034953
18370,OCCc1nccnn1,18043,O=c1[nH]c2c([nH]1)NON2,17935,[H]OC([H])([H])C([H])([H])C12N=NC([H])(C([H])=N1)C13N([H])ON([H])C21N([H])C(=O)N3[H],1,3 6 3 4 16 1,4,17.60701705344394,9.983571676224711,21.481240394966346,15.83766979936039,8.201930563027833,24.03960036238822,0.0279339471833193,0.0184910094205738,0.0200811962678425,0.0184910094205738,-8.378214350282285,0.0150070500118008,0.0179961309667747,0.00376697024353,-5.9474388138666185,-8.405787046495881,-9.682034282874234,22.814759604764227,22.18374379391832
18371,OCc1ccc2c(c1)C=C2,18063,O=c1[nH]c2c([nH]1)NON2,17935,[H]OC([H])([H])C12C([H])=C([H])C3(C([H])=C([H])C3=C1[H])C13N([H])ON([H])C21N([H])C(=O)N3[H],0,2 5 3 4 18 0,5,16.45382568558947,9.852476949057138,19.56895169605255,15.580854388874029,11.04579339941712,26.626647788291148,0.0151976619368558,0.0327297198319065,0.0172664491511944,0.0327297198319065,-13.632585749284829,0.0101051054930227,0.0171617343484967,0.0031153233273592,-11.50711261574132,-12.550634509410784,-15.733021254181152,21.993552335085127,22.98709032287378
429,OCc1cnc(C2CC2)o1,18073,FC(F)(F)C1=CC=C=CN1,16502,[H]OC([H])([H])C12OC(C3([H])C([H])([H])C3([H])[H])(N=C1[H])C1=C([H])N([H])C(C(F)(F)F)=C([H])C12[H],0,2 5 6 7 19 0,5,17.352354126314886,8.638897798870577,23.712551087305616,15.90462912703615,2.817747756161172,18.72237688319732,0.0074597956993584,0.004054629947048,0.0106058699040507,0.004054629947048,-15.917218586623235,0.0049871022002529,0.0054125093147223,0.0095943844941996,-16.04034874319437,-18.836239539442225,-13.933215655813813,21.58447132557604,22.74198213853129
3713,OCc1cnc(C2CC2)o1,18073,Nc1nc2c([nH]1)NON2,17291,[H]OC([H])([H])C12OC(C3([H])C([H])([H])C3([H])[H])(N=C1[H])C13N([H])ON([H])C21N=C(N([H])[H])N3[H],1,2 5 3 4 19 1,4,16.871924345484025,10.077056718505489,19.9784784731722,16.086906775996646,8.161990778299643,24.24889755429629,0.0226522221844807,0.0109214674637152,0.0157870784289869,0.0109214674637152,-6.879452550329226,0.0091076662979374,0.0161806710247001,0.0123495611259196,-8.73683496861424,-7.758385996625705,-8.43092518247348,24.638640274164587,23.757918341937163
6126,OCc1cnc(C2CC2)o1,18073,O=c1[nH]c2c([nH]1)NON2,17935,[H]OC([H])([H])C12OC(C3([H])C([H])([H])C3([H])[H])(N=C1[H])C13N([H])ON([H])C21N([H])C(=O)N3[H],1,2 5 3 4 19 1,4,14.147934166534274,8.003307916137892,17.82928938633134,15.622593265138288,7.062206992788184,22.684800257926472,0.0150092561840051,0.0041119340032614,0.0168115092583496,0.0041119340032614,-13.05140224603997,0.0052972411418374,0.0053716246668655,0.0005708155510668,-10.17252606132464,-11.590757173900371,-15.824348732917038,19.009241396387377,18.810412568877503
6802,OCc1cnc(C2CC2)o1,18073,OCC1=Cc2ccccc21,18025,[H]OC([H])([H])C12OC(C3([H])C([H])([H])C3([H])[H])(N=C1[H])C1([H])c3c([H])c([H])c([H])c([H])c3C21C([H])([H])O[H],1,2 5 2 3 19 1,0,17.233096170580026,11.563105294342726,22.088539839744872,15.647783316800805,6.350827222514791,21.9986105393156,0.0037867585432742,0.0021240415184347,0.0613580970590321,0.0021240415184347,-8.51290394110709,0.0253696397957939,0.0069540213449582,0.0985728926939296,-7.570825165363658,-10.295054998985693,-9.726242645508547,24.16279919089681,23.916528689517257
429,OCc1coc(C2CC2)n1,18076,FC(F)(F)C1=CC=C=CN1,16502,[H]OC([H])([H])C1=NC2(C3([H])C([H])([H])C3([H])[H])OC1([H])C1=C([H])N([H])C(C(F)(F)F)=C([H])C12[H],0,5 3 6 7 19 0,5,17.74518298196294,8.709535548721306,25.20310654852974,16.603962150285604,1.7254808562073265,18.32944300649293,0.0142954479996038,0.0247451874434895,0.0227529893884764,0.0247451874434895,-19.154537872271725,0.013599302400028,0.0379522970275412,0.0394900120651587,-17.437825820627957,-20.128646661212592,-22.5719691395621,20.258933024270497,21.628448712936496
5419,OCc1coc(C2CC2)n1,18076,O=CC#CC(F)(F)F,17787,[H]OC([H])([H])C1=NC2(C3([H])C([H])([H])C3([H])[H])OC1([H])C(C([H])=O)=C2C(F)(F)F,1,5 3 3 2 19 1,1,14.807910559617357,15.329634381874346,23.26473532663348,16.41409414724114,8.289691823141595,24.703785970382736,2.5791078483026445e-05,0.0128788029113738,0.0148918898705452,0.0128788029113738,-5.404734241701085,0.001009971898877,0.0054791071354162,0.0410532746786566,-5.567920422292531,-5.508226297376872,-8.097925322017453,23.718648621308407,22.67382179603516
6127,OCc1coc(C2CC2)n1,18076,O=c1[nH]c2c([nH]1)NON2,17935,[H]OC([H])([H])C1=NC2(C3([H])C([H])([H])C3([H])[H])OC1([H])C13N([H])ON([H])C21N([H])C(=O)N3[H],0,5 3 3 4 19 0,5,16.827597032213937,8.493904929428034,19.372322711454206,16.10270529214493,7.140444909211563,23.24315020135649,0.0220646185362448,0.0393573952831739,0.0420585910442055,0.0393573952831739,-14.890623949905065,0.0275984747458938,0.0410261750141753,0.0077699547760312,-12.99598084095021,-12.767904607285937,-16.61317934366039,20.432590857490208,22.45365928705698
6804,OCc1coc(C2CC2)n1,18076,OCC1=Cc2ccccc21,18025,[H]OC([H])([H])C1=NC2(C3([H])C([H])([H])C3([H])[H])OC1([H])C1(C([H])([H])O[H])c3c([H])c([H])c([H])c([H])c3C21[H],1,5 3 3 2 19 1,2,17.264316888129223,11.617076698940526,21.62676294292101,15.94053453969812,5.338863523395304,21.279398063093424,0.1720789938930969,0.0108310402881248,0.0762007984471394,0.0108310402881248,-12.104336035104296,0.2931542274474583,0.0125829829292191,0.6564988021332214,-13.181012900985955,-14.835720267083325,-15.103048199637328,22.41328794042122,23.057283657523406
429,OCc1coc(CO)c1,18077,FC(F)(F)C1=CC=C=CN1,16502,[H]OC([H])([H])C1=C([H])C2(C([H])([H])O[H])OC1([H])C1=C([H])N([H])C(C(F)(F)F)=C([H])C12[H],0,5 3 6 7 17 0,5,17.047326186819713,9.510953019667546,26.55582526713673,16.311696153022815,0.60967075645652,16.921366909479335,0.0252048660991476,0.0198111793079172,0.0190068367761984,0.0198111793079172,-18.23743613556794,0.0285437086658064,0.0401113442752804,0.0312031539077276,-19.94379889546865,-20.919007012644705,-17.297483304847056,20.36715997891547,22.844209012051664
5419,OCc1coc(CO)c1,18077,O=CC#CC(F)(F)F,17787,[H]OC([H])([H])C1=C([H])C2(C([H])([H])O[H])OC1([H])C(C([H])=O)=C2C(F)(F)F,1,5 3 3 2 17 1,1,13.649010132724786,15.530560769424795,24.77085974852191,16.153146888928813,5.899503819193079,22.05265070812189,3.4550652242412904e-05,0.0307279444501734,0.019992562038988,0.0307279444501734,-6.798438164603674,0.0014780193389996,0.0181278723557819,0.0503776106288055,-6.7825077200598685,-7.586258994064579,-9.723750066547964,21.58216136302381,22.21950300471805
6127,OCc1coc(CO)c1,18077,O=c1[nH]c2c([nH]1)NON2,17935,[H]OC([H])([H])C1=C([H])C2(C([H])([H])O[H])OC1([H])C13N([H])ON([H])C21N([H])C(=O)N3[H],0,5 3 3 4 17 0,5,14.582660624352982,8.918536924613633,20.33231089682632,16.077540413167128,4.596559118492358,20.67409953165949,0.0251090827363582,0.0514588082123027,0.0353885446005364,0.0514588082123027,-18.21967422215282,0.0509839150634346,0.0510129132157662,0.004485379222347,-15.461831723342408,-14.602116127025369,-18.16014882173188,18.701437863231977,20.46369165905778
6804,OCc1coc(CO)c1,18077,OCC1=Cc2ccccc21,18025,[H]OC([H])([H])C1=C([H])C2(C([H])([H])O[H])OC1([H])C1(C([H])([H])O[H])c3c([H])c([H])c([H])c([H])c3C21[H],1,5 3 3 2 17 1,2,15.5582696849138,12.371119811981112,23.10611037574344,15.931924121046311,5.1917690619266565,21.123693182972968,0.1459098877409273,0.0162173205381048,0.0839030527186403,0.0162173205381048,-11.63562723673008,0.2299837409877661,0.0138221415053115,0.4626918883453068,-13.04690365751047,-15.000976348177332,-15.297913854761582,20.40094803616271,22.06179438279099
7000,OCc1coc(CO)c1,18077,O[C@@H]1CC/C=C/CCC1,18100,[H]OC([H])([H])C1=C([H])C2(C([H])([H])O[H])OC1([H])C1([H])C([H])([H])C([H])([H])[C@@]([H])(O[H])C([H])([H])C([H])([H])C([H])([H])C21[H],1,5 3 5 6 17 1,2,18.82113724159273,4.911967800702266,18.031335240298453,15.75130814115334,4.608888665554961,20.360196806708306,0.0818985759537901,0.0558633589325819,0.0848445464252431,0.0558633589325819,-7.879566340942972,0.1573565547173125,0.0489848894788025,0.0805753484111148,-8.480734267644841,-7.884335453557313,-6.564683911669555,22.617824681125256,23.74926949649305
4574,O[C@@H]1C(F)=CC=C[C@@H]1O,18097,O=C1C=c2ccccc2=N1,17550,[H]O[C@@]1([H])C2([H])C([H])=C([H])C(F)(C34C(=NC(=O)C32[H])C([H])=C([H])C([H])=C4[H])[C@@]1([H])O[H],0,2 6 3 2 16 0,3,23.830075726817007,10.454334283926098,22.931386438224923,14.953235625668,13.3183908560923,28.2716264817603,0.0266146117898499,0.0104892638215267,0.0120354154126117,0.0104892638215267,-5.791608394230273,0.0574124121226379,0.0261642364000866,0.0105642396062952,-4.7068935407703165,-4.173819039200797,-9.575844763057866,24.55043224197474,23.71683135447764
6127,O[C@@H]1C(F)=CC=C[C@@H]1O,18097,O=c1[nH]c2c([nH]1)NON2,17935,[H]O[C@@]1([H])C2([H])C([H])=C([H])C(F)(C34N([H])ON([H])C32N([H])C(=O)N4[H])[C@@]1([H])O[H],0,2 6 3 4 16 0,5,14.465005117752344,6.646084279996613,15.588946885708303,14.68387932586958,5.791389697505561,20.47526902337514,0.0418511331621784,0.040456718192295,0.0225819263962555,0.040456718192295,-37.97573180957838,0.0652747896408928,0.081395536443088,0.0055586890311798,-32.67022348777867,-34.12576347571177,-35.891050746643444,18.84757615157801,19.737518662638337
6802,O[C@@H]1C(F)=CC=C[C@@H]1O,18097,OCC1=Cc2ccccc21,18025,[H]OC([H])([H])C12c3c([H])c([H])c([H])c([H])c3C1([H])C1([H])C([H])=C([H])C2(F)[C@@]([H])(O[H])[C@@]1([H])O[H],1,2 6 2 3 16 1,0,16.141396698006254,8.825579942812219,18.210508397129395,14.834262510276943,5.423896002750244,20.25815851302719,0.0028674340296534,0.0132885209584973,0.0677318472965018,0.0132885209584973,-33.3356137515318,0.0651179057859165,0.0820371848879497,0.1047918069358054,-32.71649881376278,-35.48371862861311,-35.843586733432254,20.44072678840329,21.784216214800114
6999,O[C@@H]1C(F)=CC=C[C@@H]1O,18097,O[C@@H]1CC/C=C/CCC1,18100,[H]O[C@@]1([H])C([H])([H])C([H])([H])C([H])([H])C2([H])C3([H])C([H])=C([H])C(F)(C2([H])C([H])([H])C1([H])[H])[C@@]([H])(O[H])[C@@]3([H])O[H],0,2 6 6 5 16 0,1,18.55659973129024,2.6332723101725524,12.588479030524192,14.399143187950994,8.468033310434336,22.86717649838533,0.0564871138090635,0.047111585354191,0.0161548295485039,0.047111585354191,-28.13272784344756,0.0700733014467267,0.0275945142962644,0.0384762961681428,-26.22950338041164,-23.692437784243857,-23.63456861629394,23.95110177589308,23.53812546553477
9249,O[C@@H]1C(F)=CC=C[C@@H]1O,18097,C1=CC=C=c2ccccc2=1,13758,[H]O[C@@]1([H])C2([H])C([H])=C([H])C(F)(C3([H])C([H])=C=c4c([H])c([H])c([H])c([H])c4=C32)[C@@]1([H])O[H],0,2 6 2 3 16 0,5,19.949194309057635,6.555641802382761,18.61363495874248,14.822386968578096,8.370947172934638,23.193334141512736,0.0063330049903178,0.0066984870185779,0.0376202002414755,0.0066984870185779,-28.105901292765367,0.0246739783935166,0.0106004771370404,0.0151991120728015,-27.573103714139023,-26.394830355145267,-22.5480767137524,23.58925824008291,23.67903824984856
9381,O[C@@H]1C(F)=CC=C[C@@H]1O,18097,C1=C[C@H]2C=C[C@@H]3CC=C1[C@H]23,13787,[H]O[C@@]1([H])C2([H])C([H])=C([H])C(F)(C3([H])C24C([H])=C([H])[C@@]2([H])C([H])=C([H])[C@]([H])(C3([H])[H])[C@]42[H])[C@@]1([H])O[H],0,2 6 7 8 16 0,9,16.829317184272416,3.507725330738589,13.156279439597569,14.257284357815504,7.065213422785801,21.322497780601303,0.0043158169623329,0.005224243937893,0.0015746784931266,0.005224243937893,-29.00215630452092,0.0277914251770391,0.0186565226151734,0.0183197898230451,-29.454338256328484,-30.63989535876548,-27.42030062995414,22.280626239661306,22.95903927547976
429,O[C@@H]1CCCc2occc21,18104,FC(F)(F)C1=CC=C=CN1,16502,[H]O[C@@]1([H])C2=C([H])C3([H])OC2(C2=C([H])N([H])C(C(F)(F)F)=C([H])C23[H])C([H])([H])C([H])([H])C1([H])[H],0,7 5 6 7 20 0,5,17.820909671671373,9.243025683808568,23.637220904744343,15.7197580941961,4.1825449862969535,19.902303080493056,0.0399342545313296,0.0112042030387056,0.015157875159324,0.0112042030387056,-15.104421610128997,0.0249135147967524,0.0396493530773577,0.0219821250537706,-16.409872112593902,-18.599103585823755,-15.02371521065237,22.506822076708698,23.75693070433256
5419,O[C@@H]1CCCc2occc21,18104,O=CC#CC(F)(F)F,17787,[H]O[C@@]1([H])C2=C([H])C3([H])OC2(C(C([H])=O)=C3C(F)(F)F)C([H])([H])C([H])([H])C1([H])[H],1,7 5 3 2 20 1,1,15.04828258204986,15.8152653764028,23.191053261765727,15.535044555875862,9.737882476887531,25.27292703276339,5.666540041719023e-05,0.0160848764029069,0.0148699384458795,0.0160848764029069,-3.823624037937393,0.0019980579075629,0.0156880723988498,0.0478813050876015,-2.8368618330072337,-4.629211835160348,-6.464395794489619,24.34116666022364,23.81458264514037
6127,O[C@@H]1CCCc2occc21,18104,O=c1[nH]c2c([nH]1)NON2,17935,[H]O[C@@]1([H])C2=C([H])C3([H])OC2(C([H])([H])C([H])([H])C1([H])[H])C12N([H])ON([H])C31N([H])C(=O)N2[H],0,7 5 3 4 20 0,5,15.15679051669406,8.762483734909107,19.007160217293297,15.327107852167831,8.808915841087558,24.13602369325539,0.0211587856236654,0.056475274307085,0.0487863553509828,0.056475274307085,-15.815995704352744,0.0224335634824771,0.0220606619980084,0.0095363277517834,-10.922484165210754,-12.28148027323595,-15.493411090376377,20.31090067658487,21.207870086422563
6802,O[C@@H]1CCCc2occc21,18104,OCC1=Cc2ccccc21,18025,[H]OC([H])([H])C12c3c([H])c([H])c([H])c([H])c3C1([H])C13OC2([H])C([H])=C1[C@]([H])(O[H])C([H])([H])C([H])([H])C3([H])[H],1,7 5 2 3 20 1,0,16.908690284429383,11.427543477803235,21.55201296885364,15.462454257570402,6.346101490282699,21.8085557478531,0.0176407340052362,0.044844214932256,0.0902141324457068,0.044844214932256,-8.248908772028315,0.0712449446638919,0.0351476109604465,0.2083790923235961,-6.954576311965944,-10.650894992211477,-12.633574500414577,22.82342140607166,23.596852647128213
12248,Oc1ccc2ncnn2c1,18167,O=c1[nH]c2c([nH]1)NON2,17935,[H]OC1=C([H])C2([H])c3nc([H])nn3C1([H])C13N([H])ON([H])C21N([H])C(=O)N3[H],1,9 3 3 4 15 1,4,17.5484580301268,10.111603271542222,19.78614831062817,15.194136494673907,10.605593892851132,25.79973038752504,0.0074595318385153,0.0245072083502752,0.0188651378627337,0.0245072083502752,-10.810427259785255,0.0119948330537849,0.0363928019746557,0.0033558302965866,-8.133685538683885,-12.426798902421377,-14.220367970516662,22.452793947285407,23.280775967257764
12248,Oc1ccn2nccc2c1,18187,O=c1[nH]c2c([nH]1)NON2,17935,[H]OC1=C([H])C2([H])n3nc([H])c([H])c3C1([H])C13N([H])ON([H])C21N([H])C(=O)N3[H],1,9 3 3 4 16 1,4,17.55796393117805,10.135505660103911,19.56501093988895,15.178434995689129,10.940066738840194,26.11850173452932,0.0089275360974758,0.0413363884022327,0.0419801882042052,0.0413363884022327,-13.584207068400175,0.015962697107902,0.0365368386171959,0.0069238793937702,-10.281000315209605,-12.574288201836817,-14.398967987054904,22.720515461274367,23.52479282669632
12248,Oc1nccc2nncn12,18224,O=c1[nH]c2c([nH]1)NON2,17935,[H]OC12N=C([H])C([H])(c3nnc([H])n31)C13N([H])ON([H])C21N([H])C(=O)N3[H],1,1 4 3 4 14 1,4,20.637661140082056,10.30330725179546,21.63787934775429,15.408599418745162,12.222570382154563,27.631169800899727,0.046187572765016,0.0274448008083265,0.036419045791406,0.0274448008083265,-8.625442795248325,0.0130297182501447,0.0213549560500478,0.0066237016692229,-7.345646873614996,-10.614662350520014,-13.961902098946425,23.819644330512723,23.82882415439282
12249,Oc1nccn2cnnc12,18225,O=c1[nH]c2c([nH]1)NON2,17935,[H]OC12N=C([H])C([H])(n3c([H])nnc31)C13N([H])ON([H])C21N([H])C(=O)N3[H],0,1 4 3 4 14 0,5,19.1591907883857,9.744951603721011,22.1668652954992,15.223270261090418,11.704485144170938,26.92775540526136,0.048613531202971,0.0544849372090928,0.1163598445973798,0.0544849372090928,-9.331163507268606,0.0166237440254672,0.0352546028939978,0.0170961526496795,-7.512356656493132,-9.140547250151208,-13.834671041369234,22.45667096096159,22.43797129270053
18376,Oc1ncnc(CF)c1F,18226,O=c1[nH]c2c([nH]1)NON2,17935,[H]OC1=NC2([H])N=C(C([H])([H])F)C1(F)C13N([H])ON([H])C21N([H])C(=O)N3[H],1,3 8 3 4 14 1,10,18.049690416248254,10.217128149656006,20.70143531206225,15.202293078430092,10.218191421030696,25.420484499460787,0.0071795329947321,0.0365197437076977,0.0419461761833528,0.0365197437076977,-9.787757244218,0.0069978089578235,0.019298947134325,0.0032956909509118,-6.787172584828241,-10.842960895472087,-13.389982003324713,22.148219760674163,22.017314899357977
20410,Oc1ncnc(CF)c1F,18226,OCC1=Cc2ccccc21,18025,[H]OC1=NC2([H])N=C(C([H])([H])F)C1(F)C1([H])c3c([H])c([H])c([H])c([H])c3C21C([H])([H])O[H],1,3 8 2 3 14 1,4,19.461236327900124,12.12875404054996,22.78846396422383,15.408302499870087,8.032047682144047,23.440350182014136,0.0146423313457709,0.0487112370339188,0.1015113049681238,0.0487112370339188,-7.703380715076221,0.0442256084999991,0.0704948109812944,0.1455625214926914,-7.380686419609098,-11.439936667773146,-11.999607025017582,23.436620022218847,22.85651673779773
6126,Oc1nnc(C(F)(F)F)o1,18229,O=c1[nH]c2c([nH]1)NON2,17935,[H]OC12N=NC(C(F)(F)F)(O1)C13N([H])ON([H])C21N([H])C(=O)N3[H],1,1 4 3 4 11 1,4,20.32089831511868,8.923785813943123,20.20441407819379,15.588656577929472,12.377040968924916,27.965697546854383,0.0018931050779902,0.0018072041214227,0.0004741488115117,0.0018072041214227,-7.951107890118102,0.0047635170868517,0.0001870270348997,4.216660815456412e-06,-2.643568296476012,-6.882236348775958,-13.161753522680584,21.636325421565324,23.16109215435938
12249,Oc1nncn2nccc12,18234,O=c1[nH]c2c([nH]1)NON2,17935,[H]OC12N=NC([H])(n3nc([H])c([H])c31)C13N([H])ON([H])C21N([H])C(=O)N3[H],0,1 4 3 4 14 0,5,19.184383361510463,9.209969513519958,21.368568973143468,15.425765726930154,10.40408265451032,25.82984838144047,0.0210666413379108,0.0253872979356901,0.072955797042085,0.0253872979356901,-9.82739938123629,0.0114648202744142,0.021529731183926,0.0045084930793108,-7.247220752750628,-9.39899822832519,-14.783001026723744,23.95074796844259,23.10011643650881
6127,c1cc2c(o1)CNCC2,18265,O=c1[nH]c2c([nH]1)NON2,17935,[H]C1=C2C([H])([H])C([H])([H])N([H])C([H])([H])C23OC1([H])C12N([H])ON([H])C31N([H])C(=O)N2[H],0,0 3 3 4 18 0,5,15.703544862257177,8.589176623956869,18.738289038540085,15.368909409319468,8.170009608699559,23.538919018019023,0.0299366966968825,0.0408522322611859,0.0269905164529214,0.0408522322611859,-17.709407253137528,0.02964665668584,0.0203488468823738,0.0065172045272723,-12.579707594146797,-13.90270722068282,-15.57417421177734,20.43041966995321,21.571267203283103
6802,c1cc2c(o1)CNCC2,18265,OCC1=Cc2ccccc21,18025,[H]OC([H])([H])C12c3c([H])c([H])c([H])c([H])c3C1([H])C13OC2([H])C([H])=C1C([H])([H])C([H])([H])N([H])C3([H])[H],1,0 3 2 3 18 1,0,17.130672235818164,11.310296108012734,20.93795325597204,15.403360298027549,6.332756694318377,21.736116992345927,0.0214759566128536,0.039985194910548,0.0644372335343199,0.039985194910548,-9.381771049426426,0.0713550061840602,0.0205991212237729,0.2104408426907218,-7.845109351792438,-12.19691914574819,-12.618984078650108,23.217267241817936,23.94658486079604
24510,c1ccc2nncnc2c1,18298,O=c1[nH]c2c([nH]1)NON2,17935,[H]C1=C([H])C2([H])c3nc([H])nnc3C1([H])C13N([H])ON([H])C21N([H])C(=O)N3[H],1,9 2 3 4 15 1,22,17.112697467403308,11.340999168809326,18.33396170864264,15.005934129488582,12.924187464535798,27.93012159402437,0.0133568177484259,0.0107633700637731,0.0192130400592559,0.0107633700637731,-9.405180637008492,0.0090277851248248,0.0255955485662986,0.0019007360851696,-5.397114760348586,-7.546207395412683,-11.59663764200902,22.37911764582144,22.682247339380684
12254,c1ccc2nocc2c1,18299,O=c1[nH]c2c([nH]1)NON2,17935,[H]c1c([H])c([H])c2c(c1[H])N1OC2([H])C23N([H])ON([H])C12N([H])C(=O)N3[H],1,6 4 3 4 14 1,10,15.210762810933144,9.002185905785591,14.806948384806793,14.949650182334908,9.671783187895686,24.621433370230594,0.0157051897643054,0.0112779832310606,0.0230246320371097,0.0112779832310606,-10.518932625559335,0.0214069310343432,0.0120158620361971,0.0032446581384814,-8.101509199171772,-10.99622131907858,-11.718365922584873,22.480626663685143,23.42293664388545
12249,c1ccn2nncc2c1,18304,O=c1[nH]c2c([nH]1)NON2,17935,[H]C1=C([H])C2([H])n3nnc([H])c3C1([H])C13N([H])ON([H])C21N([H])C(=O)N3[H],0,8 2 3 4 14 0,5,17.550642739150625,9.715175467265086,18.70961694035953,14.80245342515116,12.67948189318425,27.48193531833541,0.0135185845934744,0.0514696580361635,0.0254959368694115,0.0514696580361635,-10.966917996401143,0.0272700378082964,0.0400931121015464,0.0094538759979227,-6.360165070023889,-7.998901929531229,-13.221488810688037,23.04612334241608,23.54372779899805
12255,c1cn2cncc2cn1,18312,O=c1[nH]c2c([nH]1)NON2,17935,[H]C1=NC2([H])c3c([H])nc([H])n3C1([H])C13N([H])ON([H])C21N([H])C(=O)N3[H],0,7 1 3 4 14 0,11,17.318724055140816,8.98837702252482,18.22291173580046,14.748516272604968,11.000328618758395,25.74884489136336,0.0133119273537274,0.0663235056232423,0.0439809697334723,0.0663235056232423,-16.41997611891732,0.0110320124562162,0.0555279264581645,0.0086816323451194,-12.055707912547923,-13.225142401550189,-17.117211092611065,21.970502695806264,21.62967171749352
13610,c1cn2cncc2cn1,18312,OCC1=Cc2ccccc21,18025,[H]OC([H])([H])C12c3c([H])c([H])c([H])c([H])c3C1([H])C1([H])N=C([H])C2([H])n2c([H])nc([H])c21,1,7 1 3 2 14 1,6,18.966598557851945,12.04597115823777,20.203943358299405,14.946247266367733,9.88712256274192,24.83336982910965,0.092237767587337,0.0215980730070595,0.0305000434389565,0.0215980730070595,-10.556052640073446,0.1677999783109705,0.0236623611746281,0.1808093823815217,-10.868574427935371,-13.303986368628555,-14.56825351093552,24.082465953732992,23.34781839001404
865,c1cn2cnnc2cn1,18313,FC(F)(F)C1=CC=C=CN1,16502,[H]C1=NC2([H])c3nnc([H])n3C1([H])C1=C([H])N([H])C(C(F)(F)F)=C([H])C12[H],0,7 1 6 7 13 0,17,18.41333368133504,8.677430126060251,19.64487722914541,15.087599176704892,7.027011460414087,22.11461063711898,0.0251770882516579,0.0404922210304978,0.0121109690481613,0.0404922210304978,-18.370672456610805,0.0096286848716779,0.0572193589749175,0.0324658877625866,-17.146314370507675,-19.275083930656145,-17.862609363400196,22.114585428874072,21.997886381391435
7430,c1cn2cnnc2cn1,18313,Nc1nc2c([nH]1)NON2,17291,[H]C1=NC2([H])c3nnc([H])n3C1([H])C13N([H])ON([H])C21N=C(N([H])[H])N3[H],1,7 1 3 4 13 1,12,19.750581148666345,10.242234351159656,21.097923481789483,15.007074379334348,9.08431419912149,24.09138857845584,0.0079209391284302,0.1060209449144004,0.0665314007704349,0.1060209449144004,-11.41265131286368,0.0124283724399532,0.0583617256142811,0.1126039739544198,-12.609079964511588,-11.361263094645764,-12.168671151975744,23.05523608633225,21.900198931605207
12255,c1cn2cnnc2cn1,18313,O=c1[nH]c2c([nH]1)NON2,17935,[H]C1=NC2([H])c3nnc([H])n3C1([H])C13N([H])ON([H])C21N([H])C(=O)N3[H],0,7 1 3 4 13 0,11,16.85325910019848,8.820242561605097,20.232703959268555,14.732061954442312,9.173365731448849,23.90542768589116,0.00806779070779,0.0567778300633485,0.0559931247099967,0.0567778300633485,-16.222417764956163,0.0071256691904494,0.0519254615947925,0.0100221424058296,-12.84307247574771,-14.444074476508996,-16.827100163239542,20.58367173054357,19.837388023709224
13562,c1cn2cnnc2cn1,18313,OC1=C(O)c2ccccc21,18015,[H]OC12c3c([H])c([H])c([H])c([H])c3C1(O[H])C1([H])C([H])=NC2([H])c2nnc([H])n21,1,7 1 1 2 13 1,2,18.588941543529216,14.228817573897691,22.002951527741388,15.206934787876085,9.695140356352317,24.9020751442284,0.0090626184227265,0.0121338738558079,0.0159130710104718,0.0121338738558079,-17.586176191945654,0.0148238581872348,0.0312799344321593,0.0568460742380206,-17.804056190567984,-18.16413438570951,-15.201430510524226,22.78792207210084,23.024471441103973
13610,c1cn2cnnc2cn1,18313,OCC1=Cc2ccccc21,18025,[H]OC([H])([H])C12c3c([H])c([H])c([H])c([H])c3C1([H])C1([H])N=C([H])C2([H])n2c([H])nnc21,1,7 1 3 2 13 1,6,17.67487298397168,11.68134071766926,21.51003324223698,15.00487106138709,6.7760489047287,21.78091996611579,0.044202885556185,0.0275444312857586,0.0340078851908838,0.0275444312857586,-12.437051655882854,0.1332513683335093,0.0273117311654437,0.1797471820766512,-13.215998602814274,-16.057923998239694,-16.90683633784004,22.178526112220634,21.27861174444088
18766,c1cn2cnnc2cn1,18313,C1=C[C@H]2C=C[C@@H]3CC=C1[C@H]23,13787,[H]C1=NC2([H])c3nnc([H])n3C1([H])C1([H])C23C([H])=C([H])[C@@]2([H])C([H])=C([H])[C@]([H])(C1([H])[H])[C@]32[H],1,7 1 8 7 13 1,22,20.070630591193552,6.937948487340753,17.841450857631568,14.907661127600926,8.785869349185901,23.693530476786822,1.212846431818181e-05,3.781044921280573e-05,0.0125704317941653,3.781044921280573e-05,-8.853837124002617,0.0029770063672382,0.0034299805739365,0.0054267339813562,-9.927968204552911,-8.644692882563149,-8.722941365746998,22.92342438313184,21.235586543934545
865,c1cn2ncnc2cn1,18314,FC(F)(F)C1=CC=C=CN1,16502,[H]C1=NC2([H])c3nc([H])nn3C1([H])C1=C([H])N([H])C(C(F)(F)F)=C([H])C12[H],0,7 1 6 7 13 0,17,20.122245945921577,9.160666747819938,20.27466289079492,15.1255174187722,7.542102968940608,22.66762038771281,0.0213245496330285,0.0192242141675122,0.0060142451106477,0.0192242141675122,-14.468624115355212,0.012714673386335,0.0393862056475883,0.0291055768742523,-12.83887547761173,-16.436132570445388,-12.251193249268953,24.266796247010525,23.755082706059945
7430,c1cn2ncnc2cn1,18314,Nc1nc2c([nH]1)NON2,17291,[H]C1=NC2([H])c3nc([H])nn3C1([H])C13N([H])ON([H])C21N=C(N([H])[H])N3[H],1,7 1 3 4 13 1,12,19.93169019955333,11.273263193026356,21.76235742557268,15.034758885748722,9.752864227820332,24.78762311356905,0.0053487154658634,0.0488030373867846,0.0452129439941132,0.0488030373867846,-7.262113592440663,0.0119445335700707,0.0451392706802571,0.1148496450420935,-9.282468359243827,-8.86297426030189,-8.918285888233257,24.02312770102561,22.79861823478192
12254,c1cn2ncnc2cn1,18314,O=c1[nH]c2c([nH]1)NON2,17935,[H]C1=NC2([H])c3nc([H])nn3C1([H])C13N([H])ON([H])C21N([H])C(=O)N3[H],1,7 1 3 4 13 1,10,16.992914869205208,10.171567961141516,20.034301806235533,14.795066846718406,9.684026775296484,24.47909362201489,0.0051363006034239,0.0350648763677972,0.0443641355767247,0.0350648763677972,-12.81692341233446,0.0042488703410209,0.0351936872890013,0.0095877784859027,-10.5245940622625,-13.303856065668135,-14.213918413721416,21.5834363339727,20.784112622058405
13610,c1cn2ncnc2cn1,18314,OCC1=Cc2ccccc21,18025,[H]OC([H])([H])C12c3c([H])c([H])c([H])c([H])c3C1([H])C1([H])N=C([H])C2([H])n2nc([H])nc21,1,7 1 3 2 13 1,6,18.483979989785105,12.217208757143933,21.968480416543137,15.061089695918032,6.863512808115317,21.92460250403335,0.0508065066746695,0.0157364383344062,0.0272869201983099,0.0157364383344062,-8.64118331224848,0.1639274707255152,0.0181255773455844,0.1517247875275685,-9.619144173617904,-13.48910941229724,-13.608548563078038,22.87024425036688,22.086611863782096
18766,c1cn2ncnc2cn1,18314,C1=C[C@H]2C=C[C@@H]3CC=C1[C@H]23,13787,[H]C1=NC2([H])c3nc([H])nn3C1([H])C1([H])C23C([H])=C([H])[C@@]2([H])C([H])=C([H])[C@]([H])(C1([H])[H])[C@]32[H],1,7 1 8 7 13 1,22,20.78697917233771,8.214029360459088,18.865440106736106,14.934394440582066,9.07329367922028,24.007688119802346,1.7268623014734533e-05,3.705067922648392e-05,0.0095805378792798,3.705067922648392e-05,-5.35379864309499,0.003579728243579,0.0023036699763077,0.0035035461333849,-7.429419785016009,-6.11637800343868,-5.219396820724118,24.98155801246937,23.3713645771702
18383,c1cnc(C2CNC2)cn1,18315,O=c1[nH]c2c([nH]1)NON2,17935,[H]C1=NC2([H])C(C3([H])C([H])([H])N([H])C3([H])[H])=NC1([H])C13N([H])ON([H])C21N([H])C(=O)N3[H],0,8 1 3 4 19 0,17,17.562287855607345,9.079385330622502,19.52097527375928,15.499563728737984,11.135262355599949,26.63482608433793,0.0061850222147654,0.0398223574052778,0.0129932260855082,0.0398223574052778,-10.905364806291018,0.0099255506685506,0.0549121349346844,0.0075587305712103,-7.711586884418381,-8.328915217605044,-11.722251178048062,24.603422460605834,23.17805348164945
15321,c1cnc2c(n1)CNC2,18326,O=c1[nH]c2c([nH]1)NON2,17935,[H]C1=NC23C(=NC1([H])C14N([H])ON([H])C21N([H])C(=O)N4[H])C([H])([H])N([H])C3([H])[H],1,0 3 3 4 16 1,4,16.708907018007444,9.380802325096354,18.37022896822575,15.19148789131991,11.08471574732366,26.27620363864357,0.0048277260263639,0.0035031386542383,0.0169728180881112,0.0035031386542383,-10.6152812055359,0.0029594072209788,0.0123547830199766,0.0031362522936027,-7.7180725988012355,-8.402851817744057,-13.17864610579602,22.74957185810412,22.48991740530352
24498,c1cnc2cnccc2c1,18331,O=c1[nH]c2c([nH]1)NON2,17935,[H]C1=NC2([H])c3nc([H])c([H])c([H])c3C1([H])C13N([H])ON([H])C21N([H])C(=O)N3[H],1,4 7 3 4 16 1,10,16.42711869911118,10.38984013951263,18.649943229213378,14.618648696199893,10.504623075816998,25.12327177201689,0.0051620635627257,0.0368135880002267,0.0345810866618067,0.0368135880002267,-14.590739008381613,0.0043958376766689,0.0316595359440628,0.0124378812311977,-12.061519804920245,-13.826235540324433,-13.97626909797524,22.48404133288694,21.424897039875564
27212,c1cnc2cnccc2c1,18331,OCC1=Cc2ccccc21,18025,[H]OC([H])([H])C12c3c([H])c([H])c([H])c([H])c3C1([H])C1([H])C([H])=NC2([H])c2nc([H])c([H])c([H])c21,1,4 7 2 3 16 1,4,18.418510012681264,11.93842287919852,20.306454199122108,15.007173910024887,9.539759111984267,24.54693302200916,0.0073052507709735,0.0379612186681902,0.1084811266236757,0.0379612186681902,-10.809550095341862,0.0180996516353504,0.1064572467386386,0.2240833934518093,-9.144878434377,-12.585808796191692,-12.332034078050247,24.723241403351256,23.316293306804035
12254,c1coc(C2=NCCC2)c1,18347,O=c1[nH]c2c([nH]1)NON2,17935,[H]C1=C([H])C2(C3=NC([H])([H])C([H])([H])C3([H])[H])OC1([H])C13N([H])ON([H])C21N([H])C(=O)N3[H],1,3 1 3 4 19 1,10,14.583441572459355,8.920368941874546,17.667072750618605,15.645779126554697,7.271668653022928,22.91744777957762,0.0082202842067715,0.0192998816787381,0.0065339371120363,0.0192998816787381,-11.438233883104722,0.0219102221275405,0.052231819799244,0.0070718586487934,-9.004763044708788,-9.652607520493817,-12.302345932303147,20.6257466800591,21.94176638521013
5418,c1coc(C2OCCO2)c1,18348,O=CC#CC(F)(F)F,17787,[H]C(=O)C1=C(C(F)(F)F)C2([H])OC1(C1([H])OC([H])([H])C([H])([H])O1)C([H])=C2[H],1,3 1 2 3 18 1,0,14.901787706914453,15.078895467738525,21.39902184852152,15.669379503782332,9.562149486740132,25.231528990522463,0.0061034516174387,0.0021006281640376,0.0090210206069598,0.0021006281640376,-3.151210869476401,0.0033023961137258,0.0182302922247307,0.0018394525419732,-1.914089630277296,-2.3160500036117853,-5.938535404011191,24.715480677102697,23.0974194306657
6126,c1coc(C2OCCO2)c1,18348,O=c1[nH]c2c([nH]1)NON2,17935,[H]C1=C([H])C2(C3([H])OC([H])([H])C([H])([H])O3)OC1([H])C13N([H])ON([H])C21N([H])C(=O)N3[H],1,3 1 3 4 18 1,4,14.72618167659046,9.02280247565166,17.206200302576853,15.55428797535428,7.415905057028713,22.970193032383,0.0188928563634891,0.0367351411559148,0.0232397795489323,0.0367351411559148,-13.82982530817133,0.0236080989147777,0.0691743608379593,0.0057173084492261,-10.853500463183174,-11.18718416975232,-13.612838995442331,22.781340507079143,23.51741706906872
6126,c1coc([C@@H]2CCCN2)n1,18349,O=c1[nH]c2c([nH]1)NON2,17935,[H]C1=NC2([C@@]3([H])N([H])C([H])([H])C([H])([H])C3([H])[H])OC1([H])C13N([H])ON([H])C12N([H])C(=O)N3[H],1,3 1 3 4 20 1,4,15.98221962728414,9.446422239922413,18.376936834855044,15.336209753975515,9.038449805093794,24.374659559069308,0.0533380126402789,0.0302042563626019,0.0515515274658858,0.0302042563626019,-9.512099797333228,0.0555709083991125,0.0456686906395475,0.0100074424219266,-8.035550212416119,-8.730646639065135,-10.876116214668896,21.775366908758503,22.895281516092663
6127,c1coc([C@@H]2CCNC2)c1,18350,O=c1[nH]c2c([nH]1)NON2,17935,[H]C1=C([H])C2([C@@]3([H])C([H])([H])N([H])C([H])([H])C3([H])[H])OC1([H])C13N([H])ON([H])C12N([H])C(=O)N3[H],0,3 1 3 4 21 0,5,15.870078120782152,9.34061508690413,19.273219135607043,15.874495943351883,7.6135455772359535,23.48804152058784,0.0133642477621121,0.0174508188667747,0.0150853492726099,0.0174508188667747,-13.023020914195603,0.0494001755813186,0.0223320142264013,0.0023740872850047,-10.844457946814224,-9.919677821373304,-11.795070949910972,20.52028255092017,23.26399720207793
429,c1nc2c(o1)CCNC2,18364,FC(F)(F)C1=CC=C=CN1,16502,[H]C1=C2C([H])(C([H])=C(C(F)(F)F)N1[H])C1([H])N=C3C([H])([H])N([H])C([H])([H])C([H])([H])C32O1,0,0 3 6 7 17 0,5,16.39807934408062,8.342786508246242,22.1717082878806,15.412526806332677,4.780012749157574,20.19253955549025,0.0417211752858379,0.0173987232904696,0.021130995842277,0.0173987232904696,-18.435668175241624,0.0390781723667903,0.0764242961039237,0.0323965398313004,-18.44636504398079,-21.77143243863658,-21.829695829185106,20.81031530344919,21.826840488765026
3713,c1nc2c(o1)CCNC2,18364,Nc1nc2c([nH]1)NON2,17291,[H]N([H])C1=NC23N([H])ON([H])C2(N1[H])C12OC3([H])N=C1C([H])([H])N([H])C([H])([H])C2([H])[H],1,0 3 3 4 17 1,4,17.209417968191367,10.039327039439218,18.722912210833844,15.382509569016838,9.03396141835506,24.41647098737189,0.061188384410116,0.0842340395275274,0.0295330214165078,0.0842340395275274,-10.254246780167776,0.0654201839287156,0.0482772623997094,0.0325173606815532,-11.81532635851002,-10.645316678619182,-11.211695997751583,23.721029685723707,23.51867792623728
5419,c1nc2c(o1)CCNC2,18364,O=CC#CC(F)(F)F,17787,[H]C(=O)C1=C(C(F)(F)F)C2([H])N=C3C([H])([H])N([H])C([H])([H])C([H])([H])C31O2,1,0 3 3 2 17 1,1,14.203416362033414,14.713685364973564,20.751874025693915,15.140128017737949,9.806072853986787,24.94620087172473,2.0216896966661405e-05,0.0091785045156726,0.0194559793865493,0.0091785045156726,-5.765815918960001,0.0015634479904857,0.0132379821460705,0.0563861522295781,-6.026803529885562,-7.543129278147145,-9.257443427491438,23.937508914456245,22.970023390175967
6127,c1nc2c(o1)CCNC2,18364,O=c1[nH]c2c([nH]1)NON2,17935,[H]N1C([H])([H])C2=NC3([H])OC2(C([H])([H])C1([H])[H])C12N([H])ON([H])C31N([H])C(=O)N2[H],0,0 3 3 4 17 0,5,15.042413032806534,8.350627944802394,18.36554721115834,14.9728128798741,8.405692614867846,23.378505494741944,0.0282189670420974,0.0350740980770906,0.0218160916404833,0.0350740980770906,-16.169483499736906,0.0262073204907076,0.0166036087552346,0.0071081486529422,-11.170575874322424,-13.14347695210872,-17.602044629964766,19.684501412487226,20.396187892681343
6802,c1nc2c(o1)CCNC2,18364,OCC1=Cc2ccccc21,18025,[H]OC([H])([H])C12c3c([H])c([H])c([H])c([H])c3C1([H])C13OC2([H])N=C1C([H])([H])N([H])C([H])([H])C3([H])[H],1,0 3 2 3 17 1,0,16.45979642528983,10.746109973353038,20.210110660914133,15.098166077267448,5.948198034350288,21.04636411161773,0.0135663690367392,0.0199754410986952,0.1017903248259676,0.0199754410986952,-8.92558168141094,0.059891153590081,0.0349953023389208,0.2619566472149344,-8.362606405980308,-13.142851027729757,-15.091713937782323,22.01749203867077,21.771500315477
7000,c1nc2c(o1)CCNC2,18364,O[C@@H]1CC/C=C/CCC1,18100,[H]O[C@@]1([H])C([H])([H])C([H])([H])C([H])([H])C2([H])C3([H])N=C4C([H])([H])N([H])C([H])([H])C([H])([H])C4(O3)C2([H])C([H])([H])C1([H])[H],1,0 3 5 6 17 1,2,19.33829075318281,4.094781201001624,16.003548764514306,14.74873483079396,8.190699189716568,22.939434020510525,0.1010771611105535,0.0639583301553097,0.030901991251019,0.0639583301553097,-5.075066275850126,0.2313813543901614,0.0303735078764183,0.0250899467139598,-4.946516814059613,-6.588333657185359,-6.485911097647875,23.437848685880702,23.487566082360605
